O,D,Ton
1,2,2
1,3,2
1,4,3
1,5,72
1,6,1
1,7,1
1,8,2
1,11,4
1,12,2
1,13,4
1,15,16
1,16,7
1,18,3
1,19,2
1,21,25
1,23,1
1,25,2
1,26,1
1,28,9
1,29,1
1,31,2
1,32,9
1,33,14
1,34,1
1,36,1
1,37,1
1,39,1
1,40,2
1,42,8
1,43,5
1,46,12
1,47,1
1,49,1
1,50,1
1,53,2
1,54,3
1,55,12
1,56,28
1,57,2
1,58,1
1,59,6
1,62,10
1,63,27
1,64,3
1,65,3
1,66,7
1,67,90
1,68,6
1,70,5
1,71,3
1,72,9
1,73,10
1,74,3
1,75,2
1,76,7
1,78,5
1,79,3
1,81,6
1,82,1
1,84,3
1,85,2
1,90,1
1,91,1
1,94,1
1,98,5
1,99,44
1,100,2
1,101,1
1,102,6
1,103,4
1,104,4
1,105,1
1,106,6
1,107,1
1,108,1
1,110,15
1,112,8
1,113,1
1,118,5
1,122,2
1,123,8
1,125,2
1,126,2
1,129,6
1,133,4
1,136,2
1,139,1
1,140,12
1,141,3
1,154,2
1,155,2
1,157,6
1,158,3
1,160,1
1,162,4
1,163,2
1,164,2
1,165,7
1,166,1
1,167,3
1,171,1
1,175,1
1,180,4
1,183,1
1,187,1
1,189,1
1,192,1
1,193,2
1,194,1
1,195,1
1,196,3
1,197,1
1,198,3
2,1,8
2,3,13
2,4,8
2,5,224
2,6,7
2,7,5
2,8,4
2,9,1
2,10,5
2,11,13
2,12,7
2,13,15
2,14,13
2,15,36
2,16,37
2,17,3
2,18,31
2,19,8
2,20,1
2,21,94
2,25,16
2,26,14
2,27,1
2,28,34
2,29,3
2,30,6
2,32,21
2,33,12
2,34,3
2,35,2
2,37,1
2,39,4
2,40,10
2,41,4
2,42,12
2,43,19
2,44,12
2,45,1
2,46,5
2,49,2
2,52,4
2,54,1
2,55,75
2,56,91
2,57,1
2,58,9
2,59,18
2,62,24
2,63,59
2,64,27
2,65,6
2,66,3
2,67,259
2,68,13
2,69,2
2,70,13
2,71,15
2,72,16
2,73,20
2,74,7
2,75,9
2,76,5
2,78,3
2,79,27
2,80,2
2,81,16
2,82,7
2,83,2
2,84,20
2,85,4
2,87,2
2,88,1
2,90,2
2,91,2
2,92,1
2,94,1
2,95,1
2,97,3
2,98,8
2,99,116
2,100,21
2,101,5
2,102,7
2,103,1
2,104,7
2,105,4
2,106,8
2,107,4
2,109,1
2,110,20
2,111,2
2,112,3
2,113,10
2,114,2
2,117,3
2,118,14
2,122,4
2,123,14
2,124,16
2,125,9
2,126,2
2,127,1
2,128,1
2,129,9
2,132,1
2,133,6
2,134,1
2,137,5
2,140,40
2,141,5
2,142,3
2,143,3
2,145,5
2,146,1
2,147,1
2,148,1
2,152,3
2,153,4
2,154,1
2,155,14
2,156,1
2,158,5
2,160,4
2,161,1
2,163,3
2,164,3
2,165,17
2,166,6
2,167,8
2,171,1
2,172,5
2,174,5
2,175,14
2,176,2
2,177,8
2,179,1
2,180,2
2,181,1
2,183,1
2,187,2
2,189,2
2,191,9
2,192,10
2,193,1
2,194,1
2,195,6
2,198,7
2,199,4
3,1,5
3,2,7
3,4,13
3,5,447
3,6,6
3,7,9
3,8,4
3,9,5
3,11,35
3,12,8
3,13,9
3,14,9
3,15,11
3,16,9
3,17,4
3,18,9
3,19,4
3,20,1
3,21,47
3,22,1
3,23,6
3,24,1
3,25,13
3,26,10
3,27,4
3,28,45
3,29,12
3,31,1
3,32,14
3,33,2
3,34,1
3,35,1
3,37,1
3,38,3
3,40,14
3,42,14
3,43,7
3,44,12
3,46,11
3,47,3
3,49,5
3,50,1
3,52,2
3,53,1
3,54,5
3,55,41
3,56,90
3,58,9
3,59,10
3,61,1
3,62,13
3,63,62
3,64,5
3,65,19
3,66,7
3,67,260
3,68,15
3,69,9
3,70,5
3,71,9
3,72,25
3,73,18
3,74,8
3,75,7
3,76,14
3,78,2
3,79,18
3,80,3
3,81,16
3,82,11
3,83,6
3,84,20
3,85,1
3,87,2
3,88,1
3,89,6
3,90,1
3,92,1
3,95,1
3,97,2
3,98,7
3,99,109
3,100,21
3,101,5
3,102,4
3,103,3
3,104,3
3,105,9
3,106,20
3,107,3
3,108,1
3,110,24
3,111,7
3,112,6
3,113,6
3,114,1
3,117,6
3,118,25
3,122,2
3,123,8
3,124,14
3,127,4
3,128,6
3,129,2
3,130,1
3,131,2
3,132,1
3,133,13
3,136,1
3,137,2
3,138,2
3,139,1
3,140,22
3,141,8
3,143,7
3,145,1
3,146,1
3,150,1
3,151,2
3,152,1
3,154,5
3,155,2
3,160,5
3,161,5
3,162,3
3,163,2
3,164,4
3,165,22
3,166,3
3,167,17
3,169,5
3,170,1
3,171,2
3,172,11
3,175,14
3,177,7
3,178,3
3,180,2
3,182,1
3,183,2
3,186,1
3,187,2
3,191,5
3,192,1
3,193,2
3,194,5
3,195,5
3,196,3
3,197,2
3,198,2
3,199,2
4,1,2
4,2,15
4,3,17
4,5,282
4,6,3
4,7,17
4,9,4
4,10,10
4,11,41
4,12,4
4,13,22
4,14,5
4,15,21
4,16,15
4,17,4
4,18,16
4,19,5
4,20,1
4,21,60
4,24,2
4,25,10
4,26,13
4,28,46
4,29,1
4,30,3
4,31,2
4,32,7
4,33,6
4,35,2
4,36,2
4,37,1
4,39,3
4,40,4
4,41,2
4,42,9
4,43,8
4,44,8
4,46,14
4,47,3
4,48,3
4,49,1
4,50,1
4,54,3
4,55,24
4,56,61
4,58,10
4,59,13
4,60,1
4,61,2
4,62,8
4,63,42
4,64,11
4,65,15
4,66,2
4,67,228
4,68,15
4,70,4
4,71,14
4,72,41
4,73,15
4,74,7
4,75,3
4,76,13
4,77,1
4,78,4
4,79,14
4,81,8
4,82,11
4,83,15
4,84,25
4,85,6
4,87,2
4,88,1
4,89,1
4,90,1
4,91,1
4,92,2
4,93,2
4,94,2
4,97,5
4,98,7
4,99,109
4,100,17
4,101,4
4,102,9
4,103,2
4,104,1
4,105,6
4,106,6
4,107,1
4,108,5
4,110,15
4,111,2
4,112,4
4,113,7
4,117,1
4,118,16
4,122,7
4,123,16
4,124,14
4,125,8
4,126,2
4,127,1
4,128,9
4,129,2
4,130,1
4,131,2
4,133,2
4,137,12
4,140,23
4,141,3
4,143,7
4,145,2
4,146,1
4,152,1
4,155,5
4,157,1
4,159,1
4,160,2
4,162,2
4,163,3
4,164,4
4,165,10
4,166,13
4,167,12
4,168,1
4,169,8
4,170,2
4,171,1
4,172,2
4,173,1
4,174,2
4,175,10
4,176,2
4,177,1
4,178,4
4,180,1
4,181,2
4,184,1
4,187,5
4,188,3
4,191,6
4,192,5
4,193,5
4,194,1
4,195,3
4,196,3
4,198,11
4,199,2
5,1,3
5,2,7
5,3,5
5,4,4
5,6,23
5,7,9
5,8,15
5,9,4
5,10,3
5,11,40
5,12,10
5,13,6
5,14,3
5,15,18
5,16,20
5,17,1
5,18,10
5,19,2
5,20,4
5,21,77
5,22,5
5,23,3
5,24,2
5,25,8
5,26,3
5,27,5
5,28,35
5,29,2
5,30,2
5,31,2
5,32,11
5,33,2
5,35,1
5,36,1
5,37,1
5,38,1
5,39,6
5,40,12
5,41,1
5,42,6
5,43,3
5,44,9
5,46,12
5,47,1
5,49,2
5,52,2
5,53,1
5,55,23
5,56,45
5,58,7
5,59,7
5,60,1
5,62,5
5,63,35
5,64,3
5,65,12
5,66,12
5,67,228
5,68,10
5,69,1
5,70,2
5,71,16
5,72,20
5,73,7
5,74,7
5,75,6
5,76,17
5,78,2
5,79,6
5,80,1
5,81,5
5,82,3
5,83,5
5,84,9
5,87,3
5,88,1
5,89,1
5,90,4
5,93,2
5,94,2
5,97,3
5,98,14
5,99,89
5,100,26
5,101,3
5,102,3
5,104,6
5,105,7
5,106,3
5,110,9
5,111,4
5,112,1
5,113,4
5,114,1
5,115,2
5,117,3
5,118,9
5,122,1
5,123,7
5,124,4
5,125,4
5,126,1
5,127,5
5,128,7
5,129,2
5,132,2
5,133,2
5,136,1
5,137,3
5,140,27
5,141,8
5,143,12
5,145,5
5,146,7
5,147,1
5,148,5
5,154,2
5,155,7
5,156,1
5,158,8
5,159,2
5,160,5
5,161,3
5,162,1
5,163,4
5,164,6
5,165,7
5,166,10
5,167,12
5,169,4
5,170,1
5,171,1
5,172,10
5,175,2
5,177,1
5,178,9
5,180,3
5,181,3
5,182,3
5,184,3
5,187,1
5,188,2
5,189,2
5,192,2
5,193,1
5,194,2
5,195,2
5,196,5
5,199,5
6,1,2
6,2,3
6,3,6
6,5,169
6,7,6
6,8,7
6,9,9
6,10,10
6,11,58
6,12,4
6,13,8
6,14,6
6,15,18
6,16,11
6,17,1
6,18,6
6,19,1
6,20,2
6,21,61
6,22,4
6,23,5
6,25,14
6,26,11
6,27,4
6,28,33
6,29,2
6,32,11
6,33,1
6,38,1
6,39,4
6,40,3
6,42,19
6,43,9
6,44,7
6,45,2
6,46,12
6,47,1
6,48,6
6,49,1
6,50,3
6,52,2
6,53,2
6,54,5
6,55,19
6,56,70
6,57,2
6,58,1
6,59,4
6,61,4
6,62,10
6,63,48
6,64,2
6,65,7
6,66,12
6,67,203
6,68,25
6,70,5
6,71,14
6,72,13
6,73,10
6,74,2
6,75,8
6,76,5
6,78,2
6,79,16
6,81,5
6,82,12
6,84,12
6,85,1
6,86,3
6,88,1
6,89,1
6,90,3
6,94,1
6,95,2
6,96,2
6,97,1
6,98,4
6,99,80
6,100,27
6,101,4
6,102,4
6,103,12
6,104,7
6,105,1
6,106,8
6,108,1
6,110,14
6,111,4
6,112,4
6,113,11
6,114,2
6,115,1
6,117,1
6,118,21
6,122,1
6,123,8
6,124,2
6,125,3
6,127,6
6,128,2
6,129,7
6,130,1
6,133,7
6,137,1
6,138,2
6,139,1
6,140,29
6,141,1
6,143,1
6,145,4
6,146,2
6,148,1
6,150,1
6,152,5
6,153,1
6,155,1
6,156,1
6,160,2
6,161,1
6,162,1
6,163,5
6,165,16
6,166,13
6,167,14
6,169,7
6,170,1
6,171,2
6,172,8
6,174,2
6,175,11
6,177,1
6,178,6
6,183,2
6,186,2
6,191,1
6,192,8
6,196,2
6,197,2
6,198,3
7,1,6
7,2,4
7,3,14
7,4,4
7,5,375
7,6,4
7,8,6
7,9,3
7,10,6
7,11,30
7,12,4
7,13,6
7,14,4
7,15,19
7,16,15
7,18,13
7,19,1
7,20,1
7,21,28
7,22,1
7,23,1
7,25,8
7,26,17
7,28,20
7,30,1
7,32,13
7,33,7
7,36,2
7,37,1
7,39,3
7,40,12
7,42,5
7,43,6
7,44,8
7,46,13
7,48,2
7,49,1
7,51,1
7,52,6
7,53,1
7,54,3
7,55,18
7,56,55
7,59,3
7,60,1
7,62,3
7,63,40
7,64,3
7,65,8
7,66,5
7,67,168
7,68,8
7,69,1
7,70,3
7,71,16
7,72,14
7,73,3
7,74,1
7,75,13
7,76,8
7,77,1
7,78,3
7,79,11
7,81,6
7,82,6
7,83,4
7,84,10
7,86,1
7,87,1
7,90,1
7,98,1
7,99,63
7,100,10
7,101,8
7,102,8
7,104,1
7,105,1
7,106,6
7,110,18
7,111,2
7,112,2
7,113,2
7,114,1
7,117,12
7,118,10
7,123,18
7,124,4
7,125,4
7,127,2
7,128,4
7,129,7
7,130,2
7,134,7
7,135,1
7,136,2
7,137,1
7,139,1
7,140,20
7,141,4
7,143,2
7,145,6
7,146,1
7,148,2
7,153,1
7,154,3
7,155,9
7,158,3
7,160,1
7,162,1
7,163,3
7,164,2
7,165,10
7,166,4
7,167,4
7,169,1
7,171,1
7,172,5
7,174,2
7,175,1
7,177,1
7,178,1
7,179,1
7,180,4
7,187,1
7,192,1
7,193,1
7,195,5
7,199,1
8,1,3
8,2,1
8,3,12
8,4,10
8,5,116
8,6,8
8,9,8
8,10,8
8,11,41
8,12,7
8,13,6
8,14,2
8,15,28
8,16,18
8,17,1
8,18,4
8,19,3
8,20,1
8,21,56
8,22,3
8,23,2
8,24,1
8,25,5
8,26,1
8,27,1
8,28,24
8,29,3
8,31,1
8,32,6
8,33,3
8,34,1
8,36,2
8,37,3
8,39,4
8,40,8
8,42,10
8,43,7
8,44,10
8,45,1
8,46,14
8,48,2
8,49,6
8,50,1
8,52,1
8,54,5
8,55,15
8,56,49
8,58,1
8,59,4
8,60,2
8,62,8
8,63,33
8,64,5
8,65,4
8,66,6
8,67,270
8,68,13
8,69,4
8,70,7
8,71,13
8,72,10
8,73,13
8,74,7
8,75,6
8,76,13
8,77,1
8,78,4
8,79,11
8,80,1
8,81,14
8,82,3
8,83,2
8,84,17
8,85,3
8,86,2
8,88,4
8,90,1
8,91,2
8,93,1
8,94,1
8,95,2
8,96,1
8,97,1
8,98,1
8,99,80
8,100,21
8,101,1
8,102,4
8,104,1
8,105,6
8,106,6
8,108,3
8,110,18
8,111,4
8,112,2
8,113,8
8,114,4
8,117,6
8,118,6
8,119,2
8,122,7
8,123,4
8,124,5
8,125,2
8,127,1
8,128,5
8,129,3
8,132,12
8,133,3
8,134,5
8,136,2
8,137,4
8,138,1
8,139,2
8,140,32
8,141,7
8,143,1
8,145,2
8,146,1
8,147,1
8,148,3
8,149,1
8,152,1
8,153,1
8,155,8
8,156,2
8,157,1
8,160,1
8,161,6
8,163,5
8,164,5
8,165,12
8,166,5
8,167,18
8,169,3
8,171,1
8,172,8
8,175,6
8,177,7
8,178,3
8,181,1
8,182,2
8,189,1
8,191,2
8,192,2
8,193,2
8,194,3
8,195,3
8,196,4
8,198,2
8,199,1
9,2,12
9,3,1
9,4,2
9,5,43
9,6,5
9,7,2
9,8,7
9,10,12
9,11,38
9,12,11
9,13,5
9,14,2
9,15,8
9,16,17
9,17,2
9,18,7
9,19,4
9,21,27
9,22,1
9,23,2
9,24,1
9,25,14
9,26,3
9,27,3
9,28,14
9,29,4
9,32,7
9,33,1
9,37,1
9,38,1
9,39,3
9,40,8
9,42,1
9,43,7
9,44,6
9,45,2
9,46,6
9,47,2
9,48,2
9,49,2
9,51,1
9,52,5
9,53,2
9,55,5
9,56,25
9,57,1
9,58,1
9,59,3
9,62,4
9,63,13
9,64,4
9,65,4
9,66,2
9,67,178
9,68,7
9,70,2
9,71,4
9,72,7
9,73,4
9,74,5
9,75,6
9,76,11
9,78,3
9,79,12
9,80,3
9,81,6
9,82,2
9,83,1
9,84,12
9,85,1
9,87,3
9,90,1
9,91,2
9,92,2
9,93,2
9,98,1
9,99,43
9,100,17
9,101,1
9,102,2
9,103,1
9,104,3
9,106,7
9,107,1
9,108,3
9,110,5
9,111,2
9,112,2
9,113,2
9,114,3
9,117,1
9,118,14
9,120,1
9,122,2
9,123,2
9,124,7
9,125,6
9,126,3
9,127,2
9,128,1
9,129,4
9,132,3
9,133,4
9,134,1
9,136,2
9,137,1
9,140,15
9,141,3
9,143,1
9,146,1
9,148,4
9,149,2
9,150,1
9,153,1
9,155,6
9,156,1
9,157,3
9,160,4
9,163,4
9,164,5
9,165,10
9,166,5
9,167,7
9,172,6
9,173,2
9,175,7
9,178,1
9,179,2
9,180,1
9,181,3
9,182,1
9,184,3
9,187,6
9,188,1
9,189,1
9,192,2
9,193,2
9,195,3
9,196,1
9,198,5
10,1,3
10,3,6
10,4,1
10,5,55
10,6,6
10,7,2
10,8,9
10,9,4
10,11,52
10,12,2
10,13,1
10,14,9
10,15,5
10,16,14
10,18,2
10,19,2
10,21,41
10,22,1
10,23,2
10,24,2
10,25,4
10,26,2
10,28,15
10,29,3
10,30,1
10,32,16
10,33,2
10,34,1
10,37,1
10,38,5
10,39,1
10,40,10
10,42,1
10,43,5
10,44,5
10,46,1
10,47,1
10,49,3
10,51,1
10,52,3
10,53,2
10,55,17
10,56,36
10,57,2
10,58,4
10,59,5
10,62,4
10,63,22
10,64,5
10,65,6
10,66,5
10,67,250
10,68,11
10,69,10
10,71,3
10,72,22
10,73,11
10,74,11
10,75,15
10,76,3
10,78,2
10,79,21
10,81,4
10,82,2
10,83,1
10,84,6
10,87,4
10,90,2
10,92,2
10,93,1
10,94,2
10,97,1
10,98,5
10,99,62
10,100,7
10,101,2
10,102,3
10,104,4
10,105,3
10,106,8
10,109,1
10,110,8
10,111,1
10,112,4
10,113,17
10,115,1
10,117,6
10,118,16
10,122,2
10,123,5
10,124,6
10,126,2
10,127,1
10,128,7
10,129,6
10,132,2
10,133,1
10,134,1
10,136,1
10,139,1
10,140,20
10,141,10
10,145,2
10,146,4
10,147,5
10,148,3
10,153,1
10,154,1
10,155,15
10,158,3
10,160,3
10,161,1
10,163,4
10,164,3
10,165,11
10,166,7
10,167,5
10,168,1
10,169,5
10,172,7
10,173,1
10,175,7
10,178,6
10,180,2
10,181,4
10,187,1
10,192,6
10,193,1
10,195,2
10,197,2
10,199,1
11,1,11
11,2,11
11,3,18
11,4,11
11,5,103
11,6,14
11,7,7
11,8,21
11,9,3
11,10,16
11,12,16
11,13,12
11,14,9
11,15,19
11,16,28
11,17,2
11,18,13
11,19,8
11,20,2
11,21,107
11,22,6
11,23,4
11,24,4
11,25,32
11,26,6
11,27,7
11,28,59
11,29,4
11,30,1
11,31,4
11,32,33
11,33,8
11,34,2
11,35,2
11,36,3
11,37,3
11,39,7
11,40,17
11,41,2
11,42,14
11,43,12
11,44,13
11,45,3
11,46,12
11,47,2
11,48,8
11,49,3
11,50,5
11,52,9
11,54,4
11,55,39
11,56,85
11,57,1
11,58,1
11,59,11
11,61,3
11,62,4
11,63,68
11,64,4
11,65,10
11,66,10
11,67,605
11,68,35
11,69,1
11,70,7
11,71,15
11,72,20
11,73,21
11,74,20
11,75,20
11,76,22
11,77,3
11,78,5
11,79,28
11,80,4
11,81,19
11,82,7
11,83,4
11,84,14
11,85,7
11,86,3
11,87,3
11,88,2
11,89,3
11,90,4
11,92,10
11,93,1
11,94,4
11,95,2
11,96,4
11,97,2
11,98,13
11,99,184
11,100,43
11,101,8
11,102,5
11,103,2
11,104,4
11,105,5
11,106,5
11,108,4
11,109,1
11,110,25
11,111,5
11,112,17
11,113,18
11,114,2
11,115,6
11,117,2
11,118,37
11,122,6
11,123,28
11,124,9
11,125,7
11,126,9
11,127,3
11,128,6
11,129,9
11,130,4
11,131,2
11,132,3
11,133,9
11,134,5
11,135,2
11,136,4
11,137,8
11,138,3
11,139,2
11,140,38
11,141,6
11,143,2
11,144,1
11,145,2
11,146,3
11,147,3
11,148,1
11,152,4
11,153,2
11,155,9
11,156,3
11,157,1
11,158,2
11,160,2
11,161,9
11,162,6
11,163,10
11,164,8
11,165,41
11,166,19
11,167,37
11,169,8
11,170,10
11,171,2
11,172,11
11,173,4
11,174,5
11,175,11
11,176,2
11,177,11
11,180,2
11,181,2
11,183,5
11,184,2
11,185,2
11,187,13
11,191,2
11,192,10
11,193,1
11,194,1
11,195,4
11,196,5
11,197,2
11,198,4
11,199,4
12,1,2
12,2,3
12,4,1
12,5,87
12,6,2
12,7,2
12,8,1
12,9,2
12,10,4
12,11,55
12,13,3
12,15,10
12,16,13
12,18,2
12,19,4
12,21,29
12,22,5
12,23,6
12,24,1
12,25,14
12,26,2
12,27,2
12,28,17
12,29,2
12,31,1
12,32,8
12,33,2
12,34,4
12,37,1
12,39,5
12,40,5
12,42,5
12,43,5
12,44,18
12,45,10
12,46,7
12,47,3
12,49,3
12,52,7
12,53,2
12,54,1
12,55,15
12,56,45
12,57,1
12,58,5
12,59,4
12,62,7
12,63,41
12,64,1
12,65,8
12,66,3
12,67,256
12,68,16
12,69,7
12,71,7
12,72,13
12,73,14
12,74,3
12,75,8
12,76,13
12,77,1
12,78,1
12,79,7
12,81,5
12,82,8
12,83,2
12,84,13
12,87,2
12,89,1
12,90,1
12,92,2
12,93,3
12,94,1
12,95,1
12,98,6
12,99,75
12,100,18
12,101,1
12,102,5
12,103,3
12,104,1
12,105,7
12,106,5
12,107,1
12,108,1
12,110,18
12,111,6
12,112,4
12,113,10
12,114,4
12,115,2
12,117,5
12,118,10
12,123,4
12,124,1
12,125,7
12,126,3
12,128,2
12,129,7
12,132,1
12,133,5
12,134,1
12,137,4
12,138,3
12,140,36
12,141,6
12,143,1
12,145,7
12,146,5
12,148,5
12,150,3
12,152,3
12,155,6
12,156,2
12,158,1
12,159,3
12,160,7
12,161,2
12,162,5
12,163,2
12,165,19
12,166,6
12,167,14
12,169,3
12,170,2
12,171,3
12,172,7
12,174,3
12,175,11
12,177,1
12,181,3
12,182,1
12,184,5
12,187,5
12,188,1
12,190,2
12,192,8
12,193,1
12,195,2
12,196,1
12,197,3
12,198,1
13,1,8
13,2,15
13,3,16
13,4,7
13,5,223
13,6,2
13,7,12
13,8,4
13,9,2
13,10,4
13,11,31
13,12,2
13,14,23
13,15,38
13,16,42
13,17,3
13,18,40
13,19,10
13,20,2
13,21,174
13,22,2
13,23,3
13,25,21
13,26,6
13,28,74
13,29,14
13,30,3
13,31,8
13,32,37
13,33,19
13,35,1
13,36,3
13,37,6
13,38,1
13,39,5
13,40,29
13,41,2
13,42,28
13,43,19
13,44,6
13,46,8
13,47,1
13,48,2
13,49,2
13,52,2
13,53,2
13,54,4
13,55,65
13,56,131
13,57,3
13,58,15
13,59,15
13,61,3
13,62,15
13,63,87
13,64,13
13,65,13
13,66,6
13,67,336
13,68,27
13,69,5
13,70,14
13,71,38
13,72,43
13,73,34
13,74,14
13,75,10
13,76,20
13,78,7
13,79,42
13,81,14
13,82,16
13,83,9
13,84,17
13,85,4
13,87,2
13,89,1
13,90,1
13,91,3
13,92,2
13,93,3
13,94,4
13,95,2
13,97,2
13,98,17
13,99,157
13,100,19
13,102,7
13,103,3
13,104,3
13,105,8
13,106,21
13,107,3
13,108,1
13,109,1
13,110,26
13,111,5
13,112,6
13,113,4
13,114,3
13,117,3
13,118,14
13,121,2
13,122,1
13,123,12
13,124,12
13,125,1
13,127,1
13,128,1
13,129,6
13,131,1
13,132,1
13,133,14
13,134,1
13,135,2
13,136,2
13,137,2
13,138,1
13,140,24
13,141,3
13,143,10
13,145,2
13,146,6
13,148,2
13,153,1
13,154,4
13,155,9
13,156,4
13,158,1
13,160,2
13,163,2
13,164,9
13,165,22
13,166,50
13,167,12
13,169,4
13,170,2
13,171,1
13,172,20
13,173,1
13,174,1
13,175,32
13,177,3
13,178,3
13,181,3
13,184,2
13,187,3
13,188,2
13,189,2
13,191,2
13,192,4
13,193,6
13,194,8
13,195,2
13,196,12
13,197,1
13,198,6
13,199,3
14,1,8
14,2,20
14,3,22
14,4,14
14,5,179
14,6,6
14,7,13
14,8,1
14,9,7
14,10,1
14,11,38
14,12,11
14,13,22
14,15,37
14,16,26
14,17,1
14,18,28
14,19,15
14,20,1
14,21,109
14,22,3
14,24,4
14,25,9
14,26,5
14,27,1
14,28,52
14,29,8
14,31,2
14,32,27
14,33,11
14,36,1
14,39,6
14,40,19
14,41,3
14,42,13
14,43,13
14,44,10
14,46,13
14,47,4
14,48,4
14,49,4
14,52,4
14,55,84
14,56,92
14,57,1
14,58,12
14,59,17
14,60,1
14,61,2
14,62,9
14,63,59
14,64,10
14,65,12
14,66,11
14,67,279
14,68,12
14,69,5
14,70,7
14,71,18
14,72,19
14,73,20
14,74,6
14,75,2
14,76,2
14,78,5
14,79,52
14,80,1
14,81,6
14,82,29
14,83,7
14,84,19
14,85,7
14,87,6
14,88,1
14,89,3
14,91,1
14,92,5
14,93,1
14,94,5
14,95,1
14,96,1
14,97,9
14,98,7
14,99,106
14,100,20
14,101,12
14,102,5
14,103,7
14,104,3
14,105,3
14,106,28
14,107,8
14,108,4
14,109,1
14,110,31
14,111,4
14,112,3
14,113,4
14,117,3
14,118,19
14,122,4
14,123,25
14,124,6
14,128,4
14,129,5
14,130,1
14,132,1
14,133,2
14,134,4
14,135,1
14,136,1
14,137,7
14,138,2
14,140,26
14,141,9
14,143,8
14,145,1
14,146,4
14,147,2
14,150,1
14,152,1
14,153,1
14,154,2
14,155,6
14,158,3
14,160,2
14,161,6
14,162,2
14,163,2
14,164,2
14,165,23
14,166,14
14,167,12
14,169,2
14,170,1
14,171,7
14,172,9
14,173,1
14,174,1
14,175,21
14,177,3
14,178,4
14,180,3
14,181,3
14,182,1
14,183,4
14,187,5
14,188,2
14,190,1
14,192,5
14,193,8
14,194,4
14,195,6
14,196,6
14,197,2
14,198,6
14,199,7
15,1,4
15,2,6
15,4,2
15,5,25
15,6,3
15,7,3
15,8,1
15,9,1
15,11,5
15,12,1
15,13,6
15,14,1
15,16,13
15,17,3
15,18,8
15,19,4
15,20,2
15,21,54
15,22,1
15,23,1
15,24,1
15,25,6
15,26,1
15,28,16
15,29,5
15,30,1
15,32,7
15,33,1
15,34,1
15,36,3
15,38,3
15,39,1
15,40,7
15,42,4
15,43,14
15,44,6
15,46,9
15,49,3
15,52,4
15,53,2
15,54,4
15,55,24
15,56,23
15,58,1
15,59,8
15,62,6
15,63,10
15,64,1
15,67,89
15,68,2
15,70,6
15,71,5
15,72,19
15,73,8
15,74,16
15,75,2
15,76,2
15,78,11
15,79,6
15,81,1
15,82,8
15,83,2
15,84,5
15,85,4
15,87,4
15,91,2
15,92,1
15,93,1
15,94,3
15,95,1
15,96,1
15,97,5
15,98,3
15,99,70
15,100,2
15,105,9
15,106,4
15,107,1
15,108,2
15,109,2
15,110,6
15,111,1
15,113,1
15,115,2
15,117,1
15,118,5
15,119,1
15,122,5
15,123,11
15,124,3
15,126,1
15,128,1
15,129,4
15,134,1
15,140,4
15,143,3
15,145,1
15,147,1
15,149,1
15,152,2
15,153,2
15,155,4
15,161,1
15,162,4
15,163,3
15,164,4
15,165,17
15,166,5
15,167,3
15,169,4
15,170,1
15,172,4
15,173,3
15,174,1
15,175,4
15,176,1
15,178,3
15,180,1
15,183,1
15,184,2
15,187,3
15,189,2
15,191,2
15,192,2
15,193,2
15,194,8
15,195,1
15,196,4
15,198,2
15,199,2
16,1,3
16,2,7
16,3,4
16,4,14
16,5,79
16,6,8
16,7,3
16,8,3
16,9,6
16,10,1
16,11,16
16,13,2
16,14,1
16,15,47
16,17,6
16,18,26
16,19,15
16,20,4
16,21,145
16,25,13
16,27,3
16,28,50
16,29,4
16,30,3
16,31,1
16,32,18
16,33,27
16,34,3
16,35,2
16,38,1
16,39,11
16,40,16
16,41,4
16,42,3
16,43,11
16,44,5
16,46,29
16,47,1
16,48,3
16,49,1
16,52,5
16,53,4
16,54,10
16,55,23
16,56,53
16,58,12
16,59,35
16,61,1
16,62,24
16,63,27
16,64,7
16,65,5
16,66,6
16,67,163
16,68,7
16,69,3
16,70,25
16,71,39
16,72,46
16,73,30
16,74,15
16,75,5
16,76,5
16,78,23
16,79,10
16,80,1
16,81,8
16,82,11
16,83,5
16,84,10
16,85,3
16,86,4
16,87,3
16,88,1
16,89,6
16,90,1
16,92,9
16,93,3
16,94,2
16,95,4
16,96,1
16,97,4
16,98,7
16,99,95
16,100,16
16,102,2
16,103,3
16,104,1
16,105,16
16,106,12
16,107,2
16,108,10
16,109,2
16,110,26
16,111,3
16,112,2
16,113,3
16,114,1
16,115,1
16,117,2
16,118,11
16,121,1
16,122,4
16,123,12
16,124,3
16,125,6
16,126,4
16,127,2
16,128,2
16,129,20
16,131,1
16,132,2
16,133,7
16,134,4
16,136,1
16,137,1
16,138,2
16,139,1
16,140,13
16,141,2
16,143,20
16,145,3
16,146,4
16,152,1
16,154,5
16,155,14
16,156,4
16,157,2
16,158,1
16,159,1
16,160,2
16,161,6
16,162,1
16,163,2
16,164,5
16,165,9
16,166,16
16,167,7
16,169,4
16,170,1
16,172,3
16,173,1
16,174,4
16,175,17
16,177,1
16,178,1
16,180,1
16,181,3
16,182,5
16,183,1
16,187,5
16,188,1
16,189,2
16,191,17
16,192,13
16,193,5
16,194,14
16,195,5
16,196,6
16,197,8
16,198,7
16,199,5
17,1,4
17,2,3
17,3,6
17,4,16
17,5,59
17,8,1
17,10,2
17,11,14
17,12,4
17,13,11
17,14,13
17,15,259
17,16,54
17,18,29
17,19,9
17,20,2
17,21,180
17,22,2
17,23,4
17,25,23
17,26,4
17,27,3
17,28,66
17,29,19
17,30,6
17,31,4
17,32,24
17,33,11
17,36,2
17,37,2
17,39,6
17,40,10
17,41,2
17,42,20
17,43,11
17,44,5
17,46,8
17,47,1
17,48,6
17,49,6
17,50,1
17,52,3
17,53,5
17,54,23
17,55,34
17,56,74
17,58,10
17,59,22
17,60,1
17,62,12
17,63,39
17,64,4
17,65,3
17,66,6
17,67,145
17,68,4
17,69,2
17,70,24
17,71,27
17,72,52
17,73,19
17,74,39
17,75,3
17,76,14
17,78,24
17,79,25
17,80,1
17,81,13
17,82,27
17,83,3
17,84,12
17,85,9
17,87,8
17,88,3
17,89,1
17,90,2
17,91,2
17,92,10
17,93,7
17,94,6
17,95,2
17,96,3
17,97,8
17,98,21
17,99,50
17,100,8
17,102,2
17,103,5
17,104,2
17,105,7
17,106,13
17,107,2
17,108,16
17,109,5
17,110,17
17,111,5
17,112,1
17,113,1
17,114,1
17,115,1
17,117,1
17,118,18
17,120,3
17,121,1
17,123,15
17,124,3
17,125,3
17,126,2
17,127,1
17,128,2
17,129,11
17,130,1
17,133,5
17,134,8
17,135,1
17,137,4
17,140,17
17,141,4
17,143,2
17,146,3
17,148,1
17,149,1
17,150,1
17,151,1
17,152,1
17,154,2
17,155,4
17,156,4
17,161,1
17,163,9
17,164,23
17,165,27
17,166,35
17,167,3
17,169,4
17,171,8
17,172,11
17,174,4
17,175,18
17,176,1
17,178,2
17,180,1
17,181,1
17,182,2
17,183,1
17,185,1
17,186,2
17,187,4
17,188,3
17,189,4
17,190,1
17,191,4
17,192,28
17,193,8
17,194,16
17,195,13
17,196,14
17,197,18
17,198,22
17,199,13
18,1,1
18,2,7
18,3,9
18,4,3
18,5,127
18,6,1
18,7,5
18,9,2
18,10,2
18,11,19
18,12,3
18,13,7
18,14,2
18,15,25
18,16,22
18,17,2
18,19,14
18,21,88
18,22,1
18,23,1
18,25,15
18,26,7
18,28,29
18,29,8
18,32,18
18,33,7
18,34,1
18,38,1
18,39,6
18,40,12
18,41,1
18,42,5
18,43,11
18,44,10
18,46,11
18,47,2
18,48,9
18,49,4
18,50,1
18,52,5
18,53,3
18,54,7
18,55,49
18,56,65
18,57,1
18,58,25
18,59,29
18,62,11
18,63,81
18,64,5
18,65,5
18,66,18
18,67,166
18,68,8
18,69,4
18,70,17
18,71,23
18,72,17
18,73,23
18,74,7
18,75,2
18,76,12
18,78,9
18,79,25
18,80,1
18,81,10
18,82,7
18,83,8
18,84,22
18,85,4
18,89,1
18,90,7
18,91,2
18,92,2
18,93,4
18,94,9
18,95,2
18,96,2
18,97,7
18,98,7
18,99,109
18,100,10
18,101,3
18,102,9
18,104,7
18,105,9
18,106,16
18,108,9
18,110,7
18,112,4
18,113,4
18,114,1
18,115,1
18,117,3
18,118,12
18,120,1
18,122,6
18,123,19
18,124,3
18,125,2
18,126,4
18,127,1
18,129,8
18,130,4
18,132,3
18,133,10
18,135,1
18,136,2
18,137,2
18,140,25
18,141,3
18,143,6
18,145,3
18,147,2
18,153,3
18,155,8
18,158,5
18,160,2
18,161,6
18,162,7
18,163,2
18,164,9
18,165,12
18,166,3
18,167,4
18,169,8
18,171,2
18,172,9
18,173,1
18,175,9
18,177,2
18,179,2
18,180,6
18,182,2
18,183,2
18,184,1
18,186,1
18,187,1
18,188,1
18,189,2
18,191,3
18,192,4
18,193,4
18,194,4
18,195,5
18,196,8
18,197,1
18,198,4
18,199,3
19,1,5
19,2,14
19,3,10
19,4,5
19,5,83
19,6,5
19,7,3
19,8,1
19,10,2
19,11,27
19,12,2
19,13,29
19,14,14
19,15,21
19,16,27
19,17,4
19,18,58
19,21,83
19,22,1
19,23,4
19,25,13
19,26,3
19,28,45
19,29,12
19,30,1
19,31,1
19,32,19
19,33,7
19,34,2
19,36,2
19,39,8
19,40,19
19,41,1
19,42,8
19,43,14
19,44,11
19,45,1
19,46,16
19,47,2
19,48,1
19,49,11
19,52,10
19,53,4
19,54,1
19,55,26
19,56,52
19,58,15
19,59,18
19,60,1
19,61,1
19,62,6
19,63,52
19,64,10
19,65,10
19,66,11
19,67,176
19,68,6
19,70,7
19,71,14
19,72,33
19,73,19
19,74,7
19,75,4
19,76,8
19,77,1
19,78,3
19,79,19
19,80,1
19,81,8
19,82,19
19,83,17
19,84,15
19,85,5
19,87,2
19,88,4
19,89,2
19,90,2
19,91,2
19,92,13
19,94,2
19,95,3
19,96,2
19,97,9
19,98,13
19,99,94
19,100,18
19,101,2
19,103,4
19,104,3
19,105,6
19,106,12
19,107,2
19,108,3
19,109,2
19,110,14
19,111,4
19,112,5
19,113,3
19,114,3
19,117,1
19,118,10
19,122,5
19,123,9
19,124,10
19,126,1
19,127,2
19,128,3
19,129,14
19,130,3
19,133,1
19,134,1
19,135,1
19,136,2
19,137,3
19,140,19
19,141,1
19,143,11
19,145,3
19,146,6
19,148,2
19,149,1
19,155,3
19,156,2
19,157,1
19,158,1
19,160,2
19,161,1
19,162,3
19,163,3
19,164,10
19,165,36
19,166,11
19,167,3
19,168,1
19,169,6
19,171,4
19,172,6
19,173,1
19,174,2
19,175,17
19,176,2
19,177,6
19,178,1
19,179,1
19,181,6
19,182,2
19,184,1
19,186,2
19,187,5
19,189,1
19,191,2
19,192,6
19,193,2
19,194,7
19,195,9
19,196,3
19,197,3
19,198,4
19,199,5
20,1,6
20,2,2
20,3,5
20,4,3
20,5,68
20,6,7
20,7,5
20,8,2
20,9,1
20,10,1
20,11,5
20,12,1
20,13,13
20,14,4
20,15,52
20,16,36
20,17,3
20,18,25
20,19,3
20,21,115
20,22,1
20,23,1
20,25,8
20,26,6
20,28,46
20,29,11
20,30,6
20,32,27
20,33,9
20,36,1
20,38,2
20,39,1
20,40,15
20,41,1
20,42,5
20,43,13
20,44,6
20,46,12
20,47,2
20,48,4
20,49,2
20,50,1
20,52,3
20,53,14
20,54,1
20,55,36
20,56,71
20,57,2
20,58,4
20,59,19
20,62,15
20,63,22
20,64,5
20,65,7
20,66,3
20,67,168
20,68,7
20,69,3
20,70,17
20,71,18
20,72,22
20,73,12
20,74,22
20,75,1
20,76,15
20,77,2
20,78,5
20,79,13
20,81,8
20,82,17
20,83,1
20,84,6
20,85,13
20,87,1
20,90,4
20,92,3
20,93,2
20,94,1
20,96,2
20,97,4
20,98,16
20,99,127
20,100,13
20,101,2
20,102,10
20,103,1
20,104,2
20,105,3
20,106,4
20,107,3
20,108,3
20,109,3
20,110,7
20,111,3
20,112,8
20,113,3
20,114,3
20,115,2
20,117,6
20,118,4
20,121,2
20,122,4
20,123,4
20,124,4
20,125,3
20,128,2
20,129,7
20,131,1
20,132,2
20,133,7
20,134,4
20,137,1
20,140,19
20,141,10
20,143,11
20,145,1
20,146,1
20,147,7
20,152,1
20,155,12
20,158,1
20,160,1
20,161,2
20,163,1
20,164,21
20,165,22
20,166,16
20,167,4
20,169,6
20,170,1
20,171,3
20,172,2
20,175,9
20,177,3
20,178,1
20,180,2
20,181,1
20,183,3
20,186,1
20,187,4
20,188,3
20,189,3
20,191,4
20,192,10
20,193,7
20,194,5
20,195,11
20,196,2
20,197,2
20,198,4
20,199,7
21,1,1
21,2,13
21,3,18
21,4,5
21,5,141
21,6,5
21,7,1
21,8,3
21,9,3
21,10,2
21,11,34
21,12,3
21,13,16
21,14,10
21,15,159
21,16,100
21,17,9
21,18,43
21,19,14
21,20,1
21,22,5
21,23,2
21,24,1
21,25,25
21,26,3
21,27,1
21,28,77
21,29,42
21,30,9
21,31,3
21,32,45
21,33,22
21,34,2
21,35,3
21,36,2
21,37,1
21,39,11
21,40,63
21,41,5
21,42,20
21,43,26
21,44,34
21,45,2
21,46,12
21,47,2
21,48,6
21,49,6
21,50,1
21,51,1
21,52,2
21,53,19
21,54,25
21,55,63
21,56,103
21,57,4
21,58,22
21,59,40
21,62,17
21,63,73
21,64,6
21,65,11
21,66,9
21,67,365
21,68,9
21,69,12
21,70,23
21,71,39
21,72,105
21,73,41
21,74,32
21,75,5
21,76,11
21,78,17
21,79,82
21,80,2
21,81,25
21,82,42
21,83,11
21,84,24
21,85,23
21,86,5
21,87,8
21,88,8
21,89,4
21,90,6
21,91,1
21,92,9
21,93,10
21,94,22
21,95,2
21,96,5
21,97,23
21,98,33
21,99,153
21,100,19
21,101,4
21,102,2
21,104,2
21,105,13
21,106,19
21,107,3
21,108,5
21,110,50
21,111,12
21,112,3
21,113,10
21,114,2
21,117,9
21,118,24
21,120,1
21,122,4
21,123,43
21,124,20
21,125,7
21,126,8
21,127,2
21,128,9
21,129,14
21,130,4
21,131,2
21,133,13
21,134,1
21,135,3
21,136,1
21,137,5
21,140,23
21,141,12
21,143,8
21,145,2
21,146,2
21,147,2
21,148,1
21,149,3
21,152,2
21,153,1
21,154,3
21,155,14
21,156,1
21,157,1
21,158,3
21,159,7
21,160,7
21,161,8
21,163,2
21,164,32
21,165,51
21,166,68
21,167,6
21,169,4
21,171,10
21,172,18
21,173,1
21,174,2
21,175,21
21,176,1
21,177,3
21,178,3
21,180,1
21,181,4
21,183,1
21,184,8
21,186,4
21,187,7
21,188,3
21,191,11
21,192,17
21,193,8
21,194,15
21,195,21
21,196,14
21,197,16
21,198,18
21,199,14
22,1,6
22,2,1
22,3,4
22,4,4
22,5,87
22,6,5
22,7,1
22,8,5
22,9,5
22,10,3
22,11,48
22,12,10
22,13,5
22,14,3
22,15,18
22,16,13
22,17,1
22,18,14
22,19,2
22,20,1
22,21,201
22,23,4
22,24,3
22,25,23
22,26,1
22,28,25
22,29,4
22,31,5
22,32,36
22,33,10
22,34,2
22,37,2
22,38,4
22,39,7
22,40,32
22,41,2
22,42,26
22,43,23
22,44,14
22,46,10
22,48,4
22,49,9
22,51,1
22,52,6
22,54,2
22,55,10
22,56,56
22,57,3
22,58,9
22,59,5
22,60,2
22,62,2
22,63,39
22,64,1
22,65,3
22,66,2
22,67,545
22,68,29
22,69,7
22,70,7
22,71,4
22,72,13
22,73,17
22,74,3
22,75,23
22,76,7
22,78,2
22,79,18
22,80,1
22,81,8
22,82,6
22,83,8
22,84,20
22,85,3
22,86,1
22,87,2
22,88,2
22,89,1
22,90,5
22,91,1
22,92,3
22,93,1
22,94,1
22,95,1
22,98,3
22,99,93
22,100,16
22,101,3
22,102,2
22,103,2
22,104,2
22,105,1
22,106,6
22,107,2
22,108,1
22,110,26
22,111,8
22,112,6
22,113,4
22,114,1
22,117,9
22,118,26
22,119,1
22,122,1
22,123,10
22,124,9
22,125,4
22,126,12
22,127,3
22,128,7
22,129,3
22,130,1
22,132,1
22,133,8
22,134,6
22,136,4
22,137,3
22,139,1
22,140,44
22,141,3
22,143,2
22,145,6
22,146,4
22,147,3
22,148,5
22,149,1
22,150,2
22,152,1
22,153,4
22,154,1
22,155,12
22,156,3
22,158,4
22,160,9
22,161,3
22,162,1
22,163,10
22,164,2
22,165,32
22,166,11
22,167,13
22,169,3
22,170,2
22,171,1
22,172,13
22,174,1
22,175,7
22,178,5
22,179,3
22,180,1
22,181,3
22,184,2
22,187,3
22,191,9
22,192,3
22,194,1
22,195,4
22,196,4
22,197,1
22,198,3
22,199,1
23,1,4
23,2,12
23,3,9
23,4,5
23,5,64
23,6,8
23,7,2
23,8,8
23,10,13
23,11,32
23,12,11
23,13,4
23,14,13
23,15,7
23,16,28
23,17,2
23,18,16
23,19,4
23,21,43
23,22,9
23,24,1
23,25,59
23,26,2
23,27,1
23,28,25
23,29,1
23,30,1
23,31,2
23,32,9
23,33,4
23,34,1
23,36,4
23,37,1
23,38,3
23,39,9
23,40,1
23,41,3
23,42,18
23,43,12
23,44,13
23,45,2
23,46,2
23,47,3
23,48,7
23,49,5
23,50,1
23,52,6
23,54,6
23,55,23
23,56,38
23,57,4
23,58,2
23,59,5
23,60,3
23,62,7
23,63,34
23,64,4
23,65,12
23,66,2
23,67,265
23,68,30
23,69,6
23,70,2
23,71,4
23,72,12
23,73,4
23,74,2
23,75,9
23,76,10
23,77,4
23,78,4
23,79,3
23,80,3
23,81,10
23,82,9
23,83,5
23,84,5
23,85,3
23,86,1
23,87,2
23,88,4
23,89,5
23,90,2
23,91,1
23,92,5
23,93,3
23,94,7
23,98,7
23,99,78
23,100,48
23,101,10
23,102,4
23,103,3
23,104,1
23,105,3
23,106,7
23,110,13
23,111,6
23,112,8
23,113,11
23,114,2
23,115,2
23,117,4
23,118,42
23,119,1
23,122,9
23,123,15
23,124,7
23,125,10
23,126,2
23,127,4
23,128,7
23,129,8
23,130,3
23,132,4
23,133,3
23,134,2
23,135,2
23,136,2
23,137,8
23,138,1
23,140,36
23,141,7
23,145,1
23,146,8
23,147,2
23,148,3
23,150,2
23,152,3
23,153,3
23,154,2
23,155,6
23,156,7
23,157,2
23,158,1
23,159,3
23,160,13
23,161,3
23,162,3
23,163,2
23,164,5
23,165,12
23,166,7
23,167,16
23,169,3
23,170,3
23,171,4
23,172,4
23,174,4
23,175,11
23,177,6
23,178,2
23,180,5
23,181,4
23,182,3
23,183,2
23,184,2
23,186,1
23,187,3
23,189,2
23,190,1
23,192,2
23,193,1
23,195,3
23,196,4
23,198,2
23,199,1
24,1,2
24,2,3
24,3,8
24,4,4
24,5,46
24,6,7
24,7,9
24,8,8
24,9,1
24,10,16
24,11,53
24,12,7
24,13,4
24,14,21
24,15,1
24,16,10
24,18,8
24,19,6
24,21,42
24,22,13
24,23,6
24,25,41
24,26,7
24,28,22
24,29,1
24,31,1
24,32,6
24,33,4
24,34,3
24,36,4
24,37,5
24,39,13
24,40,6
24,41,5
24,42,5
24,43,8
24,44,12
24,46,11
24,48,17
24,49,6
24,50,1
24,51,1
24,52,1
24,53,4
24,54,1
24,55,21
24,56,29
24,57,2
24,58,4
24,59,15
24,60,5
24,61,2
24,62,6
24,63,23
24,64,3
24,65,5
24,66,6
24,67,296
24,68,25
24,69,11
24,71,1
24,72,11
24,73,14
24,74,2
24,75,17
24,76,8
24,78,3
24,79,4
24,80,1
24,81,4
24,82,7
24,83,14
24,84,11
24,85,1
24,87,6
24,89,1
24,90,2
24,92,6
24,93,3
24,95,1
24,97,4
24,98,6
24,99,63
24,100,45
24,101,5
24,102,2
24,103,1
24,104,3
24,105,2
24,106,8
24,108,1
24,110,14
24,111,4
24,112,11
24,113,17
24,114,5
24,115,1
24,117,5
24,118,31
24,122,6
24,123,15
24,124,17
24,125,7
24,126,4
24,127,1
24,128,7
24,129,8
24,134,6
24,135,4
24,136,3
24,137,7
24,140,49
24,141,10
24,145,4
24,146,4
24,147,2
24,148,2
24,150,1
24,151,3
24,153,2
24,154,2
24,155,18
24,156,5
24,157,2
24,158,1
24,160,8
24,161,6
24,162,3
24,163,7
24,164,2
24,165,13
24,166,9
24,167,18
24,168,1
24,169,5
24,170,4
24,171,3
24,172,3
24,173,1
24,174,4
24,175,21
24,177,1
24,180,2
24,186,1
24,187,3
24,188,3
24,189,1
24,192,1
24,193,1
24,196,2
24,197,2
24,198,3
24,199,4
25,1,11
25,2,5
25,3,12
25,4,5
25,5,102
25,6,9
25,8,2
25,9,1
25,10,5
25,11,55
25,12,13
25,13,14
25,14,17
25,15,15
25,16,16
25,17,1
25,18,21
25,19,10
25,20,1
25,21,78
25,22,12
25,23,13
25,24,8
25,26,9
25,27,8
25,28,68
25,29,6
25,31,2
25,32,23
25,33,11
25,34,7
25,35,5
25,36,7
25,37,3
25,38,12
25,39,16
25,40,21
25,41,8
25,42,31
25,43,21
25,44,24
25,45,3
25,46,23
25,47,7
25,48,27
25,49,15
25,50,1
25,51,4
25,52,15
25,53,3
25,54,3
25,55,61
25,56,111
25,57,8
25,58,10
25,59,30
25,60,1
25,61,1
25,62,22
25,63,68
25,64,16
25,65,12
25,66,2
25,67,484
25,68,22
25,69,15
25,70,7
25,71,18
25,72,32
25,73,33
25,74,8
25,75,41
25,76,37
25,77,7
25,78,7
25,79,11
25,80,2
25,81,17
25,82,17
25,83,12
25,84,20
25,85,9
25,86,5
25,87,6
25,88,1
25,89,4
25,90,7
25,92,2
25,93,6
25,95,3
25,96,2
25,97,9
25,98,16
25,99,253
25,100,53
25,101,8
25,102,8
25,103,1
25,104,2
25,105,4
25,106,11
25,107,3
25,109,1
25,110,53
25,111,21
25,112,33
25,113,35
25,114,11
25,115,14
25,117,1
25,118,96
25,122,17
25,123,27
25,124,10
25,125,6
25,126,21
25,127,4
25,128,9
25,129,16
25,130,2
25,131,1
25,132,5
25,133,9
25,134,5
25,135,4
25,136,10
25,137,11
25,138,2
25,139,1
25,140,70
25,141,22
25,143,3
25,145,9
25,146,6
25,147,14
25,148,13
25,149,11
25,151,5
25,152,2
25,153,2
25,154,5
25,155,26
25,156,6
25,157,3
25,158,6
25,159,4
25,160,21
25,161,16
25,162,14
25,163,48
25,164,9
25,165,57
25,166,11
25,167,27
25,168,3
25,169,19
25,170,10
25,171,6
25,172,23
25,173,1
25,174,5
25,175,31
25,176,1
25,177,6
25,178,1
25,180,7
25,181,3
25,182,4
25,183,1
25,184,4
25,187,4
25,188,2
25,191,6
25,192,15
25,193,2
25,194,4
25,195,7
25,196,5
25,197,2
25,198,11
26,1,1
26,3,22
26,4,5
26,5,199
26,6,9
26,7,12
26,8,7
26,9,5
26,10,5
26,11,18
26,12,2
26,13,12
26,14,6
26,15,4
26,16,17
26,17,5
26,18,12
26,19,4
26,20,2
26,21,43
26,22,4
26,24,2
26,25,12
26,27,4
26,28,30
26,29,5
26,32,9
26,33,5
26,34,1
26,38,1
26,39,4
26,40,5
26,42,8
26,43,11
26,44,6
26,45,2
26,46,6
26,48,3
26,49,6
26,52,5
26,54,4
26,55,32
26,56,53
26,57,2
26,58,9
26,59,8
26,61,1
26,62,12
26,63,31
26,64,12
26,65,8
26,66,7
26,67,186
26,68,10
26,69,6
26,70,9
26,71,6
26,72,9
26,73,12
26,74,6
26,75,9
26,76,1
26,77,1
26,78,8
26,79,12
26,80,1
26,81,5
26,82,7
26,83,11
26,84,15
26,85,4
26,87,1
26,88,2
26,89,4
26,90,3
26,92,4
26,93,1
26,94,1
26,95,3
26,97,1
26,98,1
26,99,76
26,100,21
26,102,5
26,103,1
26,104,3
26,105,1
26,106,1
26,107,3
26,108,3
26,109,1
26,110,18
26,112,5
26,113,3
26,114,2
26,117,1
26,118,11
26,119,1
26,122,3
26,123,11
26,124,5
26,125,4
26,127,1
26,128,7
26,129,4
26,130,1
26,132,1
26,133,4
26,135,1
26,136,3
26,137,1
26,138,1
26,140,26
26,141,3
26,142,1
26,143,4
26,145,7
26,146,2
26,148,7
26,152,1
26,154,3
26,155,5
26,158,4
26,161,6
26,162,5
26,163,1
26,164,15
26,165,8
26,166,3
26,167,5
26,169,3
26,171,3
26,172,10
26,173,2
26,174,2
26,175,7
26,176,1
26,177,2
26,178,3
26,181,2
26,182,2
26,184,1
26,185,1
26,186,1
26,187,1
26,192,4
26,193,4
26,195,3
26,196,2
26,197,2
26,198,3
27,1,4
27,2,2
27,3,7
27,4,6
27,5,132
27,6,12
27,7,2
27,8,5
27,9,1
27,10,3
27,11,27
27,13,1
27,14,1
27,15,12
27,16,13
27,17,2
27,18,5
27,19,2
27,21,25
27,22,5
27,23,2
27,24,1
27,25,5
27,26,5
27,28,23
27,29,1
27,31,1
27,32,1
27,33,1
27,34,3
27,36,2
27,39,1
27,40,6
27,41,2
27,42,2
27,43,7
27,44,13
27,45,1
27,46,1
27,48,7
27,49,3
27,50,1
27,52,4
27,53,1
27,54,1
27,55,12
27,56,36
27,57,3
27,59,6
27,62,4
27,63,28
27,64,2
27,65,6
27,66,2
27,67,123
27,68,16
27,71,4
27,72,3
27,73,5
27,75,9
27,76,5
27,79,8
27,80,1
27,81,2
27,82,4
27,83,5
27,84,5
27,89,1
27,93,1
27,94,1
27,95,2
27,98,2
27,99,57
27,100,8
27,101,4
27,102,7
27,103,3
27,104,1
27,105,3
27,106,2
27,107,1
27,110,12
27,111,4
27,112,2
27,113,4
27,114,3
27,117,3
27,118,6
27,122,4
27,123,7
27,124,3
27,128,1
27,129,2
27,133,3
27,137,2
27,140,24
27,141,5
27,143,7
27,145,1
27,146,3
27,153,2
27,155,3
27,158,1
27,161,1
27,162,3
27,163,2
27,164,3
27,165,13
27,166,8
27,167,6
27,169,6
27,171,3
27,172,5
27,175,12
27,177,1
27,178,2
27,179,2
27,180,1
27,182,1
27,183,1
27,187,1
27,188,1
27,191,1
27,192,1
27,194,1
27,195,3
27,196,3
27,198,1
28,1,8
28,2,11
28,3,22
28,4,14
28,5,154
28,6,7
28,7,12
28,8,5
28,9,8
28,10,3
28,11,36
28,12,3
28,13,20
28,14,18
28,15,23
28,16,26
28,17,4
28,18,19
28,19,5
28,21,82
28,22,4
28,23,4
28,24,1
28,25,25
28,26,13
28,27,3
28,29,3
28,30,8
28,32,16
28,33,2
28,36,2
28,37,3
28,39,3
28,40,3
28,41,2
28,42,4
28,43,7
28,44,10
28,45,2
28,46,1
28,47,3
28,48,2
28,49,3
28,52,8
28,53,2
28,54,3
28,55,47
28,56,83
28,57,1
28,58,5
28,59,10
28,62,18
28,63,41
28,64,15
28,65,19
28,66,4
28,67,232
28,68,10
28,69,9
28,70,18
28,71,14
28,72,19
28,73,17
28,74,14
28,75,8
28,76,5
28,78,4
28,79,24
28,80,2
28,81,14
28,82,13
28,83,23
28,84,21
28,85,3
28,87,2
28,89,3
28,90,4
28,92,3
28,93,1
28,94,8
28,95,3
28,96,4
28,97,2
28,98,3
28,99,105
28,100,18
28,101,4
28,102,5
28,103,3
28,104,6
28,105,7
28,106,12
28,108,8
28,109,1
28,110,13
28,111,1
28,112,1
28,113,3
28,115,1
28,117,7
28,118,13
28,123,8
28,124,5
28,125,5
28,126,6
28,127,11
28,128,4
28,129,13
28,130,1
28,133,12
28,134,1
28,136,1
28,137,7
28,139,1
28,140,24
28,141,4
28,143,5
28,145,6
28,146,1
28,151,2
28,154,2
28,155,4
28,156,3
28,158,1
28,160,5
28,162,2
28,163,3
28,164,10
28,165,28
28,166,20
28,167,12
28,169,5
28,170,5
28,171,3
28,172,10
28,173,1
28,175,20
28,177,1
28,178,10
28,180,1
28,181,2
28,182,1
28,183,2
28,184,1
28,185,2
28,186,1
28,187,4
28,188,2
28,189,3
28,191,1
28,192,1
28,193,4
28,194,3
28,195,3
28,196,11
28,197,1
28,198,3
28,199,3
29,1,2
29,2,17
29,3,2
29,4,4
29,5,53
29,6,7
29,7,6
29,8,2
29,10,1
29,11,18
29,12,1
29,13,18
29,14,11
29,15,20
29,16,28
29,17,3
29,18,39
29,19,30
29,21,114
29,22,1
29,23,3
29,24,1
29,25,16
29,26,2
29,28,36
29,30,1
29,32,7
29,33,6
29,34,2
29,35,1
29,36,1
29,37,5
29,38,2
29,39,13
29,40,5
29,41,2
29,42,12
29,43,2
29,44,10
29,45,2
29,46,9
29,47,7
29,48,5
29,49,4
29,51,1
29,52,16
29,53,3
29,54,9
29,55,36
29,56,27
29,57,2
29,58,6
29,59,19
29,62,5
29,63,34
29,64,4
29,65,4
29,66,4
29,67,102
29,68,7
29,70,6
29,71,27
29,72,35
29,73,12
29,74,6
29,75,9
29,76,13
29,78,12
29,79,9
29,81,11
29,82,23
29,83,10
29,84,11
29,85,8
29,86,1
29,87,3
29,88,3
29,89,5
29,90,12
29,92,11
29,93,1
29,94,3
29,95,3
29,97,7
29,98,9
29,99,68
29,100,14
29,101,3
29,102,7
29,103,3
29,104,6
29,105,5
29,106,16
29,107,2
29,109,1
29,110,11
29,111,5
29,112,10
29,113,3
29,114,2
29,115,3
29,117,1
29,118,15
29,119,2
29,121,1
29,122,3
29,123,9
29,124,1
29,125,1
29,126,3
29,127,8
29,128,2
29,129,22
29,130,1
29,131,6
29,132,2
29,133,4
29,135,5
29,136,1
29,137,3
29,138,2
29,139,2
29,140,21
29,141,1
29,143,3
29,146,1
29,148,2
29,152,1
29,154,4
29,155,1
29,156,5
29,157,1
29,160,3
29,161,5
29,162,2
29,163,5
29,164,9
29,165,39
29,166,24
29,167,12
29,168,1
29,169,2
29,171,7
29,172,5
29,173,7
29,175,22
29,177,7
29,180,2
29,181,6
29,182,1
29,183,1
29,185,1
29,187,9
29,188,1
29,189,5
29,192,8
29,193,1
29,194,5
29,195,9
29,196,6
29,197,1
29,198,9
29,199,3
30,1,1
30,2,2
30,3,6
30,5,47
30,8,1
30,9,1
30,10,2
30,11,6
30,12,4
30,13,1
30,14,7
30,15,24
30,16,7
30,17,6
30,18,13
30,19,2
30,20,6
30,21,64
30,23,2
30,25,7
30,27,1
30,28,11
30,29,6
30,31,2
30,32,15
30,33,3
30,34,2
30,35,1
30,39,2
30,40,5
30,42,3
30,43,4
30,44,7
30,46,2
30,49,1
30,52,2
30,53,5
30,54,4
30,55,13
30,56,42
30,58,1
30,59,9
30,60,1
30,62,8
30,63,19
30,64,5
30,66,3
30,67,91
30,68,3
30,69,1
30,70,6
30,71,8
30,72,8
30,73,11
30,74,25
30,75,5
30,76,2
30,79,4
30,81,10
30,82,7
30,83,3
30,84,9
30,85,1
30,89,4
30,90,1
30,92,4
30,93,2
30,95,2
30,96,2
30,97,2
30,98,14
30,99,52
30,100,7
30,101,1
30,102,4
30,104,2
30,105,5
30,106,9
30,107,4
30,108,4
30,110,12
30,111,3
30,113,1
30,114,1
30,117,1
30,118,10
30,119,2
30,123,16
30,124,2
30,125,1
30,127,1
30,128,1
30,129,4
30,130,3
30,132,1
30,134,3
30,140,11
30,141,2
30,143,1
30,146,3
30,147,4
30,148,2
30,153,1
30,155,13
30,157,1
30,160,2
30,164,6
30,165,10
30,166,10
30,167,1
30,169,3
30,170,2
30,172,1
30,174,2
30,175,4
30,176,1
30,177,1
30,186,1
30,187,5
30,188,2
30,191,2
30,192,4
30,193,8
30,194,1
30,195,4
30,196,4
30,197,3
30,198,3
30,199,4
31,1,2
31,2,14
31,3,5
31,4,12
31,5,66
31,6,10
31,7,5
31,8,8
31,9,1
31,10,6
31,11,75
31,12,10
31,13,7
31,14,10
31,15,16
31,16,11
31,17,2
31,18,13
31,19,7
31,21,69
31,22,11
31,23,2
31,24,6
31,25,68
31,26,2
31,27,1
31,28,26
31,29,4
31,32,6
31,33,1
31,34,8
31,37,1
31,38,1
31,39,22
31,40,11
31,41,2
31,42,19
31,43,9
31,44,19
31,45,1
31,46,11
31,47,2
31,48,13
31,49,8
31,52,1
31,54,3
31,55,33
31,56,61
31,57,5
31,58,2
31,59,8
31,60,2
31,62,9
31,63,35
31,64,6
31,65,5
31,66,5
31,67,448
31,68,25
31,69,6
31,70,1
31,71,18
31,72,21
31,73,2
31,74,4
31,75,20
31,76,18
31,78,1
31,79,3
31,80,4
31,81,7
31,82,2
31,83,12
31,84,17
31,86,2
31,87,3
31,88,2
31,89,3
31,90,1
31,92,8
31,93,2
31,96,4
31,97,2
31,98,5
31,99,85
31,100,54
31,101,7
31,102,9
31,104,5
31,105,2
31,106,6
31,108,2
31,109,2
31,110,12
31,111,11
31,112,7
31,113,17
31,114,6
31,115,5
31,117,4
31,118,46
31,121,1
31,122,10
31,123,31
31,124,8
31,125,13
31,126,11
31,127,6
31,128,5
31,129,12
31,130,1
31,131,1
31,132,4
31,133,1
31,134,4
31,135,3
31,137,7
31,138,3
31,140,46
31,141,12
31,143,2
31,145,7
31,146,4
31,147,5
31,149,8
31,151,2
31,152,1
31,154,3
31,155,10
31,157,2
31,158,1
31,160,11
31,161,4
31,162,4
31,163,9
31,164,6
31,165,29
31,166,4
31,167,18
31,168,1
31,169,7
31,170,1
31,171,1
31,172,11
31,173,1
31,174,2
31,175,21
31,176,3
31,177,3
31,178,2
31,179,1
31,180,4
31,181,6
31,182,1
31,183,3
31,187,6
31,188,2
31,190,1
31,192,5
31,193,4
31,194,2
31,195,3
31,196,9
31,197,8
31,198,5
31,199,4
32,2,5
32,3,2
32,4,1
32,5,53
32,6,4
32,8,1
32,10,1
32,11,2
32,13,2
32,14,7
32,15,26
32,16,19
32,18,5
32,19,4
32,21,43
32,23,1
32,25,11
32,26,4
32,28,8
32,30,1
32,33,7
32,34,3
32,36,1
32,37,2
32,38,5
32,39,3
32,40,18
32,41,7
32,42,11
32,43,29
32,44,1
32,45,1
32,46,53
32,47,2
32,48,1
32,52,1
32,53,2
32,55,5
32,56,18
32,57,2
32,58,5
32,59,6
32,60,2
32,62,3
32,63,29
32,64,3
32,65,11
32,66,6
32,67,127
32,68,3
32,69,2
32,70,18
32,71,3
32,72,24
32,73,20
32,74,7
32,75,2
32,76,2
32,78,5
32,79,14
32,81,3
32,82,5
32,83,1
32,84,3
32,87,1
32,94,2
32,98,10
32,99,28
32,100,5
32,101,1
32,102,7
32,103,1
32,105,3
32,106,2
32,107,1
32,108,1
32,110,16
32,111,12
32,112,1
32,113,3
32,114,1
32,117,4
32,118,4
32,122,3
32,123,22
32,124,26
32,125,3
32,129,4
32,133,2
32,134,10
32,136,1
32,137,2
32,140,5
32,141,1
32,145,1
32,146,3
32,152,4
32,153,1
32,154,1
32,155,9
32,156,1
32,159,1
32,160,1
32,163,2
32,164,11
32,165,5
32,166,6
32,167,5
32,169,2
32,171,2
32,172,3
32,175,3
32,178,1
32,181,1
32,184,3
32,186,1
32,187,1
32,188,1
32,189,2
32,191,2
32,193,1
32,195,4
32,196,2
32,197,1
32,198,2
32,199,1
33,1,9
33,2,5
33,3,8
33,4,14
33,5,143
33,6,3
33,7,1
33,8,1
33,10,3
33,11,26
33,12,1
33,13,18
33,14,6
33,15,133
33,16,89
33,17,35
33,18,38
33,19,6
33,20,6
33,21,311
33,22,7
33,23,2
33,24,1
33,25,25
33,26,4
33,27,1
33,28,77
33,29,16
33,30,2
33,31,5
33,32,66
33,34,5
33,36,1
33,37,4
33,39,11
33,40,85
33,41,1
33,42,46
33,43,45
33,44,28
33,45,2
33,46,35
33,47,5
33,48,5
33,49,6
33,50,1
33,51,1
33,52,10
33,53,12
33,54,5
33,55,69
33,56,118
33,57,1
33,58,8
33,59,40
33,60,1
33,62,27
33,63,72
33,64,5
33,65,15
33,66,8
33,67,295
33,68,14
33,69,3
33,70,41
33,71,25
33,72,96
33,73,55
33,74,52
33,75,12
33,76,17
33,77,1
33,78,34
33,79,83
33,81,12
33,82,28
33,83,9
33,84,26
33,85,20
33,87,12
33,88,1
33,89,2
33,90,2
33,91,2
33,92,3
33,93,5
33,94,16
33,95,1
33,96,1
33,97,14
33,98,35
33,99,75
33,100,23
33,101,1
33,102,6
33,103,5
33,104,1
33,105,20
33,106,25
33,107,12
33,108,11
33,109,2
33,110,60
33,111,10
33,112,12
33,113,14
33,115,1
33,117,3
33,118,26
33,119,1
33,121,3
33,122,5
33,123,50
33,124,21
33,125,8
33,126,3
33,127,4
33,128,5
33,129,19
33,130,4
33,131,1
33,133,5
33,134,5
33,136,1
33,137,5
33,138,2
33,139,4
33,140,22
33,141,14
33,143,11
33,145,4
33,146,5
33,147,4
33,148,6
33,149,2
33,150,1
33,151,2
33,152,1
33,153,4
33,154,1
33,155,55
33,156,1
33,157,1
33,158,3
33,159,2
33,160,3
33,162,2
33,163,6
33,164,37
33,165,35
33,166,51
33,167,9
33,169,13
33,171,6
33,172,26
33,174,4
33,175,27
33,177,10
33,178,1
33,179,1
33,180,4
33,181,5
33,182,1
33,184,1
33,186,2
33,187,18
33,188,7
33,189,15
33,190,11
33,191,10
33,192,56
33,193,21
33,194,16
33,195,31
33,196,33
33,197,12
33,198,41
33,199,23
34,1,8
34,2,12
34,3,9
34,4,8
34,5,138
34,6,15
34,7,3
34,8,4
34,9,2
34,10,2
34,11,35
34,12,6
34,13,3
34,14,21
34,15,25
34,16,36
34,17,1
34,18,22
34,19,2
34,21,46
34,22,3
34,23,13
34,24,2
34,25,60
34,26,2
34,27,1
34,28,59
34,29,5
34,31,4
34,32,25
34,33,9
34,35,9
34,36,8
34,37,20
34,38,14
34,39,33
34,40,22
34,41,1
34,42,49
34,43,36
34,44,19
34,45,2
34,46,39
34,47,4
34,48,16
34,49,25
34,51,2
34,52,2
34,53,1
34,54,6
34,55,39
34,56,92
34,57,13
34,58,1
34,59,24
34,60,1
34,61,1
34,62,10
34,63,55
34,64,6
34,65,15
34,66,7
34,67,375
34,68,31
34,69,12
34,70,6
34,71,18
34,72,14
34,73,13
34,74,5
34,75,19
34,76,31
34,77,1
34,78,4
34,79,10
34,80,1
34,81,8
34,82,13
34,83,4
34,84,9
34,85,2
34,87,2
34,88,6
34,89,2
34,90,2
34,92,6
34,93,1
34,94,3
34,95,1
34,97,7
34,98,8
34,99,228
34,100,55
34,101,14
34,102,12
34,103,4
34,104,1
34,105,9
34,106,20
34,107,2
34,110,51
34,111,15
34,112,17
34,113,28
34,114,5
34,115,5
34,117,10
34,118,51
34,119,3
34,122,32
34,123,45
34,124,15
34,125,17
34,126,16
34,127,2
34,128,3
34,129,7
34,130,3
34,133,4
34,134,2
34,136,3
34,137,20
34,138,2
34,140,49
34,141,21
34,143,2
34,145,5
34,146,21
34,147,14
34,148,18
34,149,6
34,150,2
34,151,2
34,152,1
34,153,5
34,154,6
34,155,39
34,156,5
34,157,4
34,158,8
34,159,3
34,160,6
34,161,8
34,162,9
34,163,14
34,164,7
34,165,24
34,166,9
34,167,23
34,168,1
34,169,8
34,171,1
34,172,15
34,174,1
34,175,11
34,177,3
34,180,4
34,181,3
34,184,3
34,185,1
34,187,4
34,188,1
34,189,1
34,191,2
34,192,9
34,193,4
34,194,8
34,195,1
34,196,7
34,197,1
34,198,10
35,1,4
35,2,10
35,3,5
35,4,2
35,5,83
35,6,6
35,7,1
35,9,3
35,10,2
35,11,33
35,12,2
35,13,7
35,14,9
35,15,17
35,16,17
35,18,8
35,19,3
35,21,35
35,22,1
35,23,10
35,24,1
35,25,39
35,28,36
35,29,7
35,30,3
35,31,2
35,32,14
35,33,12
35,34,6
35,36,17
35,37,4
35,38,5
35,39,30
35,40,8
35,41,8
35,42,46
35,43,35
35,44,19
35,45,16
35,46,27
35,47,3
35,48,6
35,49,21
35,50,5
35,51,1
35,52,5
35,53,4
35,54,5
35,55,27
35,56,63
35,57,1
35,58,3
35,59,19
35,61,3
35,62,4
35,63,42
35,64,5
35,65,22
35,66,6
35,67,271
35,68,14
35,69,2
35,70,2
35,71,8
35,72,20
35,73,5
35,74,9
35,75,15
35,76,11
35,78,3
35,79,13
35,81,8
35,82,6
35,83,4
35,84,9
35,85,3
35,87,2
35,89,2
35,90,4
35,91,2
35,93,3
35,94,1
35,95,1
35,96,1
35,97,2
35,98,7
35,99,185
35,100,31
35,101,8
35,102,12
35,103,4
35,104,2
35,105,2
35,106,6
35,107,1
35,108,8
35,110,41
35,111,16
35,112,11
35,113,20
35,114,3
35,115,4
35,117,8
35,118,18
35,121,1
35,122,9
35,123,38
35,124,13
35,125,12
35,126,10
35,127,2
35,128,3
35,129,7
35,130,1
35,132,6
35,133,4
35,135,5
35,136,7
35,137,11
35,138,3
35,139,2
35,140,66
35,141,6
35,143,2
35,145,11
35,146,14
35,147,5
35,148,6
35,149,2
35,150,1
35,151,16
35,152,7
35,153,1
35,154,3
35,155,29
35,156,5
35,157,5
35,158,7
35,159,3
35,160,6
35,161,17
35,162,3
35,163,4
35,164,12
35,165,16
35,166,8
35,167,6
35,169,4
35,170,2
35,171,3
35,172,6
35,174,3
35,175,7
35,178,1
35,182,4
35,185,1
35,187,3
35,189,1
35,192,4
35,193,2
35,198,5
35,199,2
36,1,1
36,2,2
36,3,6
36,4,5
36,5,46
36,6,4
36,7,4
36,8,3
36,10,1
36,11,15
36,12,2
36,13,5
36,14,5
36,15,19
36,16,8
36,18,10
36,19,5
36,21,32
36,22,5
36,23,5
36,25,25
36,26,1
36,28,36
36,29,2
36,30,4
36,31,7
36,32,16
36,33,5
36,34,4
36,35,4
36,37,4
36,38,7
36,39,21
36,40,7
36,41,2
36,42,38
36,43,17
36,44,27
36,45,4
36,46,25
36,48,17
36,49,14
36,50,8
36,52,2
36,53,1
36,54,1
36,55,31
36,56,69
36,57,1
36,58,5
36,59,5
36,60,2
36,62,9
36,63,42
36,64,2
36,65,5
36,66,9
36,67,243
36,68,15
36,69,7
36,70,5
36,71,10
36,72,15
36,73,19
36,74,2
36,75,22
36,76,19
36,78,7
36,79,9
36,81,6
36,82,11
36,83,9
36,84,11
36,85,3
36,86,2
36,87,1
36,88,1
36,90,2
36,92,1
36,93,1
36,97,2
36,98,13
36,99,160
36,100,23
36,101,8
36,102,11
36,104,6
36,105,2
36,106,8
36,108,1
36,110,31
36,111,16
36,112,9
36,113,16
36,114,3
36,115,2
36,117,7
36,118,43
36,121,1
36,122,7
36,123,26
36,124,10
36,125,9
36,126,22
36,128,1
36,129,12
36,130,2
36,132,1
36,133,2
36,134,1
36,135,4
36,136,4
36,137,9
36,140,47
36,141,5
36,145,5
36,146,7
36,147,7
36,148,16
36,149,3
36,150,1
36,151,3
36,152,2
36,153,2
36,154,1
36,155,20
36,156,5
36,157,4
36,158,25
36,159,4
36,160,9
36,161,18
36,162,2
36,163,8
36,164,2
36,165,17
36,166,6
36,167,13
36,169,4
36,170,1
36,171,10
36,172,10
36,174,3
36,175,6
36,177,2
36,184,2
36,187,1
36,188,1
36,189,1
36,190,1
36,192,1
36,193,3
36,194,1
36,195,6
36,196,3
36,198,10
36,199,7
37,1,2
37,2,11
37,3,5
37,4,2
37,5,70
37,6,7
37,7,4
37,8,1
37,11,21
37,12,3
37,13,6
37,14,8
37,15,11
37,16,15
37,17,1
37,18,23
37,19,5
37,21,34
37,22,6
37,23,6
37,24,4
37,25,34
37,28,38
37,29,2
37,30,4
37,31,3
37,32,11
37,33,6
37,34,4
37,35,6
37,36,16
37,38,18
37,39,37
37,40,11
37,41,2
37,42,42
37,43,7
37,44,19
37,45,12
37,46,30
37,47,7
37,48,20
37,49,23
37,50,3
37,52,3
37,53,5
37,54,4
37,55,37
37,56,54
37,57,3
37,58,2
37,59,12
37,61,3
37,62,11
37,63,44
37,64,4
37,65,10
37,66,7
37,67,199
37,68,20
37,69,9
37,70,6
37,71,12
37,72,17
37,73,18
37,74,4
37,75,18
37,76,13
37,77,3
37,78,9
37,79,10
37,81,4
37,82,9
37,83,12
37,84,2
37,85,2
37,86,2
37,87,1
37,88,2
37,89,4
37,90,4
37,91,1
37,92,1
37,93,1
37,94,6
37,96,3
37,97,3
37,98,11
37,99,114
37,100,29
37,101,17
37,102,4
37,103,3
37,104,3
37,105,2
37,106,9
37,107,5
37,110,32
37,111,6
37,112,20
37,113,24
37,114,8
37,115,6
37,117,4
37,118,46
37,119,1
37,122,8
37,123,30
37,124,5
37,125,13
37,126,15
37,127,1
37,128,1
37,129,10
37,130,1
37,132,2
37,133,3
37,135,9
37,136,3
37,137,14
37,138,6
37,139,1
37,140,36
37,141,16
37,143,1
37,145,5
37,146,18
37,147,17
37,148,16
37,149,2
37,150,7
37,151,5
37,152,1
37,153,3
37,154,7
37,155,6
37,156,7
37,157,5
37,158,4
37,159,6
37,160,7
37,161,14
37,162,6
37,163,4
37,164,6
37,165,17
37,166,11
37,167,11
37,169,9
37,171,2
37,172,10
37,173,1
37,174,3
37,175,33
37,177,2
37,178,1
37,180,2
37,182,2
37,184,2
37,187,1
37,189,1
37,190,1
37,192,10
37,193,3
37,195,4
37,196,5
37,197,1
37,198,2
37,199,2
38,1,7
38,2,2
38,3,4
38,4,5
38,5,64
38,6,5
38,7,6
38,8,1
38,10,1
38,11,24
38,12,1
38,13,7
38,14,8
38,15,10
38,16,17
38,17,1
38,18,16
38,19,6
38,21,48
38,22,2
38,23,17
38,24,2
38,25,71
38,26,2
38,27,1
38,28,45
38,29,1
38,31,2
38,32,33
38,33,9
38,34,3
38,35,2
38,36,10
38,37,9
38,39,23
38,40,10
38,41,7
38,42,49
38,43,25
38,44,24
38,45,7
38,46,48
38,47,10
38,48,23
38,49,23
38,50,5
38,51,1
38,53,1
38,54,2
38,55,39
38,56,87
38,57,4
38,59,15
38,60,1
38,62,8
38,63,56
38,64,4
38,65,8
38,66,11
38,67,299
38,68,31
38,69,5
38,70,8
38,71,7
38,72,12
38,73,14
38,74,15
38,75,17
38,76,33
38,78,4
38,79,5
38,81,17
38,82,13
38,83,12
38,84,12
38,85,6
38,90,4
38,92,5
38,93,1
38,94,8
38,96,1
38,97,1
38,98,5
38,99,163
38,100,44
38,101,11
38,102,18
38,104,2
38,105,4
38,106,16
38,108,2
38,110,47
38,111,32
38,112,5
38,113,16
38,114,2
38,115,8
38,117,2
38,118,43
38,120,1
38,122,10
38,123,44
38,124,19
38,125,16
38,126,11
38,127,1
38,128,4
38,129,9
38,132,2
38,133,5
38,135,3
38,136,2
38,137,10
38,138,1
38,139,2
38,140,67
38,141,8
38,143,5
38,145,8
38,146,12
38,147,15
38,148,2
38,149,9
38,150,2
38,151,2
38,152,3
38,153,3
38,154,11
38,155,41
38,156,4
38,157,6
38,158,14
38,159,1
38,160,6
38,161,12
38,162,2
38,163,13
38,164,5
38,165,15
38,166,8
38,167,15
38,169,7
38,170,2
38,171,6
38,172,19
38,173,1
38,175,24
38,180,1
38,181,3
38,187,5
38,188,1
38,189,2
38,192,5
38,193,9
38,195,4
38,196,4
38,198,6
38,199,2
39,1,1
39,2,1
39,3,8
39,4,3
39,5,68
39,6,3
39,7,9
39,8,3
39,9,2
39,10,1
39,11,30
39,12,2
39,13,5
39,14,8
39,15,26
39,16,26
39,17,1
39,18,4
39,19,9
39,21,46
39,22,5
39,23,4
39,24,2
39,25,37
39,26,2
39,27,1
39,28,19
39,29,11
39,31,3
39,32,39
39,33,8
39,34,1
39,35,2
39,36,5
39,37,2
39,38,3
39,40,10
39,41,7
39,42,53
39,43,53
39,44,34
39,46,30
39,47,8
39,48,9
39,49,13
39,50,2
39,52,3
39,54,5
39,55,32
39,56,83
39,57,2
39,58,10
39,59,16
39,62,11
39,63,30
39,64,4
39,65,15
39,66,6
39,67,299
39,68,25
39,69,4
39,70,3
39,71,13
39,72,13
39,73,9
39,74,8
39,75,11
39,76,21
39,78,4
39,79,5
39,80,2
39,81,4
39,82,4
39,83,4
39,84,15
39,85,1
39,86,4
39,88,6
39,92,3
39,94,2
39,95,2
39,96,1
39,97,2
39,98,11
39,99,151
39,100,28
39,101,5
39,102,10
39,104,10
39,105,3
39,106,16
39,108,8
39,110,63
39,111,19
39,112,6
39,113,6
39,114,2
39,115,1
39,117,2
39,118,21
39,121,2
39,122,17
39,123,45
39,124,21
39,125,6
39,126,10
39,127,1
39,128,2
39,129,5
39,132,1
39,133,3
39,134,4
39,135,2
39,136,3
39,137,6
39,138,1
39,139,2
39,140,37
39,141,26
39,142,1
39,143,1
39,145,4
39,146,9
39,147,10
39,148,5
39,149,2
39,152,2
39,153,3
39,154,5
39,155,30
39,157,2
39,158,10
39,160,5
39,161,9
39,162,4
39,163,5
39,164,10
39,165,19
39,166,12
39,167,6
39,169,4
39,172,12
39,173,1
39,174,2
39,175,17
39,177,2
39,180,3
39,184,2
39,187,2
39,189,2
39,191,4
39,192,3
39,193,2
39,195,2
39,196,4
39,197,1
39,199,4
40,1,6
40,2,8
40,3,3
40,4,2
40,5,89
40,6,2
40,8,1
40,9,2
40,11,9
40,12,1
40,13,6
40,14,8
40,15,46
40,16,42
40,17,3
40,18,24
40,19,15
40,20,3
40,21,114
40,22,1
40,23,3
40,24,3
40,25,5
40,28,32
40,29,1
40,30,4
40,31,5
40,32,54
40,33,27
40,34,1
40,35,1
40,36,1
40,39,13
40,41,5
40,42,13
40,43,20
40,44,6
40,46,44
40,49,7
40,52,1
40,53,2
40,54,2
40,55,19
40,56,48
40,58,6
40,59,10
40,62,7
40,63,56
40,64,4
40,65,1
40,66,6
40,67,157
40,68,5
40,69,3
40,70,11
40,71,26
40,72,45
40,73,21
40,74,33
40,75,3
40,76,6
40,78,16
40,79,47
40,81,6
40,82,15
40,83,4
40,84,9
40,85,5
40,87,4
40,89,1
40,90,1
40,91,6
40,92,3
40,96,1
40,97,1
40,98,13
40,99,45
40,100,5
40,101,1
40,102,8
40,103,1
40,104,2
40,105,10
40,106,22
40,107,3
40,108,2
40,110,28
40,111,5
40,112,1
40,113,1
40,117,3
40,118,12
40,119,1
40,122,2
40,123,29
40,124,4
40,126,3
40,127,1
40,129,6
40,130,1
40,131,1
40,132,2
40,133,1
40,134,4
40,136,1
40,137,3
40,138,3
40,139,1
40,140,13
40,143,9
40,145,4
40,146,5
40,147,1
40,148,2
40,149,1
40,152,7
40,154,6
40,155,30
40,158,3
40,159,4
40,160,3
40,161,1
40,163,5
40,164,4
40,165,20
40,166,15
40,167,2
40,169,5
40,171,1
40,172,10
40,173,4
40,174,3
40,175,8
40,177,1
40,178,1
40,180,2
40,181,1
40,182,3
40,185,1
40,187,10
40,188,1
40,189,1
40,191,5
40,192,6
40,193,2
40,194,5
40,195,5
40,196,8
40,197,1
40,198,12
40,199,12
41,1,10
41,2,5
41,3,2
41,4,2
41,5,83
41,6,1
41,8,1
41,9,2
41,10,1
41,11,25
41,12,3
41,13,3
41,14,12
41,15,37
41,16,43
41,18,9
41,19,2
41,20,2
41,21,66
41,22,2
41,23,7
41,25,19
41,26,2
41,27,2
41,28,26
41,29,4
41,30,1
41,31,3
41,32,73
41,33,19
41,34,4
41,35,1
41,36,2
41,37,4
41,38,7
41,39,14
41,40,30
41,42,72
41,43,92
41,44,18
41,45,1
41,46,60
41,47,4
41,48,2
41,49,10
41,53,2
41,55,22
41,56,88
41,57,5
41,58,2
41,59,5
41,62,13
41,63,53
41,65,12
41,66,7
41,67,323
41,68,20
41,69,1
41,70,2
41,71,8
41,72,18
41,73,25
41,74,9
41,75,9
41,76,30
41,77,3
41,78,13
41,79,17
41,80,1
41,81,6
41,82,3
41,83,2
41,84,9
41,85,2
41,87,3
41,92,3
41,94,3
41,96,1
41,98,14
41,99,147
41,100,21
41,101,4
41,102,6
41,103,8
41,104,8
41,105,7
41,106,3
41,108,7
41,110,77
41,111,19
41,112,11
41,113,9
41,115,3
41,117,5
41,118,24
41,120,1
41,122,15
41,123,65
41,124,26
41,125,16
41,126,1
41,127,2
41,128,6
41,129,11
41,132,3
41,133,6
41,134,1
41,136,1
41,137,6
41,138,3
41,139,1
41,140,27
41,141,1
41,145,11
41,146,13
41,147,1
41,148,3
41,149,1
41,150,2
41,151,1
41,152,9
41,153,3
41,154,6
41,155,77
41,156,1
41,157,6
41,158,7
41,159,6
41,160,7
41,161,27
41,163,16
41,164,7
41,165,18
41,166,8
41,167,10
41,169,5
41,171,1
41,172,14
41,173,1
41,174,1
41,175,5
41,179,1
41,180,1
41,181,3
41,182,1
41,184,2
41,189,2
41,191,3
41,192,3
41,193,7
41,194,3
41,195,1
41,196,3
41,198,1
41,199,4
42,1,4
42,2,6
42,3,2
42,5,25
42,6,1
42,7,3
42,11,15
42,13,5
42,14,5
42,15,26
42,16,12
42,18,1
42,20,3
42,21,37
42,22,1
42,23,6
42,25,14
42,26,1
42,27,4
42,28,13
42,29,2
42,30,3
42,31,2
42,32,38
42,33,5
42,34,3
42,36,1
42,37,1
42,39,8
42,40,8
42,41,10
42,43,40
42,44,15
42,45,3
42,46,33
42,47,1
42,48,3
42,49,8
42,52,2
42,53,2
42,55,15
42,56,24
42,57,2
42,58,1
42,59,13
42,62,13
42,63,13
42,64,2
42,65,8
42,66,4
42,67,159
42,68,6
42,69,8
42,70,6
42,71,5
42,72,17
42,73,4
42,74,2
42,75,3
42,76,4
42,78,6
42,79,4
42,81,7
42,82,4
42,83,2
42,84,2
42,85,4
42,91,1
42,92,3
42,94,4
42,98,3
42,99,73
42,100,15
42,101,7
42,103,4
42,104,2
42,105,1
42,106,5
42,107,1
42,108,3
42,110,32
42,111,12
42,112,4
42,113,7
42,114,1
42,117,1
42,118,9
42,122,14
42,123,47
42,124,16
42,125,5
42,126,2
42,129,2
42,131,1
42,133,5
42,134,5
42,135,1
42,136,1
42,137,2
42,138,1
42,140,18
42,141,2
42,142,1
42,145,1
42,146,3
42,147,3
42,148,2
42,150,1
42,151,1
42,152,5
42,153,2
42,154,6
42,155,30
42,157,5
42,158,3
42,159,2
42,160,3
42,161,7
42,163,2
42,164,9
42,165,8
42,166,8
42,167,2
42,169,5
42,171,5
42,172,5
42,173,1
42,175,3
42,177,2
42,180,1
42,181,3
42,184,1
42,187,1
42,190,1
42,192,6
42,193,2
42,194,2
42,195,4
42,196,3
42,197,1
42,199,2
43,1,3
43,2,2
43,3,1
43,5,87
43,6,1
43,7,1
43,8,4
43,10,1
43,11,15
43,12,1
43,13,4
43,14,1
43,15,26
43,16,14
43,17,3
43,18,3
43,19,3
43,21,55
43,22,1
43,23,4
43,25,9
43,28,19
43,29,5
43,30,3
43,31,6
43,32,46
43,33,13
43,34,4
43,36,3
43,38,1
43,39,3
43,40,13
43,41,9
43,42,28
43,44,6
43,45,1
43,46,108
43,47,2
43,50,1
43,52,1
43,53,1
43,54,3
43,55,15
43,56,45
43,58,3
43,59,5
43,61,1
43,62,10
43,63,36
43,65,6
43,66,8
43,67,189
43,68,4
43,69,7
43,70,10
43,71,8
43,72,24
43,73,19
43,74,2
43,75,4
43,76,9
43,78,8
43,79,6
43,81,8
43,82,7
43,83,4
43,84,7
43,85,1
43,86,4
43,88,1
43,89,1
43,90,1
43,92,4
43,93,2
43,96,1
43,97,3
43,98,7
43,99,43
43,100,11
43,101,4
43,102,7
43,103,5
43,104,1
43,105,7
43,106,7
43,107,3
43,108,3
43,110,40
43,111,10
43,113,2
43,117,3
43,118,19
43,120,3
43,121,1
43,122,6
43,123,46
43,124,25
43,125,2
43,127,1
43,129,8
43,131,1
43,132,3
43,133,1
43,134,2
43,136,2
43,137,8
43,140,5
43,141,5
43,143,3
43,145,2
43,146,3
43,149,6
43,150,1
43,151,3
43,152,4
43,154,2
43,155,26
43,158,9
43,160,3
43,161,3
43,163,8
43,164,5
43,165,12
43,166,8
43,167,1
43,169,2
43,170,5
43,171,1
43,172,9
43,175,1
43,177,1
43,178,3
43,183,1
43,187,6
43,193,3
43,194,4
43,196,3
43,197,2
43,198,1
43,199,4
44,1,13
44,2,4
44,3,10
44,4,4
44,5,61
44,6,1
44,7,5
44,8,3
44,9,1
44,10,2
44,11,16
44,14,2
44,15,30
44,16,6
44,17,1
44,18,9
44,19,6
44,20,2
44,21,46
44,22,4
44,23,4
44,24,2
44,25,37
44,26,3
44,28,27
44,29,2
44,30,4
44,31,3
44,32,24
44,33,15
44,34,3
44,35,5
44,36,5
44,37,6
44,38,7
44,39,12
44,40,20
44,41,7
44,42,129
44,43,47
44,45,10
44,46,40
44,47,2
44,48,10
44,49,17
44,50,8
44,53,5
44,54,1
44,55,30
44,56,107
44,57,8
44,58,10
44,59,17
44,60,1
44,61,2
44,62,19
44,63,35
44,64,7
44,65,6
44,66,5
44,67,283
44,68,15
44,69,9
44,70,3
44,71,10
44,72,21
44,73,11
44,74,4
44,75,21
44,76,28
44,77,2
44,78,5
44,79,4
44,81,9
44,82,8
44,83,6
44,84,9
44,85,2
44,86,5
44,88,1
44,89,5
44,90,4
44,92,5
44,93,1
44,94,3
44,95,8
44,97,3
44,98,11
44,99,182
44,100,25
44,101,4
44,102,13
44,104,7
44,105,9
44,106,7
44,107,6
44,108,3
44,110,112
44,111,11
44,112,4
44,113,10
44,114,2
44,115,3
44,117,3
44,118,21
44,122,23
44,123,54
44,124,14
44,125,6
44,126,8
44,129,3
44,130,2
44,131,1
44,132,3
44,133,2
44,134,4
44,135,1
44,136,2
44,137,14
44,140,44
44,141,5
44,142,1
44,143,4
44,145,2
44,146,10
44,147,6
44,148,2
44,149,3
44,150,1
44,151,6
44,152,13
44,153,4
44,154,11
44,155,58
44,156,1
44,157,4
44,158,5
44,160,5
44,161,24
44,163,6
44,164,16
44,165,17
44,166,8
44,167,10
44,169,4
44,170,2
44,172,10
44,174,1
44,175,10
44,177,3
44,181,2
44,184,1
44,187,1
44,188,2
44,191,1
44,192,10
44,193,3
44,195,1
44,196,9
44,198,8
44,199,3
45,1,4
45,2,5
45,3,3
45,5,73
45,6,8
45,8,1
45,10,1
45,11,20
45,12,6
45,13,4
45,14,5
45,15,7
45,16,10
45,18,8
45,19,6
45,20,1
45,21,25
45,23,12
45,24,3
45,25,44
45,26,2
45,27,2
45,28,31
45,29,2
45,30,1
45,31,7
45,32,13
45,33,2
45,34,3
45,35,2
45,36,12
45,37,7
45,38,16
45,39,9
45,40,8
45,41,4
45,42,36
45,43,20
45,44,20
45,46,34
45,47,7
45,48,18
45,49,13
45,50,10
45,52,2
45,54,1
45,55,27
45,56,70
45,57,2
45,59,6
45,61,2
45,62,7
45,63,47
45,64,4
45,65,17
45,67,215
45,68,23
45,69,4
45,70,9
45,71,3
45,72,17
45,73,7
45,74,1
45,75,13
45,76,20
45,78,2
45,79,6
45,80,1
45,81,10
45,82,4
45,83,7
45,84,5
45,85,1
45,86,2
45,88,2
45,89,3
45,90,1
45,91,2
45,92,1
45,93,2
45,94,4
45,95,4
45,96,1
45,97,1
45,98,2
45,99,150
45,100,30
45,101,3
45,102,9
45,103,1
45,105,2
45,106,7
45,107,2
45,108,1
45,110,22
45,111,8
45,112,16
45,113,10
45,114,1
45,115,12
45,117,1
45,118,42
45,119,2
45,122,13
45,123,25
45,124,10
45,125,19
45,126,16
45,127,7
45,128,1
45,129,4
45,132,1
45,133,2
45,136,3
45,137,11
45,138,9
45,140,45
45,141,14
45,143,1
45,145,5
45,146,13
45,147,7
45,148,10
45,149,2
45,150,1
45,151,3
45,153,3
45,154,4
45,155,42
45,157,6
45,158,6
45,159,9
45,160,7
45,161,17
45,162,3
45,163,10
45,164,2
45,165,15
45,166,9
45,167,5
45,169,15
45,170,3
45,171,10
45,172,8
45,173,1
45,174,3
45,175,3
45,177,2
45,181,5
45,182,2
45,187,3
45,188,1
45,189,1
45,190,1
45,192,3
45,193,1
45,194,1
45,195,1
45,196,2
45,198,1
46,1,5
46,3,2
46,4,1
46,5,73
46,6,2
46,7,1
46,8,1
46,10,1
46,11,6
46,13,2
46,14,3
46,15,7
46,16,3
46,18,13
46,21,13
46,25,3
46,27,1
46,28,5
46,29,8
46,30,1
46,32,19
46,33,4
46,34,1
46,39,3
46,40,2
46,42,6
46,43,32
46,44,2
46,45,1
46,49,3
46,55,6
46,56,26
46,58,3
46,62,1
46,63,22
46,64,4
46,65,7
46,66,3
46,67,78
46,68,3
46,70,1
46,71,6
46,72,8
46,73,6
46,74,1
46,75,6
46,78,3
46,79,2
46,81,2
46,82,4
46,83,1
46,84,6
46,85,1
46,91,1
46,92,1
46,98,5
46,99,35
46,100,2
46,101,6
46,102,13
46,105,2
46,106,6
46,110,11
46,111,1
46,112,1
46,113,1
46,115,1
46,117,3
46,118,11
46,122,1
46,123,10
46,124,20
46,125,2
46,131,1
46,132,2
46,133,2
46,134,1
46,137,1
46,140,3
46,143,4
46,146,3
46,152,2
46,154,3
46,155,7
46,157,1
46,159,1
46,161,1
46,163,2
46,165,3
46,166,2
46,167,1
46,169,2
46,170,1
46,174,1
46,175,1
46,181,2
46,192,3
46,193,2
46,195,1
46,196,3
47,1,7
47,2,11
47,3,4
47,4,10
47,5,99
47,6,4
47,7,3
47,8,2
47,10,7
47,11,37
47,12,7
47,13,1
47,14,4
47,15,22
47,16,15
47,18,17
47,19,9
47,20,4
47,21,49
47,22,3
47,23,11
47,24,4
47,25,89
47,26,7
47,28,51
47,29,5
47,30,2
47,31,5
47,32,30
47,33,8
47,34,5
47,35,3
47,36,12
47,37,9
47,38,18
47,39,20
47,40,9
47,41,2
47,42,44
47,43,16
47,44,37
47,45,14
47,46,13
47,48,50
47,49,15
47,50,20
47,51,2
47,52,4
47,53,2
47,54,8
47,55,33
47,56,125
47,57,4
47,58,5
47,59,9
47,60,2
47,61,1
47,62,9
47,63,53
47,64,9
47,65,11
47,66,8
47,67,372
47,68,32
47,69,23
47,70,11
47,71,16
47,72,19
47,73,21
47,74,5
47,75,31
47,76,33
47,77,8
47,78,14
47,79,12
47,80,1
47,81,10
47,82,11
47,83,9
47,84,16
47,85,2
47,86,2
47,87,6
47,91,1
47,92,4
47,93,5
47,94,3
47,96,1
47,97,2
47,98,6
47,99,196
47,100,34
47,101,5
47,102,11
47,103,1
47,104,7
47,105,3
47,106,11
47,107,1
47,108,1
47,109,1
47,110,41
47,111,17
47,112,29
47,113,28
47,114,14
47,115,24
47,117,3
47,118,83
47,120,2
47,122,8
47,123,33
47,124,15
47,125,7
47,126,19
47,127,3
47,128,6
47,129,20
47,130,1
47,132,2
47,133,3
47,134,1
47,135,2
47,136,3
47,137,21
47,138,2
47,139,7
47,140,73
47,141,14
47,143,2
47,145,5
47,146,27
47,147,13
47,148,10
47,149,9
47,150,7
47,151,4
47,153,4
47,154,9
47,155,29
47,156,10
47,157,2
47,158,6
47,159,6
47,160,10
47,161,16
47,162,8
47,163,12
47,164,13
47,165,25
47,166,13
47,167,27
47,169,20
47,170,5
47,171,4
47,172,20
47,174,4
47,175,14
47,177,4
47,178,2
47,180,2
47,181,5
47,182,2
47,187,5
47,189,1
47,191,2
47,192,2
47,193,4
47,194,6
47,195,5
47,196,2
47,197,2
47,198,5
47,199,3
48,1,13
48,2,7
48,3,7
48,4,19
48,5,138
48,6,6
48,7,3
48,8,3
48,9,3
48,10,3
48,11,61
48,12,5
48,13,6
48,14,7
48,15,12
48,16,24
48,17,3
48,18,27
48,19,11
48,21,80
48,22,10
48,23,15
48,24,9
48,25,92
48,26,3
48,27,1
48,28,79
48,29,4
48,30,2
48,31,9
48,32,42
48,33,19
48,34,12
48,35,9
48,36,24
48,37,9
48,38,22
48,39,26
48,40,14
48,41,5
48,42,89
48,43,54
48,44,41
48,45,25
48,46,55
48,47,18
48,49,22
48,50,18
48,51,1
48,52,9
48,53,1
48,54,8
48,55,77
48,56,144
48,57,14
48,58,9
48,59,26
48,60,1
48,61,1
48,62,12
48,63,96
48,64,6
48,65,20
48,66,4
48,67,563
48,68,43
48,69,20
48,70,7
48,71,23
48,72,25
48,73,20
48,74,5
48,75,33
48,76,29
48,77,1
48,78,8
48,79,15
48,80,4
48,81,16
48,82,13
48,83,13
48,84,25
48,85,3
48,86,9
48,87,6
48,88,5
48,89,5
48,90,4
48,91,2
48,92,5
48,93,7
48,94,5
48,95,1
48,96,2
48,97,2
48,98,18
48,99,309
48,100,55
48,101,8
48,102,14
48,103,7
48,104,8
48,105,5
48,106,21
48,107,5
48,108,4
48,110,59
48,111,38
48,112,38
48,113,39
48,114,10
48,115,16
48,117,7
48,118,95
48,119,2
48,122,23
48,123,61
48,124,19
48,125,19
48,126,25
48,127,7
48,128,10
48,129,7
48,130,4
48,133,6
48,134,2
48,135,5
48,136,3
48,137,22
48,138,10
48,139,7
48,140,88
48,141,21
48,143,6
48,144,1
48,145,7
48,146,23
48,147,14
48,148,18
48,149,8
48,150,2
48,151,8
48,152,7
48,153,3
48,154,4
48,155,54
48,156,8
48,157,11
48,158,25
48,159,10
48,160,14
48,161,16
48,162,8
48,163,18
48,164,10
48,165,40
48,166,18
48,167,18
48,169,23
48,170,5
48,171,6
48,172,14
48,174,9
48,175,25
48,177,5
48,178,4
48,180,4
48,181,3
48,184,1
48,185,2
48,187,7
48,189,1
48,191,2
48,192,8
48,193,4
48,194,2
48,195,11
48,196,5
48,197,1
48,198,11
48,199,3
49,1,2
49,2,4
49,3,6
49,4,6
49,5,103
49,6,7
49,7,1
49,8,4
49,10,2
49,11,29
49,12,2
49,13,8
49,14,2
49,15,22
49,16,35
49,18,20
49,19,9
49,21,64
49,22,6
49,23,14
49,24,2
49,25,38
49,28,62
49,29,1
49,30,3
49,31,11
49,32,45
49,33,16
49,34,13
49,35,2
49,36,10
49,37,4
49,38,2
49,39,17
49,40,21
49,41,23
49,42,85
49,43,37
49,44,41
49,45,1
49,46,41
49,47,5
49,48,9
49,51,1
49,52,2
49,54,2
49,55,19
49,56,105
49,58,4
49,59,10
49,61,1
49,62,13
49,63,57
49,64,3
49,65,11
49,66,6
49,67,354
49,68,24
49,69,7
49,70,4
49,71,14
49,72,15
49,73,18
49,74,10
49,75,12
49,76,27
49,77,1
49,78,9
49,79,12
49,80,1
49,81,4
49,82,14
49,83,3
49,84,14
49,85,9
49,87,1
49,89,1
49,90,3
49,92,1
49,93,1
49,94,6
49,95,3
49,96,1
49,97,5
49,98,7
49,99,204
49,100,26
49,101,5
49,102,23
49,103,7
49,104,2
49,105,14
49,106,16
49,107,4
49,108,5
49,109,1
49,110,42
49,111,12
49,112,2
49,113,18
49,115,4
49,117,5
49,118,32
49,119,3
49,122,5
49,123,36
49,124,12
49,125,6
49,126,9
49,127,4
49,128,5
49,129,4
49,130,1
49,131,1
49,133,5
49,135,1
49,136,1
49,137,7
49,138,6
49,139,2
49,140,46
49,141,7
49,143,3
49,145,4
49,146,7
49,148,8
49,149,2
49,150,2
49,151,5
49,152,5
49,153,13
49,154,12
49,155,69
49,156,1
49,157,3
49,158,9
49,159,6
49,160,4
49,161,21
49,162,1
49,163,9
49,164,2
49,165,10
49,166,13
49,167,8
49,168,5
49,169,11
49,172,18
49,173,1
49,174,3
49,175,4
49,181,1
49,182,1
49,184,3
49,186,2
49,187,1
49,189,5
49,192,6
49,193,4
49,194,3
49,195,6
49,196,5
49,197,1
49,198,2
49,199,3
50,1,10
50,2,2
50,3,2
50,4,3
50,5,84
50,6,1
50,7,3
50,9,1
50,10,1
50,11,39
50,12,3
50,13,4
50,14,8
50,15,16
50,16,22
50,17,1
50,18,11
50,19,1
50,21,75
50,22,3
50,23,21
50,24,3
50,25,43
50,26,1
50,27,3
50,28,70
50,29,6
50,30,3
50,31,8
50,32,31
50,33,7
50,34,17
50,35,11
50,36,34
50,37,7
50,38,18
50,39,25
50,40,15
50,41,11
50,42,91
50,43,42
50,44,32
50,45,26
50,46,45
50,47,11
50,48,25
50,49,12
50,52,2
50,53,2
50,54,4
50,55,44
50,56,131
50,58,4
50,59,7
50,60,1
50,61,3
50,62,9
50,63,72
50,64,2
50,65,6
50,66,5
50,67,358
50,68,19
50,69,12
50,70,4
50,71,18
50,72,29
50,73,17
50,74,15
50,75,19
50,76,40
50,77,1
50,78,10
50,79,17
50,81,3
50,82,14
50,83,1
50,84,14
50,85,11
50,86,6
50,88,2
50,89,2
50,90,2
50,93,1
50,94,6
50,95,1
50,96,3
50,97,2
50,98,17
50,99,334
50,100,35
50,101,2
50,102,18
50,103,5
50,104,3
50,105,11
50,106,23
50,107,2
50,108,8
50,110,52
50,111,21
50,112,21
50,113,20
50,114,9
50,115,18
50,117,2
50,118,57
50,119,1
50,120,3
50,121,2
50,122,13
50,123,47
50,124,28
50,125,6
50,126,9
50,127,10
50,128,5
50,129,10
50,130,1
50,132,3
50,133,11
50,135,1
50,136,2
50,137,22
50,138,5
50,139,6
50,140,46
50,141,7
50,143,3
50,145,8
50,146,31
50,147,10
50,148,10
50,149,7
50,151,3
50,152,4
50,153,1
50,154,12
50,155,65
50,156,5
50,157,1
50,158,19
50,159,16
50,160,11
50,161,13
50,162,2
50,163,2
50,164,6
50,165,21
50,166,6
50,167,21
50,169,16
50,170,1
50,171,3
50,172,28
50,173,3
50,175,12
50,177,5
50,178,1
50,180,1
50,181,5
50,182,1
50,183,2
50,184,2
50,187,10
50,188,1
50,189,3
50,191,3
50,192,15
50,193,2
50,194,1
50,195,4
50,196,2
50,197,4
50,198,7
50,199,2
51,1,7
51,2,6
51,3,9
51,4,5
51,5,84
51,6,5
51,7,4
51,8,12
51,9,4
51,10,4
51,11,33
51,12,9
51,13,11
51,14,7
51,15,25
51,16,10
51,17,2
51,18,17
51,19,5
51,21,41
51,22,4
51,23,16
51,24,1
51,25,59
51,26,5
51,28,43
51,29,7
51,30,4
51,31,3
51,32,39
51,33,7
51,34,14
51,35,13
51,36,6
51,37,16
51,38,6
51,39,28
51,40,7
51,41,2
51,42,53
51,43,24
51,44,19
51,45,5
51,46,18
51,47,4
51,48,22
51,49,9
51,50,4
51,52,2
51,53,5
51,54,3
51,55,34
51,56,78
51,57,3
51,58,6
51,59,19
51,62,8
51,63,40
51,64,3
51,65,11
51,66,8
51,67,303
51,68,21
51,69,12
51,70,4
51,71,18
51,72,22
51,73,19
51,74,4
51,75,13
51,76,26
51,77,1
51,78,6
51,79,12
51,80,3
51,81,8
51,82,11
51,83,6
51,84,11
51,85,2
51,86,5
51,87,6
51,88,2
51,89,1
51,90,1
51,92,1
51,93,3
51,94,1
51,96,1
51,97,7
51,98,13
51,99,222
51,100,49
51,101,15
51,102,10
51,103,1
51,104,7
51,105,4
51,106,4
51,107,2
51,108,2
51,110,34
51,111,11
51,112,22
51,113,34
51,114,10
51,115,6
51,117,2
51,118,38
51,119,1
51,122,7
51,123,37
51,124,20
51,125,10
51,126,11
51,127,3
51,128,1
51,129,12
51,130,4
51,131,1
51,132,2
51,133,2
51,135,4
51,136,7
51,137,12
51,138,7
51,139,1
51,140,37
51,141,17
51,143,1
51,145,4
51,146,16
51,147,17
51,148,9
51,149,5
51,151,4
51,152,6
51,153,2
51,155,34
51,156,5
51,157,7
51,158,4
51,159,9
51,160,6
51,161,15
51,162,4
51,163,12
51,164,8
51,165,38
51,166,11
51,167,8
51,169,12
51,170,4
51,171,2
51,172,14
51,174,1
51,175,20
51,177,4
51,178,5
51,179,1
51,180,2
51,181,1
51,183,1
51,184,1
51,187,6
51,188,2
51,189,1
51,191,6
51,192,9
51,194,4
51,195,5
51,196,2
51,197,2
51,198,3
51,199,1
52,1,2
52,2,17
52,3,6
52,4,4
52,5,23
52,6,2
52,8,1
52,9,3
52,10,4
52,11,13
52,12,1
52,13,12
52,14,7
52,15,11
52,16,19
52,17,2
52,18,16
52,19,8
52,20,1
52,21,44
52,22,1
52,23,2
52,25,10
52,26,2
52,27,4
52,28,42
52,29,7
52,30,2
52,31,1
52,32,7
52,33,2
52,34,1
52,37,2
52,39,15
52,40,2
52,42,14
52,43,8
52,44,12
52,46,6
52,48,6
52,53,1
52,54,4
52,55,19
52,56,38
52,57,3
52,58,1
52,59,18
52,60,1
52,61,1
52,62,10
52,63,30
52,64,8
52,65,12
52,66,3
52,67,103
52,68,3
52,69,4
52,70,6
52,71,6
52,72,14
52,73,12
52,74,6
52,75,14
52,76,4
52,78,2
52,79,5
52,81,17
52,82,8
52,83,12
52,84,5
52,85,2
52,87,7
52,89,5
52,90,12
52,91,3
52,92,12
52,93,3
52,94,3
52,95,1
52,96,3
52,97,9
52,98,7
52,99,48
52,100,17
52,101,3
52,102,2
52,105,2
52,106,5
52,108,2
52,110,2
52,111,3
52,112,8
52,113,4
52,114,2
52,115,3
52,117,1
52,118,15
52,122,2
52,123,8
52,124,1
52,125,1
52,126,3
52,127,1
52,128,1
52,129,12
52,130,9
52,131,2
52,133,3
52,136,3
52,137,3
52,138,1
52,139,1
52,140,9
52,143,1
52,145,1
52,146,3
52,147,1
52,153,3
52,154,1
52,156,2
52,158,2
52,161,2
52,162,1
52,163,1
52,164,2
52,165,22
52,166,13
52,167,4
52,169,4
52,170,2
52,171,4
52,172,4
52,173,1
52,174,6
52,175,15
52,177,2
52,178,4
52,180,2
52,181,3
52,182,3
52,183,2
52,184,2
52,187,16
52,188,2
52,189,1
52,190,1
52,192,8
52,193,3
52,194,1
52,195,4
52,196,5
52,197,3
52,198,3
52,199,1
53,1,7
53,2,2
53,3,2
53,4,4
53,5,40
53,7,3
53,8,5
53,9,2
53,10,5
53,11,17
53,13,4
53,14,1
53,15,42
53,16,32
53,17,1
53,18,17
53,19,8
53,20,8
53,21,139
53,22,2
53,24,2
53,25,14
53,27,2
53,28,27
53,29,12
53,30,2
53,31,1
53,32,9
53,33,5
53,36,1
53,37,1
53,39,1
53,40,14
53,42,4
53,43,6
53,44,5
53,46,4
53,47,2
53,48,9
53,49,8
53,50,2
53,54,10
53,55,25
53,56,40
53,58,7
53,59,15
53,62,3
53,63,15
53,64,2
53,65,7
53,67,75
53,68,3
53,70,6
53,71,16
53,72,21
53,73,5
53,74,13
53,75,3
53,76,2
53,77,1
53,78,3
53,79,14
53,80,1
53,81,3
53,82,8
53,83,3
53,84,12
53,85,3
53,87,6
53,90,1
53,92,5
53,93,2
53,94,5
53,95,1
53,96,1
53,97,3
53,98,17
53,99,74
53,100,13
53,102,8
53,103,2
53,104,2
53,105,4
53,106,4
53,109,3
53,110,6
53,111,3
53,112,1
53,113,3
53,114,1
53,117,2
53,118,9
53,120,1
53,122,5
53,123,7
53,124,4
53,125,1
53,126,1
53,127,4
53,129,2
53,130,1
53,133,1
53,135,2
53,136,1
53,137,1
53,140,12
53,141,1
53,142,1
53,143,2
53,145,1
53,146,2
53,148,2
53,152,1
53,154,3
53,155,9
53,156,3
53,158,2
53,160,5
53,161,2
53,163,2
53,164,5
53,165,16
53,166,10
53,167,5
53,169,3
53,171,7
53,172,3
53,175,9
53,177,4
53,178,2
53,180,1
53,181,4
53,184,1
53,187,5
53,189,1
53,190,1
53,191,4
53,192,4
53,193,5
53,194,2
53,195,8
53,196,8
53,197,1
53,198,6
53,199,2
54,1,1
54,2,10
54,3,2
54,4,8
54,5,30
54,6,2
54,7,2
54,8,1
54,10,3
54,11,11
54,13,5
54,14,3
54,15,47
54,16,18
54,17,6
54,18,12
54,19,7
54,21,101
54,22,1
54,23,1
54,25,22
54,26,1
54,27,1
54,28,26
54,29,6
54,30,5
54,32,8
54,33,6
54,34,7
54,36,2
54,37,2
54,38,1
54,39,5
54,40,3
54,41,3
54,42,11
54,43,3
54,44,11
54,46,12
54,47,1
54,48,5
54,49,4
54,52,3
54,53,9
54,55,25
54,56,39
54,57,4
54,58,11
54,59,21
54,60,1
54,62,14
54,63,13
54,64,4
54,65,5
54,67,101
54,68,7
54,69,4
54,70,13
54,71,24
54,72,17
54,73,16
54,74,8
54,75,1
54,76,5
54,78,3
54,79,4
54,81,3
54,82,9
54,83,6
54,84,10
54,85,8
54,86,6
54,87,11
54,88,4
54,89,6
54,92,6
54,93,8
54,94,7
54,95,1
54,96,17
54,97,11
54,98,17
54,99,44
54,100,18
54,101,1
54,104,2
54,105,1
54,106,12
54,108,1
54,109,1
54,110,14
54,111,4
54,112,3
54,113,2
54,115,2
54,117,3
54,118,7
54,120,1
54,121,4
54,122,2
54,123,8
54,124,1
54,125,6
54,126,4
54,127,5
54,128,4
54,129,13
54,130,2
54,131,3
54,133,1
54,135,2
54,136,1
54,137,2
54,140,15
54,141,1
54,143,1
54,145,4
54,146,6
54,147,1
54,150,1
54,151,1
54,152,3
54,154,4
54,155,4
54,158,1
54,160,4
54,161,2
54,163,2
54,164,7
54,165,13
54,166,14
54,167,4
54,169,6
54,170,2
54,171,2
54,172,1
54,175,19
54,177,2
54,178,1
54,181,2
54,183,1
54,184,3
54,186,3
54,187,14
54,188,5
54,192,13
54,193,1
54,194,5
54,195,10
54,196,5
54,197,2
54,198,12
54,199,8
55,1,1
55,3,4
55,4,1
55,5,143
55,7,2
55,11,9
55,13,8
55,14,1
55,15,26
55,16,12
55,18,4
55,21,42
55,22,2
55,26,1
55,27,1
55,28,15
55,29,3
55,31,1
55,32,8
55,33,3
55,40,4
55,42,6
55,43,3
55,46,7
55,49,1
55,54,2
55,56,24
55,57,2
55,59,6
55,62,7
55,63,35
55,64,3
55,65,4
55,66,1
55,67,87
55,68,2
55,69,2
55,70,6
55,71,4
55,72,10
55,73,8
55,74,3
55,76,3
55,79,13
55,81,1
55,82,1
55,84,4
55,85,2
55,87,2
55,89,1
55,90,1
55,94,2
55,97,1
55,98,4
55,99,21
55,101,1
55,102,6
55,103,1
55,105,1
55,106,3
55,108,1
55,110,10
55,111,5
55,112,1
55,114,1
55,115,1
55,117,2
55,118,1
55,119,1
55,123,5
55,124,1
55,127,1
55,128,1
55,130,1
55,133,4
55,134,4
55,135,2
55,136,1
55,137,1
55,138,1
55,140,5
55,141,1
55,143,1
55,145,2
55,146,3
55,147,1
55,149,1
55,151,1
55,152,1
55,157,1
55,160,1
55,161,1
55,163,1
55,164,5
55,165,3
55,166,3
55,170,1
55,171,1
55,172,1
55,173,1
55,175,3
55,178,1
55,189,2
55,192,1
55,193,2
55,194,6
55,196,1
55,197,4
55,198,1
55,199,2
56,1,3
56,2,1
56,3,2
56,4,3
56,5,75
56,6,1
56,7,1
56,8,1
56,11,12
56,12,1
56,13,1
56,14,1
56,15,1
56,16,8
56,19,1
56,20,2
56,21,10
56,23,2
56,25,8
56,28,3
56,29,2
56,31,1
56,32,9
56,33,3
56,37,1
56,39,1
56,40,7
56,41,2
56,42,6
56,43,3
56,46,8
56,48,1
56,55,8
56,59,9
56,60,1
56,61,1
56,62,4
56,63,8
56,64,6
56,65,8
56,66,14
56,67,97
56,68,4
56,71,2
56,72,2
56,73,4
56,76,3
56,79,1
56,81,6
56,83,1
56,84,2
56,92,1
56,93,1
56,96,1
56,97,1
56,98,2
56,99,25
56,100,6
56,101,1
56,103,1
56,104,5
56,105,1
56,106,1
56,108,2
56,110,10
56,112,1
56,113,3
56,117,6
56,118,2
56,119,1
56,120,2
56,122,1
56,123,7
56,125,1
56,128,1
56,129,2
56,133,5
56,134,2
56,136,1
56,137,1
56,140,13
56,141,1
56,143,1
56,152,1
56,155,2
56,157,1
56,158,2
56,160,3
56,161,1
56,164,7
56,165,3
56,166,3
56,167,9
56,169,2
56,175,1
56,178,3
56,182,1
56,191,2
56,192,3
56,193,1
56,197,1
56,198,1
57,1,1
57,2,2
57,3,7
57,5,23
57,8,1
57,10,4
57,11,17
57,12,4
57,13,3
57,14,3
57,15,1
57,16,2
57,17,2
57,18,4
57,19,3
57,21,13
57,22,5
57,23,5
57,24,4
57,25,14
57,26,4
57,27,1
57,28,6
57,29,2
57,31,1
57,32,11
57,33,1
57,37,1
57,39,1
57,40,5
57,42,6
57,43,4
57,44,8
57,46,4
57,47,1
57,49,1
57,52,1
57,53,2
57,54,2
57,55,6
57,56,28
57,58,1
57,59,3
57,60,1
57,62,3
57,63,10
57,64,1
57,65,6
57,66,1
57,67,144
57,68,5
57,69,10
57,70,1
57,72,5
57,73,4
57,75,7
57,76,9
57,78,1
57,79,5
57,81,2
57,82,2
57,84,8
57,87,1
57,91,1
57,92,2
57,93,1
57,94,3
57,97,2
57,98,2
57,99,49
57,100,12
57,104,2
57,106,2
57,110,8
57,111,2
57,113,6
57,115,1
57,118,14
57,122,2
57,123,3
57,124,1
57,125,5
57,126,1
57,127,1
57,128,1
57,129,2
57,132,1
57,133,6
57,134,1
57,135,1
57,136,1
57,140,31
57,141,6
57,143,1
57,144,1
57,145,1
57,147,2
57,149,1
57,151,1
57,152,2
57,154,1
57,155,5
57,156,2
57,160,8
57,161,5
57,162,3
57,163,1
57,165,13
57,166,5
57,167,7
57,171,3
57,172,6
57,174,1
57,175,5
57,181,1
57,184,1
57,187,1
57,191,4
57,192,2
57,193,1
57,194,1
57,195,1
57,196,4
58,1,3
58,2,14
58,3,18
58,4,10
58,5,180
58,6,3
58,8,1
58,11,18
58,12,4
58,13,13
58,14,16
58,15,48
58,16,27
58,18,35
58,19,10
58,21,109
58,22,1
58,25,7
58,26,3
58,27,2
58,28,42
58,29,12
58,31,3
58,32,34
58,33,14
58,38,1
58,39,7
58,40,28
58,41,3
58,42,11
58,43,6
58,44,3
58,46,13
58,47,2
58,48,7
58,49,3
58,50,1
58,54,5
58,55,43
58,56,113
58,57,1
58,59,15
58,62,15
58,63,78
58,64,9
58,65,6
58,66,5
58,67,233
58,68,13
58,69,2
58,70,8
58,71,35
58,72,24
58,73,37
58,74,12
58,75,6
58,76,6
58,77,1
58,78,6
58,79,42
58,81,5
58,82,18
58,83,3
58,84,11
58,85,3
58,87,4
58,89,3
58,90,1
58,92,5
58,93,2
58,95,2
58,97,4
58,98,15
58,99,132
58,100,13
58,102,8
58,103,4
58,104,6
58,105,7
58,106,14
58,108,2
58,110,29
58,111,6
58,112,3
58,113,6
58,114,1
58,115,4
58,117,2
58,118,22
58,122,3
58,123,11
58,124,12
58,126,1
58,128,4
58,129,5
58,130,1
58,133,2
58,134,6
58,136,2
58,137,2
58,140,22
58,141,2
58,143,7
58,145,7
58,146,3
58,147,1
58,155,15
58,157,1
58,160,3
58,161,3
58,163,2
58,164,7
58,165,20
58,166,15
58,167,8
58,169,6
58,170,1
58,171,5
58,172,9
58,174,3
58,175,8
58,178,1
58,179,1
58,180,2
58,181,2
58,183,2
58,184,1
58,187,4
58,188,1
58,189,1
58,191,4
58,192,3
58,193,7
58,194,8
58,195,2
58,196,3
58,197,8
58,198,2
58,199,5
59,2,2
59,3,6
59,4,1
59,5,45
59,6,3
59,8,1
59,11,4
59,13,2
59,14,2
59,15,39
59,16,23
59,17,1
59,18,17
59,19,2
59,20,1
59,21,72
59,23,2
59,25,5
59,26,1
59,27,2
59,28,10
59,29,11
59,31,2
59,32,21
59,33,4
59,39,3
59,40,4
59,41,1
59,42,2
59,43,5
59,44,8
59,46,3
59,48,1
59,53,2
59,54,2
59,55,15
59,56,24
59,57,1
59,58,6
59,62,1
59,63,13
59,65,2
59,67,70
59,68,3
59,70,11
59,71,8
59,72,44
59,73,3
59,74,2
59,75,1
59,76,9
59,77,1
59,78,7
59,79,16
59,81,4
59,82,17
59,84,6
59,85,5
59,87,4
59,89,1
59,90,7
59,93,1
59,95,2
59,97,3
59,98,6
59,99,39
59,100,5
59,101,2
59,103,2
59,104,5
59,106,2
59,108,7
59,110,7
59,112,1
59,113,5
59,114,1
59,115,1
59,118,6
59,122,1
59,123,5
59,126,1
59,128,2
59,129,5
59,130,1
59,133,2
59,134,1
59,137,1
59,140,5
59,143,1
59,145,1
59,146,1
59,149,1
59,152,1
59,153,2
59,155,6
59,160,1
59,162,3
59,164,2
59,165,9
59,166,4
59,171,2
59,172,2
59,175,9
59,178,3
59,183,1
59,185,2
59,187,2
59,191,4
59,193,1
59,194,3
59,195,6
59,198,4
60,1,8
60,2,1
60,3,2
60,4,2
60,5,40
60,6,5
60,7,6
60,8,6
60,9,6
60,10,4
60,11,33
60,12,2
60,13,9
60,14,9
60,15,4
60,16,6
60,18,10
60,19,5
60,21,28
60,22,7
60,23,2
60,24,1
60,25,30
60,26,1
60,27,2
60,28,27
60,29,7
60,32,8
60,33,1
60,34,3
60,36,1
60,37,2
60,38,3
60,39,13
60,40,3
60,41,3
60,42,8
60,43,7
60,44,8
60,46,6
60,47,6
60,48,8
60,49,7
60,50,5
60,52,10
60,53,3
60,54,4
60,55,15
60,56,23
60,57,2
60,58,1
60,59,5
60,61,2
60,62,10
60,63,15
60,64,4
60,65,2
60,66,10
60,67,170
60,68,10
60,69,3
60,70,3
60,71,1
60,72,11
60,73,5
60,74,2
60,75,9
60,76,10
60,77,1
60,78,4
60,79,5
60,81,8
60,82,7
60,83,2
60,84,4
60,85,5
60,86,5
60,87,1
60,89,1
60,97,1
60,98,1
60,99,62
60,100,24
60,101,2
60,102,2
60,104,3
60,105,2
60,108,2
60,110,15
60,112,2
60,113,9
60,114,3
60,115,1
60,117,3
60,118,29
60,120,1
60,121,1
60,122,11
60,123,15
60,124,13
60,125,6
60,126,4
60,127,1
60,128,6
60,129,4
60,130,3
60,132,1
60,133,2
60,136,2
60,137,5
60,138,2
60,140,25
60,141,4
60,143,1
60,145,2
60,147,4
60,148,2
60,151,2
60,152,1
60,154,5
60,155,6
60,156,1
60,158,1
60,160,7
60,161,6
60,162,2
60,163,4
60,164,2
60,165,11
60,166,11
60,167,4
60,169,1
60,172,1
60,173,5
60,174,1
60,175,3
60,180,4
60,181,1
60,183,1
60,187,4
60,190,2
60,191,1
60,192,9
60,193,2
60,194,2
60,196,2
60,198,1
61,1,11
61,2,9
61,3,5
61,4,7
61,5,86
61,6,2
61,7,1
61,8,2
61,9,2
61,10,6
61,11,58
61,12,2
61,13,6
61,14,17
61,15,23
61,16,24
61,17,1
61,18,13
61,19,17
61,20,1
61,21,52
61,22,7
61,23,20
61,24,1
61,25,122
61,26,7
61,27,1
61,28,63
61,29,13
61,31,2
61,32,21
61,33,7
61,34,2
61,35,2
61,36,15
61,37,15
61,38,16
61,39,40
61,40,17
61,41,11
61,42,56
61,43,24
61,44,17
61,45,4
61,46,36
61,47,18
61,48,55
61,49,14
61,50,3
61,51,1
61,52,4
61,53,1
61,54,10
61,55,52
61,56,119
61,57,5
61,58,12
61,59,24
61,60,2
61,62,16
61,63,61
61,64,7
61,65,21
61,66,11
61,67,404
61,68,19
61,69,15
61,70,8
61,71,12
61,72,16
61,73,21
61,74,3
61,75,30
61,76,39
61,78,10
61,79,4
61,80,2
61,81,14
61,82,8
61,83,16
61,84,24
61,85,8
61,86,6
61,87,11
61,88,2
61,89,5
61,90,10
61,91,3
61,92,6
61,93,2
61,94,3
61,95,4
61,96,3
61,97,3
61,98,10
61,99,252
61,100,58
61,101,16
61,102,17
61,103,5
61,104,3
61,105,5
61,106,10
61,107,2
61,108,1
61,110,19
61,111,28
61,112,34
61,113,30
61,114,16
61,115,15
61,116,1
61,117,6
61,118,92
61,122,17
61,123,37
61,124,8
61,125,9
61,126,19
61,127,2
61,128,3
61,129,13
61,130,1
61,132,6
61,135,5
61,136,10
61,137,15
61,138,2
61,139,9
61,140,84
61,141,23
61,143,3
61,145,6
61,146,16
61,147,21
61,148,12
61,149,8
61,150,3
61,151,2
61,152,2
61,153,4
61,154,5
61,155,31
61,156,16
61,157,3
61,158,5
61,159,8
61,160,9
61,161,12
61,162,9
61,163,12
61,164,11
61,165,60
61,166,12
61,167,26
61,168,1
61,169,17
61,170,7
61,171,16
61,172,12
61,174,6
61,175,29
61,177,6
61,178,5
61,181,4
61,183,1
61,184,1
61,185,1
61,186,1
61,187,10
61,188,3
61,189,1
61,191,1
61,192,5
61,193,8
61,194,5
61,195,5
61,196,8
61,198,8
61,199,5
62,1,15
62,2,9
62,3,4
62,4,3
62,5,130
62,6,6
62,7,2
62,8,2
62,11,16
62,12,5
62,13,2
62,14,5
62,15,25
62,16,22
62,17,1
62,18,24
62,19,2
62,20,1
62,21,73
62,25,8
62,26,5
62,27,2
62,28,18
62,29,3
62,30,1
62,31,5
62,32,28
62,33,15
62,34,1
62,36,1
62,38,1
62,39,3
62,40,9
62,41,9
62,42,18
62,43,16
62,44,8
62,46,22
62,47,2
62,48,1
62,49,1
62,52,1
62,53,3
62,54,2
62,55,32
62,56,74
62,57,1
62,59,5
62,60,1
62,63,43
62,64,10
62,65,8
62,66,3
62,67,235
62,68,23
62,69,8
62,70,7
62,71,14
62,72,22
62,73,10
62,74,11
62,75,7
62,76,7
62,78,3
62,79,11
62,81,2
62,82,2
62,83,1
62,84,7
62,85,8
62,86,3
62,87,3
62,88,1
62,90,3
62,91,1
62,92,3
62,94,4
62,97,1
62,98,13
62,99,119
62,100,11
62,102,3
62,104,6
62,105,3
62,106,12
62,107,4
62,108,2
62,109,1
62,110,24
62,111,6
62,113,4
62,117,3
62,118,9
62,122,1
62,123,8
62,124,10
62,125,2
62,126,1
62,127,1
62,128,2
62,129,7
62,133,2
62,134,4
62,136,1
62,137,6
62,138,1
62,140,37
62,141,2
62,143,2
62,145,1
62,146,3
62,148,2
62,155,11
62,156,2
62,157,2
62,160,3
62,163,2
62,164,4
62,165,6
62,166,9
62,167,5
62,169,2
62,172,5
62,173,1
62,175,5
62,177,6
62,181,1
62,184,4
62,186,1
62,187,2
62,188,2
62,191,3
62,192,3
62,193,3
62,194,3
62,195,2
62,196,8
62,197,2
62,198,2
62,199,4
63,1,8
63,2,6
63,3,12
63,4,4
63,5,200
63,6,2
63,7,5
63,8,3
63,9,1
63,10,3
63,11,20
63,13,12
63,14,6
63,15,14
63,16,10
63,17,2
63,18,16
63,19,4
63,20,2
63,21,48
63,22,3
63,25,10
63,26,2
63,28,22
63,29,8
63,30,1
63,31,1
63,32,12
63,33,12
63,34,2
63,35,3
63,39,7
63,40,10
63,41,1
63,42,17
63,43,7
63,44,5
63,46,4
63,47,1
63,49,2
63,51,1
63,54,2
63,55,40
63,56,52
63,57,2
63,58,5
63,59,7
63,62,8
63,64,12
63,65,9
63,66,6
63,67,187
63,68,14
63,69,2
63,70,9
63,71,9
63,72,15
63,73,5
63,74,8
63,75,4
63,76,12
63,77,4
63,78,3
63,79,6
63,80,3
63,81,3
63,82,5
63,83,4
63,84,7
63,85,1
63,90,2
63,93,1
63,95,1
63,96,3
63,97,3
63,98,2
63,99,75
63,100,12
63,101,1
63,102,7
63,103,2
63,104,1
63,105,9
63,106,11
63,108,1
63,110,5
63,111,3
63,113,2
63,115,1
63,117,13
63,118,3
63,119,1
63,122,2
63,123,9
63,124,7
63,125,3
63,127,1
63,128,2
63,129,2
63,132,2
63,133,7
63,134,1
63,135,1
63,136,1
63,137,4
63,140,24
63,141,2
63,143,4
63,145,3
63,146,1
63,147,1
63,149,1
63,155,10
63,158,1
63,160,4
63,161,3
63,162,1
63,164,4
63,165,7
63,167,1
63,169,4
63,171,2
63,172,2
63,175,3
63,177,1
63,178,2
63,180,1
63,181,1
63,182,1
63,188,1
63,189,2
63,191,2
63,192,1
63,193,1
63,194,1
63,196,4
63,198,3
63,199,2
64,1,1
64,2,8
64,3,3
64,4,1
64,5,152
64,6,3
64,7,2
64,8,4
64,9,1
64,11,18
64,12,1
64,13,17
64,14,5
64,15,30
64,16,13
64,17,1
64,18,12
64,19,1
64,21,64
64,22,1
64,25,8
64,26,1
64,27,3
64,28,33
64,29,4
64,30,1
64,32,28
64,33,8
64,35,1
64,36,1
64,37,3
64,38,2
64,39,3
64,40,16
64,41,4
64,42,11
64,43,5
64,44,3
64,46,10
64,48,2
64,49,2
64,52,6
64,53,6
64,54,1
64,55,34
64,56,49
64,58,2
64,59,11
64,61,1
64,62,15
64,63,39
64,65,10
64,67,190
64,68,8
64,69,3
64,70,15
64,71,11
64,72,9
64,73,22
64,74,4
64,75,6
64,76,7
64,78,4
64,79,16
64,81,11
64,82,11
64,83,5
64,84,11
64,85,3
64,87,1
64,88,1
64,90,2
64,92,9
64,93,1
64,96,2
64,97,4
64,98,6
64,99,70
64,100,10
64,101,2
64,102,7
64,104,3
64,105,3
64,106,11
64,107,1
64,110,9
64,111,1
64,112,1
64,113,5
64,117,4
64,118,8
64,122,2
64,123,10
64,124,9
64,126,2
64,127,2
64,128,7
64,129,6
64,133,4
64,140,8
64,141,2
64,143,3
64,146,3
64,150,1
64,152,2
64,154,1
64,155,1
64,156,1
64,158,1
64,160,2
64,161,2
64,163,4
64,164,3
64,165,16
64,166,3
64,167,3
64,169,4
64,170,2
64,171,2
64,172,1
64,173,1
64,174,3
64,175,7
64,176,1
64,178,2
64,183,1
64,191,2
64,192,2
64,193,7
64,194,10
64,195,4
64,196,4
64,197,2
64,198,5
64,199,3
65,1,3
65,2,6
65,3,4
65,4,4
65,5,91
65,6,3
65,7,5
65,9,2
65,10,2
65,11,7
65,12,1
65,13,4
65,14,3
65,15,2
65,16,4
65,18,10
65,19,2
65,20,2
65,21,27
65,22,2
65,23,3
65,25,1
65,26,1
65,27,1
65,28,4
65,29,3
65,32,12
65,33,4
65,35,1
65,39,5
65,42,10
65,44,4
65,46,14
65,48,4
65,49,3
65,55,8
65,56,23
65,57,1
65,58,7
65,59,9
65,61,2
65,62,1
65,63,28
65,66,34
65,67,139
65,68,7
65,70,2
65,71,1
65,72,5
65,73,6
65,74,1
65,75,2
65,76,2
65,78,2
65,79,2
65,81,3
65,82,5
65,83,2
65,84,12
65,87,3
65,89,1
65,90,1
65,92,2
65,97,1
65,99,41
65,100,12
65,101,1
65,102,5
65,103,1
65,104,2
65,105,2
65,106,5
65,108,1
65,111,4
65,112,1
65,113,4
65,117,14
65,118,6
65,122,1
65,123,5
65,124,3
65,128,5
65,129,4
65,131,1
65,132,1
65,133,1
65,134,4
65,137,3
65,140,16
65,141,1
65,143,3
65,146,3
65,151,2
65,152,1
65,153,1
65,154,1
65,155,7
65,156,1
65,158,2
65,160,2
65,161,2
65,164,3
65,165,8
65,166,3
65,167,5
65,170,1
65,171,2
65,172,4
65,173,1
65,177,1
65,184,2
65,192,2
65,194,2
65,196,3
65,198,2
65,199,1
66,1,6
66,3,5
66,4,1
66,5,86
66,6,6
66,7,5
66,8,3
66,10,4
66,11,13
66,15,3
66,16,6
66,18,5
66,19,2
66,20,1
66,21,6
66,22,1
66,23,3
66,25,7
66,28,14
66,29,1
66,30,2
66,32,17
66,35,1
66,39,1
66,40,2
66,42,2
66,43,1
66,44,5
66,46,5
66,47,1
66,48,3
66,49,2
66,52,2
66,53,1
66,54,1
66,55,2
66,56,15
66,57,1
66,59,3
66,62,8
66,63,13
66,64,1
66,65,12
66,67,126
66,68,5
66,69,1
66,70,8
66,71,6
66,72,8
66,74,5
66,75,3
66,76,2
66,77,1
66,78,1
66,79,4
66,82,3
66,83,1
66,84,5
66,85,2
66,92,1
66,93,4
66,95,1
66,98,3
66,99,42
66,100,4
66,101,8
66,102,1
66,104,3
66,105,1
66,106,3
66,108,2
66,109,1
66,110,9
66,111,2
66,117,9
66,118,4
66,122,2
66,123,10
66,124,11
66,125,2
66,126,1
66,129,1
66,133,2
66,134,1
66,137,1
66,140,8
66,141,2
66,145,4
66,146,1
66,148,1
66,152,1
66,153,1
66,154,1
66,155,8
66,161,3
66,164,4
66,165,1
66,166,6
66,167,1
66,171,1
66,172,1
66,178,1
66,180,1
66,181,2
66,182,1
66,184,1
66,188,3
66,191,3
66,192,1
66,193,1
66,195,1
66,196,3
66,197,1
66,198,1
67,1,8
67,2,12
67,3,11
67,4,9
67,5,146
67,6,1
67,7,1
67,8,2
67,9,10
67,10,18
67,11,47
67,12,4
67,13,10
67,14,5
67,15,32
67,16,24
67,17,2
67,18,8
67,19,3
67,20,1
67,21,124
67,22,3
67,23,3
67,24,2
67,25,30
67,26,5
67,28,35
67,29,5
67,30,4
67,31,4
67,32,52
67,33,16
67,34,3
67,35,1
67,36,2
67,38,2
67,39,5
67,40,26
67,41,1
67,42,35
67,43,50
67,44,17
67,45,2
67,46,23
67,47,3
67,48,3
67,49,13
67,52,23
67,53,1
67,54,4
67,55,15
67,56,91
67,57,2
67,58,7
67,59,22
67,61,2
67,62,6
67,63,40
67,64,4
67,65,17
67,66,19
67,68,27
67,69,4
67,70,19
67,71,9
67,72,45
67,73,18
67,74,23
67,75,16
67,76,14
67,78,7
67,79,43
67,80,1
67,81,3
67,82,11
67,83,1
67,84,2
67,85,1
67,88,2
67,89,4
67,90,10
67,91,1
67,92,4
67,94,1
67,97,5
67,98,8
67,99,114
67,100,19
67,101,2
67,102,10
67,103,2
67,104,7
67,105,11
67,106,10
67,108,14
67,110,44
67,111,6
67,112,3
67,113,19
67,115,1
67,117,2
67,118,24
67,120,1
67,122,2
67,123,26
67,124,8
67,126,2
67,127,9
67,128,5
67,129,9
67,131,1
67,133,9
67,134,11
67,136,3
67,137,4
67,138,2
67,140,32
67,141,8
67,143,1
67,145,4
67,146,4
67,147,2
67,148,2
67,149,2
67,150,4
67,153,4
67,154,5
67,155,18
67,156,1
67,157,1
67,158,7
67,159,1
67,160,3
67,161,5
67,163,8
67,164,6
67,165,12
67,166,31
67,167,6
67,169,1
67,170,2
67,171,1
67,172,7
67,173,1
67,174,4
67,175,16
67,177,1
67,178,2
67,180,1
67,181,3
67,184,2
67,187,4
67,188,1
67,189,1
67,190,1
67,192,8
67,193,1
67,194,6
67,195,1
67,196,11
67,197,1
67,198,18
68,1,3
68,2,4
68,3,4
68,5,52
68,6,4
68,9,1
68,10,7
68,11,26
68,12,12
68,13,2
68,14,1
68,15,12
68,16,15
68,18,13
68,19,1
68,21,59
68,25,15
68,26,2
68,28,27
68,29,5
68,31,3
68,32,40
68,33,8
68,35,2
68,37,2
68,38,2
68,39,6
68,40,15
68,41,2
68,42,12
68,43,17
68,44,3
68,46,9
68,48,4
68,49,2
68,55,13
68,56,33
68,57,1
68,58,1
68,59,4
68,62,7
68,63,13
68,64,7
68,65,4
68,66,6
68,67,337
68,69,7
68,70,3
68,71,6
68,72,16
68,73,7
68,74,10
68,75,5
68,76,9
68,78,1
68,79,8
68,82,8
68,84,3
68,85,2
68,87,1
68,90,1
68,95,1
68,98,3
68,99,82
68,100,14
68,101,9
68,102,3
68,104,2
68,105,5
68,106,2
68,107,1
68,108,1
68,110,19
68,111,5
68,112,6
68,113,4
68,117,1
68,118,12
68,122,7
68,123,21
68,124,6
68,125,1
68,128,1
68,129,5
68,134,1
68,140,33
68,141,1
68,143,3
68,145,4
68,146,4
68,147,1
68,148,1
68,151,3
68,152,3
68,155,7
68,157,1
68,158,1
68,159,1
68,161,2
68,162,3
68,163,5
68,164,1
68,165,11
68,166,1
68,167,5
68,169,2
68,172,7
68,175,3
68,178,2
68,180,1
68,187,2
68,192,1
68,193,2
68,195,1
68,196,2
68,198,1
68,199,4
69,1,3
69,2,1
69,3,6
69,4,5
69,5,57
69,6,4
69,8,4
69,10,1
69,11,34
69,12,1
69,13,7
69,15,9
69,16,13
69,17,1
69,18,3
69,19,2
69,21,32
69,22,3
69,23,2
69,25,17
69,26,7
69,28,15
69,29,2
69,30,1
69,31,1
69,32,11
69,33,8
69,34,3
69,36,1
69,37,1
69,38,1
69,39,9
69,40,2
69,41,2
69,42,22
69,43,10
69,44,7
69,46,7
69,49,1
69,50,3
69,52,1
69,53,1
69,54,4
69,55,8
69,56,35
69,59,3
69,62,6
69,63,20
69,65,4
69,66,2
69,67,213
69,68,23
69,70,3
69,71,3
69,72,15
69,73,6
69,74,1
69,75,9
69,76,9
69,78,5
69,79,7
69,82,5
69,83,6
69,84,5
69,85,1
69,88,2
69,90,2
69,91,1
69,92,3
69,94,3
69,97,4
69,98,3
69,99,72
69,100,24
69,101,5
69,102,2
69,103,5
69,104,2
69,105,4
69,106,2
69,109,2
69,110,15
69,111,8
69,112,1
69,113,8
69,115,3
69,118,16
69,120,1
69,122,4
69,123,9
69,124,4
69,125,5
69,128,2
69,129,2
69,133,2
69,134,5
69,135,1
69,136,1
69,137,3
69,140,46
69,141,2
69,143,1
69,145,1
69,146,6
69,150,1
69,151,1
69,155,9
69,156,3
69,158,3
69,160,2
69,163,3
69,164,3
69,165,16
69,166,5
69,167,6
69,169,4
69,172,4
69,173,2
69,175,6
69,177,1
69,178,2
69,181,1
69,184,1
69,192,2
69,194,1
69,195,1
69,198,1
70,1,11
70,2,4
70,3,7
70,4,7
70,5,93
70,7,3
70,8,1
70,9,1
70,11,5
70,12,2
70,13,10
70,14,2
70,15,18
70,16,26
70,17,1
70,18,11
70,19,4
70,21,80
70,23,1
70,24,2
70,25,7
70,28,16
70,29,3
70,30,1
70,32,32
70,33,15
70,35,2
70,36,1
70,39,5
70,40,14
70,41,2
70,42,17
70,43,19
70,44,4
70,46,9
70,47,1
70,48,2
70,49,1
70,52,2
70,53,1
70,54,9
70,55,21
70,56,58
70,58,13
70,59,12
70,60,2
70,62,12
70,63,37
70,64,3
70,65,5
70,66,5
70,67,106
70,68,11
70,69,5
70,71,25
70,72,51
70,73,23
70,74,10
70,75,2
70,76,2
70,77,1
70,78,4
70,79,11
70,81,1
70,82,8
70,83,8
70,84,2
70,85,3
70,88,3
70,89,3
70,92,2
70,93,1
70,94,2
70,97,3
70,98,7
70,99,77
70,100,9
70,101,6
70,102,6
70,103,7
70,105,5
70,106,9
70,107,14
70,108,10
70,109,2
70,110,18
70,111,2
70,112,2
70,117,2
70,118,7
70,119,1
70,122,11
70,123,14
70,124,5
70,125,1
70,126,3
70,127,2
70,129,3
70,131,1
70,133,1
70,134,4
70,135,1
70,136,2
70,137,2
70,140,7
70,141,4
70,143,13
70,146,1
70,147,3
70,150,1
70,154,3
70,155,8
70,157,1
70,158,1
70,160,4
70,164,11
70,165,5
70,166,14
70,167,3
70,169,4
70,170,3
70,171,4
70,172,4
70,175,15
70,177,2
70,178,1
70,179,1
70,180,3
70,181,2
70,187,1
70,189,1
70,192,5
70,193,2
70,194,6
70,195,1
70,196,4
70,197,5
70,198,11
71,1,5
71,2,3
71,3,2
71,4,6
71,5,112
71,6,1
71,7,4
71,8,3
71,11,12
71,13,15
71,14,8
71,15,36
71,16,32
71,17,2
71,18,31
71,19,4
71,20,2
71,21,74
71,23,2
71,25,11
71,28,33
71,29,5
71,30,1
71,31,1
71,32,26
71,33,7
71,36,10
71,37,3
71,39,4
71,40,16
71,41,5
71,42,17
71,43,12
71,44,15
71,46,16
71,48,4
71,49,7
71,52,4
71,53,1
71,54,4
71,55,29
71,56,88
71,57,4
71,58,16
71,59,26
71,61,2
71,62,28
71,63,35
71,64,10
71,65,11
71,66,9
71,67,175
71,68,18
71,69,1
71,70,16
71,72,27
71,73,21
71,74,14
71,75,1
71,76,11
71,78,12
71,79,18
71,81,11
71,82,11
71,83,5
71,84,3
71,85,6
71,86,2
71,87,4
71,88,1
71,89,3
71,90,1
71,92,7
71,93,3
71,94,3
71,95,2
71,96,3
71,97,2
71,98,9
71,99,89
71,100,10
71,102,9
71,103,1
71,104,4
71,105,3
71,106,15
71,107,3
71,108,7
71,109,3
71,110,18
71,111,6
71,112,4
71,113,4
71,115,1
71,117,3
71,118,10
71,122,4
71,123,16
71,124,5
71,127,2
71,129,8
71,130,4
71,131,1
71,132,2
71,133,6
71,134,8
71,135,1
71,136,1
71,137,2
71,138,3
71,140,14
71,141,2
71,143,18
71,145,5
71,146,2
71,148,2
71,151,1
71,154,1
71,155,8
71,158,2
71,160,1
71,163,3
71,164,14
71,165,17
71,166,7
71,167,5
71,169,2
71,171,4
71,172,14
71,174,1
71,175,4
71,177,2
71,178,1
71,182,1
71,187,7
71,188,1
71,189,3
71,191,8
71,192,4
71,193,6
71,194,4
71,195,6
71,196,8
71,197,3
71,198,6
71,199,2
72,1,2
72,2,3
72,3,5
72,4,8
72,5,83
72,6,2
72,7,1
72,8,1
72,9,1
72,10,3
72,11,16
72,12,1
72,13,17
72,14,6
72,15,56
72,16,52
72,17,3
72,18,23
72,19,6
72,21,96
72,22,2
72,23,1
72,25,17
72,26,1
72,28,25
72,29,6
72,30,1
72,31,4
72,32,27
72,33,24
72,36,1
72,38,1
72,39,4
72,40,16
72,41,1
72,42,10
72,43,13
72,44,11
72,45,2
72,46,9
72,48,2
72,49,6
72,52,7
72,53,3
72,54,5
72,55,19
72,56,42
72,58,17
72,59,31
72,62,6
72,63,33
72,64,6
72,65,4
72,66,3
72,67,152
72,68,7
72,69,4
72,70,25
72,71,29
72,73,11
72,74,27
72,75,4
72,76,13
72,78,16
72,79,21
72,81,12
72,82,21
72,83,10
72,84,11
72,85,3
72,86,2
72,87,2
72,88,2
72,89,3
72,90,2
72,92,3
72,94,3
72,95,1
72,96,4
72,97,4
72,98,9
72,99,72
72,100,8
72,101,1
72,104,1
72,105,7
72,106,8
72,107,5
72,108,10
72,110,14
72,111,3
72,113,3
72,114,3
72,115,3
72,117,2
72,118,12
72,121,1
72,122,8
72,123,9
72,124,9
72,125,2
72,126,3
72,127,4
72,129,5
72,130,1
72,133,2
72,134,4
72,135,1
72,137,2
72,138,2
72,140,10
72,141,1
72,143,4
72,145,1
72,146,5
72,148,1
72,151,1
72,152,3
72,153,1
72,155,3
72,156,3
72,160,1
72,161,3
72,163,3
72,164,9
72,165,25
72,166,18
72,167,5
72,169,2
72,172,6
72,174,3
72,175,9
72,176,1
72,181,1
72,183,1
72,184,2
72,185,1
72,187,1
72,188,5
72,189,1
72,191,8
72,192,12
72,193,2
72,194,3
72,195,9
72,197,6
72,198,17
72,199,7
73,1,5
73,2,6
73,3,11
73,4,5
73,5,275
73,6,5
73,7,4
73,9,2
73,10,2
73,11,17
73,12,3
73,13,10
73,14,15
73,15,16
73,16,31
73,17,4
73,18,39
73,19,10
73,20,1
73,21,55
73,22,8
73,23,1
73,25,19
73,26,5
73,27,5
73,28,41
73,29,1
73,30,1
73,31,2
73,32,25
73,33,13
73,34,1
73,36,1
73,37,2
73,39,5
73,40,18
73,41,1
73,42,12
73,43,15
73,44,13
73,45,1
73,46,15
73,48,5
73,49,10
73,52,3
73,53,3
73,54,3
73,55,18
73,56,47
73,57,2
73,58,23
73,59,10
73,62,20
73,63,31
73,64,5
73,65,3
73,66,5
73,67,146
73,68,8
73,69,7
73,70,19
73,71,25
73,72,18
73,74,6
73,75,9
73,76,7
73,77,1
73,78,7
73,79,15
73,81,15
73,82,18
73,83,3
73,84,9
73,85,3
73,87,8
73,88,1
73,89,3
73,90,1
73,91,1
73,92,4
73,93,1
73,94,1
73,95,1
73,96,1
73,97,5
73,98,8
73,99,66
73,100,11
73,101,4
73,102,3
73,104,8
73,105,4
73,106,11
73,108,2
73,109,2
73,110,16
73,111,6
73,112,4
73,113,7
73,117,3
73,118,7
73,120,3
73,122,1
73,123,8
73,124,10
73,125,2
73,128,2
73,129,9
73,130,4
73,131,1
73,132,2
73,133,2
73,134,2
73,136,1
73,137,4
73,140,11
73,143,27
73,146,4
73,150,1
73,151,1
73,153,1
73,154,1
73,155,4
73,157,1
73,158,2
73,161,1
73,162,3
73,164,5
73,165,16
73,166,10
73,167,2
73,169,4
73,170,2
73,171,2
73,172,6
73,173,2
73,174,2
73,175,11
73,177,2
73,178,3
73,180,2
73,181,4
73,182,1
73,184,1
73,185,1
73,186,2
73,187,8
73,192,9
73,193,5
73,194,3
73,195,2
73,196,5
73,197,5
73,198,8
73,199,3
74,2,3
74,3,6
74,4,11
74,5,64
74,6,1
74,7,1
74,8,4
74,9,1
74,11,10
74,12,2
74,13,5
74,14,2
74,15,347
74,16,44
74,17,8
74,18,13
74,19,11
74,20,7
74,21,201
74,24,2
74,25,15
74,27,1
74,28,36
74,29,10
74,30,7
74,31,1
74,32,23
74,33,10
74,34,2
74,35,1
74,36,2
74,37,5
74,38,1
74,39,2
74,40,39
74,41,2
74,42,7
74,43,20
74,44,9
74,46,7
74,48,1
74,49,8
74,52,2
74,53,7
74,54,14
74,55,28
74,56,40
74,57,1
74,58,12
74,59,29
74,61,1
74,62,11
74,63,32
74,64,3
74,65,5
74,66,3
74,67,142
74,68,6
74,69,2
74,70,35
74,71,23
74,72,48
74,73,15
74,75,14
74,76,6
74,78,35
74,79,23
74,81,17
74,82,10
74,83,6
74,84,19
74,85,8
74,86,1
74,88,1
74,89,1
74,90,4
74,92,12
74,93,2
74,94,4
74,97,10
74,98,26
74,99,69
74,100,12
74,101,2
74,102,1
74,105,10
74,106,10
74,107,2
74,108,9
74,109,2
74,110,40
74,111,6
74,113,1
74,115,1
74,117,4
74,118,7
74,123,21
74,124,9
74,125,1
74,129,8
74,130,1
74,133,4
74,134,2
74,135,2
74,136,1
74,137,1
74,140,11
74,141,1
74,143,3
74,145,1
74,146,4
74,147,1
74,150,1
74,155,6
74,156,2
74,157,2
74,160,1
74,161,3
74,162,3
74,163,2
74,164,27
74,165,24
74,166,45
74,167,5
74,169,6
74,171,2
74,172,2
74,173,3
74,174,2
74,175,17
74,180,2
74,181,2
74,183,1
74,187,2
74,188,1
74,189,6
74,191,1
74,192,9
74,193,10
74,194,11
74,195,16
74,196,12
74,197,3
74,198,27
74,199,8
75,1,2
75,2,5
75,3,11
75,4,3
75,5,85
75,6,4
75,7,11
75,8,7
75,9,2
75,10,10
75,11,50
75,12,18
75,13,14
75,14,5
75,15,10
75,16,19
75,17,1
75,18,7
75,19,7
75,21,56
75,22,4
75,23,7
75,24,2
75,25,67
75,26,4
75,27,2
75,28,39
75,29,2
75,30,2
75,31,2
75,32,19
75,33,9
75,34,7
75,35,1
75,36,5
75,37,1
75,39,8
75,40,7
75,41,3
75,42,34
75,43,12
75,44,18
75,45,5
75,46,18
75,47,1
75,48,14
75,49,7
75,50,2
75,51,1
75,52,5
75,53,4
75,54,3
75,55,16
75,56,82
75,57,5
75,58,3
75,59,11
75,60,7
75,61,2
75,62,6
75,63,48
75,64,12
75,65,15
75,66,8
75,67,414
75,68,42
75,69,11
75,70,13
75,71,19
75,72,20
75,73,18
75,74,5
75,76,40
75,78,6
75,79,5
75,81,6
75,82,10
75,83,5
75,84,14
75,85,3
75,86,6
75,87,4
75,88,3
75,89,2
75,90,9
75,92,5
75,94,1
75,95,2
75,96,2
75,97,6
75,98,4
75,99,112
75,100,35
75,101,2
75,102,5
75,103,2
75,104,6
75,105,3
75,106,4
75,107,2
75,110,21
75,111,9
75,112,10
75,113,19
75,114,4
75,115,2
75,117,4
75,118,42
75,119,2
75,121,3
75,122,19
75,123,28
75,124,13
75,125,9
75,126,9
75,128,4
75,129,4
75,133,2
75,134,1
75,135,2
75,136,3
75,137,6
75,138,2
75,139,1
75,140,68
75,141,24
75,145,3
75,146,10
75,147,3
75,149,1
75,151,1
75,152,1
75,153,3
75,154,7
75,155,17
75,156,2
75,157,5
75,158,3
75,160,7
75,161,3
75,162,10
75,163,9
75,164,7
75,165,22
75,166,18
75,167,15
75,169,7
75,170,2
75,171,2
75,172,5
75,173,4
75,175,18
75,176,2
75,177,3
75,178,1
75,181,3
75,183,1
75,187,7
75,192,8
75,193,1
75,194,4
75,195,2
75,196,2
75,197,3
75,198,7
76,1,5
76,2,12
76,3,6
76,4,2
76,5,84
76,6,5
76,7,7
76,8,5
76,9,3
76,10,1
76,11,50
76,12,6
76,13,5
76,14,8
76,15,3
76,16,12
76,18,6
76,19,7
76,21,48
76,22,3
76,23,5
76,24,1
76,25,27
76,26,7
76,28,44
76,29,3
76,31,1
76,32,15
76,33,6
76,34,3
76,35,1
76,36,1
76,37,4
76,38,4
76,39,9
76,40,10
76,41,1
76,42,17
76,43,10
76,44,9
76,45,1
76,46,22
76,48,11
76,49,4
76,50,2
76,53,2
76,54,1
76,55,19
76,56,65
76,58,7
76,59,11
76,61,4
76,62,4
76,63,49
76,64,2
76,65,4
76,66,12
76,67,336
76,68,31
76,69,10
76,70,4
76,71,7
76,72,16
76,73,16
76,74,5
76,75,21
76,78,1
76,79,11
76,81,10
76,82,11
76,83,5
76,84,17
76,85,3
76,86,3
76,87,3
76,88,1
76,89,1
76,90,2
76,92,1
76,94,3
76,95,1
76,97,2
76,98,2
76,99,110
76,100,18
76,101,13
76,102,7
76,103,2
76,104,7
76,105,1
76,106,8
76,108,1
76,110,28
76,111,15
76,112,14
76,113,10
76,114,2
76,115,3
76,117,4
76,118,38
76,119,2
76,122,16
76,123,17
76,124,14
76,125,9
76,126,4
76,127,1
76,128,1
76,129,4
76,130,4
76,133,3
76,135,1
76,136,1
76,137,2
76,138,1
76,140,73
76,141,21
76,145,6
76,146,12
76,147,6
76,148,1
76,149,1
76,152,1
76,153,3
76,154,1
76,155,10
76,156,1
76,157,1
76,160,8
76,161,3
76,163,4
76,164,4
76,165,18
76,166,3
76,167,6
76,169,8
76,172,3
76,173,2
76,174,5
76,175,14
76,177,3
76,178,2
76,180,3
76,181,1
76,184,1
76,187,6
76,188,1
76,190,1
76,191,2
76,192,2
76,193,1
76,194,1
76,195,3
76,196,1
76,197,1
76,198,5
76,199,2
77,1,7
77,2,5
77,3,1
77,5,27
77,6,1
77,8,1
77,9,6
77,10,1
77,11,21
77,12,1
77,13,3
77,14,5
77,15,1
77,16,9
77,17,1
77,18,11
77,19,10
77,21,27
77,22,6
77,24,7
77,25,40
77,26,5
77,27,1
77,28,25
77,29,1
77,31,1
77,32,4
77,33,4
77,34,1
77,35,2
77,36,2
77,37,7
77,38,5
77,39,13
77,40,4
77,41,1
77,42,11
77,43,1
77,44,9
77,45,4
77,46,11
77,47,2
77,48,13
77,49,2
77,51,5
77,52,6
77,54,1
77,55,17
77,56,20
77,57,1
77,58,11
77,59,6
77,60,2
77,61,1
77,62,5
77,63,7
77,64,6
77,65,5
77,66,1
77,67,94
77,68,10
77,69,1
77,70,4
77,71,3
77,72,5
77,73,4
77,74,3
77,75,8
77,76,17
77,78,1
77,79,4
77,80,1
77,81,8
77,82,6
77,83,10
77,84,8
77,85,1
77,87,3
77,88,1
77,89,2
77,90,4
77,93,3
77,95,1
77,98,5
77,99,50
77,100,15
77,101,2
77,102,1
77,103,2
77,105,1
77,106,3
77,110,10
77,111,6
77,112,16
77,113,15
77,114,4
77,115,10
77,117,4
77,118,23
77,120,1
77,122,8
77,123,8
77,124,8
77,125,10
77,126,5
77,127,2
77,128,4
77,129,4
77,132,1
77,133,3
77,135,4
77,136,1
77,137,4
77,139,1
77,140,28
77,141,6
77,143,2
77,145,1
77,146,3
77,147,4
77,148,3
77,149,2
77,152,1
77,153,4
77,154,2
77,155,5
77,156,3
77,159,1
77,160,5
77,161,3
77,162,4
77,163,7
77,164,5
77,165,19
77,166,5
77,167,7
77,169,5
77,170,10
77,171,3
77,172,3
77,173,2
77,174,1
77,175,9
77,176,2
77,177,1
77,178,1
77,180,2
77,181,2
77,182,1
77,183,1
77,187,5
77,189,1
77,192,2
77,193,1
77,194,3
77,195,8
77,197,1
77,198,1
77,199,1
78,1,6
78,2,2
78,3,8
78,4,12
78,5,99
78,6,8
78,8,1
78,10,4
78,11,16
78,12,4
78,13,22
78,14,6
78,15,92
78,16,46
78,17,15
78,18,44
78,19,9
78,20,7
78,21,147
78,22,1
78,23,1
78,25,7
78,26,2
78,28,55
78,29,10
78,32,32
78,33,18
78,34,5
78,36,1
78,37,1
78,39,3
78,40,28
78,42,23
78,43,9
78,44,7
78,46,17
78,48,3
78,49,8
78,52,3
78,53,3
78,54,2
78,55,37
78,56,70
78,57,1
78,58,15
78,59,37
78,62,16
78,63,51
78,64,7
78,65,5
78,66,4
78,67,194
78,68,13
78,69,1
78,70,28
78,71,21
78,72,76
78,73,36
78,74,27
78,75,5
78,76,5
78,79,34
78,81,14
78,82,9
78,83,5
78,84,13
78,85,4
78,87,7
78,89,2
78,90,4
78,92,3
78,93,2
78,94,7
78,95,5
78,96,1
78,97,4
78,98,8
78,99,116
78,100,24
78,101,2
78,102,4
78,103,1
78,105,11
78,106,8
78,107,3
78,108,9
78,109,2
78,110,15
78,111,7
78,112,3
78,113,2
78,115,1
78,117,1
78,118,17
78,119,1
78,121,1
78,122,1
78,123,22
78,124,6
78,125,7
78,126,6
78,127,3
78,128,2
78,129,26
78,130,1
78,133,2
78,134,9
78,135,1
78,136,4
78,137,6
78,140,28
78,141,1
78,143,9
78,145,2
78,146,4
78,147,1
78,150,1
78,151,3
78,154,2
78,155,12
78,156,1
78,157,1
78,158,5
78,163,2
78,164,13
78,165,23
78,166,16
78,167,9
78,169,1
78,170,1
78,171,3
78,172,7
78,173,1
78,174,4
78,175,14
78,177,1
78,180,1
78,181,4
78,182,1
78,183,2
78,184,1
78,187,2
78,188,4
78,189,3
78,191,3
78,192,15
78,193,16
78,194,11
78,195,9
78,196,12
78,197,2
78,198,5
78,199,2
79,1,6
79,2,5
79,3,11
79,4,4
79,5,103
79,7,2
79,9,2
79,10,5
79,11,15
79,12,1
79,13,3
79,15,43
79,16,28
79,17,1
79,18,20
79,19,3
79,20,10
79,21,142
79,22,1
79,23,1
79,24,1
79,25,14
79,26,4
79,28,38
79,29,4
79,30,5
79,31,2
79,32,59
79,33,35
79,34,4
79,39,5
79,40,35
79,41,4
79,42,27
79,43,31
79,44,11
79,46,48
79,48,3
79,49,4
79,50,1
79,52,2
79,53,1
79,54,5
79,55,40
79,56,72
79,57,1
79,58,8
79,59,17
79,62,24
79,63,36
79,64,8
79,65,5
79,66,7
79,67,204
79,68,14
79,69,3
79,70,18
79,71,33
79,72,60
79,73,48
79,74,20
79,75,6
79,76,1
79,77,2
79,78,9
79,80,2
79,81,10
79,82,23
79,83,2
79,84,13
79,85,7
79,87,2
79,88,4
79,90,2
79,92,1
79,93,3
79,94,2
79,96,2
79,97,2
79,98,19
79,99,89
79,100,12
79,102,7
79,105,17
79,106,18
79,107,4
79,108,6
79,110,47
79,111,7
79,113,1
79,115,3
79,117,1
79,118,19
79,122,10
79,123,41
79,124,16
79,126,7
79,127,2
79,129,6
79,130,1
79,134,1
79,136,3
79,137,2
79,138,3
79,140,8
79,143,12
79,145,2
79,146,6
79,147,3
79,150,2
79,151,3
79,152,7
79,153,2
79,154,3
79,155,24
79,156,4
79,160,3
79,161,3
79,163,1
79,164,30
79,165,26
79,166,13
79,167,9
79,169,6
79,170,1
79,171,1
79,172,9
79,174,2
79,175,10
79,177,1
79,178,2
79,180,1
79,181,3
79,182,2
79,184,2
79,186,1
79,187,5
79,191,5
79,192,12
79,193,9
79,194,8
79,195,5
79,196,14
79,197,7
79,198,8
79,199,14
80,1,1
80,2,10
80,3,9
80,5,85
80,6,17
80,7,5
80,8,6
80,9,1
80,10,7
80,11,38
80,12,11
80,13,8
80,14,8
80,15,10
80,16,4
80,18,10
80,19,1
80,21,25
80,22,11
80,23,3
80,25,17
80,26,8
80,27,3
80,28,32
80,29,4
80,32,12
80,33,3
80,34,5
80,37,4
80,38,3
80,39,12
80,40,4
80,41,1
80,42,11
80,43,6
80,44,9
80,45,1
80,46,8
80,48,3
80,49,2
80,51,1
80,52,7
80,54,6
80,55,14
80,56,48
80,57,2
80,58,3
80,59,17
80,60,2
80,62,6
80,63,24
80,64,9
80,65,3
80,66,5
80,67,198
80,68,9
80,69,1
80,70,5
80,71,5
80,72,6
80,73,7
80,74,7
80,75,5
80,76,6
80,78,1
80,79,5
80,81,9
80,82,3
80,83,13
80,84,12
80,85,3
80,86,3
80,87,4
80,90,4
80,93,1
80,95,3
80,96,1
80,98,4
80,99,62
80,100,7
80,101,4
80,104,2
80,105,5
80,106,4
80,107,2
80,108,3
80,110,6
80,111,7
80,112,6
80,113,4
80,114,1
80,115,4
80,117,2
80,118,14
80,122,3
80,123,4
80,124,6
80,125,2
80,126,2
80,127,5
80,128,5
80,129,6
80,132,9
80,134,3
80,136,1
80,138,1
80,140,41
80,141,8
80,145,4
80,146,4
80,151,1
80,153,5
80,154,3
80,155,4
80,157,2
80,160,5
80,161,4
80,164,1
80,165,17
80,166,7
80,167,19
80,169,2
80,170,2
80,171,3
80,172,9
80,173,4
80,175,19
80,177,3
80,178,4
80,181,7
80,183,3
80,184,2
80,187,4
80,190,1
80,192,2
80,194,2
80,195,3
80,197,1
80,198,4
80,199,3
81,1,10
81,2,6
81,3,11
81,4,3
81,5,84
81,6,11
81,7,8
81,8,5
81,9,1
81,10,6
81,11,35
81,12,1
81,13,11
81,14,10
81,15,23
81,16,33
81,17,5
81,18,22
81,19,17
81,20,1
81,21,74
81,22,5
81,23,2
81,25,15
81,26,3
81,27,2
81,28,82
81,29,7
81,30,1
81,31,1
81,32,20
81,33,6
81,34,1
81,36,1
81,37,2
81,38,1
81,39,12
81,40,9
81,41,2
81,42,10
81,43,6
81,44,11
81,45,1
81,46,8
81,47,4
81,48,2
81,49,11
81,52,20
81,53,3
81,54,8
81,55,57
81,56,54
81,57,2
81,58,6
81,59,21
81,62,17
81,63,47
81,64,18
81,65,15
81,66,10
81,67,196
81,68,11
81,70,5
81,71,15
81,72,24
81,73,22
81,74,4
81,75,9
81,76,6
81,78,8
81,79,8
81,80,1
81,82,32
81,83,19
81,84,39
81,85,10
81,86,13
81,87,7
81,89,3
81,90,13
81,91,1
81,92,6
81,93,5
81,95,1
81,96,3
81,97,4
81,98,14
81,99,115
81,100,16
81,101,9
81,103,1
81,104,5
81,106,9
81,107,2
81,110,11
81,111,3
81,112,3
81,113,8
81,115,2
81,117,4
81,118,20
81,122,5
81,123,10
81,124,5
81,125,2
81,126,3
81,127,2
81,128,2
81,129,19
81,130,4
81,131,3
81,132,9
81,133,5
81,134,1
81,135,1
81,136,5
81,137,12
81,139,2
81,140,32
81,141,3
81,143,2
81,145,2
81,146,5
81,147,3
81,154,2
81,155,3
81,157,1
81,159,1
81,160,3
81,161,8
81,162,4
81,163,4
81,164,12
81,165,41
81,166,22
81,167,7
81,169,6
81,170,6
81,171,3
81,172,8
81,173,4
81,174,1
81,175,23
81,176,2
81,177,2
81,178,9
81,180,6
81,181,10
81,183,2
81,184,3
81,187,8
81,188,1
81,189,1
81,190,1
81,192,13
81,193,2
81,194,5
81,195,9
81,196,4
81,197,1
81,198,11
81,199,1
82,1,1
82,2,7
82,3,8
82,4,5
82,5,71
82,6,10
82,7,3
82,8,6
82,10,4
82,11,12
82,12,1
82,13,4
82,14,4
82,15,25
82,16,23
82,17,5
82,18,24
82,19,12
82,20,2
82,21,127
82,22,1
82,24,3
82,25,13
82,26,5
82,28,35
82,29,9
82,30,1
82,31,4
82,32,8
82,33,7
82,34,1
82,35,4
82,36,1
82,37,2
82,38,1
82,39,6
82,40,11
82,42,1
82,43,12
82,44,11
82,46,8
82,47,5
82,48,6
82,49,1
82,52,11
82,53,1
82,54,6
82,55,32
82,56,40
82,57,1
82,58,13
82,59,14
82,60,1
82,62,8
82,63,41
82,64,7
82,65,13
82,66,3
82,67,128
82,68,6
82,69,5
82,70,10
82,71,22
82,72,21
82,73,23
82,74,8
82,75,6
82,76,6
82,78,13
82,79,8
82,81,12
82,83,10
82,84,13
82,85,5
82,86,1
82,87,8
82,88,1
82,89,7
82,90,5
82,91,6
82,92,14
82,93,1
82,94,2
82,95,5
82,96,7
82,97,9
82,98,5
82,99,95
82,100,11
82,102,2
82,103,1
82,104,1
82,105,3
82,106,3
82,107,3
82,108,7
82,109,1
82,110,17
82,111,8
82,112,5
82,113,9
82,114,1
82,115,2
82,117,3
82,118,17
82,120,1
82,122,3
82,123,6
82,124,2
82,125,5
82,126,1
82,128,2
82,129,15
82,130,5
82,131,6
82,134,1
82,135,1
82,136,1
82,137,1
82,138,1
82,140,20
82,141,3
82,144,2
82,146,2
82,147,1
82,148,3
82,149,1
82,150,2
82,151,2
82,152,1
82,153,2
82,155,2
82,156,1
82,159,4
82,160,2
82,161,2
82,163,2
82,164,9
82,165,38
82,166,13
82,167,3
82,169,7
82,170,1
82,171,9
82,172,6
82,173,1
82,174,2
82,175,33
82,177,4
82,178,2
82,181,6
82,182,2
82,183,1
82,184,2
82,187,11
82,188,3
82,189,2
82,191,6
82,192,10
82,193,4
82,194,6
82,195,9
82,196,5
82,197,2
82,198,7
82,199,1
83,1,1
83,2,16
83,3,5
83,4,9
83,5,101
83,6,12
83,7,6
83,8,1
83,9,6
83,10,4
83,11,22
83,12,9
83,13,8
83,14,6
83,15,13
83,16,17
83,17,2
83,18,7
83,19,9
83,20,4
83,21,68
83,22,4
83,23,5
83,24,1
83,25,11
83,26,14
83,27,2
83,28,32
83,29,8
83,30,3
83,32,16
83,33,6
83,34,5
83,37,2
83,38,1
83,39,5
83,40,2
83,42,8
83,43,6
83,44,9
83,46,12
83,47,2
83,48,5
83,49,6
83,50,1
83,52,4
83,53,3
83,54,6
83,55,34
83,56,60
83,58,4
83,59,12
83,62,5
83,63,33
83,65,10
83,66,4
83,67,158
83,68,9
83,69,3
83,70,5
83,71,7
83,72,14
83,73,14
83,74,9
83,75,7
83,76,12
83,77,4
83,78,2
83,79,15
83,80,3
83,81,15
83,82,10
83,84,49
83,85,7
83,87,5
83,89,1
83,90,2
83,92,2
83,94,2
83,97,5
83,98,4
83,99,90
83,100,13
83,101,1
83,102,1
83,103,3
83,104,6
83,105,5
83,106,9
83,107,1
83,108,1
83,110,7
83,111,1
83,112,7
83,113,3
83,117,3
83,118,21
83,122,5
83,123,6
83,124,9
83,125,1
83,127,2
83,128,8
83,129,17
83,131,1
83,132,1
83,133,6
83,134,1
83,136,1
83,137,5
83,138,2
83,139,4
83,140,16
83,141,3
83,143,6
83,146,1
83,155,8
83,156,2
83,157,1
83,158,2
83,159,2
83,160,2
83,161,1
83,162,6
83,163,1
83,164,1
83,165,26
83,166,18
83,167,4
83,169,4
83,172,10
83,174,2
83,175,16
83,177,4
83,178,9
83,180,1
83,181,6
83,182,2
83,183,3
83,184,4
83,187,7
83,189,1
83,190,3
83,191,1
83,192,11
83,193,3
83,194,4
83,195,10
83,196,2
83,197,1
83,198,4
83,199,1
84,1,2
84,2,20
84,3,14
84,4,11
84,5,381
84,6,18
84,7,7
84,8,8
84,9,1
84,10,3
84,11,46
84,12,5
84,13,12
84,14,13
84,15,54
84,16,38
84,17,5
84,18,21
84,19,3
84,20,1
84,21,132
84,22,4
84,23,2
84,24,1
84,25,14
84,26,12
84,28,50
84,29,6
84,30,2
84,32,45
84,33,16
84,34,3
84,36,1
84,37,1
84,38,2
84,39,8
84,40,27
84,41,3
84,42,17
84,43,17
84,44,19
84,45,4
84,46,19
84,47,2
84,48,6
84,49,4
84,53,2
84,54,7
84,55,59
84,56,169
84,57,1
84,58,14
84,59,14
84,62,10
84,63,121
84,64,10
84,65,11
84,66,4
84,67,459
84,68,17
84,69,4
84,70,10
84,71,20
84,72,44
84,73,18
84,74,10
84,75,10
84,76,18
84,77,4
84,78,8
84,79,36
84,81,5
84,82,6
84,83,12
84,85,6
84,86,1
84,87,1
84,88,4
84,90,5
84,92,1
84,94,2
84,96,2
84,97,3
84,98,14
84,99,166
84,100,33
84,101,5
84,102,4
84,103,3
84,104,8
84,105,5
84,106,10
84,107,1
84,108,3
84,110,21
84,111,12
84,112,1
84,113,6
84,115,1
84,117,4
84,118,31
84,121,1
84,122,5
84,123,18
84,124,7
84,125,3
84,126,12
84,127,3
84,128,8
84,129,11
84,130,2
84,132,1
84,133,4
84,134,5
84,136,2
84,137,4
84,138,2
84,140,40
84,141,5
84,143,9
84,145,2
84,146,4
84,147,3
84,154,1
84,155,13
84,156,3
84,157,1
84,158,1
84,159,4
84,160,2
84,161,5
84,162,6
84,163,2
84,164,22
84,165,27
84,166,33
84,167,25
84,168,1
84,169,10
84,171,1
84,172,14
84,173,4
84,174,4
84,175,10
84,177,6
84,178,4
84,180,3
84,182,2
84,183,1
84,184,3
84,187,2
84,188,2
84,189,1
84,192,4
84,193,6
84,194,8
84,195,2
84,196,6
84,198,10
84,199,2
85,1,3
85,2,7
85,3,8
85,4,16
85,5,131
85,6,18
85,7,4
85,8,5
85,9,2
85,10,5
85,11,40
85,12,4
85,13,6
85,14,18
85,15,57
85,16,63
85,17,5
85,18,43
85,19,19
85,21,160
85,22,5
85,23,12
85,24,6
85,25,43
85,26,6
85,27,2
85,28,104
85,29,18
85,30,7
85,31,2
85,32,18
85,33,17
85,34,1
85,37,4
85,39,14
85,40,21
85,41,6
85,42,17
85,43,16
85,44,9
85,46,7
85,48,13
85,49,8
85,50,2
85,51,2
85,52,7
85,53,5
85,54,18
85,55,136
85,56,148
85,57,4
85,58,9
85,59,29
85,61,3
85,62,22
85,63,73
85,64,9
85,65,23
85,66,3
85,67,286
85,68,20
85,69,10
85,70,6
85,71,32
85,72,36
85,73,32
85,74,27
85,75,26
85,76,17
85,77,2
85,78,8
85,79,10
85,80,1
85,81,17
85,82,36
85,83,10
85,84,42
85,86,15
85,87,35
85,88,1
85,89,19
85,90,19
85,91,2
85,92,15
85,93,18
85,94,13
85,95,6
85,96,8
85,97,9
85,98,22
85,99,166
85,100,34
85,101,3
85,102,1
85,104,2
85,105,5
85,106,11
85,107,3
85,108,4
85,110,24
85,111,14
85,112,2
85,113,2
85,114,5
85,115,4
85,117,9
85,118,34
85,122,4
85,123,36
85,124,5
85,125,6
85,126,4
85,127,5
85,128,8
85,129,14
85,130,2
85,131,3
85,132,6
85,133,3
85,134,1
85,135,7
85,136,1
85,137,15
85,138,2
85,139,2
85,140,25
85,141,6
85,143,9
85,145,4
85,146,5
85,147,7
85,148,1
85,149,1
85,152,3
85,154,2
85,155,20
85,156,3
85,157,3
85,158,1
85,159,4
85,160,9
85,161,4
85,162,2
85,163,11
85,164,88
85,165,78
85,166,50
85,167,20
85,169,20
85,170,8
85,171,19
85,172,38
85,174,8
85,175,29
85,176,1
85,177,1
85,178,10
85,180,2
85,181,8
85,182,3
85,183,4
85,184,5
85,185,4
85,187,32
85,188,3
85,189,3
85,191,10
85,192,12
85,193,7
85,194,3
85,195,3
85,196,8
85,197,11
85,198,8
86,2,3
86,4,4
86,5,27
86,10,3
86,11,8
86,12,3
86,13,2
86,14,2
86,15,6
86,16,7
86,18,5
86,19,2
86,21,37
86,22,2
86,23,4
86,24,1
86,25,9
86,27,2
86,28,19
86,29,3
86,30,1
86,32,4
86,33,3
86,36,3
86,38,1
86,39,2
86,40,1
86,42,2
86,46,2
86,48,10
86,52,4
86,53,3
86,54,2
86,55,32
86,56,23
86,57,2
86,59,3
86,62,1
86,63,11
86,65,4
86,66,2
86,67,49
86,71,10
86,72,3
86,73,3
86,75,4
86,76,5
86,78,10
86,79,1
86,81,4
86,82,2
86,84,5
86,85,4
86,87,3
86,88,1
86,89,2
86,90,2
86,91,3
86,92,3
86,93,1
86,94,2
86,96,1
86,97,4
86,98,8
86,99,23
86,100,6
86,101,1
86,103,3
86,104,1
86,105,1
86,106,5
86,110,9
86,111,2
86,113,6
86,117,2
86,118,18
86,122,2
86,123,2
86,124,1
86,126,1
86,129,7
86,130,4
86,135,4
86,137,1
86,140,8
86,145,1
86,146,1
86,154,1
86,155,3
86,156,2
86,157,1
86,158,1
86,159,1
86,160,5
86,161,1
86,162,2
86,163,3
86,164,10
86,165,21
86,166,5
86,167,7
86,168,1
86,169,7
86,170,4
86,171,6
86,172,4
86,173,2
86,175,7
86,177,1
86,180,4
86,181,2
86,183,2
86,185,2
86,187,1
86,189,4
86,192,3
86,193,1
86,194,4
86,195,4
86,196,3
86,198,5
87,1,8
87,2,13
87,3,10
87,4,22
87,5,101
87,6,8
87,7,4
87,8,4
87,9,7
87,10,3
87,11,38
87,12,5
87,13,13
87,14,18
87,15,109
87,16,69
87,17,9
87,18,41
87,19,15
87,20,5
87,21,228
87,22,4
87,23,9
87,24,3
87,25,48
87,26,16
87,28,98
87,29,46
87,30,10
87,31,1
87,32,32
87,33,15
87,34,4
87,35,3
87,37,3
87,38,1
87,39,10
87,40,19
87,41,7
87,42,21
87,43,14
87,44,24
87,45,5
87,46,12
87,48,14
87,49,4
87,51,2
87,52,12
87,53,9
87,54,43
87,55,107
87,56,111
87,57,2
87,58,17
87,59,40
87,61,1
87,62,18
87,63,65
87,64,9
87,65,14
87,66,7
87,67,276
87,68,19
87,69,10
87,70,14
87,71,44
87,72,38
87,73,55
87,74,45
87,75,11
87,76,19
87,77,1
87,78,16
87,79,13
87,80,4
87,81,37
87,82,32
87,83,22
87,84,32
87,85,46
87,86,3
87,88,12
87,89,12
87,90,22
87,92,35
87,93,15
87,94,4
87,95,5
87,96,20
87,97,46
87,98,39
87,99,170
87,100,22
87,101,3
87,102,1
87,103,1
87,104,2
87,105,10
87,106,16
87,107,2
87,108,7
87,110,32
87,111,9
87,112,16
87,113,12
87,114,6
87,115,3
87,117,6
87,118,38
87,119,1
87,120,1
87,121,3
87,122,5
87,123,30
87,124,13
87,125,3
87,126,6
87,127,2
87,129,31
87,130,9
87,131,13
87,133,7
87,134,1
87,135,2
87,136,4
87,137,12
87,138,2
87,139,1
87,140,62
87,141,7
87,143,10
87,145,5
87,146,4
87,147,1
87,149,1
87,152,2
87,153,2
87,154,2
87,155,21
87,156,4
87,158,1
87,159,2
87,160,5
87,161,5
87,162,3
87,163,7
87,164,68
87,165,89
87,166,139
87,167,11
87,169,12
87,170,10
87,171,17
87,172,19
87,173,2
87,174,10
87,175,51
87,176,1
87,177,7
87,178,8
87,179,2
87,180,7
87,181,11
87,183,2
87,184,3
87,185,6
87,186,3
87,187,35
87,188,5
87,189,5
87,190,2
87,191,4
87,192,15
87,193,13
87,194,9
87,195,23
87,196,11
87,197,15
87,198,16
87,199,12
88,1,8
88,2,7
88,3,4
88,4,7
88,5,38
88,6,6
88,7,1
88,8,6
88,9,1
88,10,3
88,11,14
88,12,1
88,13,13
88,14,1
88,15,25
88,16,21
88,17,1
88,18,6
88,19,9
88,21,42
88,25,8
88,26,5
88,28,31
88,29,8
88,30,3
88,32,3
88,33,9
88,34,1
88,37,1
88,38,1
88,39,6
88,40,2
88,42,6
88,43,2
88,44,7
88,46,3
88,47,1
88,48,1
88,49,5
88,52,3
88,53,1
88,54,15
88,55,29
88,56,36
88,57,1
88,58,10
88,59,13
88,62,3
88,63,15
88,64,4
88,65,2
88,66,1
88,67,56
88,68,4
88,69,1
88,70,6
88,71,15
88,72,8
88,73,17
88,74,9
88,75,6
88,76,5
88,78,4
88,79,5
88,80,1
88,81,10
88,82,14
88,83,4
88,84,7
88,85,5
88,87,6
88,89,5
88,90,3
88,92,9
88,93,11
88,94,3
88,95,1
88,96,8
88,97,4
88,98,9
88,99,25
88,100,9
88,102,6
88,103,1
88,106,12
88,107,1
88,109,1
88,110,1
88,111,3
88,112,7
88,113,5
88,117,3
88,118,12
88,119,1
88,123,5
88,124,7
88,125,3
88,126,3
88,128,5
88,129,9
88,131,4
88,132,3
88,133,1
88,136,1
88,137,4
88,140,18
88,141,2
88,145,2
88,146,2
88,148,2
88,152,1
88,154,1
88,155,4
88,156,5
88,157,1
88,158,1
88,160,4
88,161,1
88,162,1
88,163,3
88,164,26
88,165,33
88,166,23
88,167,1
88,169,9
88,171,4
88,172,12
88,174,4
88,175,17
88,177,6
88,178,2
88,179,1
88,180,3
88,182,1
88,185,1
88,187,14
88,188,2
88,189,2
88,191,1
88,192,5
88,193,4
88,195,3
88,196,2
88,197,1
88,198,5
88,199,2
89,1,5
89,2,17
89,3,2
89,4,3
89,5,50
89,6,2
89,7,5
89,8,1
89,9,1
89,10,3
89,11,21
89,12,3
89,13,9
89,14,8
89,15,25
89,16,21
89,17,6
89,18,23
89,19,19
89,20,9
89,21,88
89,22,3
89,23,3
89,24,3
89,25,9
89,26,10
89,28,41
89,29,10
89,30,8
89,31,1
89,32,9
89,33,11
89,34,2
89,37,3
89,38,1
89,39,8
89,40,3
89,41,1
89,42,5
89,43,6
89,44,2
89,45,1
89,46,9
89,47,1
89,48,6
89,49,2
89,52,8
89,53,2
89,54,4
89,55,52
89,56,41
89,57,4
89,58,12
89,59,10
89,60,1
89,62,5
89,63,21
89,64,18
89,65,8
89,66,5
89,67,118
89,68,9
89,69,2
89,70,4
89,71,15
89,72,20
89,73,14
89,74,15
89,75,14
89,76,14
89,78,4
89,79,4
89,81,17
89,82,12
89,83,14
89,84,11
89,85,11
89,87,8
89,88,1
89,90,25
89,91,2
89,92,7
89,93,4
89,94,5
89,95,2
89,96,3
89,97,4
89,98,7
89,99,73
89,100,8
89,101,4
89,103,2
89,104,3
89,105,1
89,106,6
89,108,1
89,110,3
89,111,3
89,112,3
89,113,10
89,114,2
89,115,2
89,117,7
89,118,8
89,120,1
89,122,2
89,123,7
89,124,4
89,125,1
89,126,3
89,127,2
89,128,3
89,129,9
89,130,7
89,131,4
89,132,1
89,133,2
89,134,1
89,135,1
89,136,1
89,137,5
89,139,2
89,140,16
89,141,7
89,143,4
89,145,1
89,146,1
89,148,1
89,152,3
89,153,1
89,154,1
89,155,4
89,156,2
89,159,4
89,161,3
89,162,1
89,163,3
89,164,10
89,165,43
89,166,15
89,167,8
89,169,2
89,171,5
89,172,14
89,173,2
89,174,3
89,175,11
89,176,2
89,177,2
89,179,5
89,180,3
89,181,13
89,182,1
89,183,1
89,187,14
89,191,7
89,192,4
89,193,5
89,194,10
89,195,4
89,196,2
89,197,6
89,198,5
89,199,6
90,1,6
90,2,17
90,3,6
90,4,2
90,5,43
90,6,11
90,7,1
90,8,4
90,10,1
90,11,20
90,12,2
90,13,11
90,14,25
90,15,14
90,16,21
90,17,6
90,18,17
90,19,7
90,20,2
90,21,92
90,22,7
90,23,4
90,24,1
90,25,30
90,26,2
90,27,1
90,28,41
90,29,15
90,30,2
90,31,1
90,32,10
90,33,4
90,35,2
90,37,1
90,38,1
90,39,12
90,40,1
90,42,8
90,43,6
90,44,7
90,45,1
90,46,7
90,47,1
90,48,15
90,49,3
90,52,12
90,53,1
90,54,9
90,55,46
90,56,37
90,57,2
90,58,15
90,59,19
90,60,1
90,62,9
90,63,20
90,64,5
90,65,12
90,66,7
90,67,90
90,68,3
90,69,3
90,70,2
90,71,22
90,72,30
90,73,17
90,74,20
90,75,15
90,76,13
90,78,11
90,79,1
90,80,1
90,81,7
90,82,31
90,83,21
90,84,25
90,85,9
90,86,4
90,87,9
90,88,1
90,89,12
90,91,2
90,92,6
90,93,11
90,95,11
90,96,6
90,97,9
90,98,13
90,99,88
90,100,12
90,102,6
90,104,3
90,105,7
90,106,10
90,107,2
90,108,1
90,109,3
90,110,7
90,111,5
90,112,8
90,113,6
90,114,6
90,115,6
90,117,1
90,118,15
90,119,1
90,121,1
90,122,3
90,123,9
90,124,5
90,125,2
90,126,2
90,128,3
90,129,17
90,130,6
90,131,3
90,132,1
90,133,1
90,134,1
90,136,1
90,137,2
90,140,31
90,141,4
90,143,2
90,145,5
90,146,4
90,147,2
90,148,3
90,149,1
90,150,1
90,151,1
90,152,1
90,154,4
90,155,8
90,156,3
90,157,4
90,158,1
90,160,7
90,162,4
90,163,2
90,164,16
90,165,57
90,166,27
90,167,8
90,168,2
90,170,6
90,171,18
90,172,6
90,173,2
90,174,1
90,175,25
90,176,7
90,177,6
90,181,15
90,183,2
90,185,1
90,187,22
90,188,3
90,190,1
90,192,8
90,193,2
90,194,10
90,195,21
90,196,4
90,197,3
90,198,7
90,199,6
91,1,2
91,2,5
91,3,9
91,4,5
91,5,30
91,6,9
91,7,2
91,9,1
91,11,8
91,12,1
91,13,6
91,14,1
91,15,15
91,16,12
91,17,2
91,18,7
91,19,4
91,20,1
91,21,32
91,23,2
91,24,2
91,25,3
91,28,15
91,29,3
91,30,1
91,32,3
91,33,3
91,36,1
91,37,1
91,38,1
91,39,1
91,40,4
91,42,3
91,44,4
91,46,9
91,48,1
91,52,3
91,53,3
91,55,29
91,56,37
91,58,1
91,59,13
91,61,3
91,62,2
91,63,22
91,64,5
91,67,78
91,68,6
91,70,3
91,71,2
91,72,11
91,73,6
91,74,7
91,75,2
91,76,1
91,78,5
91,79,7
91,81,5
91,82,14
91,83,7
91,84,3
91,85,3
91,87,1
91,90,3
91,92,1
91,93,4
91,95,4
91,96,1
91,97,4
91,98,7
91,99,28
91,100,14
91,101,3
91,102,1
91,104,2
91,105,7
91,106,3
91,108,3
91,109,2
91,110,5
91,111,1
91,113,2
91,117,2
91,118,5
91,122,1
91,123,6
91,124,1
91,125,3
91,126,4
91,129,2
91,130,3
91,132,2
91,133,1
91,134,1
91,136,2
91,137,2
91,140,3
91,141,2
91,143,2
91,145,1
91,146,2
91,147,3
91,155,3
91,157,2
91,160,5
91,161,3
91,162,4
91,163,1
91,164,7
91,165,17
91,166,4
91,167,4
91,169,1
91,172,8
91,175,10
91,177,1
91,181,9
91,182,1
91,184,5
91,185,1
91,187,2
91,188,3
91,189,4
91,191,2
91,192,1
91,193,2
91,194,4
91,195,4
91,196,1
91,197,4
91,199,1
92,1,2
92,2,7
92,3,2
92,4,3
92,5,22
92,8,2
92,11,9
92,13,2
92,14,6
92,15,27
92,16,21
92,17,1
92,18,11
92,19,8
92,20,2
92,21,87
92,22,1
92,23,3
92,24,1
92,25,12
92,28,12
92,29,8
92,30,5
92,32,7
92,34,3
92,39,3
92,40,3
92,41,3
92,42,4
92,43,2
92,44,2
92,48,1
92,49,3
92,52,7
92,53,4
92,54,17
92,55,30
92,56,49
92,58,2
92,59,10
92,61,2
92,62,8
92,63,26
92,64,4
92,65,2
92,67,66
92,68,5
92,69,8
92,70,2
92,71,15
92,72,18
92,73,14
92,74,8
92,75,6
92,76,2
92,78,4
92,79,8
92,81,3
92,82,11
92,84,5
92,85,9
92,86,1
92,87,2
92,88,1
92,89,4
92,90,1
92,91,1
92,93,3
92,94,3
92,95,1
92,97,12
92,98,7
92,99,52
92,100,7
92,105,3
92,106,9
92,108,2
92,110,9
92,111,5
92,112,1
92,113,9
92,114,4
92,118,11
92,120,1
92,123,8
92,124,5
92,125,2
92,126,4
92,127,1
92,128,2
92,129,11
92,130,2
92,131,1
92,134,5
92,136,1
92,137,4
92,140,9
92,143,6
92,145,2
92,150,1
92,153,1
92,155,1
92,156,1
92,159,1
92,160,4
92,162,3
92,163,3
92,164,18
92,165,16
92,166,30
92,167,6
92,168,1
92,169,3
92,171,3
92,172,5
92,174,3
92,175,8
92,178,2
92,180,1
92,181,7
92,182,1
92,184,1
92,187,15
92,188,1
92,190,1
92,191,1
92,192,5
92,193,2
92,194,2
92,195,2
92,196,6
92,198,9
92,199,2
93,1,4
93,2,8
93,3,7
93,4,15
93,5,67
93,6,7
93,7,5
93,8,5
93,9,2
93,11,15
93,12,1
93,13,8
93,14,8
93,15,45
93,16,24
93,17,4
93,18,39
93,19,18
93,20,1
93,21,83
93,22,5
93,23,2
93,24,4
93,25,6
93,26,2
93,28,53
93,29,8
93,30,2
93,31,1
93,32,9
93,33,10
93,36,2
93,37,2
93,38,1
93,39,5
93,40,11
93,41,2
93,42,13
93,43,4
93,44,8
93,45,4
93,46,8
93,47,3
93,48,3
93,49,3
93,51,1
93,52,8
93,53,1
93,54,3
93,55,54
93,56,32
93,58,14
93,59,22
93,62,12
93,63,30
93,64,2
93,65,7
93,66,5
93,67,167
93,68,12
93,69,4
93,70,3
93,71,24
93,72,15
93,73,5
93,74,6
93,75,17
93,76,12
93,78,7
93,79,3
93,80,2
93,81,25
93,82,16
93,83,9
93,84,22
93,85,10
93,86,3
93,87,3
93,88,4
93,89,4
93,90,20
93,91,2
93,92,16
93,94,5
93,95,8
93,96,2
93,97,15
93,98,11
93,99,113
93,100,29
93,105,2
93,106,9
93,108,8
93,109,2
93,110,7
93,111,3
93,112,3
93,113,6
93,114,3
93,115,3
93,117,3
93,118,13
93,120,1
93,121,1
93,122,2
93,123,11
93,124,7
93,126,1
93,128,2
93,129,28
93,130,5
93,131,5
93,132,2
93,135,2
93,137,6
93,140,27
93,141,4
93,143,3
93,145,5
93,146,6
93,147,2
93,148,2
93,149,1
93,152,1
93,153,1
93,154,2
93,155,4
93,156,2
93,158,1
93,159,3
93,160,2
93,161,2
93,162,3
93,163,4
93,164,14
93,165,87
93,166,16
93,167,4
93,168,2
93,169,8
93,171,5
93,172,11
93,174,1
93,175,43
93,176,2
93,177,4
93,178,4
93,181,5
93,182,1
93,183,2
93,185,1
93,186,1
93,187,14
93,188,5
93,189,2
93,191,5
93,192,9
93,193,11
93,194,8
93,195,2
93,196,4
93,197,3
93,198,5
93,199,9
94,1,2
94,2,2
94,3,3
94,4,2
94,5,52
94,6,2
94,7,2
94,8,1
94,11,13
94,13,2
94,14,3
94,15,15
94,16,17
94,17,1
94,18,20
94,19,4
94,21,81
94,23,1
94,25,8
94,26,3
94,28,25
94,29,7
94,30,2
94,32,8
94,33,3
94,34,1
94,36,2
94,39,3
94,40,7
94,41,1
94,42,1
94,43,16
94,44,1
94,45,1
94,46,2
94,48,1
94,49,1
94,52,11
94,53,1
94,54,7
94,55,14
94,56,38
94,58,3
94,59,9
94,62,12
94,63,10
94,64,1
94,65,13
94,66,6
94,67,83
94,68,7
94,69,1
94,70,1
94,71,15
94,72,13
94,73,10
94,74,2
94,75,5
94,76,2
94,78,2
94,79,7
94,81,6
94,82,10
94,83,7
94,84,7
94,85,5
94,86,1
94,87,3
94,88,2
94,89,3
94,90,5
94,92,13
94,93,4
94,95,2
94,97,9
94,98,10
94,99,39
94,100,4
94,103,1
94,106,4
94,110,4
94,111,2
94,112,1
94,113,4
94,114,2
94,118,13
94,121,1
94,122,1
94,123,11
94,124,1
94,125,2
94,126,1
94,127,1
94,128,1
94,129,9
94,130,1
94,131,1
94,132,1
94,133,4
94,137,1
94,138,1
94,140,6
94,141,3
94,143,1
94,146,3
94,148,1
94,149,1
94,153,1
94,155,4
94,158,1
94,164,2
94,165,13
94,166,5
94,167,3
94,169,7
94,171,1
94,172,7
94,175,9
94,180,1
94,181,1
94,187,15
94,191,2
94,192,5
94,193,2
94,194,1
94,196,4
94,197,1
94,198,3
94,199,4
95,2,1
95,3,4
95,4,6
95,5,54
95,6,2
95,7,5
95,10,1
95,11,11
95,12,1
95,13,8
95,14,1
95,15,18
95,16,28
95,17,2
95,18,17
95,19,7
95,21,139
95,23,1
95,25,5
95,28,39
95,29,14
95,30,5
95,31,1
95,32,13
95,33,4
95,39,2
95,40,10
95,42,5
95,43,9
95,44,10
95,45,3
95,46,9
95,47,1
95,48,2
95,49,2
95,52,4
95,53,1
95,54,13
95,55,30
95,56,29
95,57,2
95,58,4
95,59,13
95,62,10
95,63,34
95,65,5
95,66,7
95,67,97
95,68,14
95,70,6
95,71,4
95,72,34
95,73,10
95,74,13
95,75,5
95,76,2
95,77,1
95,78,5
95,79,9
95,80,3
95,81,7
95,82,18
95,84,6
95,85,7
95,87,3
95,89,7
95,90,8
95,91,2
95,92,7
95,93,7
95,94,6
95,96,2
95,98,15
95,99,69
95,100,6
95,101,2
95,103,1
95,105,2
95,106,9
95,107,1
95,108,2
95,110,9
95,111,5
95,112,2
95,113,1
95,117,1
95,118,11
95,121,1
95,122,4
95,123,8
95,124,8
95,126,3
95,127,3
95,129,3
95,130,1
95,131,1
95,133,4
95,134,4
95,136,2
95,137,4
95,140,11
95,141,1
95,143,3
95,145,1
95,146,1
95,147,2
95,154,2
95,155,7
95,158,1
95,160,3
95,161,1
95,163,1
95,164,20
95,165,17
95,166,16
95,167,4
95,169,7
95,170,1
95,171,1
95,172,3
95,174,1
95,175,11
95,176,1
95,177,2
95,179,3
95,181,1
95,182,1
95,183,1
95,187,14
95,191,2
95,192,6
95,193,10
95,194,6
95,195,1
95,197,1
95,198,3
95,199,5
96,1,2
96,2,12
96,3,11
96,4,13
96,5,106
96,6,2
96,7,4
96,8,1
96,9,1
96,10,4
96,11,13
96,12,2
96,13,13
96,14,12
96,15,81
96,16,58
96,17,7
96,18,23
96,19,14
96,20,3
96,21,164
96,22,1
96,23,3
96,25,19
96,26,2
96,28,61
96,29,12
96,30,9
96,31,4
96,32,25
96,33,15
96,34,1
96,38,2
96,39,5
96,40,25
96,42,20
96,43,12
96,44,28
96,45,1
96,46,10
96,47,3
96,48,7
96,49,4
96,52,8
96,53,5
96,54,43
96,55,77
96,56,76
96,57,3
96,58,8
96,59,29
96,62,11
96,63,34
96,64,4
96,65,13
96,66,5
96,67,203
96,68,9
96,69,7
96,70,14
96,71,44
96,72,37
96,73,19
96,74,21
96,75,6
96,76,8
96,78,21
96,79,33
96,80,1
96,81,8
96,82,34
96,83,13
96,84,13
96,85,16
96,87,12
96,88,7
96,89,14
96,90,9
96,91,4
96,92,15
96,93,8
96,94,18
96,95,2
96,97,17
96,98,22
96,99,111
96,100,17
96,101,5
96,102,3
96,104,2
96,105,6
96,106,16
96,107,3
96,108,4
96,109,1
96,110,24
96,111,8
96,112,5
96,113,6
96,114,1
96,115,3
96,117,6
96,118,16
96,122,6
96,123,16
96,124,4
96,125,1
96,126,1
96,127,3
96,129,15
96,130,3
96,131,3
96,132,2
96,133,2
96,134,1
96,137,4
96,139,1
96,140,20
96,141,1
96,143,2
96,145,1
96,146,8
96,147,3
96,149,2
96,150,1
96,151,1
96,152,1
96,155,17
96,156,1
96,157,3
96,158,2
96,159,1
96,160,4
96,161,1
96,163,2
96,164,25
96,165,45
96,166,35
96,167,11
96,169,10
96,171,4
96,172,16
96,174,3
96,175,25
96,176,2
96,177,2
96,180,3
96,181,8
96,182,5
96,183,1
96,184,8
96,187,26
96,188,1
96,189,1
96,190,2
96,191,4
96,192,9
96,193,15
96,194,8
96,195,8
96,196,16
96,197,5
96,198,12
96,199,3
97,1,2
97,2,8
97,3,2
97,4,6
97,5,87
97,6,6
97,8,2
97,11,12
97,12,1
97,13,7
97,14,12
97,15,45
97,16,34
97,17,4
97,18,16
97,19,16
97,20,3
97,21,135
97,22,2
97,25,14
97,26,5
97,28,56
97,29,9
97,30,5
97,31,5
97,32,10
97,33,9
97,34,3
97,35,1
97,36,2
97,37,1
97,39,10
97,40,12
97,41,2
97,42,9
97,43,10
97,44,15
97,45,2
97,46,6
97,48,6
97,49,8
97,52,17
97,53,7
97,54,29
97,55,26
97,56,60
97,57,1
97,58,9
97,59,27
97,62,23
97,63,43
97,64,6
97,65,13
97,66,6
97,67,153
97,68,15
97,70,7
97,71,26
97,72,26
97,73,20
97,74,27
97,75,3
97,76,3
97,78,15
97,79,7
97,81,12
97,82,23
97,83,4
97,84,12
97,85,9
97,86,3
97,87,28
97,88,2
97,89,2
97,90,7
97,91,1
97,92,12
97,93,2
97,94,4
97,95,9
97,96,4
97,98,14
97,99,68
97,100,17
97,101,4
97,102,2
97,103,1
97,104,3
97,105,6
97,106,7
97,107,3
97,108,4
97,109,5
97,110,11
97,111,4
97,112,8
97,113,7
97,114,3
97,115,3
97,118,17
97,119,1
97,120,2
97,121,3
97,123,10
97,124,3
97,125,4
97,126,2
97,127,1
97,128,3
97,129,7
97,130,3
97,131,3
97,132,4
97,133,2
97,134,3
97,135,4
97,137,2
97,138,2
97,140,20
97,141,2
97,143,1
97,146,1
97,147,3
97,154,1
97,155,17
97,156,1
97,157,1
97,158,2
97,160,3
97,161,4
97,162,2
97,164,19
97,165,43
97,166,52
97,167,3
97,169,2
97,170,1
97,171,1
97,172,16
97,174,1
97,175,24
97,176,1
97,177,3
97,178,4
97,179,1
97,180,2
97,181,7
97,182,2
97,184,1
97,185,2
97,186,2
97,187,12
97,188,2
97,189,3
97,192,6
97,193,1
97,194,5
97,195,9
97,196,3
97,197,7
97,198,8
97,199,6
98,1,8
98,2,1
98,3,7
98,4,6
98,5,80
98,6,1
98,7,2
98,9,4
98,10,1
98,11,17
98,12,1
98,13,7
98,14,5
98,15,37
98,16,36
98,17,5
98,18,21
98,19,5
98,20,2
98,21,191
98,22,1
98,23,2
98,24,2
98,25,15
98,26,2
98,27,3
98,28,45
98,29,10
98,30,7
98,31,2
98,32,18
98,33,10
98,34,2
98,37,4
98,39,7
98,40,7
98,41,5
98,42,6
98,43,7
98,44,23
98,46,11
98,48,2
98,49,4
98,50,1
98,52,3
98,53,12
98,54,14
98,55,55
98,56,58
98,57,1
98,58,9
98,59,23
98,60,1
98,61,1
98,62,12
98,63,23
98,64,6
98,65,3
98,66,3
98,67,113
98,68,10
98,70,4
98,71,12
98,72,36
98,73,20
98,74,7
98,75,4
98,76,5
98,78,9
98,79,7
98,81,12
98,82,20
98,83,11
98,84,17
98,85,3
98,86,5
98,87,16
98,88,1
98,89,1
98,91,3
98,92,11
98,93,2
98,94,9
98,95,3
98,96,1
98,97,14
98,99,86
98,100,14
98,101,2
98,102,5
98,104,3
98,105,1
98,106,6
98,108,7
98,110,15
98,111,9
98,112,6
98,113,2
98,114,3
98,118,11
98,122,2
98,123,11
98,124,3
98,125,4
98,127,1
98,128,3
98,129,9
98,130,1
98,131,6
98,132,1
98,133,1
98,134,2
98,136,1
98,137,1
98,140,13
98,141,2
98,143,1
98,145,3
98,146,4
98,149,1
98,151,1
98,153,3
98,155,5
98,157,1
98,158,1
98,161,1
98,162,6
98,163,6
98,164,15
98,165,13
98,166,42
98,167,7
98,169,12
98,171,4
98,172,7
98,174,2
98,175,15
98,181,9
98,183,1
98,187,12
98,191,3
98,192,9
98,193,4
98,194,11
98,195,1
98,196,13
98,197,6
98,198,13
98,199,2
99,1,1
99,3,5
99,5,210
99,6,7
99,7,3
99,8,2
99,9,4
99,11,28
99,12,5
99,13,10
99,14,3
99,15,24
99,16,21
99,18,24
99,20,1
99,21,93
99,22,4
99,25,17
99,26,5
99,28,24
99,29,7
99,30,2
99,32,45
99,33,10
99,34,6
99,35,2
99,36,1
99,37,2
99,38,1
99,39,2
99,40,29
99,41,1
99,42,34
99,43,19
99,44,13
99,46,27
99,47,1
99,48,5
99,49,5
99,52,2
99,54,1
99,55,21
99,56,80
99,57,3
99,58,11
99,59,19
99,61,3
99,62,15
99,63,45
99,64,3
99,65,6
99,66,6
99,67,496
99,68,14
99,70,16
99,71,9
99,72,29
99,73,22
99,74,8
99,75,6
99,76,13
99,78,4
99,79,26
99,80,1
99,81,2
99,82,3
99,84,8
99,85,3
99,87,1
99,91,1
99,94,2
99,96,1
99,97,2
99,98,6
99,100,25
99,101,5
99,102,12
99,103,7
99,104,6
99,105,4
99,106,6
99,107,2
99,108,2
99,110,36
99,111,6
99,112,1
99,113,1
99,115,3
99,117,2
99,118,11
99,122,2
99,123,34
99,124,13
99,125,3
99,126,1
99,128,2
99,129,8
99,133,1
99,134,5
99,135,1
99,137,3
99,138,1
99,140,30
99,141,13
99,143,1
99,145,1
99,146,4
99,147,3
99,152,2
99,153,1
99,155,10
99,156,1
99,158,1
99,159,1
99,160,3
99,161,1
99,164,12
99,165,10
99,166,13
99,167,9
99,169,2
99,172,4
99,175,5
99,177,3
99,178,2
99,180,2
99,182,2
99,184,1
99,185,1
99,187,2
99,191,4
99,192,2
99,193,11
99,194,1
99,195,3
99,196,3
99,197,2
99,198,3
99,199,2
100,1,7
100,2,2
100,3,8
100,4,5
100,5,92
100,6,3
100,7,3
100,9,2
100,10,3
100,11,31
100,12,6
100,13,6
100,14,1
100,15,43
100,16,16
100,17,1
100,18,19
100,19,2
100,20,2
100,21,106
100,23,10
100,25,32
100,26,5
100,27,3
100,28,25
100,29,4
100,30,2
100,31,5
100,32,81
100,33,22
100,34,6
100,35,3
100,38,4
100,39,5
100,40,26
100,41,2
100,42,35
100,43,35
100,44,6
100,45,2
100,46,44
100,47,3
100,48,2
100,49,6
100,50,2
100,52,3
100,53,3
100,54,9
100,55,21
100,56,103
100,57,3
100,58,4
100,59,8
100,62,10
100,63,56
100,64,10
100,65,7
100,66,5
100,67,592
100,68,17
100,69,31
100,70,8
100,71,17
100,72,27
100,73,26
100,74,11
100,75,9
100,76,23
100,78,9
100,79,31
100,81,3
100,82,7
100,83,3
100,84,9
100,85,1
100,91,1
100,92,3
100,93,2
100,94,10
100,96,1
100,97,2
100,98,10
100,99,140
100,101,7
100,102,6
100,103,8
100,105,6
100,106,10
100,107,4
100,108,5
100,109,2
100,110,63
100,111,14
100,112,7
100,113,8
100,114,1
100,115,4
100,117,3
100,118,30
100,119,1
100,122,12
100,123,36
100,124,19
100,125,13
100,126,6
100,127,4
100,128,5
100,129,30
100,132,2
100,133,7
100,134,10
100,135,2
100,136,1
100,137,13
100,138,2
100,140,48
100,141,9
100,145,3
100,146,12
100,147,5
100,148,3
100,151,1
100,152,1
100,153,2
100,154,4
100,155,32
100,156,4
100,157,1
100,158,3
100,160,4
100,161,1
100,162,1
100,163,8
100,164,6
100,165,18
100,166,8
100,167,15
100,169,2
100,170,1
100,172,6
100,175,6
100,178,1
100,180,4
100,181,3
100,182,1
100,183,3
100,184,5
100,191,1
100,192,6
100,193,3
100,194,3
100,195,3
100,196,10
100,198,2
100,199,2
101,1,8
101,2,1
101,3,13
101,4,7
101,5,79
101,6,4
101,7,3
101,8,1
101,9,1
101,10,1
101,11,42
101,13,7
101,14,7
101,15,25
101,16,11
101,17,3
101,18,12
101,19,3
101,21,47
101,22,1
101,23,3
101,24,1
101,25,17
101,26,11
101,27,1
101,28,32
101,29,2
101,30,1
101,32,22
101,33,5
101,35,4
101,36,1
101,37,2
101,38,2
101,39,10
101,40,14
101,41,4
101,42,31
101,43,13
101,44,15
101,46,24
101,47,2
101,48,2
101,49,6
101,50,1
101,53,1
101,55,23
101,56,60
101,57,2
101,58,3
101,59,16
101,61,1
101,62,2
101,63,34
101,64,2
101,65,10
101,66,4
101,67,342
101,68,13
101,69,9
101,70,7
101,71,10
101,72,27
101,73,18
101,74,13
101,75,14
101,76,17
101,78,2
101,79,12
101,80,1
101,81,6
101,82,5
101,83,3
101,84,4
101,85,2
101,89,1
101,90,6
101,92,2
101,96,1
101,98,6
101,99,140
101,100,46
101,102,12
101,103,1
101,104,2
101,105,4
101,106,2
101,107,1
101,108,1
101,110,22
101,111,4
101,112,1
101,113,9
101,114,2
101,115,6
101,117,3
101,118,19
101,121,1
101,122,11
101,123,20
101,124,7
101,125,10
101,127,2
101,128,5
101,129,7
101,133,10
101,134,4
101,135,1
101,136,5
101,137,12
101,138,1
101,140,32
101,141,10
101,143,6
101,145,12
101,146,6
101,147,1
101,148,2
101,149,1
101,150,2
101,152,2
101,154,1
101,155,24
101,156,1
101,157,3
101,158,2
101,159,1
101,160,2
101,161,6
101,163,9
101,164,2
101,165,18
101,166,6
101,167,8
101,169,6
101,170,1
101,172,1
101,174,1
101,175,18
101,177,3
101,178,1
101,180,1
101,192,1
101,193,2
101,194,4
101,195,1
101,196,6
101,198,1
101,199,2
102,1,2
102,3,3
102,4,1
102,5,302
102,7,6
102,8,2
102,9,1
102,11,15
102,12,1
102,14,5
102,15,17
102,16,8
102,18,5
102,21,37
102,23,3
102,24,1
102,25,11
102,26,1
102,28,15
102,30,2
102,32,22
102,33,6
102,34,1
102,36,1
102,38,1
102,39,1
102,40,7
102,41,3
102,42,17
102,43,10
102,44,9
102,46,11
102,48,1
102,49,3
102,52,1
102,55,5
102,56,37
102,57,2
102,58,2
102,59,6
102,62,5
102,63,33
102,64,6
102,65,3
102,66,1
102,67,188
102,68,9
102,69,4
102,70,6
102,71,14
102,72,13
102,73,14
102,74,4
102,75,3
102,76,13
102,78,2
102,79,15
102,80,1
102,81,1
102,82,3
102,84,5
102,85,2
102,87,1
102,88,1
102,97,1
102,98,8
102,99,105
102,100,6
102,101,2
102,103,6
102,104,1
102,105,3
102,106,2
102,107,2
102,110,20
102,111,2
102,112,1
102,113,4
102,117,2
102,118,9
102,122,3
102,123,11
102,124,9
102,126,1
102,128,4
102,129,1
102,133,4
102,134,2
102,137,4
102,139,1
102,140,10
102,143,3
102,145,3
102,146,1
102,147,4
102,151,1
102,152,3
102,153,2
102,154,4
102,155,10
102,156,1
102,158,7
102,160,1
102,161,1
102,162,3
102,163,1
102,164,8
102,165,5
102,166,2
102,167,13
102,169,3
102,170,3
102,172,1
102,175,2
102,178,3
102,182,1
102,184,3
102,187,3
102,189,5
102,191,1
102,192,2
102,193,3
102,194,1
102,197,1
102,198,2
103,1,1
103,2,8
103,3,10
103,4,1
103,5,84
103,6,2
103,7,2
103,8,2
103,9,3
103,11,11
103,12,1
103,13,2
103,15,14
103,16,19
103,17,3
103,18,12
103,19,1
103,20,1
103,21,20
103,22,1
103,25,7
103,26,2
103,28,27
103,29,7
103,30,1
103,32,24
103,33,13
103,34,1
103,39,8
103,40,10
103,41,4
103,42,8
103,43,13
103,44,3
103,45,2
103,46,33
103,48,1
103,49,4
103,52,1
103,54,1
103,55,5
103,56,50
103,57,3
103,58,8
103,59,2
103,62,25
103,63,41
103,64,4
103,65,8
103,66,7
103,67,189
103,68,13
103,69,1
103,70,5
103,71,7
103,72,11
103,73,17
103,74,6
103,75,1
103,76,1
103,78,3
103,79,5
103,81,2
103,82,9
103,83,5
103,84,6
103,85,1
103,86,1
103,87,2
103,88,1
103,89,1
103,90,1
103,92,3
103,94,1
103,98,2
103,99,78
103,100,12
103,101,6
103,102,14
103,104,2
103,105,2
103,106,3
103,107,1
103,108,2
103,110,19
103,111,5
103,112,2
103,113,2
103,117,1
103,118,4
103,122,1
103,123,11
103,124,8
103,128,1
103,129,6
103,133,17
103,134,2
103,137,1
103,140,12
103,143,1
103,146,1
103,153,1
103,154,2
103,155,9
103,161,2
103,162,1
103,163,1
103,164,2
103,165,3
103,166,3
103,167,11
103,169,3
103,170,1
103,172,8
103,173,1
103,175,2
103,179,1
103,181,3
103,183,1
103,187,1
103,191,1
103,192,1
103,194,1
103,195,1
103,196,2
103,197,1
103,198,3
103,199,3
104,1,5
104,2,3
104,3,5
104,4,4
104,5,144
104,6,4
104,7,2
104,8,3
104,9,3
104,10,3
104,11,13
104,12,2
104,13,3
104,15,11
104,16,19
104,18,10
104,21,44
104,22,1
104,23,1
104,25,3
104,26,5
104,27,3
104,28,19
104,29,6
104,30,3
104,32,28
104,33,9
104,34,4
104,35,3
104,36,3
104,39,1
104,40,7
104,42,16
104,43,18
104,44,4
104,45,1
104,46,38
104,47,1
104,48,3
104,52,1
104,53,3
104,54,1
104,55,16
104,56,80
104,57,3
104,58,5
104,59,7
104,62,14
104,63,42
104,64,10
104,65,2
104,66,7
104,67,284
104,68,17
104,69,2
104,70,1
104,71,9
104,72,11
104,73,13
104,74,6
104,76,11
104,79,11
104,81,7
104,82,5
104,83,2
104,84,4
104,85,5
104,90,1
104,92,4
104,94,3
104,96,1
104,98,1
104,99,135
104,100,13
104,101,4
104,102,13
104,103,6
104,105,5
104,106,8
104,110,19
104,111,7
104,112,1
104,113,2
104,117,12
104,118,10
104,122,2
104,123,5
104,124,14
104,125,4
104,126,1
104,128,5
104,129,4
104,132,1
104,133,11
104,134,5
104,135,1
104,137,3
104,140,20
104,141,1
104,142,1
104,143,3
104,146,1
104,147,1
104,148,3
104,150,3
104,154,2
104,155,12
104,160,1
104,161,2
104,163,1
104,164,3
104,165,13
104,166,3
104,167,4
104,169,3
104,174,1
104,175,10
104,180,1
104,181,3
104,184,2
104,185,1
104,187,1
104,188,3
104,189,1
104,192,4
104,193,3
104,194,9
104,196,2
104,197,2
104,198,4
104,199,3
105,1,4
105,2,8
105,3,1
105,4,6
105,5,158
105,6,1
105,8,2
105,10,1
105,11,17
105,13,5
105,14,5
105,15,44
105,16,29
105,17,2
105,18,18
105,19,3
105,20,1
105,21,62
105,23,1
105,25,9
105,26,1
105,27,1
105,28,28
105,29,1
105,30,3
105,31,2
105,32,38
105,33,5
105,34,2
105,36,2
105,37,1
105,39,8
105,40,20
105,41,1
105,42,14
105,43,16
105,44,7
105,46,19
105,48,2
105,49,2
105,50,2
105,51,1
105,52,1
105,53,3
105,54,1
105,55,23
105,56,54
105,57,1
105,58,3
105,59,20
105,62,14
105,63,29
105,64,3
105,65,15
105,66,4
105,67,182
105,68,8
105,69,2
105,70,18
105,71,28
105,72,20
105,73,46
105,74,13
105,75,5
105,76,9
105,78,10
105,79,15
105,81,4
105,82,6
105,83,2
105,84,14
105,85,6
105,86,1
105,88,4
105,90,1
105,92,2
105,93,1
105,94,1
105,98,15
105,99,79
105,100,6
105,102,9
105,103,4
105,104,6
105,106,24
105,107,7
105,108,8
105,109,1
105,110,21
105,111,4
105,112,5
105,113,3
105,114,1
105,115,1
105,117,4
105,118,5
105,119,2
105,122,3
105,123,12
105,124,5
105,125,4
105,126,2
105,128,2
105,129,5
105,130,1
105,132,1
105,133,3
105,134,6
105,136,2
105,137,2
105,140,7
105,143,18
105,146,6
105,147,2
105,152,1
105,153,1
105,155,14
105,158,1
105,160,1
105,161,5
105,164,10
105,165,16
105,166,15
105,169,4
105,170,2
105,172,9
105,175,2
105,176,1
105,177,2
105,183,1
105,184,2
105,189,1
105,191,5
105,192,6
105,193,2
105,194,5
105,195,5
105,196,4
105,197,4
105,198,8
105,199,7
106,1,19
106,2,6
106,3,12
106,4,4
106,5,257
106,6,2
106,7,4
106,8,1
106,9,1
106,10,1
106,11,19
106,12,1
106,13,13
106,14,2
106,15,33
106,16,25
106,17,5
106,18,27
106,21,65
106,22,1
106,23,2
106,25,14
106,27,2
106,28,37
106,29,12
106,30,1
106,31,1
106,32,29
106,33,20
106,34,2
106,38,1
106,39,1
106,40,13
106,41,6
106,42,20
106,43,14
106,44,20
106,46,24
106,48,1
106,49,1
106,50,2
106,52,7
106,53,2
106,54,5
106,55,48
106,56,102
106,57,6
106,58,4
106,59,21
106,62,17
106,63,59
106,64,2
106,65,10
106,66,13
106,67,212
106,68,12
106,69,7
106,70,19
106,71,15
106,72,36
106,73,23
106,74,9
106,75,4
106,76,11
106,77,1
106,78,2
106,79,28
106,80,1
106,81,14
106,82,15
106,83,3
106,84,11
106,85,2
106,87,5
106,89,4
106,90,1
106,92,4
106,93,1
106,94,1
106,96,1
106,97,3
106,98,13
106,99,117
106,100,17
106,102,5
106,103,2
106,104,8
106,105,4
106,107,4
106,108,7
106,109,2
106,110,29
106,111,6
106,113,3
106,115,7
106,117,3
106,118,10
106,123,15
106,124,10
106,125,2
106,127,2
106,129,4
106,133,9
106,134,1
106,135,1
106,136,1
106,137,1
106,140,16
106,141,1
106,143,18
106,145,3
106,146,2
106,147,5
106,148,3
106,154,3
106,155,10
106,156,1
106,157,1
106,158,7
106,160,1
106,162,1
106,163,5
106,164,12
106,165,8
106,166,16
106,167,3
106,169,8
106,170,2
106,172,6
106,173,1
106,174,6
106,175,13
106,176,1
106,177,1
106,178,1
106,180,3
106,182,1
106,183,2
106,184,1
106,187,1
106,188,3
106,189,1
106,191,1
106,192,6
106,193,11
106,195,9
106,196,4
106,198,12
106,199,3
107,1,7
107,2,3
107,3,7
107,5,128
107,7,1
107,9,1
107,11,10
107,13,2
107,14,2
107,15,27
107,16,25
107,17,4
107,18,18
107,21,59
107,22,1
107,23,1
107,25,10
107,26,3
107,28,19
107,31,2
107,32,26
107,33,14
107,35,1
107,39,4
107,40,11
107,41,1
107,42,8
107,43,8
107,44,2
107,46,17
107,48,2
107,49,6
107,52,5
107,53,1
107,54,3
107,55,18
107,56,56
107,58,3
107,59,10
107,62,12
107,63,42
107,64,5
107,65,5
107,66,7
107,67,157
107,68,10
107,69,1
107,70,10
107,71,14
107,72,24
107,73,27
107,74,11
107,75,6
107,76,4
107,78,3
107,79,11
107,81,4
107,82,5
107,83,2
107,87,3
107,93,1
107,94,1
107,95,4
107,96,2
107,97,3
107,98,11
107,99,82
107,100,10
107,101,1
107,102,3
107,103,3
107,104,2
107,105,7
107,106,11
107,108,3
107,110,22
107,111,4
107,112,1
107,113,3
107,115,1
107,118,7
107,119,1
107,122,3
107,123,14
107,124,15
107,125,1
107,127,1
107,128,2
107,129,6
107,130,1
107,133,2
107,134,6
107,140,11
107,141,2
107,142,1
107,143,6
107,146,4
107,150,1
107,155,5
107,156,1
107,158,1
107,159,1
107,160,4
107,161,3
107,162,1
107,164,7
107,165,12
107,166,1
107,167,1
107,169,2
107,171,1
107,172,10
107,175,3
107,177,1
107,184,1
107,187,2
107,188,2
107,192,4
107,193,1
107,194,2
107,195,2
107,196,2
107,197,1
107,198,8
107,199,2
108,2,6
108,3,1
108,4,3
108,5,110
108,6,3
108,7,1
108,10,1
108,11,5
108,12,1
108,13,18
108,14,2
108,15,60
108,16,34
108,17,14
108,18,27
108,19,2
108,20,2
108,21,172
108,22,2
108,23,1
108,25,4
108,28,25
108,29,4
108,30,3
108,32,9
108,33,24
108,34,2
108,36,1
108,37,1
108,38,2
108,39,2
108,40,16
108,41,2
108,42,53
108,43,14
108,44,2
108,45,1
108,46,14
108,47,1
108,48,2
108,49,2
108,50,1
108,52,2
108,53,5
108,54,4
108,55,22
108,56,96
108,58,6
108,59,20
108,62,10
108,63,36
108,65,16
108,66,1
108,67,164
108,68,11
108,69,4
108,70,15
108,71,15
108,72,36
108,73,35
108,74,31
108,75,6
108,76,9
108,78,7
108,79,19
108,81,20
108,82,11
108,83,8
108,84,4
108,85,18
108,88,1
108,89,1
108,90,6
108,92,5
108,93,1
108,94,3
108,97,10
108,98,5
108,99,70
108,100,11
108,101,2
108,102,4
108,103,3
108,105,10
108,106,12
108,107,4
108,109,2
108,110,32
108,117,2
108,118,6
108,121,6
108,122,3
108,123,37
108,124,4
108,125,2
108,128,2
108,129,8
108,130,3
108,131,1
108,133,4
108,134,1
108,137,1
108,138,1
108,140,14
108,141,2
108,143,8
108,145,3
108,146,4
108,147,2
108,154,1
108,155,28
108,158,1
108,160,2
108,163,8
108,164,23
108,165,28
108,166,41
108,171,2
108,172,9
108,173,8
108,175,10
108,179,2
108,181,2
108,184,5
108,185,5
108,187,1
108,188,3
108,191,1
108,192,20
108,193,2
108,194,6
108,195,16
108,196,10
108,197,1
108,198,10
108,199,7
109,1,7
109,2,4
109,3,2
109,4,8
109,5,103
109,6,7
109,7,2
109,8,1
109,11,6
109,12,1
109,13,7
109,14,3
109,15,61
109,16,33
109,17,19
109,18,21
109,19,8
109,20,3
109,21,101
109,22,1
109,23,3
109,25,4
109,26,2
109,27,2
109,28,28
109,29,3
109,30,4
109,31,1
109,32,25
109,33,25
109,38,2
109,39,5
109,40,21
109,41,2
109,42,11
109,43,7
109,44,1
109,45,1
109,46,8
109,47,1
109,48,2
109,49,7
109,50,3
109,52,6
109,53,5
109,54,6
109,55,28
109,56,61
109,57,1
109,58,4
109,59,11
109,62,11
109,63,41
109,64,5
109,65,1
109,66,3
109,67,108
109,68,6
109,69,5
109,70,7
109,71,14
109,72,34
109,73,19
109,74,28
109,75,1
109,76,7
109,77,2
109,78,19
109,79,9
109,81,8
109,82,15
109,83,6
109,84,9
109,85,11
109,86,2
109,87,6
109,88,4
109,89,2
109,92,2
109,93,3
109,94,4
109,96,1
109,97,3
109,98,7
109,99,46
109,100,12
109,101,1
109,102,9
109,103,1
109,105,8
109,106,16
109,107,5
109,108,4
109,110,14
109,111,4
109,112,1
109,113,1
109,114,2
109,118,12
109,122,4
109,123,17
109,124,8
109,126,2
109,128,1
109,129,4
109,130,1
109,132,1
109,133,2
109,134,3
109,137,3
109,138,1
109,139,1
109,140,10
109,141,6
109,143,6
109,145,1
109,146,3
109,149,1
109,152,1
109,154,2
109,155,8
109,156,1
109,160,3
109,161,1
109,164,4
109,165,21
109,166,11
109,167,4
109,169,1
109,170,1
109,172,11
109,173,5
109,175,14
109,177,1
109,179,1
109,180,1
109,181,3
109,182,2
109,184,2
109,186,2
109,188,1
109,189,1
109,190,1
109,191,5
109,192,9
109,193,6
109,194,10
109,195,7
109,196,5
109,197,2
109,198,6
109,199,5
110,1,1
110,2,5
110,3,5
110,5,44
110,8,1
110,9,1
110,11,19
110,13,1
110,14,2
110,15,19
110,16,9
110,18,10
110,19,3
110,21,45
110,22,5
110,23,5
110,25,21
110,26,4
110,28,16
110,30,2
110,31,3
110,32,30
110,33,4
110,34,2
110,36,2
110,38,1
110,39,4
110,40,4
110,41,3
110,42,17
110,43,29
110,44,17
110,46,38
110,48,4
110,49,2
110,54,1
110,55,6
110,56,42
110,59,10
110,61,1
110,62,5
110,63,33
110,64,6
110,65,6
110,66,3
110,67,253
110,68,11
110,70,1
110,71,10
110,72,23
110,73,10
110,74,4
110,75,8
110,76,14
110,77,1
110,78,2
110,79,17
110,81,7
110,82,1
110,83,4
110,84,5
110,87,5
110,88,5
110,89,2
110,94,5
110,95,2
110,96,1
110,97,1
110,98,7
110,99,81
110,100,17
110,101,10
110,102,6
110,103,12
110,104,4
110,105,5
110,106,6
110,107,1
110,108,3
110,111,5
110,112,6
110,113,5
110,115,1
110,117,3
110,118,19
110,121,1
110,122,4
110,123,39
110,124,15
110,125,3
110,126,1
110,128,1
110,129,3
110,130,1
110,133,7
110,134,1
110,136,2
110,137,2
110,140,32
110,141,3
110,143,1
110,145,1
110,146,2
110,147,3
110,148,2
110,151,2
110,152,2
110,154,4
110,155,24
110,158,2
110,160,5
110,161,2
110,163,1
110,164,9
110,165,20
110,166,5
110,167,2
110,169,5
110,171,3
110,172,7
110,174,1
110,175,6
110,178,1
110,181,2
110,183,1
110,187,3
110,189,2
110,191,5
110,192,11
110,193,2
110,195,3
110,196,2
110,197,1
110,198,3
110,199,1
111,1,5
111,2,14
111,3,1
111,4,3
111,5,47
111,6,6
111,7,2
111,8,1
111,11,29
111,12,2
111,13,5
111,14,1
111,15,6
111,16,10
111,17,4
111,18,4
111,19,2
111,20,2
111,21,31
111,22,2
111,23,2
111,25,32
111,27,4
111,28,24
111,29,8
111,31,1
111,32,11
111,33,2
111,34,10
111,35,1
111,37,5
111,38,4
111,39,9
111,40,5
111,42,18
111,43,14
111,44,10
111,45,2
111,46,26
111,47,3
111,48,9
111,49,6
111,50,2
111,51,1
111,52,4
111,53,1
111,54,3
111,55,16
111,56,35
111,57,1
111,58,4
111,59,1
111,62,8
111,63,30
111,64,3
111,65,6
111,66,3
111,67,218
111,68,23
111,69,6
111,70,5
111,71,2
111,72,6
111,73,6
111,74,5
111,75,11
111,76,22
111,78,3
111,79,4
111,81,1
111,82,4
111,83,12
111,84,11
111,85,2
111,87,1
111,88,2
111,91,1
111,92,4
111,95,1
111,96,1
111,97,2
111,98,7
111,99,94
111,100,35
111,101,5
111,102,3
111,104,4
111,105,1
111,106,7
111,107,2
111,110,16
111,112,18
111,113,16
111,114,1
111,115,3
111,118,33
111,122,9
111,123,18
111,124,6
111,125,9
111,126,7
111,127,1
111,128,4
111,129,3
111,131,1
111,132,2
111,133,2
111,134,1
111,135,2
111,136,11
111,137,11
111,138,1
111,140,45
111,141,10
111,143,3
111,145,6
111,146,11
111,147,6
111,148,6
111,149,7
111,153,1
111,154,6
111,155,12
111,156,3
111,157,2
111,158,1
111,159,2
111,160,7
111,161,14
111,163,8
111,165,13
111,166,1
111,167,10
111,169,5
111,170,1
111,171,2
111,172,4
111,173,2
111,175,5
111,176,1
111,177,1
111,178,1
111,181,8
111,184,1
111,186,2
111,187,1
111,188,1
111,192,2
111,196,2
111,198,2
111,199,1
112,1,11
112,2,14
112,3,9
112,4,5
112,5,126
112,6,1
112,7,4
112,8,5
112,9,2
112,10,5
112,11,67
112,12,5
112,13,12
112,14,10
112,15,23
112,16,13
112,17,1
112,18,28
112,19,15
112,20,4
112,21,69
112,22,11
112,23,11
112,24,4
112,25,88
112,26,6
112,27,4
112,28,53
112,29,4
112,30,2
112,32,22
112,33,6
112,34,12
112,35,3
112,36,5
112,37,9
112,38,8
112,39,28
112,40,14
112,41,8
112,42,33
112,43,27
112,44,44
112,45,7
112,46,27
112,47,4
112,48,12
112,49,29
112,50,1
112,52,3
112,53,6
112,54,6
112,55,51
112,56,104
112,57,7
112,58,15
112,59,16
112,60,4
112,61,1
112,62,13
112,63,58
112,64,9
112,65,23
112,66,13
112,67,526
112,68,42
112,69,13
112,70,8
112,71,21
112,72,22
112,73,24
112,74,7
112,75,28
112,76,32
112,77,3
112,78,4
112,79,11
112,80,3
112,81,14
112,82,22
112,83,13
112,84,17
112,85,2
112,86,6
112,87,8
112,88,1
112,89,5
112,90,6
112,91,1
112,92,4
112,93,5
112,94,5
112,96,1
112,97,11
112,98,8
112,99,252
112,100,69
112,101,14
112,102,21
112,103,2
112,104,8
112,105,6
112,106,14
112,108,4
112,109,2
112,110,29
112,111,31
112,113,40
112,114,3
112,115,10
112,117,10
112,118,58
112,119,3
112,120,1
112,122,23
112,123,24
112,124,20
112,125,12
112,126,25
112,127,2
112,128,9
112,129,3
112,130,7
112,133,5
112,134,3
112,135,4
112,136,4
112,137,16
112,138,5
112,139,2
112,140,78
112,141,19
112,143,5
112,145,6
112,146,14
112,147,21
112,148,14
112,149,8
112,150,3
112,151,3
112,153,3
112,154,16
112,155,29
112,156,4
112,158,3
112,159,5
112,160,5
112,161,21
112,162,3
112,163,11
112,164,5
112,165,19
112,166,6
112,167,29
112,169,16
112,170,2
112,171,1
112,172,12
112,173,1
112,174,4
112,175,13
112,177,4
112,180,12
112,181,11
112,184,5
112,187,5
112,188,3
112,191,4
112,192,5
112,193,4
112,194,1
112,195,2
112,196,2
112,197,3
112,198,7
113,1,2
113,2,6
113,3,5
113,5,58
113,6,2
113,7,3
113,10,2
113,11,20
113,12,1
113,13,2
113,14,15
113,15,10
113,16,14
113,18,7
113,19,6
113,21,33
113,22,1
113,23,4
113,24,1
113,25,21
113,26,2
113,27,3
113,28,22
113,32,12
113,33,5
113,34,4
113,35,1
113,36,4
113,37,1
113,38,2
113,39,7
113,40,4
113,41,3
113,42,7
113,43,12
113,44,3
113,45,3
113,46,5
113,47,5
113,48,6
113,49,3
113,52,2
113,54,4
113,55,12
113,56,49
113,57,5
113,58,3
113,59,6
113,61,1
113,62,5
113,63,15
113,64,1
113,65,11
113,66,1
113,67,185
113,68,12
113,69,4
113,70,4
113,71,2
113,72,6
113,73,1
113,74,3
113,75,17
113,76,9
113,78,5
113,79,10
113,80,1
113,81,5
113,82,16
113,83,6
113,84,9
113,85,1
113,88,2
113,89,1
113,90,3
113,93,2
113,94,2
113,95,1
113,96,1
113,97,1
113,98,3
113,99,76
113,100,22
113,101,4
113,102,5
113,104,2
113,105,4
113,106,5
113,110,15
113,111,17
113,112,10
113,115,2
113,117,4
113,118,22
113,122,8
113,123,13
113,124,5
113,125,4
113,126,3
113,127,2
113,128,1
113,129,9
113,130,1
113,132,2
113,133,1
113,135,1
113,136,3
113,137,3
113,139,1
113,140,45
113,141,6
113,145,1
113,146,5
113,147,4
113,148,4
113,149,2
113,151,2
113,152,4
113,153,1
113,155,4
113,156,4
113,157,1
113,159,5
113,160,3
113,161,2
113,162,3
113,163,5
113,165,13
113,166,2
113,167,24
113,169,2
113,170,1
113,171,1
113,172,3
113,174,1
113,175,14
113,177,1
113,180,2
113,181,2
113,183,2
113,184,1
113,185,1
113,187,2
113,190,1
113,192,3
113,193,3
113,194,2
113,195,2
113,197,1
113,198,3
114,1,3
114,2,13
114,3,5
114,4,2
114,5,67
114,6,9
114,7,6
114,8,2
114,9,1
114,10,1
114,11,36
114,12,3
114,13,3
114,14,5
114,15,7
114,16,16
114,17,4
114,18,17
114,19,9
114,21,50
114,22,7
114,23,12
114,24,4
114,25,87
114,26,11
114,27,3
114,28,38
114,29,4
114,30,1
114,31,2
114,32,13
114,33,11
114,34,8
114,35,5
114,36,11
114,37,4
114,38,5
114,39,43
114,40,4
114,41,10
114,42,23
114,43,7
114,44,18
114,45,14
114,46,25
114,47,11
114,48,45
114,49,18
114,50,5
114,52,9
114,53,1
114,54,1
114,55,32
114,56,54
114,57,1
114,58,6
114,59,26
114,60,2
114,61,1
114,62,10
114,63,29
114,64,6
114,65,13
114,66,6
114,67,259
114,68,16
114,69,7
114,70,3
114,71,13
114,72,15
114,73,15
114,74,8
114,75,36
114,76,19
114,77,3
114,78,10
114,79,3
114,80,1
114,81,14
114,82,6
114,83,21
114,84,10
114,85,5
114,86,2
114,87,6
114,88,2
114,89,2
114,90,4
114,92,2
114,93,5
114,95,2
114,96,2
114,97,12
114,98,11
114,99,134
114,100,35
114,101,13
114,102,16
114,103,5
114,104,6
114,105,8
114,106,10
114,110,11
114,111,11
114,112,36
114,113,28
114,115,14
114,116,1
114,117,6
114,118,58
114,119,2
114,120,2
114,122,13
114,123,38
114,124,10
114,125,15
114,126,17
114,127,6
114,128,2
114,129,7
114,130,3
114,132,3
114,133,1
114,135,13
114,136,5
114,137,14
114,138,2
114,139,4
114,140,63
114,141,2
114,145,9
114,146,16
114,147,8
114,148,5
114,149,3
114,150,2
114,151,3
114,152,2
114,153,2
114,154,11
114,155,17
114,156,16
114,157,3
114,158,5
114,159,3
114,160,17
114,161,10
114,162,5
114,163,10
114,164,17
114,165,35
114,166,7
114,167,20
114,169,14
114,170,2
114,171,1
114,172,13
114,174,1
114,175,31
114,177,2
114,180,3
114,181,11
114,182,3
114,183,3
114,184,3
114,186,1
114,187,7
114,188,1
114,190,3
114,191,1
114,192,12
114,193,8
114,194,2
114,195,5
114,196,9
114,197,1
114,198,1
114,199,2
115,1,5
115,2,5
115,3,2
115,4,10
115,5,77
115,6,5
115,8,2
115,9,2
115,10,5
115,11,41
115,12,2
115,13,10
115,14,9
115,15,17
115,16,11
115,17,2
115,18,26
115,19,11
115,20,3
115,21,44
115,22,5
115,23,6
115,24,2
115,25,64
115,26,3
115,28,33
115,29,9
115,30,2
115,31,1
115,32,16
115,33,2
115,34,7
115,35,5
115,36,5
115,37,6
115,38,7
115,39,22
115,40,10
115,41,5
115,42,52
115,43,14
115,44,25
115,45,9
115,46,25
115,47,17
115,48,63
115,49,19
115,50,2
115,51,7
115,52,5
115,53,1
115,54,6
115,55,71
115,56,78
115,57,2
115,58,8
115,59,13
115,60,1
115,61,9
115,62,13
115,63,50
115,64,7
115,65,15
115,66,2
115,67,372
115,68,17
115,69,10
115,70,7
115,71,12
115,72,8
115,73,10
115,74,5
115,75,29
115,76,37
115,77,1
115,78,7
115,79,6
115,80,1
115,81,21
115,82,11
115,83,26
115,84,16
115,85,13
115,86,1
115,87,7
115,88,1
115,89,4
115,90,4
115,92,1
115,93,5
115,94,4
115,95,4
115,96,3
115,97,3
115,98,13
115,99,165
115,100,41
115,101,3
115,102,9
115,103,5
115,104,2
115,105,4
115,106,9
115,107,2
115,108,1
115,110,58
115,111,17
115,112,26
115,113,33
115,114,9
115,117,8
115,118,71
115,119,2
115,122,20
115,123,32
115,124,20
115,125,11
115,126,30
115,127,12
115,128,4
115,129,15
115,130,3
115,133,6
115,134,2
115,135,6
115,136,12
115,137,13
115,138,2
115,139,9
115,140,42
115,141,17
115,143,2
115,145,5
115,146,15
115,147,22
115,148,6
115,149,11
115,150,4
115,151,3
115,152,7
115,153,3
115,154,5
115,155,34
115,156,7
115,157,3
115,158,10
115,159,4
115,160,19
115,161,19
115,162,5
115,163,13
115,164,6
115,165,29
115,166,19
115,167,7
115,169,14
115,170,3
115,171,12
115,172,6
115,173,5
115,174,1
115,175,17
115,176,2
115,177,6
115,178,3
115,180,1
115,181,8
115,183,1
115,187,3
115,188,1
115,189,1
115,192,7
115,193,4
115,194,8
115,195,5
115,196,5
115,197,4
115,198,2
115,199,1
116,1,2
116,2,3
116,3,4
116,4,2
116,5,10
116,6,2
116,11,14
116,13,4
116,14,1
116,15,1
116,16,2
116,18,3
116,19,2
116,20,1
116,21,12
116,22,5
116,23,2
116,24,4
116,25,18
116,26,4
116,28,13
116,29,1
116,31,1
116,32,2
116,33,3
116,34,4
116,35,1
116,37,3
116,38,8
116,39,7
116,40,1
116,42,2
116,43,7
116,44,3
116,45,6
116,46,4
116,48,9
116,49,3
116,52,2
116,54,1
116,55,12
116,56,11
116,57,1
116,58,2
116,59,9
116,60,2
116,62,9
116,63,18
116,64,3
116,65,2
116,66,3
116,67,64
116,68,11
116,71,2
116,72,2
116,73,8
116,75,4
116,76,13
116,78,2
116,79,2
116,82,3
116,83,3
116,84,5
116,86,3
116,87,3
116,88,1
116,90,2
116,93,3
116,95,1
116,96,1
116,97,4
116,98,4
116,99,57
116,100,12
116,101,2
116,104,7
116,106,3
116,111,3
116,112,8
116,113,4
116,114,3
116,115,4
116,117,2
116,118,13
116,122,4
116,123,8
116,124,5
116,125,2
116,126,8
116,127,2
116,129,4
116,134,1
116,135,2
116,137,2
116,139,2
116,140,17
116,141,5
116,143,1
116,145,1
116,146,9
116,147,4
116,149,1
116,152,3
116,153,1
116,154,1
116,155,10
116,156,1
116,159,2
116,160,5
116,161,3
116,162,10
116,163,3
116,164,2
116,165,11
116,166,5
116,167,3
116,169,14
116,171,3
116,172,4
116,174,3
116,175,15
116,177,2
116,180,2
116,181,2
116,183,1
116,187,2
116,191,1
116,192,5
116,193,1
116,194,1
116,195,2
116,196,2
116,198,2
117,1,2
117,2,1
117,5,59
117,6,3
117,7,2
117,8,2
117,9,2
117,11,4
117,13,2
117,14,1
117,15,5
117,16,2
117,17,1
117,20,1
117,21,3
117,22,2
117,23,1
117,25,2
117,26,1
117,28,2
117,29,2
117,30,2
117,31,1
117,32,1
117,33,1
117,36,1
117,39,2
117,42,1
117,46,4
117,47,1
117,48,1
117,49,1
117,51,1
117,52,1
117,55,1
117,56,11
117,58,3
117,59,4
117,63,3
117,64,1
117,65,5
117,66,6
117,67,25
117,68,5
117,73,1
117,74,1
117,79,1
117,81,2
117,82,1
117,83,1
117,84,5
117,85,1
117,87,1
117,88,1
117,90,1
117,99,19
117,100,3
117,101,1
117,102,1
117,104,1
117,108,1
117,115,1
117,118,10
117,123,2
117,124,2
117,125,1
117,126,2
117,128,1
117,130,2
117,134,1
117,139,1
117,140,2
117,141,1
117,145,2
117,149,4
117,155,1
117,161,2
117,165,1
117,166,1
117,167,3
117,171,2
117,175,2
117,180,1
117,181,2
117,195,1
117,198,1
118,1,8
118,2,7
118,3,2
118,5,36
118,6,2
118,7,2
118,8,2
118,9,1
118,10,5
118,11,39
118,12,2
118,13,4
118,14,12
118,16,7
118,18,18
118,19,12
118,21,23
118,22,6
118,23,2
118,24,2
118,25,49
118,26,2
118,27,3
118,28,26
118,29,6
118,30,1
118,32,8
118,33,7
118,34,4
118,35,3
118,36,7
118,37,5
118,38,4
118,39,19
118,40,1
118,42,11
118,43,6
118,44,1
118,45,2
118,46,7
118,47,2
118,48,9
118,49,11
118,51,3
118,52,4
118,54,4
118,55,34
118,56,24
118,58,4
118,59,16
118,62,2
118,63,28
118,64,3
118,65,4
118,66,2
118,67,172
118,68,9
118,69,7
118,70,3
118,71,8
118,72,4
118,73,13
118,74,4
118,75,31
118,76,20
118,77,3
118,78,4
118,79,4
118,80,2
118,81,16
118,82,2
118,83,8
118,84,6
118,85,6
118,86,3
118,89,3
118,90,5
118,91,2
118,92,4
118,93,4
118,96,3
118,97,4
118,98,10
118,99,122
118,100,20
118,101,3
118,102,3
118,103,1
118,104,4
118,105,5
118,106,3
118,107,1
118,108,2
118,109,1
118,110,4
118,111,14
118,112,32
118,113,23
118,114,2
118,115,5
118,117,2
118,121,2
118,122,7
118,123,10
118,124,5
118,125,6
118,126,3
118,128,5
118,129,9
118,131,1
118,132,2
118,133,2
118,134,3
118,135,2
118,136,7
118,137,21
118,138,3
118,139,2
118,140,31
118,141,6
118,145,2
118,146,9
118,147,6
118,148,4
118,149,2
118,151,3
118,154,3
118,155,12
118,156,7
118,157,3
118,158,1
118,160,5
118,161,4
118,162,3
118,163,9
118,164,7
118,165,25
118,166,5
118,167,11
118,169,7
118,170,5
118,171,5
118,172,8
118,174,2
118,175,22
118,176,1
118,177,3
118,178,1
118,180,1
118,187,10
118,189,1
118,192,8
118,193,1
118,195,7
118,197,1
118,198,4
118,199,5
119,1,3
119,2,3
119,4,2
119,5,27
119,6,1
119,11,14
119,12,2
119,13,2
119,14,3
119,15,1
119,16,3
119,18,6
119,19,4
119,21,26
119,22,3
119,25,24
119,26,1
119,28,11
119,32,4
119,33,2
119,35,4
119,36,1
119,37,3
119,39,2
119,40,4
119,41,3
119,42,17
119,43,3
119,44,9
119,46,11
119,47,5
119,48,16
119,49,3
119,54,3
119,55,8
119,56,23
119,57,3
119,58,4
119,59,1
119,60,2
119,61,2
119,62,4
119,63,15
119,64,2
119,65,3
119,66,3
119,67,130
119,68,13
119,69,4
119,70,2
119,72,5
119,73,9
119,74,1
119,75,8
119,76,7
119,78,4
119,79,4
119,81,4
119,82,4
119,83,2
119,84,7
119,86,1
119,87,1
119,89,1
119,90,1
119,92,2
119,93,1
119,97,1
119,98,5
119,99,29
119,100,5
119,101,1
119,102,3
119,106,7
119,107,1
119,108,1
119,110,17
119,111,10
119,112,10
119,113,15
119,114,1
119,117,4
119,118,17
119,122,4
119,123,7
119,124,5
119,125,4
119,126,11
119,128,2
119,129,3
119,130,1
119,132,2
119,135,5
119,136,1
119,137,2
119,139,5
119,140,15
119,141,4
119,143,1
119,145,1
119,146,3
119,147,7
119,151,1
119,152,1
119,155,1
119,156,5
119,157,3
119,158,1
119,159,3
119,161,4
119,163,3
119,164,4
119,165,13
119,166,4
119,167,6
119,169,4
119,170,1
119,171,1
119,172,4
119,173,1
119,175,2
119,177,2
119,181,1
119,187,1
119,188,1
119,193,3
119,194,1
119,195,2
119,196,3
119,197,1
119,198,2
120,1,3
120,2,3
120,5,39
120,6,1
120,11,7
120,13,1
120,15,23
120,16,12
120,17,10
120,18,9
120,19,1
120,21,61
120,23,2
120,25,8
120,27,1
120,28,9
120,29,8
120,30,1
120,31,1
120,32,13
120,33,17
120,36,1
120,37,1
120,39,3
120,40,12
120,42,9
120,43,4
120,44,1
120,46,4
120,47,2
120,49,2
120,52,3
120,55,12
120,56,12
120,58,2
120,59,5
120,62,7
120,63,15
120,64,1
120,65,6
120,66,2
120,67,59
120,68,2
120,70,2
120,71,8
120,72,23
120,73,7
120,74,17
120,75,1
120,76,3
120,78,8
120,79,16
120,80,2
120,81,1
120,82,4
120,83,1
120,84,1
120,85,16
120,87,3
120,89,1
120,91,3
120,92,2
120,93,1
120,96,1
120,97,3
120,98,10
120,99,22
120,100,6
120,102,6
120,103,1
120,105,5
120,106,4
120,107,1
120,108,7
120,109,2
120,110,16
120,111,1
120,112,1
120,115,2
120,117,3
120,118,1
120,123,11
120,124,6
120,125,1
120,129,5
120,130,1
120,133,4
120,134,4
120,140,9
120,143,1
120,146,1
120,147,1
120,153,1
120,155,5
120,156,1
120,157,4
120,160,2
120,163,2
120,164,8
120,165,10
120,166,9
120,169,1
120,172,3
120,175,7
120,180,1
120,181,1
120,182,3
120,187,1
120,191,2
120,192,10
120,193,1
120,194,14
120,195,9
120,196,11
120,197,3
120,198,9
120,199,7
121,1,1
121,2,2
121,3,3
121,4,2
121,5,77
121,6,3
121,7,3
121,8,3
121,10,1
121,11,11
121,12,2
121,13,7
121,14,3
121,15,56
121,16,25
121,17,17
121,18,11
121,19,3
121,21,134
121,23,2
121,25,5
121,27,1
121,28,23
121,29,9
121,31,4
121,32,18
121,33,26
121,34,1
121,37,1
121,39,4
121,40,19
121,42,22
121,43,12
121,44,1
121,46,12
121,47,2
121,48,3
121,49,2
121,53,2
121,54,1
121,55,28
121,56,57
121,58,3
121,59,15
121,61,1
121,62,6
121,63,28
121,65,4
121,66,2
121,67,134
121,68,5
121,70,19
121,71,16
121,72,44
121,73,18
121,74,32
121,75,3
121,76,6
121,78,14
121,79,14
121,81,7
121,82,5
121,83,2
121,84,11
121,85,13
121,89,8
121,90,2
121,92,2
121,93,4
121,94,3
121,96,3
121,97,6
121,98,14
121,99,46
121,100,10
121,102,3
121,105,3
121,106,9
121,108,3
121,110,25
121,111,2
121,112,2
121,113,1
121,115,2
121,117,1
121,118,8
121,120,4
121,122,2
121,123,18
121,124,8
121,126,2
121,127,1
121,128,1
121,129,4
121,132,1
121,134,5
121,136,2
121,137,7
121,140,18
121,141,1
121,143,5
121,145,5
121,146,5
121,148,3
121,149,1
121,150,1
121,151,4
121,152,1
121,155,19
121,158,2
121,161,2
121,163,1
121,164,27
121,165,14
121,166,42
121,167,2
121,169,8
121,172,11
121,175,7
121,183,1
121,184,1
121,187,6
121,188,1
121,189,2
121,190,1
121,191,3
121,192,31
121,193,8
121,194,11
121,195,7
121,196,4
121,197,2
121,198,5
121,199,6
122,1,4
122,2,2
122,3,14
122,4,7
122,5,101
122,6,1
122,7,7
122,8,1
122,9,4
122,10,7
122,11,43
122,12,5
122,13,5
122,14,8
122,15,24
122,16,20
122,17,1
122,18,28
122,19,5
122,21,59
122,22,2
122,23,5
122,24,1
122,25,24
122,26,1
122,28,48
122,29,1
122,30,3
122,31,3
122,32,42
122,33,3
122,34,1
122,36,3
122,38,2
122,39,9
122,40,15
122,41,9
122,42,39
122,43,27
122,44,12
122,45,1
122,46,41
122,47,1
122,49,3
122,50,1
122,52,2
122,53,4
122,54,2
122,55,20
122,56,102
122,57,5
122,58,4
122,59,14
122,60,1
122,61,1
122,62,12
122,63,51
122,64,5
122,65,6
122,66,5
122,67,384
122,68,33
122,69,1
122,70,4
122,71,12
122,72,21
122,73,10
122,74,8
122,75,14
122,76,8
122,78,1
122,79,25
122,80,1
122,81,9
122,82,10
122,83,3
122,84,11
122,85,6
122,86,4
122,87,2
122,89,3
122,90,3
122,92,3
122,94,5
122,95,2
122,97,1
122,98,6
122,99,132
122,100,51
122,101,13
122,102,9
122,103,6
122,104,3
122,105,2
122,106,2
122,108,1
122,110,58
122,111,11
122,112,9
122,113,11
122,115,5
122,117,2
122,118,30
122,123,42
122,124,14
122,125,13
122,126,4
122,128,3
122,129,4
122,130,2
122,131,1
122,132,1
122,133,2
122,134,10
122,135,1
122,136,1
122,137,10
122,138,4
122,139,2
122,140,46
122,141,24
122,143,2
122,145,3
122,146,7
122,147,4
122,148,2
122,152,3
122,153,1
122,154,1
122,155,30
122,157,1
122,158,5
122,160,1
122,161,2
122,162,4
122,163,3
122,164,2
122,165,14
122,166,13
122,167,11
122,168,1
122,169,5
122,171,2
122,172,13
122,174,4
122,175,15
122,180,1
122,181,1
122,183,2
122,184,5
122,188,1
122,189,2
122,192,5
122,193,3
122,195,2
122,196,1
122,197,1
122,198,1
122,199,3
123,1,5
123,2,3
123,3,6
123,5,105
123,8,2
123,11,18
123,13,2
123,14,3
123,15,23
123,16,12
123,17,3
123,18,10
123,19,1
123,21,33
123,23,2
123,24,1
123,25,5
123,28,9
123,29,3
123,30,1
123,32,36
123,33,7
123,34,2
123,35,1
123,36,2
123,37,1
123,38,2
123,39,3
123,40,14
123,41,4
123,42,22
123,43,17
123,44,6
123,46,73
123,48,1
123,49,3
123,54,1
123,55,9
123,56,56
123,57,1
123,58,12
123,59,8
123,62,5
123,63,47
123,64,2
123,65,5
123,66,6
123,67,254
123,68,8
123,69,3
123,70,2
123,71,9
123,72,12
123,73,19
123,74,11
123,75,15
123,76,15
123,78,2
123,79,11
123,80,1
123,81,2
123,82,9
123,83,3
123,84,10
123,86,1
123,87,1
123,90,1
123,92,2
123,93,2
123,94,1
123,97,2
123,98,3
123,99,66
123,100,11
123,101,3
123,102,9
123,103,1
123,104,6
123,105,3
123,106,7
123,107,7
123,109,1
123,110,51
123,111,3
123,112,2
123,113,4
123,115,1
123,117,3
123,118,12
123,121,1
123,122,7
123,124,28
123,125,7
123,126,1
123,127,1
123,128,2
123,129,1
123,132,6
123,133,4
123,134,2
123,137,1
123,140,29
123,141,5
123,143,1
123,145,1
123,146,2
123,147,1
123,151,3
123,155,16
123,156,7
123,157,2
123,158,1
123,161,3
123,164,1
123,165,2
123,166,3
123,167,9
123,169,2
123,171,4
123,172,7
123,173,4
123,174,3
123,175,6
123,176,1
123,177,1
123,181,1
123,184,3
123,187,4
123,188,1
123,191,2
123,193,2
123,194,2
123,196,1
123,197,3
123,198,1
124,2,4
124,3,3
124,4,3
124,5,71
124,6,2
124,7,3
124,10,1
124,11,12
124,12,1
124,13,1
124,15,21
124,16,2
124,18,5
124,21,29
124,22,1
124,23,4
124,24,3
124,25,2
124,26,2
124,27,1
124,28,15
124,29,1
124,31,1
124,32,20
124,33,3
124,35,2
124,38,1
124,40,10
124,41,4
124,42,17
124,43,16
124,44,3
124,45,1
124,46,55
124,48,1
124,52,4
124,55,5
124,56,56
124,57,7
124,59,2
124,62,3
124,63,56
124,64,7
124,65,3
124,66,3
124,67,125
124,68,5
124,69,1
124,70,3
124,71,5
124,72,9
124,73,4
124,74,5
124,75,6
124,76,13
124,77,1
124,78,3
124,79,6
124,81,8
124,82,6
124,83,1
124,84,7
124,85,3
124,86,2
124,87,1
124,89,1
124,90,1
124,92,2
124,94,1
124,96,1
124,97,1
124,98,5
124,99,60
124,100,12
124,102,6
124,103,4
124,104,1
124,106,4
124,110,23
124,111,3
124,112,4
124,113,6
124,114,1
124,115,1
124,117,3
124,118,13
124,122,9
124,123,25
124,125,3
124,128,5
124,129,8
124,133,7
124,134,1
124,135,1
124,136,1
124,137,1
124,140,13
124,141,2
124,145,2
124,146,5
124,152,1
124,153,2
124,154,1
124,155,11
124,161,1
124,163,3
124,164,2
124,165,10
124,166,4
124,167,4
124,169,5
124,171,3
124,172,4
124,173,3
124,175,3
124,181,2
124,188,1
124,192,4
124,193,1
124,194,4
124,195,4
124,196,1
124,197,1
124,198,4
125,1,7
125,2,4
125,3,12
125,4,8
125,5,79
125,6,2
125,7,6
125,8,4
125,9,1
125,10,5
125,11,35
125,12,6
125,13,6
125,14,5
125,15,31
125,16,6
125,17,6
125,18,13
125,19,2
125,21,43
125,22,6
125,23,7
125,25,44
125,26,2
125,28,18
125,29,5
125,30,2
125,31,1
125,32,28
125,33,6
125,34,1
125,36,2
125,37,4
125,38,2
125,39,9
125,40,8
125,41,13
125,42,35
125,43,17
125,44,18
125,46,22
125,47,6
125,48,20
125,49,2
125,50,3
125,51,2
125,52,6
125,53,5
125,54,3
125,55,18
125,56,65
125,58,10
125,59,5
125,61,3
125,62,5
125,63,30
125,64,12
125,65,7
125,66,1
125,67,354
125,68,32
125,69,9
125,70,11
125,71,8
125,72,25
125,73,18
125,74,5
125,75,11
125,76,33
125,78,3
125,79,19
125,80,1
125,81,3
125,82,8
125,83,11
125,84,9
125,85,1
125,86,1
125,87,1
125,88,3
125,89,1
125,90,1
125,92,4
125,93,3
125,94,3
125,97,1
125,98,3
125,99,157
125,100,67
125,101,7
125,102,8
125,103,5
125,104,5
125,105,2
125,106,5
125,107,1
125,110,20
125,111,15
125,112,14
125,113,22
125,115,5
125,117,2
125,118,38
125,122,17
125,123,31
125,124,11
125,126,4
125,127,5
125,128,6
125,129,3
125,130,3
125,133,3
125,134,1
125,135,6
125,136,5
125,137,16
125,139,1
125,140,60
125,141,11
125,142,2
125,143,1
125,145,18
125,146,15
125,147,14
125,148,6
125,150,1
125,151,3
125,152,4
125,153,1
125,154,3
125,155,23
125,156,2
125,157,6
125,158,7
125,160,6
125,161,2
125,162,4
125,163,12
125,164,7
125,165,23
125,166,12
125,167,20
125,168,1
125,169,4
125,171,6
125,172,15
125,175,5
125,177,1
125,180,1
125,181,2
125,182,2
125,184,2
125,187,1
125,188,1
125,189,1
125,191,3
125,192,4
125,193,2
125,194,5
125,195,5
125,196,2
125,197,1
125,198,7
125,199,1
126,1,2
126,2,5
126,3,6
126,4,5
126,5,86
126,6,2
126,7,9
126,8,1
126,9,1
126,10,3
126,11,51
126,12,14
126,13,8
126,14,5
126,15,8
126,16,24
126,18,26
126,19,7
126,21,33
126,22,6
126,23,7
126,24,1
126,25,44
126,26,3
126,28,35
126,29,3
126,31,4
126,32,10
126,33,11
126,34,14
126,35,7
126,36,10
126,37,7
126,38,6
126,39,26
126,40,11
126,41,6
126,42,33
126,43,19
126,44,21
126,45,6
126,46,38
126,47,2
126,48,29
126,49,6
126,52,2
126,53,2
126,54,14
126,55,29
126,56,71
126,57,3
126,58,9
126,59,5
126,62,12
126,63,23
126,64,7
126,65,9
126,66,9
126,67,304
126,68,18
126,69,6
126,70,5
126,71,13
126,72,15
126,73,14
126,74,6
126,75,20
126,76,14
126,77,1
126,78,5
126,81,8
126,82,10
126,83,11
126,84,12
126,86,7
126,89,1
126,90,1
126,91,1
126,92,5
126,93,1
126,94,1
126,95,1
126,96,1
126,97,5
126,98,13
126,99,166
126,100,42
126,101,5
126,102,16
126,103,1
126,104,4
126,105,6
126,106,5
126,107,1
126,110,22
126,111,19
126,112,26
126,113,24
126,114,9
126,115,15
126,117,2
126,118,47
126,120,1
126,122,9
126,123,16
126,124,10
126,125,11
126,127,1
126,128,2
126,129,9
126,130,1
126,131,1
126,132,2
126,133,5
126,135,6
126,136,8
126,137,23
126,138,7
126,139,2
126,140,60
126,141,17
126,143,2
126,145,7
126,146,11
126,147,13
126,148,3
126,149,1
126,150,2
126,151,2
126,152,4
126,153,2
126,154,5
126,155,17
126,156,3
126,157,6
126,158,1
126,159,4
126,160,12
126,161,8
126,162,4
126,163,8
126,164,9
126,165,24
126,166,2
126,167,18
126,169,9
126,170,1
126,171,3
126,172,9
126,173,1
126,174,2
126,175,19
126,176,5
126,177,4
126,178,1
126,180,1
126,181,2
126,182,7
126,183,1
126,185,1
126,187,3
126,188,1
126,189,1
126,192,5
126,193,7
126,194,2
126,195,2
126,196,2
126,197,3
126,198,1
126,199,1
127,1,3
127,2,12
127,3,8
127,4,11
127,5,122
127,6,5
127,7,1
127,8,5
127,9,1
127,10,3
127,11,45
127,12,5
127,13,6
127,14,4
127,15,8
127,16,17
127,17,1
127,18,17
127,19,5
127,20,2
127,21,53
127,22,9
127,23,14
127,24,4
127,25,64
127,26,8
127,27,1
127,28,34
127,29,7
127,30,1
127,31,3
127,32,12
127,33,2
127,34,3
127,37,4
127,38,4
127,39,5
127,40,1
127,41,2
127,42,13
127,43,7
127,44,7
127,45,7
127,46,9
127,47,3
127,48,17
127,49,6
127,52,2
127,53,1
127,54,1
127,55,32
127,56,36
127,57,5
127,58,10
127,59,14
127,60,1
127,62,20
127,63,28
127,64,8
127,65,5
127,66,7
127,67,262
127,68,12
127,69,5
127,70,12
127,71,18
127,72,15
127,73,12
127,74,2
127,75,21
127,76,13
127,77,1
127,78,9
127,79,5
127,80,2
127,81,16
127,82,10
127,83,7
127,84,21
127,85,2
127,86,3
127,87,3
127,88,1
127,89,3
127,90,7
127,91,9
127,92,4
127,93,6
127,94,1
127,96,2
127,97,2
127,98,7
127,99,74
127,100,35
127,101,8
127,102,5
127,103,1
127,104,1
127,105,2
127,106,3
127,108,1
127,109,1
127,110,20
127,111,1
127,112,19
127,113,16
127,114,8
127,115,6
127,117,7
127,118,39
127,120,1
127,121,1
127,122,11
127,123,26
127,124,9
127,125,2
127,126,7
127,128,8
127,129,20
127,130,3
127,132,5
127,133,3
127,135,2
127,137,7
127,139,3
127,140,51
127,141,9
127,143,1
127,145,3
127,146,5
127,147,2
127,148,2
127,149,3
127,150,1
127,151,1
127,152,3
127,153,1
127,154,3
127,155,17
127,157,7
127,158,2
127,160,20
127,161,8
127,162,9
127,163,22
127,164,7
127,165,32
127,166,7
127,167,15
127,168,5
127,169,7
127,170,1
127,171,3
127,172,15
127,174,2
127,175,29
127,176,5
127,177,4
127,178,1
127,179,2
127,181,5
127,183,1
127,184,1
127,185,1
127,187,1
127,188,1
127,192,9
127,193,1
127,194,2
127,195,7
127,197,2
127,198,5
127,199,4
128,1,1
128,2,10
128,3,1
128,5,41
128,8,2
128,9,3
128,10,6
128,11,45
128,12,1
128,13,2
128,14,4
128,15,4
128,16,9
128,17,1
128,18,8
128,19,3
128,21,21
128,22,2
128,23,3
128,25,10
128,26,1
128,28,9
128,29,4
128,30,1
128,32,5
128,33,4
128,34,2
128,39,3
128,40,4
128,41,3
128,42,1
128,43,1
128,44,3
128,46,4
128,48,1
128,49,2
128,52,1
128,53,1
128,55,14
128,56,20
128,59,4
128,62,3
128,63,12
128,64,4
128,65,15
128,66,1
128,67,113
128,68,10
128,71,4
128,72,6
128,73,1
128,74,2
128,75,5
128,76,2
128,78,1
128,79,3
128,81,8
128,83,5
128,84,4
128,89,2
128,90,1
128,92,3
128,93,2
128,94,1
128,96,1
128,97,1
128,98,2
128,99,37
128,100,12
128,101,2
128,103,2
128,104,2
128,106,2
128,110,11
128,111,1
128,113,5
128,114,1
128,117,1
128,118,12
128,122,3
128,123,6
128,124,1
128,125,2
128,126,1
128,127,1
128,129,3
128,133,3
128,134,3
128,135,1
128,136,2
128,137,3
128,138,1
128,140,15
128,141,1
128,145,2
128,146,3
128,151,1
128,152,1
128,155,2
128,156,1
128,157,1
128,158,3
128,160,3
128,161,1
128,162,2
128,163,1
128,164,2
128,165,9
128,166,7
128,167,11
128,169,3
128,170,1
128,171,4
128,172,4
128,175,9
128,177,3
128,178,1
128,180,2
128,183,1
128,187,1
128,189,1
128,190,1
128,195,6
128,196,1
128,198,3
129,1,1
129,2,12
129,3,8
129,4,7
129,5,83
129,6,5
129,7,4
129,8,1
129,9,4
129,10,2
129,11,28
129,13,8
129,14,13
129,15,18
129,16,17
129,17,2
129,18,20
129,19,12
129,20,2
129,21,78
129,22,3
129,24,1
129,25,27
129,26,11
129,27,2
129,28,72
129,29,6
129,32,12
129,33,7
129,34,1
129,35,3
129,36,2
129,37,2
129,38,1
129,39,10
129,40,2
129,41,1
129,42,7
129,43,9
129,44,5
129,45,4
129,46,12
129,47,2
129,48,10
129,49,6
129,51,1
129,52,12
129,54,3
129,55,40
129,56,43
129,58,6
129,59,22
129,61,1
129,62,9
129,63,46
129,64,15
129,65,6
129,66,9
129,67,166
129,68,17
129,69,6
129,70,3
129,71,13
129,72,17
129,73,25
129,74,5
129,75,8
129,76,16
129,78,3
129,79,7
129,80,1
129,81,39
129,82,18
129,83,18
129,84,31
129,85,7
129,86,1
129,87,1
129,88,3
129,89,2
129,90,11
129,91,3
129,92,4
129,93,6
129,94,2
129,95,3
129,96,2
129,97,10
129,98,9
129,99,105
129,100,16
129,101,2
129,102,1
129,104,3
129,105,2
129,106,8
129,107,1
129,108,3
129,109,1
129,110,9
129,111,1
129,112,2
129,113,18
129,114,5
129,115,11
129,117,4
129,118,28
129,120,1
129,122,3
129,123,7
129,124,5
129,125,7
129,126,3
129,128,5
129,130,3
129,132,8
129,134,1
129,135,18
129,136,1
129,137,7
129,140,24
129,141,6
129,143,4
129,146,3
129,147,2
129,149,1
129,151,1
129,152,4
129,154,3
129,155,7
129,156,2
129,157,1
129,160,3
129,161,2
129,162,1
129,163,12
129,164,11
129,165,47
129,166,6
129,167,14
129,169,2
129,170,3
129,171,5
129,172,7
129,174,7
129,175,27
129,176,2
129,177,8
129,178,4
129,180,2
129,181,7
129,182,7
129,183,1
129,185,1
129,187,7
129,188,7
129,189,4
129,191,3
129,192,4
129,194,4
129,195,7
129,196,5
129,197,4
129,198,5
129,199,3
130,2,6
130,3,1
130,4,2
130,5,39
130,6,1
130,10,7
130,11,16
130,12,3
130,13,5
130,14,5
130,15,5
130,16,11
130,17,2
130,18,17
130,19,9
130,20,1
130,21,44
130,22,1
130,23,1
130,25,3
130,26,4
130,27,1
130,28,28
130,29,2
130,32,9
130,33,2
130,34,1
130,35,1
130,38,1
130,39,6
130,40,5
130,42,1
130,43,1
130,44,4
130,45,1
130,46,8
130,48,4
130,49,1
130,52,6
130,54,1
130,55,20
130,56,20
130,58,10
130,59,16
130,60,1
130,61,3
130,62,9
130,63,19
130,64,1
130,65,13
130,66,5
130,67,58
130,68,2
130,70,1
130,71,14
130,72,11
130,73,11
130,74,6
130,75,3
130,76,9
130,79,5
130,81,18
130,82,12
130,83,6
130,84,7
130,85,12
130,86,1
130,87,6
130,89,5
130,90,20
130,92,5
130,93,3
130,94,1
130,95,2
130,96,5
130,97,3
130,98,3
130,99,47
130,100,14
130,101,1
130,102,2
130,105,3
130,106,4
130,107,2
130,108,5
130,110,1
130,111,3
130,112,4
130,113,6
130,114,1
130,117,2
130,118,10
130,121,2
130,123,3
130,124,5
130,126,4
130,127,2
130,128,1
130,129,12
130,133,3
130,135,2
130,136,3
130,137,3
130,140,16
130,141,8
130,145,3
130,146,1
130,148,1
130,149,1
130,155,4
130,160,4
130,161,2
130,163,3
130,164,4
130,165,19
130,166,12
130,167,9
130,168,1
130,170,1
130,172,1
130,174,2
130,175,9
130,177,2
130,178,1
130,181,12
130,183,1
130,186,1
130,187,14
130,189,1
130,190,2
130,194,9
130,196,5
130,197,2
130,199,3
131,1,4
131,2,6
131,3,3
131,4,3
131,5,46
131,6,3
131,7,2
131,10,2
131,11,9
131,12,2
131,13,11
131,14,5
131,15,20
131,16,29
131,17,4
131,18,13
131,19,8
131,20,2
131,21,121
131,22,1
131,23,2
131,25,16
131,26,2
131,28,41
131,29,14
131,30,3
131,32,10
131,33,10
131,35,1
131,38,1
131,39,7
131,40,12
131,42,5
131,43,5
131,44,9
131,46,6
131,47,1
131,48,1
131,49,2
131,52,8
131,53,10
131,54,12
131,55,33
131,56,42
131,57,2
131,58,4
131,59,11
131,62,9
131,63,16
131,64,6
131,65,3
131,66,8
131,67,95
131,68,9
131,69,2
131,70,7
131,71,16
131,72,16
131,73,10
131,74,9
131,75,4
131,76,6
131,78,4
131,79,7
131,81,14
131,82,20
131,83,6
131,84,7
131,85,10
131,86,1
131,87,11
131,88,3
131,89,1
131,90,3
131,92,13
131,93,1
131,94,4
131,95,5
131,96,2
131,97,14
131,98,17
131,99,79
131,100,14
131,101,2
131,102,4
131,105,4
131,106,6
131,107,2
131,108,2
131,109,1
131,110,14
131,111,3
131,112,6
131,113,5
131,114,1
131,115,1
131,117,4
131,118,8
131,121,3
131,122,1
131,123,5
131,124,6
131,125,2
131,127,3
131,128,1
131,129,8
131,130,1
131,132,3
131,133,1
131,134,1
131,135,1
131,137,9
131,138,1
131,140,24
131,143,3
131,146,1
131,147,1
131,148,1
131,149,1
131,152,2
131,154,1
131,155,8
131,156,1
131,158,1
131,161,3
131,162,4
131,163,1
131,164,6
131,165,14
131,166,19
131,167,3
131,169,4
131,170,1
131,171,3
131,172,7
131,175,18
131,176,1
131,177,4
131,178,1
131,180,2
131,181,3
131,182,1
131,184,1
131,187,6
131,188,1
131,189,1
131,192,17
131,193,4
131,194,4
131,195,8
131,196,3
131,197,6
131,198,4
131,199,7
132,1,2
132,2,20
132,3,6
132,4,5
132,5,108
132,6,6
132,7,1
132,8,11
132,9,5
132,10,18
132,11,66
132,12,9
132,13,11
132,14,9
132,15,17
132,16,13
132,17,3
132,18,8
132,19,1
132,21,57
132,22,3
132,23,4
132,24,2
132,25,22
132,26,8
132,27,2
132,28,23
132,29,3
132,30,2
132,31,1
132,32,13
132,33,4
132,36,2
132,37,1
132,39,10
132,40,5
132,41,4
132,42,22
132,43,3
132,44,5
132,45,3
132,46,11
132,47,1
132,48,2
132,49,4
132,52,4
132,53,2
132,54,2
132,55,36
132,56,68
132,57,1
132,58,1
132,59,25
132,62,8
132,63,43
132,64,4
132,65,11
132,66,6
132,67,228
132,68,17
132,69,5
132,70,3
132,71,5
132,72,7
132,73,14
132,74,8
132,75,5
132,76,9
132,78,8
132,79,2
132,80,3
132,81,20
132,82,14
132,83,12
132,84,20
132,85,3
132,86,6
132,87,2
132,88,2
132,89,1
132,92,1
132,93,4
132,96,3
132,97,4
132,98,9
132,99,105
132,100,16
132,101,12
132,102,9
132,103,1
132,104,5
132,105,5
132,106,3
132,108,3
132,109,1
132,110,17
132,111,1
132,112,7
132,113,8
132,114,3
132,117,8
132,118,22
132,122,8
132,123,14
132,124,11
132,125,4
132,126,4
132,127,3
132,128,9
132,129,11
132,130,2
132,133,4
132,135,1
132,136,4
132,137,1
132,138,1
132,139,1
132,140,37
132,141,8
132,145,1
132,146,6
132,148,3
132,149,1
132,152,3
132,154,1
132,155,11
132,156,2
132,159,2
132,160,5
132,161,1
132,162,7
132,163,8
132,164,4
132,165,24
132,166,6
132,167,23
132,169,13
132,170,1
132,171,8
132,172,18
132,173,7
132,174,7
132,175,16
132,176,7
132,177,5
132,178,1
132,180,4
132,182,1
132,183,3
132,187,5
132,189,1
132,192,14
132,193,4
132,194,3
132,195,7
132,197,1
132,198,2
132,199,1
133,1,3
133,2,2
133,3,10
133,4,1
133,5,135
133,6,8
133,7,3
133,8,2
133,10,2
133,11,8
133,12,4
133,13,1
133,14,3
133,15,14
133,16,17
133,17,2
133,18,23
133,19,1
133,21,56
133,24,1
133,25,3
133,27,2
133,28,22
133,29,2
133,30,2
133,32,22
133,33,11
133,34,4
133,35,1
133,39,1
133,40,18
133,41,1
133,42,19
133,43,16
133,45,2
133,46,35
133,48,2
133,49,2
133,54,2
133,55,6
133,56,69
133,57,1
133,58,2
133,59,11
133,60,2
133,61,1
133,62,17
133,63,51
133,64,5
133,65,16
133,66,15
133,67,220
133,68,17
133,69,2
133,70,13
133,71,6
133,72,23
133,73,20
133,74,7
133,76,6
133,78,3
133,79,5
133,81,6
133,82,18
133,83,2
133,84,11
133,85,5
133,86,3
133,87,1
133,89,1
133,90,2
133,92,1
133,94,4
133,96,1
133,97,1
133,98,13
133,99,102
133,100,5
133,101,7
133,102,11
133,103,4
133,104,2
133,105,8
133,106,6
133,108,3
133,110,35
133,111,2
133,113,1
133,117,2
133,118,9
133,122,2
133,123,21
133,124,5
133,125,1
133,126,2
133,128,1
133,129,9
133,136,1
133,137,3
133,140,23
133,141,4
133,143,2
133,145,1
133,146,5
133,148,1
133,149,1
133,151,1
133,153,2
133,155,12
133,157,4
133,158,2
133,159,1
133,160,3
133,161,1
133,162,3
133,163,1
133,164,3
133,165,18
133,166,4
133,167,10
133,171,4
133,172,1
133,174,1
133,175,5
133,176,3
133,177,1
133,180,1
133,181,1
133,184,2
133,186,1
133,187,6
133,191,1
133,192,1
133,193,4
133,194,4
133,196,1
133,198,3
133,199,5
134,2,3
134,3,1
134,4,4
134,5,39
134,6,2
134,10,1
134,11,5
134,13,1
134,15,18
134,16,7
134,17,1
134,18,8
134,19,3
134,20,2
134,21,59
134,23,2
134,25,5
134,28,13
134,29,2
134,30,1
134,31,1
134,32,20
134,33,10
134,37,3
134,39,1
134,40,19
134,42,12
134,43,7
134,44,3
134,46,4
134,47,1
134,48,1
134,53,4
134,54,1
134,55,17
134,56,27
134,57,1
134,58,3
134,59,6
134,62,1
134,63,11
134,64,2
134,65,4
134,66,2
134,67,71
134,68,4
134,69,1
134,70,8
134,71,6
134,72,20
134,73,31
134,74,8
134,76,2
134,78,8
134,79,16
134,81,3
134,82,4
134,84,9
134,85,6
134,86,1
134,87,1
134,91,2
134,93,1
134,95,2
134,96,2
134,97,5
134,98,2
134,99,54
134,100,8
134,102,1
134,105,1
134,106,10
134,108,6
134,110,9
134,112,1
134,117,3
134,118,3
134,120,2
134,122,1
134,123,8
134,124,8
134,126,1
134,127,2
134,129,1
134,131,1
134,133,5
134,137,1
134,140,5
134,143,11
134,145,1
134,146,6
134,149,2
134,153,1
134,155,10
134,160,1
134,161,1
134,164,5
134,165,10
134,166,8
134,167,1
134,169,2
134,172,4
134,173,3
134,175,4
134,178,1
134,181,1
134,182,1
134,184,1
134,186,1
134,188,1
134,189,1
134,191,1
134,192,1
134,193,3
134,194,2
134,196,2
134,197,5
134,198,8
134,199,3
135,2,1
135,3,1
135,4,1
135,5,46
135,6,4
135,7,5
135,8,4
135,10,6
135,11,24
135,12,2
135,13,6
135,14,7
135,15,6
135,16,11
135,18,5
135,19,8
135,21,33
135,22,2
135,23,7
135,24,4
135,25,72
135,27,1
135,28,27
135,29,4
135,30,1
135,31,2
135,32,8
135,33,4
135,34,2
135,35,1
135,36,6
135,37,4
135,38,6
135,39,20
135,40,4
135,42,17
135,43,5
135,44,22
135,45,5
135,46,15
135,47,4
135,48,34
135,49,8
135,50,1
135,52,4
135,55,21
135,56,38
135,58,5
135,59,16
135,60,1
135,61,3
135,62,5
135,63,19
135,64,5
135,65,3
135,66,3
135,67,185
135,68,7
135,69,6
135,70,2
135,71,1
135,72,8
135,73,9
135,74,2
135,75,21
135,76,15
135,77,4
135,78,2
135,79,1
135,81,9
135,82,12
135,83,10
135,84,6
135,85,4
135,86,2
135,87,5
135,89,4
135,90,1
135,92,2
135,94,6
135,97,3
135,98,5
135,99,65
135,100,21
135,101,7
135,102,1
135,103,10
135,104,2
135,105,1
135,106,8
135,108,1
135,109,1
135,110,10
135,111,9
135,112,19
135,113,23
135,114,8
135,117,8
135,118,37
135,122,7
135,123,20
135,124,4
135,125,12
135,126,11
135,127,2
135,128,4
135,129,6
135,130,1
135,131,1
135,132,1
135,133,3
135,136,2
135,137,3
135,138,1
135,140,46
135,141,6
135,143,1
135,145,5
135,146,6
135,147,6
135,148,2
135,149,12
135,150,1
135,151,1
135,153,5
135,154,9
135,155,13
135,156,2
135,157,2
135,159,6
135,160,9
135,161,6
135,162,4
135,163,9
135,164,4
135,165,24
135,166,2
135,167,16
135,169,6
135,171,3
135,172,3
135,175,11
135,177,2
135,180,2
135,182,1
135,184,1
135,187,6
135,188,1
135,192,10
135,193,1
135,194,2
135,195,4
135,196,3
135,197,8
135,198,6
136,1,2
136,2,4
136,3,6
136,4,2
136,5,50
136,6,3
136,7,7
136,8,5
136,10,2
136,11,22
136,12,9
136,13,1
136,15,4
136,16,7
136,17,4
136,18,6
136,19,3
136,21,22
136,22,5
136,23,9
136,25,24
136,26,2
136,27,1
136,28,26
136,29,2
136,30,2
136,32,13
136,33,5
136,34,1
136,35,2
136,36,2
136,39,18
136,40,5
136,41,4
136,42,25
136,43,15
136,44,8
136,45,3
136,46,19
136,47,7
136,48,8
136,49,7
136,51,1
136,52,1
136,53,2
136,54,11
136,55,26
136,56,73
136,57,4
136,58,2
136,59,6
136,62,10
136,63,18
136,64,4
136,65,10
136,67,212
136,68,22
136,69,2
136,70,5
136,71,8
136,72,10
136,73,4
136,74,5
136,75,10
136,76,19
136,77,1
136,78,4
136,79,5
136,80,1
136,81,5
136,82,10
136,83,2
136,84,8
136,85,2
136,87,1
136,89,2
136,90,1
136,92,1
136,94,1
136,96,1
136,97,2
136,98,6
136,99,105
136,100,31
136,101,8
136,102,7
136,104,8
136,105,1
136,106,6
136,110,20
136,111,13
136,112,5
136,113,14
136,114,2
136,115,1
136,117,3
136,118,29
136,122,8
136,123,16
136,124,8
136,125,15
136,128,6
136,129,4
136,133,2
136,134,1
136,137,14
136,138,1
136,140,39
136,141,17
136,143,8
136,145,2
136,146,6
136,147,4
136,148,6
136,149,1
136,151,2
136,153,5
136,154,4
136,155,7
136,156,4
136,157,2
136,158,1
136,159,1
136,160,7
136,161,6
136,162,4
136,163,2
136,164,1
136,165,18
136,166,1
136,167,7
136,169,5
136,170,3
136,171,1
136,172,2
136,174,2
136,175,11
136,177,2
136,178,2
136,180,1
136,183,4
136,184,1
136,187,2
136,191,3
136,192,1
136,193,1
136,195,2
136,196,2
136,197,1
136,198,2
137,1,9
137,2,3
137,3,12
137,4,1
137,5,24
137,6,5
137,7,18
137,8,2
137,11,23
137,12,1
137,13,6
137,14,3
137,15,24
137,16,18
137,18,4
137,19,5
137,20,2
137,21,22
137,22,1
137,23,3
137,25,23
137,26,5
137,28,26
137,29,2
137,30,1
137,31,2
137,32,18
137,33,4
137,34,5
137,36,2
137,37,7
137,38,1
137,39,8
137,40,17
137,41,6
137,42,16
137,43,32
137,44,21
137,46,24
137,47,3
137,48,6
137,49,7
137,52,6
137,53,1
137,54,1
137,55,8
137,56,51
137,58,2
137,59,12
137,60,1
137,62,10
137,63,38
137,64,4
137,65,15
137,66,5
137,67,311
137,68,14
137,69,4
137,70,8
137,71,6
137,72,19
137,73,1
137,74,11
137,75,12
137,76,11
137,78,5
137,79,14
137,80,4
137,81,1
137,82,8
137,83,4
137,84,3
137,87,1
137,89,4
137,92,2
137,94,5
137,95,1
137,96,1
137,97,6
137,98,5
137,99,116
137,100,51
137,101,9
137,102,9
137,103,4
137,104,5
137,105,4
137,106,12
137,109,1
137,110,22
137,111,12
137,112,4
137,113,13
137,116,2
137,117,8
137,118,24
137,122,25
137,123,17
137,124,6
137,125,12
137,126,3
137,128,3
137,129,7
137,130,1
137,132,2
137,133,8
137,135,3
137,136,9
137,138,1
137,140,32
137,141,4
137,145,5
137,146,3
137,147,1
137,148,4
137,150,2
137,152,1
137,153,3
137,155,9
137,157,5
137,158,3
137,159,1
137,160,2
137,161,8
137,163,4
137,164,4
137,165,4
137,166,5
137,167,6
137,169,4
137,171,3
137,172,6
137,175,12
137,178,1
137,180,2
137,182,1
137,183,1
137,184,5
137,188,1
137,192,6
137,193,1
137,194,1
137,195,1
137,196,4
137,198,3
138,1,1
138,2,1
138,3,13
138,4,5
138,5,58
138,6,4
138,7,4
138,9,9
138,10,4
138,11,30
138,12,1
138,13,2
138,14,3
138,15,7
138,16,25
138,17,2
138,18,11
138,19,10
138,21,40
138,22,1
138,24,1
138,25,31
138,26,2
138,27,3
138,28,32
138,29,8
138,30,1
138,31,3
138,32,10
138,33,3
138,34,7
138,35,3
138,36,5
138,37,12
138,38,9
138,39,19
138,40,6
138,41,4
138,42,19
138,43,14
138,44,5
138,45,2
138,46,19
138,47,4
138,48,9
138,49,11
138,52,2
138,54,5
138,55,26
138,56,57
138,57,1
138,58,3
138,59,13
138,60,3
138,62,1
138,63,23
138,64,3
138,65,11
138,66,2
138,67,186
138,68,20
138,69,10
138,70,4
138,71,6
138,72,12
138,73,4
138,74,1
138,75,8
138,76,12
138,78,1
138,79,9
138,81,9
138,82,20
138,83,5
138,84,7
138,86,2
138,87,2
138,89,1
138,90,3
138,91,5
138,93,1
138,94,3
138,95,2
138,96,3
138,97,1
138,98,7
138,99,95
138,100,18
138,101,6
138,102,4
138,103,2
138,105,3
138,106,8
138,108,1
138,109,1
138,110,20
138,111,16
138,112,4
138,113,7
138,114,5
138,117,3
138,118,39
138,122,10
138,123,20
138,124,10
138,125,4
138,126,3
138,127,4
138,128,2
138,129,8
138,132,1
138,133,2
138,135,1
138,136,6
138,137,8
138,139,3
138,140,60
138,141,17
138,143,1
138,145,4
138,146,9
138,147,6
138,148,7
138,149,6
138,151,6
138,152,2
138,153,3
138,154,6
138,155,14
138,156,4
138,157,3
138,158,3
138,159,1
138,160,4
138,161,6
138,162,10
138,163,3
138,164,2
138,165,8
138,166,8
138,167,5
138,169,6
138,170,1
138,171,2
138,172,12
138,175,7
138,177,2
138,179,2
138,180,2
138,181,5
138,182,1
138,187,1
138,189,1
138,191,1
138,192,2
138,193,2
138,194,1
138,195,3
138,196,6
138,197,1
138,198,4
138,199,5
139,1,1
139,2,4
139,3,2
139,4,8
139,5,54
139,6,4
139,7,2
139,8,3
139,10,3
139,11,20
139,12,2
139,13,5
139,14,9
139,15,8
139,16,18
139,17,2
139,18,9
139,19,7
139,21,45
139,22,3
139,23,12
139,25,66
139,26,2
139,28,28
139,29,4
139,32,11
139,33,7
139,34,3
139,35,3
139,36,5
139,37,4
139,38,4
139,39,18
139,40,1
139,41,5
139,42,28
139,43,14
139,44,20
139,46,11
139,47,4
139,48,30
139,49,5
139,52,2
139,53,2
139,54,3
139,55,16
139,56,34
139,57,4
139,58,1
139,59,8
139,60,3
139,61,1
139,62,5
139,63,44
139,65,2
139,66,2
139,67,271
139,68,18
139,69,7
139,70,2
139,71,4
139,72,6
139,73,5
139,74,4
139,75,24
139,76,23
139,78,9
139,79,2
139,80,1
139,82,6
139,83,2
139,84,8
139,85,7
139,86,2
139,87,1
139,89,5
139,90,2
139,92,3
139,93,1
139,94,1
139,96,3
139,98,5
139,99,106
139,100,30
139,101,2
139,102,5
139,105,1
139,106,9
139,108,2
139,109,1
139,110,33
139,111,12
139,112,17
139,113,21
139,114,9
139,115,7
139,117,4
139,118,45
139,119,3
139,120,1
139,122,7
139,123,21
139,124,2
139,126,17
139,127,5
139,128,1
139,129,7
139,130,2
139,132,2
139,133,4
139,134,1
139,135,3
139,136,3
139,137,14
139,138,8
139,140,48
139,141,10
139,143,1
139,145,7
139,146,15
139,147,7
139,148,6
139,150,1
139,151,1
139,154,4
139,155,22
139,156,6
139,157,3
139,158,1
139,159,2
139,160,13
139,161,9
139,162,5
139,163,8
139,164,6
139,165,14
139,166,5
139,167,20
139,169,18
139,170,1
139,171,3
139,172,7
139,173,4
139,174,1
139,175,8
139,176,2
139,177,1
139,178,7
139,179,1
139,180,3
139,181,4
139,187,5
139,188,1
139,192,3
139,193,3
139,195,3
139,196,6
139,197,3
139,198,3
140,1,5
140,2,10
140,3,13
140,4,5
140,5,126
140,6,5
140,7,1
140,8,14
140,9,2
140,10,9
140,11,38
140,12,12
140,13,4
140,14,7
140,15,28
140,16,13
140,18,18
140,19,6
140,21,83
140,22,4
140,23,5
140,24,1
140,25,31
140,26,8
140,27,1
140,28,28
140,29,6
140,30,2
140,31,4
140,32,31
140,33,7
140,34,6
140,36,4
140,37,4
140,38,3
140,39,6
140,40,20
140,41,3
140,42,25
140,43,22
140,44,9
140,46,24
140,47,6
140,48,14
140,49,4
140,52,3
140,55,16
140,56,79
140,58,4
140,59,22
140,61,1
140,62,12
140,63,41
140,64,2
140,65,4
140,66,11
140,67,540
140,68,31
140,69,6
140,70,3
140,71,11
140,72,21
140,73,19
140,74,15
140,75,6
140,76,21
140,78,3
140,79,13
140,81,8
140,82,10
140,83,1
140,84,10
140,85,3
140,87,2
140,89,3
140,92,2
140,94,2
140,96,1
140,97,4
140,98,4
140,99,190
140,100,52
140,101,4
140,102,13
140,103,5
140,104,3
140,105,7
140,106,8
140,107,1
140,108,4
140,110,36
140,111,7
140,112,4
140,113,22
140,114,2
140,115,2
140,117,5
140,118,34
140,119,5
140,122,13
140,123,13
140,124,18
140,125,3
140,126,2
140,127,6
140,128,3
140,129,7
140,130,1
140,133,7
140,134,1
140,135,2
140,136,2
140,137,8
140,138,2
140,139,3
140,141,8
140,143,10
140,145,8
140,146,7
140,147,2
140,148,1
140,149,1
140,151,2
140,152,5
140,153,3
140,154,5
140,155,12
140,156,1
140,157,4
140,158,7
140,160,6
140,161,5
140,163,1
140,165,10
140,166,8
140,167,13
140,169,13
140,170,3
140,171,1
140,172,3
140,173,3
140,175,9
140,177,4
140,178,3
140,180,1
140,181,5
140,183,4
140,184,7
140,187,4
140,188,1
140,189,3
140,191,2
140,192,4
140,193,3
140,194,1
140,196,2
140,197,1
140,199,1
141,1,2
141,2,1
141,3,11
141,4,3
141,5,60
141,6,5
141,7,1
141,8,4
141,9,2
141,10,4
141,11,40
141,12,3
141,13,5
141,14,10
141,15,10
141,16,12
141,17,1
141,18,8
141,19,2
141,21,23
141,22,1
141,23,1
141,24,1
141,25,17
141,26,1
141,28,19
141,29,5
141,32,15
141,37,3
141,38,8
141,39,7
141,40,9
141,41,3
141,42,22
141,43,26
141,44,30
141,45,5
141,46,11
141,47,8
141,48,2
141,49,6
141,52,3
141,53,1
141,55,11
141,56,59
141,57,1
141,58,8
141,59,8
141,61,1
141,62,6
141,63,43
141,64,3
141,65,7
141,66,5
141,67,296
141,68,26
141,69,2
141,70,5
141,71,8
141,72,6
141,73,7
141,74,5
141,75,8
141,76,12
141,78,4
141,79,7
141,80,1
141,81,7
141,82,2
141,83,3
141,84,10
141,86,3
141,88,1
141,89,1
141,90,1
141,92,2
141,94,2
141,95,1
141,98,4
141,99,104
141,100,36
141,101,8
141,102,5
141,103,3
141,104,5
141,105,2
141,106,7
141,107,1
141,108,3
141,110,29
141,111,17
141,112,2
141,113,21
141,115,5
141,117,2
141,118,20
141,120,1
141,122,1
141,123,18
141,124,14
141,125,7
141,126,6
141,128,3
141,129,3
141,133,5
141,135,1
141,136,1
141,137,3
141,138,1
141,139,1
141,140,45
141,145,4
141,146,5
141,147,4
141,148,2
141,152,2
141,155,17
141,156,3
141,157,2
141,158,2
141,159,2
141,160,10
141,161,6
141,163,5
141,164,5
141,165,6
141,166,2
141,167,5
141,169,1
141,172,4
141,173,2
141,175,2
141,177,1
141,187,3
141,188,1
141,189,1
141,191,2
141,192,1
141,193,2
141,194,2
141,195,1
141,196,2
141,198,2
141,199,1
142,2,1
142,3,1
142,4,1
142,13,1
142,15,1
142,16,1
142,17,1
142,19,1
142,26,1
142,37,1
142,42,1
142,43,2
142,46,1
142,48,1
142,55,1
142,59,1
142,62,1
142,63,1
142,67,7
142,68,1
142,72,2
142,74,1
142,76,1
142,78,1
142,79,1
142,81,1
142,83,1
142,84,1
142,86,1
142,88,1
142,93,1
142,99,2
142,107,1
142,110,1
142,113,1
142,117,1
142,134,1
142,137,1
142,140,1
142,145,2
142,155,3
142,162,1
142,163,1
142,165,1
142,169,2
142,172,1
142,181,1
142,194,1
142,197,2
142,199,4
143,1,4
143,2,4
143,3,2
143,4,1
143,5,59
143,11,7
143,12,1
143,13,9
143,14,1
143,15,9
143,16,10
143,18,16
143,19,3
143,21,19
143,22,1
143,27,1
143,28,19
143,30,1
143,32,7
143,33,7
143,36,1
143,39,4
143,40,8
143,41,1
143,42,4
143,43,5
143,44,3
143,46,6
143,48,1
143,50,2
143,52,1
143,53,1
143,54,1
143,55,8
143,56,18
143,57,2
143,58,4
143,59,6
143,62,14
143,63,23
143,64,1
143,65,11
143,67,73
143,68,5
143,70,5
143,71,7
143,72,14
143,73,8
143,74,3
143,75,3
143,76,6
143,79,11
143,81,1
143,82,4
143,83,4
143,84,3
143,85,3
143,87,3
143,90,1
143,94,1
143,97,1
143,98,6
143,99,44
143,100,7
143,101,2
143,102,2
143,103,1
143,104,1
143,105,10
143,106,7
143,107,6
143,108,3
143,109,2
143,110,10
143,111,2
143,112,1
143,114,1
143,115,5
143,117,1
143,118,4
143,120,1
143,122,2
143,123,7
143,124,5
143,127,1
143,129,6
143,132,1
143,133,4
143,134,1
143,138,1
143,140,5
143,145,4
143,146,1
143,147,1
143,149,1
143,150,1
143,151,1
143,155,6
143,157,1
143,158,1
143,159,1
143,162,1
143,164,3
143,165,12
143,166,6
143,167,1
143,169,2
143,171,2
143,172,6
143,175,2
143,180,1
143,184,1
143,187,1
143,188,2
143,189,1
143,191,2
143,192,4
143,193,4
143,194,6
143,195,2
143,196,5
143,198,1
143,199,1
144,1,8
144,2,8
144,3,5
144,4,4
144,5,46
144,6,2
144,7,5
144,8,2
144,10,7
144,11,42
144,12,2
144,13,1
144,14,6
144,15,6
144,16,13
144,17,2
144,18,15
144,19,17
144,21,18
144,22,12
144,23,8
144,24,4
144,25,65
144,26,7
144,27,4
144,28,23
144,29,5
144,30,1
144,31,1
144,32,4
144,33,5
144,35,3
144,36,4
144,37,5
144,38,1
144,39,23
144,40,6
144,41,2
144,42,23
144,43,7
144,44,10
144,45,3
144,46,10
144,47,4
144,48,16
144,49,7
144,50,3
144,51,2
144,52,1
144,54,4
144,55,11
144,56,34
144,57,5
144,58,4
144,59,4
144,61,1
144,62,4
144,63,23
144,64,9
144,65,10
144,66,2
144,67,130
144,68,9
144,69,17
144,70,3
144,71,4
144,72,11
144,73,15
144,74,14
144,75,16
144,76,9
144,77,7
144,78,7
144,79,1
144,80,4
144,81,7
144,82,10
144,83,2
144,84,11
144,85,2
144,86,1
144,88,1
144,89,2
144,90,4
144,91,6
144,92,1
144,93,2
144,94,2
144,95,2
144,97,2
144,98,9
144,99,102
144,100,18
144,101,6
144,102,4
144,103,8
144,104,4
144,105,1
144,106,7
144,107,1
144,110,10
144,111,4
144,112,18
144,113,34
144,114,6
144,115,7
144,117,1
144,118,52
144,122,3
144,123,9
144,124,5
144,125,12
144,126,6
144,127,3
144,128,4
144,129,9
144,130,3
144,133,2
144,135,10
144,136,4
144,137,7
144,140,41
144,141,4
144,145,1
144,146,5
144,147,10
144,148,9
144,149,4
144,150,2
144,151,3
144,152,1
144,153,2
144,154,5
144,155,9
144,156,8
144,158,2
144,159,4
144,160,10
144,161,12
144,162,5
144,163,19
144,164,13
144,165,18
144,166,3
144,167,14
144,169,16
144,170,2
144,171,7
144,172,9
144,173,4
144,174,2
144,175,22
144,176,1
144,177,1
144,178,1
144,180,2
144,181,10
144,182,3
144,183,2
144,187,5
144,191,1
144,192,4
144,194,5
144,195,5
144,196,1
144,198,5
145,1,2
145,2,9
145,3,4
145,4,1
145,5,78
145,6,5
145,7,6
145,8,10
145,10,5
145,11,21
145,13,4
145,14,4
145,15,17
145,16,16
145,18,14
145,19,5
145,20,1
145,21,50
145,23,11
145,25,20
145,26,2
145,27,1
145,28,8
145,29,3
145,30,1
145,32,20
145,33,8
145,34,4
145,35,2
145,36,5
145,37,3
145,38,1
145,39,12
145,40,11
145,41,4
145,42,32
145,43,12
145,44,9
145,45,1
145,46,19
145,48,7
145,49,1
145,50,1
145,52,1
145,53,1
145,55,18
145,56,64
145,57,4
145,58,7
145,59,11
145,60,1
145,61,1
145,62,8
145,63,37
145,64,9
145,65,4
145,66,6
145,67,368
145,68,20
145,69,2
145,70,12
145,71,13
145,72,3
145,73,14
145,74,5
145,75,7
145,76,26
145,78,3
145,79,13
145,80,3
145,81,7
145,82,4
145,83,2
145,84,5
145,85,2
145,86,1
145,87,2
145,88,4
145,90,1
145,93,3
145,97,2
145,98,7
145,99,115
145,100,36
145,101,8
145,102,2
145,103,8
145,104,8
145,105,3
145,106,8
145,107,1
145,108,1
145,110,22
145,111,12
145,112,4
145,113,2
145,117,3
145,118,36
145,121,1
145,122,6
145,123,21
145,124,6
145,125,3
145,126,4
145,128,6
145,129,3
145,130,1
145,132,1
145,133,4
145,134,2
145,137,9
145,139,1
145,140,57
145,141,8
145,143,3
145,146,3
145,147,3
145,148,7
145,151,1
145,153,1
145,155,9
145,156,3
145,157,2
145,158,1
145,160,3
145,161,4
145,162,4
145,163,6
145,164,3
145,165,15
145,166,5
145,167,6
145,169,8
145,170,4
145,171,3
145,172,1
145,173,3
145,174,1
145,175,7
145,177,2
145,178,1
145,181,1
145,184,1
145,187,3
145,189,1
145,191,1
145,192,5
145,193,1
145,196,4
145,197,3
145,198,6
146,1,3
146,2,3
146,3,4
146,4,2
146,5,42
146,6,5
146,7,13
146,9,1
146,11,21
146,12,7
146,13,1
146,14,7
146,15,22
146,16,8
146,18,9
146,19,3
146,21,35
146,22,1
146,23,1
146,25,32
146,26,1
146,28,26
146,29,1
146,31,2
146,32,12
146,33,4
146,34,2
146,35,5
146,36,2
146,37,2
146,38,9
146,39,22
146,40,12
146,41,2
146,42,31
146,43,29
146,44,14
146,45,6
146,46,22
146,47,2
146,48,9
146,49,11
146,50,4
146,51,1
146,52,10
146,55,19
146,56,45
146,59,6
146,62,2
146,63,20
146,65,5
146,66,9
146,67,210
146,68,18
146,69,7
146,71,10
146,72,11
146,73,10
146,74,4
146,75,19
146,76,15
146,77,2
146,78,2
146,79,3
146,80,1
146,81,5
146,82,7
146,83,5
146,84,5
146,85,1
146,87,1
146,88,4
146,89,2
146,90,3
146,91,1
146,92,2
146,93,1
146,94,1
146,96,1
146,97,1
146,98,3
146,99,92
146,100,48
146,101,12
146,102,5
146,104,3
146,105,1
146,106,12
146,107,1
146,109,1
146,110,16
146,111,9
146,112,22
146,113,13
146,114,3
146,117,5
146,118,27
146,122,9
146,123,18
146,124,7
146,125,13
146,126,1
146,127,1
146,128,1
146,129,3
146,132,2
146,133,2
146,135,4
146,136,7
146,137,8
146,138,2
146,139,1
146,140,50
146,141,5
146,143,1
146,145,5
146,147,8
146,148,6
146,149,1
146,150,1
146,151,2
146,154,1
146,155,22
146,157,3
146,158,2
146,159,4
146,160,4
146,161,6
146,162,1
146,163,8
146,164,5
146,165,14
146,167,7
146,169,9
146,170,1
146,171,3
146,172,2
146,174,1
146,175,10
146,177,1
146,180,2
146,189,3
146,191,2
146,192,1
146,193,1
146,195,3
146,196,2
146,197,3
146,198,1
146,199,1
147,1,1
147,2,5
147,3,10
147,4,7
147,5,65
147,6,7
147,7,6
147,8,1
147,9,3
147,10,11
147,11,24
147,13,2
147,14,3
147,15,16
147,16,17
147,17,1
147,18,9
147,19,6
147,21,40
147,22,1
147,23,6
147,25,39
147,26,4
147,27,2
147,28,23
147,29,2
147,30,3
147,31,1
147,32,22
147,33,11
147,34,7
147,35,3
147,36,4
147,37,3
147,38,4
147,39,26
147,40,17
147,41,6
147,42,28
147,43,17
147,44,13
147,45,8
147,46,22
147,47,2
147,48,6
147,49,19
147,50,7
147,53,1
147,54,4
147,55,17
147,56,62
147,57,5
147,58,8
147,59,5
147,60,1
147,62,9
147,63,38
147,64,2
147,65,7
147,66,3
147,67,250
147,68,24
147,69,3
147,70,1
147,71,8
147,72,17
147,73,16
147,74,6
147,75,18
147,76,22
147,77,3
147,79,12
147,81,4
147,82,11
147,83,8
147,84,8
147,87,4
147,89,2
147,90,1
147,91,1
147,92,1
147,93,3
147,96,1
147,97,1
147,98,7
147,99,168
147,100,26
147,101,4
147,102,3
147,103,3
147,104,3
147,105,2
147,106,14
147,110,17
147,111,13
147,112,15
147,113,23
147,114,2
147,117,3
147,118,27
147,122,7
147,123,22
147,124,14
147,125,13
147,126,6
147,127,3
147,128,3
147,129,10
147,130,2
147,132,5
147,133,7
147,136,3
147,137,11
147,138,3
147,140,64
147,141,5
147,143,5
147,145,5
147,146,15
147,148,1
147,149,1
147,151,1
147,152,2
147,153,1
147,154,1
147,155,16
147,156,8
147,157,3
147,158,2
147,159,3
147,161,12
147,162,4
147,163,5
147,164,3
147,165,16
147,166,3
147,167,5
147,169,4
147,171,2
147,172,6
147,174,1
147,175,4
147,178,2
147,180,1
147,181,1
147,183,1
147,184,2
147,187,8
147,188,2
147,190,1
147,191,4
147,192,1
147,193,1
147,194,2
147,195,3
147,196,2
147,197,2
147,198,4
148,1,9
148,2,3
148,3,6
148,4,4
148,5,55
148,6,8
148,7,4
148,10,3
148,11,13
148,12,2
148,13,7
148,14,5
148,15,6
148,16,6
148,18,10
148,19,6
148,20,2
148,21,21
148,22,3
148,23,9
148,24,5
148,25,36
148,26,2
148,27,1
148,28,31
148,29,6
148,31,1
148,32,14
148,33,4
148,34,6
148,36,4
148,38,1
148,39,17
148,40,1
148,41,4
148,42,17
148,43,10
148,44,11
148,45,1
148,46,11
148,47,5
148,48,7
148,49,5
148,50,1
148,53,2
148,54,1
148,55,21
148,56,57
148,57,7
148,58,4
148,59,10
148,62,8
148,63,22
148,64,6
148,65,5
148,67,200
148,68,15
148,69,2
148,71,7
148,72,16
148,73,14
148,74,5
148,75,9
148,76,18
148,78,5
148,79,10
148,80,1
148,81,3
148,82,5
148,83,4
148,84,15
148,86,6
148,88,2
148,90,1
148,92,1
148,93,2
148,95,2
148,97,1
148,98,4
148,99,88
148,100,31
148,101,10
148,102,1
148,104,2
148,105,8
148,106,5
148,107,3
148,108,1
148,110,16
148,111,12
148,112,15
148,113,20
148,114,2
148,115,11
148,117,1
148,118,29
148,121,2
148,122,8
148,123,11
148,124,10
148,125,7
148,126,6
148,127,2
148,128,1
148,129,1
148,130,2
148,133,2
148,134,1
148,135,6
148,136,4
148,137,9
148,138,4
148,140,49
148,141,7
148,145,3
148,146,4
148,147,6
148,149,5
148,153,1
148,154,2
148,155,9
148,156,6
148,157,1
148,158,3
148,160,3
148,161,7
148,162,5
148,163,1
148,164,7
148,165,9
148,166,3
148,167,7
148,169,5
148,171,3
148,172,5
148,174,2
148,175,7
148,177,2
148,178,1
148,180,3
148,181,2
148,182,1
148,187,4
148,191,3
148,192,3
148,193,1
148,194,1
148,196,4
148,197,4
148,198,2
148,199,2
149,1,2
149,2,3
149,3,5
149,4,4
149,5,26
149,6,2
149,7,6
149,10,4
149,11,22
149,12,2
149,13,1
149,14,3
149,15,14
149,16,6
149,17,1
149,18,1
149,19,4
149,21,26
149,22,2
149,23,4
149,24,2
149,25,39
149,28,15
149,29,4
149,31,2
149,32,8
149,34,9
149,35,6
149,36,3
149,37,6
149,38,5
149,39,19
149,41,4
149,42,28
149,43,8
149,44,17
149,45,3
149,46,11
149,47,3
149,48,17
149,49,2
149,50,1
149,51,1
149,52,4
149,53,2
149,54,1
149,55,19
149,56,31
149,58,6
149,59,9
149,61,2
149,62,7
149,63,18
149,64,1
149,65,5
149,66,2
149,67,136
149,68,16
149,69,3
149,70,4
149,71,3
149,72,10
149,73,7
149,74,3
149,75,5
149,76,26
149,78,3
149,79,2
149,81,3
149,82,5
149,83,4
149,84,6
149,85,1
149,88,1
149,89,4
149,90,1
149,92,1
149,93,1
149,95,1
149,97,3
149,98,6
149,99,92
149,100,26
149,101,3
149,102,2
149,103,1
149,104,2
149,105,3
149,106,2
149,110,16
149,111,10
149,112,13
149,113,15
149,114,4
149,115,1
149,117,2
149,118,28
149,119,1
149,122,9
149,123,16
149,124,10
149,125,13
149,126,12
149,127,1
149,128,1
149,129,3
149,130,1
149,132,2
149,133,1
149,134,3
149,135,3
149,136,2
149,137,11
149,138,1
149,140,46
149,141,9
149,146,12
149,147,10
149,148,2
149,152,3
149,154,5
149,155,8
149,156,1
149,157,1
149,158,1
149,159,3
149,160,6
149,161,10
149,162,1
149,163,7
149,164,4
149,165,14
149,166,8
149,167,8
149,169,5
149,170,1
149,171,4
149,172,6
149,173,1
149,174,1
149,175,10
149,179,3
149,180,2
149,181,4
149,182,1
149,188,1
149,192,3
149,193,1
149,195,3
149,196,2
149,197,1
149,198,6
149,199,3
150,2,9
150,3,3
150,4,2
150,5,72
150,6,1
150,7,3
150,11,12
150,12,5
150,13,3
150,14,12
150,15,14
150,16,11
150,17,3
150,18,15
150,19,4
150,20,1
150,21,40
150,23,8
150,25,33
150,26,1
150,28,29
150,29,2
150,30,1
150,31,5
150,32,25
150,33,7
150,34,4
150,35,2
150,36,17
150,37,7
150,38,6
150,39,14
150,40,4
150,41,2
150,42,53
150,43,29
150,44,15
150,46,40
150,47,1
150,48,9
150,49,16
150,50,2
150,52,3
150,53,4
150,54,3
150,55,23
150,56,118
150,57,5
150,59,5
150,62,11
150,63,38
150,64,10
150,66,2
150,67,215
150,68,20
150,69,2
150,70,13
150,71,17
150,72,19
150,73,13
150,74,7
150,75,12
150,76,20
150,79,2
150,80,3
150,82,12
150,83,4
150,84,15
150,85,4
150,86,1
150,87,3
150,89,2
150,90,2
150,92,4
150,93,3
150,94,2
150,97,3
150,98,8
150,99,175
150,100,24
150,102,12
150,105,3
150,106,5
150,108,3
150,110,54
150,111,13
150,112,12
150,113,13
150,114,1
150,115,1
150,117,1
150,118,34
150,119,2
150,122,10
150,123,47
150,124,9
150,125,6
150,126,6
150,128,3
150,129,4
150,130,1
150,131,1
150,133,1
150,137,13
150,140,26
150,143,3
150,145,5
150,146,8
150,147,5
150,148,8
150,149,4
150,151,2
150,153,1
150,154,8
150,155,53
150,156,1
150,157,1
150,158,22
150,159,5
150,160,8
150,161,19
150,162,1
150,163,3
150,164,5
150,165,18
150,166,6
150,167,13
150,169,6
150,171,5
150,172,10
150,175,8
150,177,2
150,180,1
150,182,3
150,187,1
150,190,1
150,191,4
150,192,1
150,193,2
150,194,3
150,195,1
150,196,2
150,197,1
150,198,3
150,199,1
151,1,7
151,2,2
151,3,9
151,4,5
151,5,66
151,6,3
151,7,2
151,8,5
151,9,4
151,11,21
151,12,3
151,13,14
151,14,9
151,15,20
151,16,17
151,17,1
151,18,17
151,19,4
151,20,1
151,21,59
151,22,6
151,23,8
151,24,2
151,25,53
151,26,5
151,27,7
151,28,32
151,29,1
151,32,34
151,33,11
151,34,7
151,35,8
151,36,5
151,37,2
151,38,2
151,39,22
151,40,16
151,41,10
151,42,52
151,43,45
151,44,11
151,45,2
151,46,42
151,47,2
151,48,6
151,49,12
151,50,3
151,52,3
151,54,4
151,55,27
151,56,103
151,57,1
151,58,1
151,59,7
151,62,12
151,63,54
151,64,3
151,65,13
151,66,2
151,67,290
151,68,22
151,69,8
151,70,5
151,71,14
151,72,17
151,73,13
151,74,5
151,75,20
151,76,31
151,78,6
151,79,11
151,81,3
151,82,3
151,83,10
151,84,12
151,85,3
151,89,5
151,90,6
151,92,3
151,93,1
151,94,5
151,95,1
151,96,1
151,97,4
151,98,7
151,99,189
151,100,27
151,101,4
151,102,15
151,103,5
151,104,7
151,105,7
151,106,7
151,107,2
151,108,6
151,109,1
151,110,44
151,111,9
151,112,5
151,113,18
151,114,5
151,115,2
151,117,1
151,118,33
151,119,1
151,122,13
151,123,35
151,124,16
151,125,5
151,126,4
151,128,4
151,129,7
151,130,1
151,132,3
151,133,6
151,134,2
151,135,3
151,136,4
151,137,13
151,139,2
151,140,43
151,141,13
151,143,5
151,145,4
151,146,13
151,147,4
151,148,11
151,149,1
151,150,10
151,152,2
151,153,6
151,154,5
151,155,49
151,156,4
151,157,10
151,158,10
151,159,5
151,160,9
151,161,18
151,163,5
151,164,7
151,165,11
151,166,9
151,167,7
151,169,7
151,170,4
151,172,10
151,174,1
151,175,8
151,176,1
151,177,2
151,179,1
151,181,6
151,182,1
151,184,5
151,188,1
151,189,1
151,190,1
151,193,5
151,194,4
151,195,4
151,196,4
151,197,3
151,198,6
151,199,5
152,1,1
152,3,3
152,4,1
152,5,71
152,6,2
152,8,4
152,9,2
152,11,18
152,12,2
152,13,2
152,14,4
152,15,10
152,16,18
152,17,1
152,18,7
152,19,8
152,20,3
152,21,75
152,22,6
152,23,1
152,25,23
152,28,39
152,29,3
152,30,1
152,31,1
152,32,57
152,33,13
152,35,1
152,36,1
152,37,4
152,38,3
152,39,5
152,40,21
152,41,1
152,42,20
152,43,33
152,44,4
152,45,1
152,46,134
152,47,1
152,48,3
152,49,3
152,50,1
152,52,2
152,54,5
152,55,16
152,56,37
152,57,2
152,59,15
152,62,14
152,63,33
152,64,11
152,65,9
152,66,2
152,67,185
152,68,9
152,69,4
152,70,11
152,71,17
152,72,10
152,73,12
152,74,7
152,75,8
152,76,10
152,78,6
152,79,12
152,81,3
152,82,14
152,83,1
152,84,6
152,87,6
152,89,3
152,90,1
152,91,1
152,93,1
152,94,2
152,96,8
152,97,4
152,98,6
152,99,62
152,100,17
152,101,3
152,102,7
152,103,4
152,104,1
152,105,1
152,106,7
152,107,8
152,108,5
152,109,1
152,110,31
152,111,14
152,112,10
152,113,5
152,114,2
152,115,2
152,117,1
152,118,19
152,122,4
152,123,48
152,124,36
152,125,5
152,126,1
152,129,7
152,130,1
152,132,3
152,133,5
152,134,4
152,136,3
152,137,2
152,138,2
152,140,31
152,141,7
152,143,3
152,145,4
152,146,6
152,147,4
152,151,1
152,153,2
152,154,5
152,155,22
152,156,9
152,157,1
152,158,9
152,159,1
152,160,1
152,161,1
152,163,4
152,164,5
152,165,14
152,166,13
152,167,2
152,169,2
152,170,1
152,172,9
152,174,3
152,175,9
152,177,6
152,178,2
152,180,2
152,181,3
152,182,1
152,184,1
152,185,1
152,187,2
152,189,8
152,190,1
152,191,2
152,192,6
152,193,3
152,194,2
152,195,2
152,196,3
152,197,3
152,198,9
153,1,2
153,2,6
153,3,1
153,4,4
153,5,43
153,6,5
153,7,3
153,8,2
153,11,19
153,12,1
153,14,5
153,15,18
153,16,16
153,18,3
153,19,2
153,21,24
153,23,1
153,24,2
153,25,26
153,28,17
153,29,2
153,31,1
153,32,14
153,33,7
153,34,4
153,35,3
153,36,2
153,37,3
153,38,2
153,39,9
153,40,6
153,41,2
153,42,27
153,43,13
153,44,21
153,45,2
153,46,14
153,48,9
153,49,10
153,50,1
153,52,2
153,54,1
153,55,25
153,56,60
153,57,2
153,58,5
153,59,15
153,62,8
153,63,23
153,65,9
153,66,1
153,67,146
153,68,9
153,70,4
153,71,6
153,72,5
153,73,3
153,74,2
153,75,5
153,76,14
153,77,1
153,78,4
153,79,7
153,80,1
153,81,4
153,82,9
153,83,3
153,84,2
153,85,3
153,87,2
153,88,1
153,90,3
153,92,2
153,93,2
153,96,1
153,98,6
153,99,122
153,100,23
153,101,7
153,102,5
153,105,2
153,106,3
153,107,2
153,108,2
153,110,21
153,111,7
153,112,4
153,113,15
153,114,2
153,115,1
153,117,2
153,118,23
153,122,11
153,123,20
153,124,7
153,125,5
153,126,2
153,127,2
153,129,7
153,133,1
153,136,2
153,137,3
153,140,25
153,141,5
153,143,2
153,145,1
153,146,10
153,147,8
153,148,2
153,150,1
153,151,2
153,154,2
153,155,13
153,157,2
153,158,7
153,159,2
153,160,2
153,161,9
153,162,2
153,164,4
153,165,7
153,166,6
153,167,6
153,169,5
153,170,6
153,171,4
153,172,3
153,175,9
153,177,1
153,181,1
153,182,3
153,183,3
153,187,7
153,188,1
153,191,2
153,192,8
153,195,3
153,196,5
154,1,2
154,2,5
154,3,10
154,4,8
154,5,100
154,6,6
154,8,2
154,9,4
154,10,3
154,11,34
154,12,3
154,13,11
154,14,5
154,15,23
154,16,26
154,17,3
154,18,8
154,19,1
154,20,2
154,21,44
154,22,3
154,23,5
154,24,1
154,25,39
154,28,46
154,29,7
154,30,4
154,31,4
154,32,51
154,33,7
154,34,2
154,35,5
154,36,2
154,38,9
154,39,21
154,40,25
154,41,9
154,42,74
154,43,41
154,44,25
154,45,4
154,46,55
154,47,3
154,48,12
154,49,6
154,50,1
154,51,1
154,53,1
154,54,7
154,55,35
154,56,95
154,57,5
154,58,5
154,59,15
154,62,6
154,63,66
154,64,7
154,65,21
154,66,7
154,67,221
154,68,20
154,69,13
154,70,10
154,71,12
154,72,26
154,73,16
154,74,6
154,75,10
154,76,17
154,78,5
154,79,10
154,81,5
154,82,17
154,83,3
154,84,10
154,85,1
154,86,1
154,89,2
154,90,2
154,92,2
154,94,4
154,95,1
154,96,1
154,98,12
154,99,160
154,100,29
154,101,9
154,102,14
154,103,6
154,104,6
154,105,13
154,106,4
154,107,2
154,108,4
154,110,48
154,111,8
154,112,8
154,113,15
154,114,1
154,115,9
154,117,5
154,118,29
154,119,2
154,122,8
154,123,45
154,124,12
154,125,6
154,126,6
154,127,2
154,128,1
154,129,3
154,130,2
154,131,1
154,133,5
154,134,5
154,136,5
154,137,17
154,138,1
154,139,9
154,140,49
154,141,11
154,143,2
154,145,8
154,146,7
154,147,3
154,148,5
154,150,3
154,151,1
154,152,8
154,153,2
154,155,70
154,156,5
154,157,31
154,158,6
154,159,19
154,160,5
154,161,13
154,162,5
154,163,4
154,164,14
154,165,18
154,167,4
154,169,10
154,171,1
154,172,10
154,173,4
154,174,1
154,175,14
154,177,4
154,181,2
154,184,4
154,187,4
154,188,1
154,192,3
154,193,2
154,194,6
154,195,5
154,196,8
154,197,3
154,198,5
154,199,4
155,1,6
155,2,5
155,3,2
155,4,3
155,5,101
155,6,5
155,7,2
155,8,3
155,10,3
155,11,27
155,12,1
155,13,11
155,14,14
155,15,44
155,16,14
155,18,18
155,19,3
155,20,2
155,21,55
155,23,6
155,24,6
155,25,40
155,26,1
155,27,2
155,28,24
155,29,4
155,30,2
155,31,5
155,32,67
155,33,10
155,34,5
155,35,4
155,36,1
155,37,1
155,38,1
155,39,16
155,40,19
155,41,17
155,42,106
155,43,89
155,44,25
155,45,2
155,46,87
155,47,1
155,48,4
155,49,21
155,52,6
155,53,5
155,55,23
155,56,72
155,58,3
155,59,14
155,62,12
155,63,38
155,64,2
155,65,9
155,66,4
155,67,290
155,68,14
155,69,4
155,70,8
155,71,21
155,72,27
155,73,26
155,74,19
155,75,7
155,76,22
155,78,6
155,79,18
155,80,3
155,81,4
155,82,16
155,83,7
155,84,10
155,85,4
155,87,4
155,90,2
155,91,2
155,92,1
155,94,3
155,95,5
155,96,5
155,97,3
155,98,9
155,99,120
155,100,28
155,101,5
155,102,11
155,103,3
155,104,1
155,105,7
155,106,5
155,107,1
155,108,6
155,110,72
155,111,17
155,112,5
155,113,9
155,114,7
155,115,1
155,117,9
155,118,37
155,119,1
155,122,9
155,123,78
155,124,23
155,125,7
155,126,11
155,127,3
155,128,2
155,129,7
155,132,2
155,133,3
155,134,1
155,135,1
155,136,2
155,137,9
155,140,30
155,141,5
155,143,3
155,145,9
155,146,4
155,147,1
155,148,2
155,149,2
155,150,2
155,151,2
155,152,3
155,153,2
155,154,24
155,156,2
155,157,4
155,158,4
155,159,2
155,160,2
155,161,8
155,162,1
155,163,6
155,164,9
155,165,21
155,166,24
155,167,4
155,169,5
155,171,1
155,172,7
155,174,4
155,175,21
155,176,1
155,177,1
155,178,2
155,180,5
155,181,2
155,184,1
155,185,2
155,187,3
155,188,5
155,190,1
155,192,9
155,193,2
155,194,3
155,195,11
155,196,8
155,197,2
155,198,3
155,199,3
156,1,5
156,2,4
156,3,6
156,4,1
156,5,37
156,6,5
156,7,1
156,8,2
156,10,4
156,11,54
156,12,5
156,13,12
156,14,7
156,15,13
156,16,13
156,17,1
156,18,26
156,19,22
156,20,1
156,21,55
156,22,3
156,23,16
156,24,5
156,25,106
156,26,4
156,27,1
156,28,50
156,29,4
156,30,1
156,31,3
156,32,13
156,33,12
156,34,6
156,36,4
156,37,2
156,38,5
156,39,23
156,40,2
156,41,1
156,42,21
156,43,9
156,44,7
156,45,4
156,46,22
156,47,6
156,48,21
156,49,3
156,51,2
156,52,3
156,53,2
156,54,6
156,55,49
156,56,66
156,57,1
156,58,4
156,59,11
156,60,3
156,62,12
156,63,49
156,64,9
156,65,11
156,66,6
156,67,260
156,68,17
156,69,14
156,70,4
156,71,8
156,72,11
156,73,24
156,74,4
156,75,23
156,76,20
156,77,3
156,78,11
156,79,2
156,80,3
156,81,13
156,82,15
156,83,15
156,84,21
156,85,13
156,86,6
156,87,3
156,89,5
156,90,4
156,91,4
156,92,3
156,93,2
156,94,3
156,95,7
156,96,1
156,97,9
156,98,17
156,99,119
156,100,30
156,101,7
156,102,5
156,103,4
156,104,2
156,105,5
156,106,8
156,107,3
156,108,1
156,110,14
156,111,20
156,112,20
156,113,27
156,114,7
156,115,20
156,117,8
156,118,91
156,119,1
156,122,17
156,123,29
156,124,10
156,125,3
156,126,18
156,127,13
156,128,3
156,129,27
156,130,2
156,132,10
156,133,2
156,135,6
156,136,10
156,137,13
156,138,4
156,139,1
156,140,50
156,141,12
156,143,2
156,145,8
156,146,8
156,147,4
156,148,5
156,149,1
156,151,7
156,152,4
156,153,3
156,154,17
156,155,23
156,157,3
156,158,1
156,160,48
156,161,9
156,162,28
156,163,16
156,164,4
156,165,61
156,166,13
156,167,31
156,169,44
156,170,6
156,171,17
156,172,15
156,174,2
156,175,16
156,177,6
156,178,2
156,179,3
156,180,6
156,181,2
156,183,10
156,184,1
156,187,9
156,192,5
156,193,4
156,194,6
156,195,5
156,196,4
156,197,3
156,198,15
157,1,6
157,3,5
157,5,44
157,6,1
157,7,1
157,8,1
157,9,1
157,11,10
157,12,2
157,13,4
157,14,1
157,15,12
157,16,12
157,17,3
157,18,7
157,19,2
157,20,1
157,21,27
157,23,2
157,25,21
157,27,2
157,28,16
157,29,6
157,30,1
157,31,3
157,32,23
157,33,4
157,34,1
157,36,2
157,37,1
157,38,1
157,39,9
157,40,7
157,41,10
157,42,48
157,43,37
157,44,12
157,45,7
157,46,17
157,47,1
157,48,6
157,49,5
157,50,2
157,52,1
157,54,2
157,55,8
157,56,49
157,58,1
157,59,4
157,62,7
157,63,23
157,64,3
157,65,4
157,66,1
157,67,156
157,68,11
157,69,3
157,70,1
157,71,10
157,72,7
157,73,8
157,74,6
157,75,10
157,76,10
157,79,2
157,80,2
157,81,2
157,82,1
157,83,2
157,84,4
157,93,2
157,94,1
157,97,1
157,98,4
157,99,107
157,100,14
157,102,3
157,103,3
157,105,3
157,106,4
157,108,3
157,110,20
157,111,7
157,113,6
157,115,2
157,118,24
157,122,10
157,123,39
157,124,6
157,126,5
157,128,1
157,129,4
157,130,1
157,133,1
157,136,3
157,137,6
157,139,1
157,140,22
157,141,2
157,145,5
157,146,5
157,147,13
157,148,1
157,149,1
157,150,1
157,151,1
157,153,1
157,154,17
157,155,42
157,156,1
157,158,2
157,159,6
157,161,19
157,163,1
157,164,7
157,165,6
157,166,8
157,167,5
157,169,5
157,170,1
157,171,1
157,172,6
157,174,1
157,175,9
157,177,3
157,178,1
157,180,6
157,185,1
157,186,1
157,187,1
157,188,6
157,190,1
157,193,1
157,194,3
157,196,2
157,197,1
157,198,2
158,1,7
158,2,6
158,3,5
158,4,5
158,5,195
158,6,6
158,8,5
158,10,3
158,11,26
158,12,3
158,13,4
158,14,3
158,15,88
158,16,36
158,18,13
158,19,4
158,20,3
158,21,91
158,22,2
158,23,14
158,24,2
158,25,43
158,26,4
158,28,28
158,29,3
158,30,1
158,31,15
158,32,60
158,33,22
158,34,12
158,35,6
158,36,14
158,37,4
158,38,28
158,39,18
158,40,20
158,41,7
158,42,190
158,43,88
158,44,26
158,45,2
158,46,60
158,47,1
158,48,5
158,49,18
158,50,4
158,53,6
158,54,4
158,55,39
158,56,203
158,57,4
158,58,2
158,59,12
158,60,1
158,62,10
158,63,66
158,64,4
158,65,4
158,66,11
158,67,496
158,68,37
158,69,12
158,70,10
158,71,19
158,72,46
158,73,33
158,74,26
158,75,26
158,76,40
158,77,1
158,78,7
158,79,11
158,80,3
158,81,7
158,82,10
158,83,5
158,84,27
158,85,6
158,87,1
158,88,1
158,89,2
158,92,6
158,93,1
158,94,2
158,95,1
158,97,2
158,98,11
158,99,328
158,100,11
158,101,6
158,102,25
158,103,3
158,104,2
158,105,4
158,106,12
158,108,8
158,109,1
158,110,79
158,111,19
158,112,18
158,113,21
158,115,3
158,117,5
158,118,57
158,119,7
158,122,10
158,123,92
158,124,22
158,125,2
158,126,4
158,128,2
158,129,3
158,130,1
158,131,2
158,133,3
158,134,6
158,137,18
158,138,4
158,139,1
158,140,45
158,141,9
158,143,1
158,145,5
158,146,14
158,147,7
158,148,4
158,149,4
158,150,6
158,151,5
158,152,2
158,153,9
158,154,7
158,155,132
158,156,2
158,157,7
158,159,25
158,160,8
158,161,79
158,162,2
158,163,13
158,164,25
158,165,12
158,166,12
158,167,8
158,169,10
158,170,1
158,171,4
158,172,23
158,173,1
158,174,2
158,175,8
158,177,3
158,179,1
158,180,2
158,181,8
158,182,1
158,183,1
158,184,1
158,186,2
158,189,1
158,192,8
158,193,7
158,194,1
158,195,5
158,196,5
158,197,1
158,198,9
159,1,2
159,2,1
159,3,2
159,4,3
159,5,99
159,6,3
159,8,7
159,9,1
159,10,3
159,11,20
159,12,3
159,13,10
159,14,4
159,15,43
159,16,10
159,17,1
159,18,7
159,19,1
159,21,68
159,22,2
159,23,22
159,24,1
159,25,37
159,26,3
159,27,4
159,28,38
159,29,3
159,30,1
159,31,5
159,32,36
159,33,10
159,34,12
159,35,7
159,36,10
159,37,6
159,38,7
159,39,29
159,40,28
159,41,8
159,42,119
159,43,52
159,44,24
159,45,15
159,46,69
159,47,5
159,48,6
159,49,7
159,50,11
159,53,1
159,54,10
159,55,21
159,56,140
159,57,3
159,59,14
159,62,12
159,63,45
159,64,3
159,65,22
159,66,6
159,67,368
159,68,22
159,69,3
159,70,9
159,71,21
159,72,26
159,73,30
159,74,26
159,75,22
159,76,16
159,78,8
159,79,8
159,80,2
159,81,5
159,82,10
159,83,2
159,84,23
159,85,8
159,87,1
159,88,2
159,89,2
159,90,2
159,92,5
159,94,4
159,95,2
159,97,7
159,98,12
159,99,249
159,100,33
159,101,8
159,102,16
159,103,3
159,104,5
159,105,10
159,106,10
159,108,2
159,110,76
159,111,11
159,112,6
159,113,14
159,114,3
159,115,2
159,117,1
159,118,36
159,122,9
159,123,94
159,124,7
159,125,7
159,126,1
159,127,2
159,128,4
159,129,6
159,130,1
159,133,2
159,135,1
159,136,1
159,137,12
159,138,1
159,139,2
159,140,49
159,141,1
159,143,7
159,145,8
159,146,13
159,147,19
159,148,9
159,150,5
159,151,5
159,153,7
159,154,10
159,155,77
159,156,4
159,157,3
159,158,14
159,160,4
159,161,20
159,163,11
159,164,9
159,165,13
159,166,8
159,167,30
159,169,12
159,172,19
159,174,5
159,175,11
159,177,1
159,180,1
159,181,1
159,182,1
159,183,1
159,184,1
159,189,1
159,192,2
159,193,5
159,195,5
159,196,3
159,197,2
159,198,7
159,199,3
160,2,1
160,7,1
160,10,1
160,15,1
160,18,2
160,19,1
160,32,1
160,33,2
160,39,1
160,40,1
160,50,1
160,54,2
160,55,1
160,56,3
160,57,1
160,67,2
160,69,1
160,71,1
160,82,1
160,83,1
160,86,1
160,87,1
160,88,1
160,90,1
160,94,1
160,99,2
160,105,2
160,117,1
160,118,2
160,122,1
160,124,1
160,128,2
160,130,1
160,135,1
160,140,1
160,152,1
160,155,1
160,164,1
160,165,2
160,166,2
160,169,1
160,172,2
160,174,1
160,177,1
160,193,1
160,194,2
161,1,5
161,2,5
161,3,6
161,4,3
161,5,186
161,6,8
161,7,4
161,8,5
161,9,7
161,10,6
161,11,34
161,12,4
161,13,6
161,14,8
161,15,43
161,16,36
161,18,20
161,19,6
161,20,3
161,21,73
161,22,2
161,23,29
161,25,37
161,26,2
161,28,45
161,29,7
161,30,5
161,31,15
161,32,45
161,33,15
161,34,10
161,35,3
161,36,6
161,37,1
161,38,6
161,39,36
161,40,22
161,41,15
161,42,140
161,43,79
161,44,46
161,45,3
161,46,66
161,47,4
161,48,9
161,49,37
161,50,1
161,51,1
161,52,2
161,53,2
161,54,6
161,55,57
161,56,190
161,57,1
161,58,3
161,59,14
161,62,13
161,63,76
161,64,6
161,65,13
161,66,5
161,67,472
161,68,30
161,69,9
161,70,10
161,71,16
161,72,40
161,73,29
161,74,29
161,75,22
161,76,23
161,78,11
161,79,11
161,80,2
161,81,1
161,82,4
161,83,5
161,84,13
161,85,6
161,87,1
161,89,1
161,90,3
161,93,2
161,96,2
161,97,6
161,98,16
161,99,361
161,100,50
161,101,6
161,102,15
161,103,9
161,104,7
161,105,9
161,106,4
161,107,1
161,108,6
161,109,1
161,110,76
161,111,15
161,112,12
161,113,28
161,114,2
161,115,8
161,117,3
161,118,64
161,122,22
161,123,86
161,124,46
161,125,14
161,126,14
161,127,1
161,128,2
161,129,6
161,130,2
161,131,1
161,132,2
161,133,9
161,135,1
161,136,6
161,137,9
161,138,3
161,139,1
161,140,57
161,141,8
161,143,8
161,145,6
161,146,7
161,147,9
161,148,5
161,149,1
161,150,3
161,151,2
161,152,3
161,153,10
161,154,17
161,155,109
161,156,6
161,157,11
161,158,41
161,159,7
161,160,9
161,163,12
161,164,16
161,165,20
161,166,8
161,167,7
161,169,7
161,171,3
161,172,18
161,175,16
161,176,1
161,177,5
161,178,1
161,181,2
161,182,1
161,183,1
161,184,2
161,186,1
161,187,8
161,191,2
161,192,9
161,193,4
161,194,3
161,195,4
161,196,4
161,198,6
161,199,5
162,2,6
162,3,1
162,5,13
162,6,1
162,7,2
162,8,2
162,9,1
162,10,1
162,11,9
162,12,3
162,14,1
162,15,3
162,16,8
162,17,3
162,18,5
162,19,7
162,21,19
162,22,4
162,25,30
162,26,5
162,28,12
162,29,2
162,31,1
162,32,2
162,33,1
162,34,1
162,35,1
162,36,1
162,37,1
162,38,4
162,39,6
162,42,2
162,43,5
162,44,2
162,45,1
162,46,5
162,48,7
162,49,2
162,52,4
162,54,1
162,55,6
162,56,17
162,58,1
162,59,4
162,61,1
162,62,7
162,63,6
162,64,3
162,65,2
162,67,53
162,68,3
162,69,2
162,70,3
162,71,4
162,72,6
162,73,1
162,74,2
162,75,13
162,76,12
162,77,1
162,78,7
162,80,1
162,81,4
162,82,7
162,83,7
162,84,8
162,85,4
162,86,1
162,87,1
162,89,1
162,90,6
162,91,1
162,93,4
162,95,3
162,96,4
162,97,1
162,98,3
162,99,13
162,100,10
162,101,1
162,104,2
162,105,1
162,106,1
162,107,1
162,110,2
162,111,2
162,112,1
162,113,8
162,114,4
162,115,2
162,117,1
162,118,13
162,122,1
162,123,11
162,124,1
162,126,5
162,127,3
162,128,2
162,129,2
162,132,1
162,133,11
162,134,2
162,136,2
162,138,2
162,140,19
162,141,1
162,143,2
162,146,2
162,147,6
162,148,2
162,152,1
162,155,9
162,156,7
162,160,8
162,161,5
162,163,7
162,164,4
162,165,7
162,166,4
162,167,11
162,169,2
162,171,1
162,172,2
162,173,3
162,175,7
162,177,2
162,180,1
162,182,2
162,184,1
162,187,9
162,191,1
162,192,3
162,195,1
162,196,2
162,198,5
162,199,2
163,1,5
163,2,12
163,3,10
163,4,5
163,5,81
163,6,7
163,8,4
163,9,3
163,10,8
163,11,74
163,12,4
163,13,12
163,14,5
163,15,9
163,16,16
163,17,2
163,18,15
163,19,10
163,21,75
163,22,18
163,23,3
163,24,3
163,25,56
163,26,1
163,27,7
163,28,35
163,29,2
163,30,1
163,31,4
163,32,23
163,33,8
163,34,4
163,35,2
163,36,4
163,37,7
163,38,3
163,39,10
163,40,7
163,41,4
163,42,16
163,43,14
163,44,19
163,45,3
163,46,11
163,47,2
163,48,13
163,49,7
163,51,3
163,52,7
163,53,1
163,55,38
163,56,41
163,57,2
163,58,4
163,59,14
163,60,4
163,61,3
163,62,4
163,63,30
163,64,7
163,65,5
163,66,10
163,67,306
163,68,14
163,69,7
163,70,8
163,71,9
163,72,16
163,73,22
163,74,4
163,75,30
163,76,23
163,77,2
163,78,11
163,79,14
163,81,9
163,82,15
163,83,10
163,84,21
163,85,10
163,86,4
163,87,3
163,89,2
163,90,10
163,91,2
163,92,4
163,93,5
163,94,1
163,95,3
163,96,4
163,97,3
163,98,7
163,99,121
163,100,47
163,101,2
163,105,1
163,106,9
163,110,17
163,111,8
163,112,16
163,113,15
163,114,8
163,115,1
163,117,4
163,118,50
163,120,2
163,122,13
163,123,19
163,124,9
163,125,11
163,126,13
163,127,6
163,128,13
163,129,17
163,130,1
163,131,3
163,132,3
163,133,4
163,134,8
163,135,3
163,136,7
163,137,6
163,139,2
163,140,58
163,141,20
163,143,7
163,145,6
163,146,3
163,147,4
163,148,1
163,149,6
163,151,3
163,154,4
163,155,20
163,156,8
163,157,4
163,158,2
163,159,1
163,160,32
163,161,5
163,162,17
163,164,10
163,165,36
163,166,6
163,167,24
163,169,11
163,170,3
163,171,5
163,172,18
163,173,3
163,174,2
163,175,34
163,176,1
163,177,2
163,178,2
163,180,4
163,181,7
163,182,1
163,183,6
163,184,1
163,187,9
163,188,4
163,190,1
163,192,10
163,193,1
163,194,3
163,195,3
163,196,3
163,198,10
163,199,4
164,1,2
164,2,10
164,3,11
164,4,9
164,5,107
164,6,9
164,7,10
164,8,8
164,9,1
164,10,7
164,11,25
164,12,1
164,13,16
164,14,11
164,15,64
164,16,58
164,17,9
164,18,31
164,19,19
164,20,6
164,21,174
164,22,9
164,23,11
164,24,2
164,25,38
164,26,6
164,27,4
164,28,90
164,29,26
164,30,8
164,31,1
164,32,23
164,33,20
164,34,4
164,35,3
164,36,1
164,37,3
164,38,2
164,39,11
164,40,18
164,42,15
164,43,10
164,44,17
164,45,4
164,46,14
164,47,1
164,48,20
164,49,8
164,52,18
164,53,8
164,54,34
164,55,99
164,56,83
164,57,3
164,58,13
164,59,34
164,60,1
164,62,33
164,63,70
164,64,5
164,65,17
164,66,10
164,67,223
164,68,15
164,69,13
164,70,5
164,71,29
164,72,47
164,73,42
164,74,33
164,75,14
164,76,12
164,77,1
164,78,15
164,79,16
164,81,27
164,82,59
164,83,18
164,84,21
164,85,42
164,86,8
164,87,41
164,88,18
164,89,21
164,90,38
164,91,7
164,92,31
164,93,27
164,94,3
164,95,8
164,96,12
164,97,26
164,98,28
164,99,102
164,100,21
164,101,3
164,102,2
164,103,2
164,104,9
164,105,5
164,106,17
164,107,3
164,108,1
164,109,1
164,110,20
164,111,6
164,112,4
164,113,11
164,114,11
164,115,6
164,117,6
164,118,38
164,120,1
164,121,1
164,122,3
164,123,14
164,124,8
164,125,5
164,126,3
164,127,8
164,128,8
164,129,37
164,130,7
164,131,12
164,132,4
164,133,4
164,134,1
164,135,4
164,136,1
164,137,8
164,138,3
164,140,47
164,141,7
164,143,4
164,145,2
164,146,3
164,147,1
164,149,1
164,153,1
164,154,1
164,155,5
164,157,1
164,158,2
164,160,10
164,161,7
164,162,1
164,163,12
164,165,112
164,166,95
164,167,14
164,169,15
164,170,5
164,171,19
164,172,28
164,173,4
164,174,4
164,175,53
164,176,1
164,177,3
164,179,3
164,180,3
164,181,5
164,182,4
164,183,1
164,184,2
164,185,7
164,186,1
164,187,32
164,188,4
164,189,4
164,190,3
164,191,5
164,192,15
164,193,10
164,194,13
164,195,8
164,196,24
164,197,8
164,198,20
164,199,9
165,1,6
165,2,21
165,3,13
165,4,18
165,5,139
165,6,15
165,7,8
165,8,5
165,9,2
165,10,22
165,11,41
165,12,10
165,13,15
165,14,15
165,15,42
165,16,59
165,17,6
165,18,35
165,19,23
165,21,164
165,22,2
165,23,5
165,24,5
165,25,28
165,26,14
165,27,4
165,28,116
165,29,29
165,30,8
165,31,3
165,32,30
165,33,17
165,34,2
165,36,5
165,37,5
165,38,1
165,39,9
165,40,18
165,41,5
165,42,21
165,43,7
165,44,15
165,45,3
165,46,10
165,47,4
165,48,12
165,49,4
165,51,2
165,52,17
165,53,4
165,54,25
165,55,131
165,56,126
165,57,4
165,58,25
165,59,31
165,62,32
165,63,60
165,64,8
165,65,10
165,66,9
165,67,313
165,68,28
165,69,8
165,70,23
165,71,27
165,72,54
165,73,24
165,74,21
165,75,29
165,76,21
165,77,6
165,78,6
165,79,42
165,80,1
165,81,35
165,82,33
165,83,21
165,84,65
165,85,44
165,86,8
165,87,11
165,88,10
165,89,10
165,90,31
165,91,1
165,92,12
165,93,20
165,94,10
165,95,14
165,96,10
165,97,10
165,98,32
165,99,200
165,100,33
165,101,6
165,102,6
165,103,5
165,104,2
165,105,4
165,106,6
165,107,5
165,108,1
165,109,2
165,110,33
165,111,17
165,112,8
165,113,10
165,115,1
165,116,1
165,117,3
165,118,33
165,119,1
165,121,3
165,122,9
165,123,18
165,124,6
165,125,1
165,126,9
165,128,10
165,129,33
165,130,3
165,131,5
165,132,5
165,133,12
165,134,2
165,135,3
165,137,12
165,138,2
165,140,36
165,141,10
165,143,10
165,145,5
165,146,3
165,147,2
165,148,4
165,149,3
165,151,1
165,153,2
165,154,4
165,155,14
165,158,6
165,159,3
165,160,12
165,161,3
165,162,5
165,163,7
165,164,72
165,166,99
165,167,21
165,169,18
165,170,13
165,171,24
165,172,36
165,173,5
165,174,2
165,175,51
165,176,2
165,177,8
165,178,9
165,179,1
165,180,4
165,181,8
165,182,1
165,183,2
165,184,7
165,185,1
165,187,27
165,188,1
165,189,1
165,190,1
165,191,8
165,192,19
165,193,21
165,194,8
165,195,9
165,196,11
165,197,11
165,198,14
165,199,18
166,1,1
166,2,14
166,3,6
166,4,16
166,5,93
166,6,10
166,7,4
166,8,6
166,10,6
166,11,39
166,12,3
166,13,16
166,14,16
166,15,46
166,16,42
166,17,6
166,18,47
166,19,17
166,20,6
166,21,204
166,22,2
166,23,8
166,25,37
166,26,4
166,27,2
166,28,74
166,29,21
166,30,3
166,31,1
166,32,27
166,33,21
166,34,2
166,35,2
166,36,1
166,37,3
166,39,10
166,40,19
166,42,21
166,43,23
166,44,19
166,45,1
166,46,15
166,47,3
166,48,5
166,49,5
166,51,1
166,52,21
166,53,9
166,54,34
166,55,86
166,56,97
166,57,2
166,58,15
166,59,32
166,60,1
166,62,17
166,63,60
166,64,9
166,65,9
166,66,10
166,67,270
166,68,8
166,69,6
166,70,9
166,71,28
166,72,39
166,73,43
166,74,47
166,75,21
166,76,9
166,77,2
166,78,10
166,79,10
166,81,27
166,82,24
166,83,16
166,84,35
166,85,50
166,86,5
166,87,36
166,88,2
166,89,10
166,90,39
166,91,8
166,92,38
166,93,10
166,94,8
166,95,15
166,96,10
166,97,29
166,98,35
166,99,149
166,100,39
166,101,3
166,102,1
166,103,1
166,104,2
166,105,9
166,106,19
166,107,2
166,108,4
166,109,3
166,110,25
166,111,9
166,112,7
166,113,6
166,114,2
166,115,4
166,117,7
166,118,31
166,120,4
166,122,8
166,123,26
166,124,5
166,125,3
166,126,3
166,127,1
166,128,4
166,129,25
166,130,8
166,131,6
166,132,1
166,133,1
166,134,3
166,135,5
166,136,5
166,137,23
166,138,3
166,139,1
166,140,29
166,141,4
166,143,5
166,146,3
166,148,2
166,149,3
166,150,2
166,151,5
166,152,4
166,153,1
166,155,15
166,156,1
166,157,1
166,158,4
166,160,11
166,161,4
166,162,3
166,163,12
166,164,92
166,165,107
166,167,21
166,169,16
166,170,4
166,171,11
166,172,19
166,173,3
166,174,5
166,175,70
166,176,4
166,177,8
166,178,3
166,180,5
166,181,4
166,182,6
166,183,3
166,184,4
166,185,3
166,186,3
166,187,38
166,188,4
166,189,5
166,190,1
166,192,16
166,193,17
166,194,16
166,195,6
166,196,12
166,197,16
166,198,18
166,199,12
167,1,4
167,2,22
167,3,9
167,4,11
167,5,85
167,6,14
167,7,3
167,8,5
167,9,4
167,10,17
167,11,66
167,12,5
167,13,5
167,14,9
167,15,20
167,16,17
167,17,3
167,18,11
167,19,8
167,20,1
167,21,60
167,23,8
167,24,8
167,25,33
167,26,11
167,27,2
167,28,31
167,29,8
167,30,2
167,31,1
167,32,10
167,33,1
167,34,1
167,35,1
167,36,2
167,37,3
167,38,1
167,39,7
167,40,10
167,41,1
167,42,5
167,43,5
167,44,7
167,45,1
167,46,8
167,47,1
167,48,8
167,49,2
167,52,5
167,54,4
167,55,29
167,56,50
167,58,8
167,59,11
167,60,1
167,62,6
167,63,53
167,64,7
167,65,13
167,66,9
167,67,226
167,68,10
167,69,3
167,70,5
167,71,6
167,72,12
167,73,21
167,74,8
167,75,22
167,76,15
167,78,2
167,79,12
167,80,3
167,81,8
167,82,18
167,83,15
167,84,24
167,85,12
167,86,1
167,87,3
167,89,4
167,90,6
167,92,3
167,93,3
167,94,1
167,95,1
167,96,2
167,97,4
167,98,10
167,99,114
167,100,28
167,102,1
167,103,1
167,104,5
167,105,2
167,106,5
167,107,2
167,108,1
167,110,14
167,111,8
167,112,3
167,113,10
167,115,3
167,117,2
167,118,33
167,122,6
167,123,10
167,124,5
167,125,9
167,126,8
167,127,2
167,128,21
167,129,8
167,130,4
167,132,5
167,133,5
167,135,2
167,136,6
167,137,1
167,138,3
167,139,2
167,140,38
167,141,8
167,143,1
167,145,1
167,146,6
167,147,2
167,148,3
167,150,1
167,152,1
167,153,1
167,154,2
167,155,8
167,157,1
167,159,3
167,160,9
167,161,3
167,162,7
167,163,8
167,164,2
167,165,52
167,166,9
167,169,1
167,170,3
167,171,1
167,172,12
167,173,1
167,174,1
167,175,18
167,176,2
167,177,3
167,178,3
167,180,1
167,182,1
167,183,2
167,187,9
167,189,1
167,192,1
167,193,5
167,194,3
167,195,7
167,196,3
167,197,2
167,198,9
167,199,1
168,1,5
168,2,6
168,3,8
168,4,3
168,5,51
168,6,10
168,8,2
168,9,2
168,10,10
168,11,40
168,12,4
168,13,1
168,14,5
168,15,4
168,16,19
168,17,2
168,18,9
168,19,3
168,20,1
168,21,41
168,22,8
168,23,2
168,24,3
168,25,36
168,26,2
168,27,3
168,28,29
168,29,2
168,30,2
168,31,1
168,32,10
168,33,2
168,34,5
168,35,1
168,36,3
168,37,3
168,39,16
168,40,12
168,42,10
168,43,3
168,44,6
168,45,4
168,46,12
168,47,1
168,48,14
168,49,13
168,50,2
168,52,5
168,53,1
168,55,20
168,56,35
168,57,3
168,58,4
168,59,9
168,62,7
168,63,23
168,64,4
168,65,10
168,66,13
168,67,202
168,68,9
168,70,5
168,71,5
168,72,15
168,73,16
168,74,3
168,75,5
168,76,10
168,78,4
168,79,1
168,81,6
168,82,6
168,83,5
168,84,20
168,85,1
168,86,2
168,87,1
168,88,2
168,89,2
168,90,5
168,92,3
168,93,1
168,96,1
168,97,1
168,98,2
168,99,64
168,100,21
168,101,1
168,102,8
168,104,2
168,105,3
168,106,1
168,108,2
168,109,1
168,110,11
168,111,2
168,112,13
168,113,4
168,114,4
168,117,6
168,118,22
168,121,1
168,122,3
168,123,17
168,124,10
168,125,3
168,126,7
168,127,3
168,128,3
168,129,3
168,130,3
168,132,2
168,133,2
168,135,2
168,136,2
168,137,3
168,138,2
168,140,24
168,141,2
168,143,3
168,145,5
168,146,15
168,148,1
168,149,3
168,151,1
168,152,2
168,154,4
168,155,8
168,156,1
168,157,2
168,158,4
168,159,7
168,160,8
168,161,1
168,162,2
168,163,4
168,164,1
168,165,21
168,166,7
168,167,6
168,169,7
168,170,2
168,172,8
168,173,1
168,174,5
168,175,11
168,177,1
168,180,1
168,181,3
168,182,2
168,183,1
168,186,1
168,187,7
168,190,1
168,191,2
168,192,8
168,193,2
168,194,2
168,195,7
168,196,3
168,197,2
168,198,4
168,199,2
169,6,3
169,10,1
169,15,1
169,16,1
169,17,2
169,18,1
169,21,2
169,22,1
169,25,6
169,28,1
169,33,1
169,38,1
169,39,2
169,40,1
169,41,1
169,43,2
169,44,2
169,47,1
169,49,1
169,50,1
169,56,1
169,59,1
169,63,2
169,67,6
169,71,1
169,73,2
169,74,1
169,76,2
169,80,1
169,87,1
169,90,7
169,91,1
169,92,1
169,95,1
169,97,1
169,98,1
169,99,2
169,100,3
169,105,1
169,106,1
169,109,2
169,114,2
169,118,2
169,122,1
169,123,1
169,124,1
169,125,1
169,127,3
169,128,1
169,129,5
169,131,1
169,141,1
169,146,1
169,155,1
169,162,1
169,163,3
169,165,1
169,166,1
169,172,2
169,173,2
169,174,3
169,175,12
169,177,1
169,194,1
169,195,4
169,196,2
170,1,2
170,2,30
170,3,6
170,4,7
170,5,48
170,6,12
170,7,5
170,8,5
170,10,6
170,11,41
170,12,4
170,13,11
170,14,24
170,15,6
170,16,17
170,18,20
170,19,7
170,20,2
170,21,85
170,22,3
170,23,5
170,24,7
170,25,60
170,26,14
170,27,4
170,28,51
170,29,8
170,30,2
170,32,6
170,33,1
170,34,1
170,36,3
170,37,2
170,38,2
170,39,11
170,40,4
170,41,10
170,42,9
170,43,4
170,44,11
170,45,1
170,46,9
170,48,11
170,49,1
170,52,17
170,53,1
170,54,7
170,55,62
170,56,49
170,58,8
170,59,20
170,60,1
170,62,9
170,63,41
170,64,11
170,65,10
170,67,149
170,68,1
170,69,2
170,70,2
170,71,13
170,72,23
170,73,12
170,74,8
170,75,10
170,76,11
170,77,1
170,78,11
170,80,2
170,81,26
170,82,10
170,83,25
170,84,21
170,85,17
170,86,7
170,87,3
170,88,2
170,89,2
170,90,20
170,91,5
170,92,21
170,93,9
170,94,1
170,95,3
170,96,7
170,97,4
170,98,10
170,99,96
170,100,15
170,102,8
170,103,3
170,105,3
170,106,11
170,108,2
170,109,2
170,110,10
170,111,3
170,112,8
170,113,6
170,114,3
170,115,5
170,117,2
170,118,29
170,120,2
170,122,3
170,123,12
170,124,13
170,125,5
170,126,5
170,127,2
170,128,6
170,129,40
170,130,5
170,131,4
170,132,17
170,133,2
170,134,1
170,135,6
170,136,2
170,137,8
170,138,1
170,140,28
170,141,4
170,143,6
170,145,1
170,146,3
170,148,1
170,149,2
170,150,1
170,152,2
170,153,1
170,154,2
170,155,10
170,156,3
170,158,1
170,160,10
170,162,15
170,163,7
170,164,17
170,165,99
170,166,24
170,167,11
170,169,13
170,171,17
170,172,44
170,173,4
170,174,7
170,175,40
170,176,10
170,177,8
170,178,4
170,179,3
170,180,5
170,181,14
170,182,1
170,183,4
170,184,1
170,185,3
170,187,15
170,188,1
170,189,4
170,190,2
170,192,13
170,193,4
170,194,11
170,195,6
170,196,4
170,197,2
170,198,11
170,199,3
171,2,7
171,3,1
171,4,4
171,5,43
171,6,4
171,9,4
171,11,18
171,14,5
171,15,10
171,16,6
171,17,1
171,18,10
171,19,1
171,20,3
171,21,32
171,23,1
171,24,2
171,25,9
171,26,4
171,28,23
171,29,9
171,31,1
171,32,1
171,33,4
171,36,1
171,39,2
171,40,7
171,42,6
171,43,4
171,46,3
171,47,1
171,48,4
171,49,2
171,52,5
171,55,28
171,56,41
171,57,1
171,58,1
171,59,5
171,62,3
171,63,17
171,64,1
171,65,4
171,66,4
171,67,64
171,68,6
171,70,2
171,71,12
171,72,5
171,73,1
171,74,2
171,75,1
171,76,4
171,79,7
171,81,4
171,82,7
171,83,5
171,84,15
171,85,11
171,86,1
171,87,4
171,88,2
171,89,1
171,90,7
171,91,3
171,92,4
171,93,3
171,94,1
171,95,1
171,96,1
171,98,4
171,99,45
171,100,7
171,104,3
171,105,2
171,106,6
171,108,2
171,110,10
171,111,1
171,112,6
171,113,6
171,114,6
171,115,1
171,118,16
171,120,1
171,122,1
171,123,7
171,124,1
171,125,3
171,126,2
171,128,1
171,129,9
171,130,2
171,132,1
171,135,1
171,137,4
171,138,3
171,139,2
171,140,9
171,141,6
171,143,2
171,145,1
171,146,4
171,150,1
171,152,1
171,154,1
171,155,2
171,158,1
171,159,1
171,160,3
171,161,2
171,162,3
171,163,1
171,164,9
171,165,17
171,166,15
171,167,6
171,169,8
171,170,3
171,172,13
171,174,3
171,175,12
171,177,2
171,178,4
171,180,2
171,181,3
171,189,1
171,192,9
171,193,4
171,194,5
171,195,1
171,196,7
171,197,2
171,198,1
171,199,1
172,1,4
172,2,7
172,3,5
172,4,1
172,5,52
172,6,12
172,7,1
172,8,7
172,9,5
172,10,8
172,11,23
172,12,3
172,13,9
172,14,6
172,15,19
172,16,12
172,17,3
172,18,13
172,19,9
172,21,46
172,22,8
172,23,2
172,24,5
172,25,27
172,26,7
172,27,9
172,28,33
172,29,8
172,30,7
172,31,1
172,32,10
172,33,9
172,34,1
172,36,2
172,38,3
172,39,6
172,40,1
172,41,1
172,42,14
172,43,15
172,44,10
172,45,3
172,46,8
172,47,2
172,48,8
172,49,3
172,52,8
172,53,1
172,54,9
172,55,31
172,56,57
172,57,1
172,58,6
172,59,22
172,62,9
172,63,31
172,65,11
172,66,9
172,67,186
172,68,8
172,69,3
172,70,9
172,71,7
172,72,14
172,73,11
172,74,15
172,75,11
172,76,10
172,77,3
172,78,8
172,79,7
172,80,3
172,81,13
172,82,29
172,83,12
172,84,24
172,85,7
172,86,8
172,87,4
172,88,1
172,89,6
172,90,3
172,92,11
172,93,5
172,94,3
172,95,13
172,96,2
172,97,5
172,98,16
172,99,110
172,100,21
172,102,5
172,104,5
172,106,11
172,108,2
172,110,9
172,111,5
172,112,9
172,113,15
172,114,5
172,117,4
172,118,15
172,122,3
172,123,16
172,124,8
172,125,4
172,126,6
172,127,2
172,128,10
172,129,22
172,130,3
172,131,2
172,132,7
172,133,4
172,135,4
172,136,6
172,137,9
172,140,37
172,141,6
172,143,2
172,145,1
172,147,2
172,154,3
172,155,8
172,156,8
172,157,2
172,158,3
172,159,1
172,160,9
172,161,3
172,162,13
172,163,5
172,164,21
172,165,53
172,166,11
172,167,18
172,169,7
172,170,11
172,171,19
172,173,7
172,174,2
172,175,38
172,176,8
172,177,9
172,178,6
172,179,1
172,180,7
172,181,4
172,182,3
172,183,2
172,184,3
172,187,12
172,188,1
172,189,2
172,191,2
172,192,11
172,193,2
172,194,4
172,195,9
172,196,11
172,197,5
172,198,5
172,199,3
173,1,2
173,2,6
173,3,2
173,4,5
173,5,47
173,6,1
173,8,1
173,10,9
173,11,23
173,12,2
173,13,2
173,14,3
173,15,14
173,16,9
173,18,12
173,19,2
173,21,43
173,22,3
173,23,2
173,24,1
173,25,21
173,26,8
173,27,1
173,28,25
173,29,4
173,31,8
173,32,7
173,33,3
173,34,1
173,35,1
173,38,2
173,39,4
173,40,3
173,42,1
173,43,7
173,44,8
173,45,1
173,46,8
173,47,1
173,48,4
173,49,1
173,52,3
173,53,4
173,54,3
173,55,23
173,56,45
173,58,5
173,59,4
173,62,13
173,63,24
173,64,2
173,65,15
173,66,1
173,67,90
173,68,12
173,69,8
173,70,3
173,71,2
173,72,10
173,73,15
173,74,4
173,75,9
173,76,4
173,77,1
173,78,8
173,79,1
173,80,2
173,81,7
173,82,29
173,83,5
173,84,15
173,85,5
173,86,5
173,87,1
173,90,9
173,91,2
173,92,4
173,93,6
173,94,1
173,95,2
173,96,1
173,97,2
173,98,5
173,99,76
173,100,16
173,102,5
173,103,1
173,105,2
173,106,8
173,107,2
173,110,3
173,111,4
173,112,1
173,113,6
173,115,4
173,117,2
173,118,8
173,122,1
173,123,10
173,124,4
173,126,6
173,127,2
173,128,2
173,129,6
173,131,1
173,132,4
173,133,5
173,136,3
173,137,3
173,139,1
173,140,16
173,141,4
173,145,2
173,146,1
173,149,1
173,154,1
173,155,4
173,157,1
173,160,2
173,161,1
173,162,12
173,163,8
173,164,9
173,165,25
173,166,4
173,167,14
173,168,1
173,169,7
173,170,3
173,171,8
173,172,42
173,175,1
173,177,1
173,178,2
173,180,4
173,181,2
173,183,1
173,184,1
173,187,5
173,188,1
173,191,2
173,192,1
173,193,3
173,194,4
173,195,2
173,196,1
173,197,2
173,198,4
173,199,1
174,2,3
174,3,8
174,4,2
174,5,35
174,6,2
174,8,1
174,10,2
174,11,6
174,13,9
174,14,5
174,15,5
174,16,11
174,17,1
174,18,3
174,19,3
174,20,1
174,21,26
174,23,3
174,25,10
174,26,4
174,27,4
174,28,26
174,29,7
174,32,9
174,33,1
174,35,1
174,37,1
174,38,1
174,39,9
174,40,1
174,41,4
174,42,1
174,43,2
174,44,6
174,46,3
174,48,6
174,49,8
174,52,2
174,53,3
174,54,7
174,55,24
174,56,34
174,57,1
174,58,4
174,59,3
174,62,7
174,63,19
174,64,8
174,65,8
174,66,2
174,67,59
174,68,8
174,69,1
174,70,1
174,71,7
174,72,12
174,73,7
174,74,5
174,75,3
174,76,4
174,78,18
174,79,6
174,81,19
174,82,10
174,83,8
174,84,15
174,85,4
174,86,6
174,87,1
174,90,4
174,92,2
174,93,6
174,94,2
174,95,2
174,97,6
174,98,5
174,99,49
174,100,5
174,101,4
174,102,4
174,105,4
174,106,5
174,110,3
174,111,4
174,112,8
174,113,1
174,114,3
174,117,2
174,118,6
174,121,1
174,122,3
174,123,6
174,124,7
174,125,2
174,126,2
174,127,5
174,129,6
174,130,2
174,131,2
174,132,2
174,133,1
174,134,3
174,140,20
174,141,3
174,145,1
174,146,2
174,150,1
174,155,2
174,160,10
174,161,4
174,162,3
174,163,2
174,164,4
174,165,12
174,166,1
174,167,4
174,169,6
174,171,3
174,172,2
174,175,15
174,176,1
174,177,3
174,178,5
174,179,1
174,180,1
174,181,6
174,182,4
174,183,3
174,187,5
174,188,1
174,189,2
174,192,3
174,194,2
174,195,2
174,196,3
174,197,6
174,198,4
174,199,2
175,1,5
175,2,4
175,3,4
175,4,4
175,5,63
175,6,7
175,7,3
175,8,1
175,10,4
175,11,24
175,12,2
175,13,10
175,14,12
175,15,14
175,16,27
175,17,7
175,18,26
175,19,13
175,21,58
175,22,1
175,23,5
175,24,2
175,25,13
175,26,4
175,27,2
175,28,51
175,29,9
175,30,4
175,31,1
175,32,7
175,33,8
175,37,2
175,38,3
175,39,13
175,40,9
175,42,6
175,43,1
175,44,4
175,46,5
175,47,1
175,48,7
175,49,2
175,52,14
175,54,10
175,55,31
175,56,53
175,57,2
175,58,7
175,59,11
175,60,1
175,61,2
175,62,7
175,63,24
175,64,7
175,65,7
175,66,2
175,67,108
175,68,10
175,69,6
175,70,7
175,71,12
175,72,15
175,73,9
175,74,3
175,75,9
175,76,11
175,78,12
175,79,2
175,81,27
175,82,14
175,83,17
175,84,18
175,85,4
175,87,5
175,88,1
175,89,9
175,90,5
175,91,2
175,92,9
175,93,4
175,94,2
175,96,2
175,97,7
175,98,9
175,99,52
175,100,15
175,101,1
175,103,4
175,104,4
175,106,3
175,107,2
175,108,1
175,110,19
175,111,7
175,112,4
175,113,8
175,114,3
175,115,2
175,118,12
175,119,2
175,121,2
175,122,3
175,123,15
175,124,4
175,125,4
175,126,1
175,127,6
175,128,3
175,129,14
175,130,6
175,131,5
175,132,4
175,133,4
175,135,4
175,136,1
175,140,28
175,141,2
175,143,1
175,145,1
175,146,4
175,148,1
175,149,3
175,153,4
175,154,4
175,155,4
175,160,8
175,162,2
175,163,2
175,164,3
175,165,51
175,166,22
175,167,7
175,169,8
175,170,1
175,171,2
175,172,10
175,173,5
175,174,3
175,177,4
175,178,4
175,180,3
175,181,13
175,183,2
175,184,2
175,186,1
175,187,20
175,188,1
175,191,2
175,192,2
175,194,1
175,195,2
175,196,11
175,197,3
175,198,1
175,199,3
176,1,3
176,2,10
176,3,7
176,4,6
176,5,98
176,6,8
176,7,4
176,8,8
176,9,7
176,10,3
176,11,29
176,12,5
176,13,6
176,14,5
176,15,25
176,16,16
176,17,3
176,18,16
176,19,4
176,21,46
176,22,2
176,23,1
176,24,3
176,25,16
176,26,8
176,27,9
176,28,43
176,29,2
176,30,3
176,32,4
176,33,3
176,34,2
176,35,1
176,37,1
176,38,2
176,39,6
176,40,7
176,42,12
176,43,4
176,44,4
176,45,1
176,46,9
176,48,5
176,52,4
176,53,2
176,54,3
176,55,21
176,56,59
176,57,1
176,58,6
176,59,7
176,60,1
176,62,4
176,63,26
176,64,12
176,65,15
176,66,5
176,67,184
176,68,13
176,69,2
176,70,4
176,71,8
176,72,12
176,73,5
176,74,9
176,75,7
176,76,10
176,78,4
176,79,7
176,80,2
176,81,5
176,82,5
176,83,11
176,84,26
176,85,4
176,89,1
176,90,6
176,92,5
176,96,2
176,97,2
176,98,6
176,99,88
176,100,22
176,101,5
176,102,11
176,103,1
176,105,6
176,106,6
176,108,5
176,109,3
176,110,10
176,111,4
176,112,3
176,113,4
176,114,3
176,115,6
176,117,4
176,118,23
176,123,8
176,124,3
176,125,5
176,127,7
176,128,1
176,129,4
176,132,4
176,133,4
176,135,3
176,136,3
176,137,3
176,140,25
176,141,1
176,143,2
176,145,2
176,146,3
176,147,2
176,148,1
176,149,1
176,150,1
176,151,1
176,154,2
176,155,4
176,157,1
176,160,10
176,161,2
176,162,4
176,163,8
176,164,9
176,165,28
176,166,16
176,167,9
176,169,5
176,170,2
176,171,3
176,172,12
176,173,3
176,174,4
176,175,14
176,177,5
176,178,4
176,180,3
176,181,1
176,183,1
176,184,2
176,187,5
176,192,9
176,193,1
176,194,4
176,196,4
176,197,1
176,198,2
176,199,3
177,1,3
177,2,9
177,3,4
177,4,8
177,5,51
177,6,11
177,7,2
177,8,7
177,9,3
177,10,3
177,11,39
177,12,1
177,13,5
177,14,8
177,15,14
177,16,13
177,17,4
177,18,15
177,19,3
177,21,38
177,22,2
177,23,4
177,24,2
177,25,40
177,26,4
177,27,3
177,28,41
177,29,4
177,30,1
177,32,5
177,33,1
177,34,2
177,35,1
177,38,2
177,39,6
177,40,1
177,41,3
177,42,8
177,44,9
177,46,5
177,48,7
177,49,11
177,52,6
177,53,3
177,54,11
177,55,37
177,56,36
177,57,1
177,58,5
177,59,9
177,61,1
177,62,5
177,63,22
177,64,2
177,65,3
177,66,1
177,67,159
177,68,13
177,69,6
177,70,8
177,71,9
177,72,9
177,73,11
177,74,9
177,75,4
177,76,12
177,78,12
177,79,8
177,81,15
177,82,11
177,83,10
177,84,22
177,85,2
177,86,1
177,88,4
177,89,2
177,90,5
177,91,1
177,92,8
177,93,8
177,94,1
177,96,4
177,97,7
177,98,12
177,99,103
177,100,15
177,101,1
177,104,7
177,105,4
177,106,12
177,110,11
177,111,8
177,112,2
177,113,3
177,114,3
177,115,1
177,117,4
177,118,16
177,121,2
177,122,1
177,123,10
177,124,1
177,125,6
177,126,7
177,127,5
177,128,3
177,129,10
177,130,1
177,131,2
177,132,3
177,133,6
177,134,2
177,137,2
177,140,30
177,141,7
177,143,3
177,145,1
177,146,5
177,147,1
177,149,4
177,151,1
177,152,1
177,155,9
177,156,1
177,157,2
177,160,5
177,162,11
177,163,6
177,164,5
177,165,41
177,166,4
177,167,11
177,169,12
177,170,9
177,171,5
177,172,12
177,173,5
177,175,33
177,176,3
177,178,10
177,179,3
177,180,2
177,181,2
177,183,1
177,184,5
177,187,18
177,192,7
177,193,1
177,194,2
177,195,3
177,196,3
177,197,5
177,198,5
177,199,1
178,1,1
178,2,9
178,3,11
178,4,2
178,5,101
178,6,13
178,7,4
178,8,8
178,9,6
178,10,7
178,11,34
178,12,2
178,13,15
178,14,22
178,15,11
178,16,15
178,17,6
178,18,8
178,19,6
178,21,49
178,22,4
178,23,1
178,24,4
178,25,25
178,26,2
178,27,4
178,28,32
178,29,7
178,32,11
178,33,4
178,35,3
178,39,6
178,40,5
178,41,2
178,42,10
178,43,1
178,44,2
178,46,5
178,48,4
178,49,3
178,50,1
178,52,14
178,54,11
178,55,27
178,56,47
178,57,3
178,58,3
178,59,16
178,60,1
178,61,2
178,62,15
178,63,37
178,64,7
178,65,7
178,67,158
178,68,6
178,69,4
178,70,5
178,71,12
178,72,24
178,73,7
178,74,5
178,75,8
178,76,11
178,77,2
178,78,5
178,79,8
178,81,6
178,82,8
178,83,14
178,84,40
178,85,9
178,86,1
178,87,10
178,89,4
178,90,12
178,91,1
178,92,8
178,93,2
178,95,3
178,96,3
178,97,4
178,98,8
178,99,114
178,100,18
178,101,4
178,102,2
178,103,3
178,104,13
178,105,1
178,106,6
178,107,1
178,108,3
178,110,5
178,111,2
178,112,7
178,113,8
178,114,3
178,115,4
178,117,1
178,118,22
178,119,1
178,120,1
178,121,3
178,122,6
178,123,6
178,124,6
178,125,3
178,126,3
178,127,1
178,129,20
178,130,1
178,131,1
178,132,2
178,133,2
178,134,2
178,135,7
178,137,2
178,140,22
178,141,8
178,143,9
178,145,1
178,146,3
178,148,3
178,155,4
178,156,1
178,159,1
178,160,7
178,161,3
178,162,4
178,163,5
178,164,5
178,165,49
178,166,6
178,167,13
178,169,11
178,171,5
178,172,18
178,173,7
178,174,3
178,175,18
178,176,5
178,177,2
178,179,3
178,180,8
178,181,7
178,182,13
178,183,9
178,187,9
178,188,4
178,189,1
178,191,1
178,192,8
178,193,3
178,194,2
178,195,6
178,196,6
178,197,2
178,199,3
179,1,4
179,2,10
179,3,3
179,4,2
179,5,86
179,6,1
179,7,6
179,8,3
179,9,1
179,10,2
179,11,31
179,12,4
179,13,6
179,14,2
179,15,10
179,16,19
179,18,12
179,19,4
179,21,61
179,24,1
179,25,20
179,26,4
179,28,40
179,29,4
179,30,1
179,31,2
179,32,2
179,33,10
179,35,1
179,36,4
179,39,1
179,40,6
179,42,4
179,43,6
179,44,5
179,46,6
179,47,3
179,48,4
179,49,2
179,52,3
179,54,10
179,55,30
179,56,74
179,57,2
179,58,8
179,59,11
179,62,5
179,63,36
179,64,13
179,65,5
179,66,2
179,67,162
179,68,6
179,70,7
179,71,6
179,72,25
179,73,14
179,74,16
179,75,4
179,76,2
179,77,1
179,78,2
179,79,4
179,80,1
179,81,10
179,82,6
179,83,15
179,84,15
179,85,4
179,86,4
179,87,1
179,89,2
179,90,3
179,92,5
179,96,2
179,97,3
179,98,6
179,99,71
179,100,20
179,101,2
179,102,4
179,103,1
179,104,2
179,106,10
179,108,2
179,110,10
179,111,3
179,112,4
179,113,3
179,115,1
179,117,3
179,118,16
179,122,7
179,123,10
179,124,3
179,125,3
179,126,5
179,127,6
179,128,9
179,129,10
179,131,2
179,132,7
179,134,1
179,137,2
179,138,1
179,140,30
179,141,3
179,143,3
179,145,2
179,146,3
179,152,1
179,154,2
179,155,7
179,160,7
179,162,5
179,163,3
179,164,3
179,165,29
179,166,6
179,167,8
179,169,5
179,170,5
179,171,15
179,172,6
179,173,3
179,175,22
179,176,4
179,177,4
179,178,9
179,182,4
179,183,6
179,189,3
179,192,8
179,195,1
179,196,6
179,197,6
179,198,7
179,199,2
180,1,1
180,2,11
180,3,7
180,5,73
180,6,13
180,7,1
180,8,6
180,9,3
180,10,4
180,11,49
180,12,8
180,13,11
180,14,2
180,15,10
180,16,15
180,17,2
180,18,10
180,19,4
180,21,43
180,22,8
180,23,1
180,25,27
180,26,9
180,27,2
180,28,40
180,29,9
180,30,4
180,31,1
180,32,17
180,33,4
180,34,1
180,35,2
180,36,2
180,37,3
180,39,7
180,40,3
180,41,3
180,42,7
180,43,5
180,44,11
180,46,12
180,48,5
180,49,3
180,50,2
180,52,8
180,53,3
180,54,6
180,55,23
180,56,39
180,58,8
180,59,16
180,60,1
180,62,9
180,63,26
180,64,8
180,65,2
180,66,7
180,67,214
180,68,10
180,69,3
180,70,6
180,71,8
180,72,11
180,73,20
180,74,7
180,75,22
180,76,6
180,78,5
180,79,6
180,80,4
180,81,11
180,82,15
180,83,18
180,84,15
180,85,6
180,86,5
180,87,5
180,89,3
180,91,1
180,92,6
180,93,3
180,95,5
180,96,3
180,97,3
180,98,8
180,99,81
180,100,15
180,101,3
180,102,7
180,104,2
180,105,3
180,106,8
180,110,15
180,111,7
180,112,10
180,113,6
180,114,3
180,115,2
180,117,4
180,118,26
180,120,1
180,122,2
180,123,5
180,124,3
180,126,2
180,127,6
180,128,15
180,129,14
180,130,1
180,131,1
180,132,8
180,133,3
180,135,3
180,136,1
180,137,8
180,139,2
180,140,29
180,141,12
180,145,1
180,146,6
180,149,1
180,151,1
180,152,1
180,153,1
180,154,1
180,155,11
180,156,2
180,157,2
180,158,6
180,159,1
180,160,10
180,161,3
180,162,5
180,163,3
180,164,4
180,165,38
180,166,15
180,167,37
180,169,3
180,170,5
180,171,8
180,172,21
180,173,4
180,174,1
180,175,11
180,176,1
180,177,5
180,178,1
180,181,2
180,182,1
180,183,1
180,187,5
180,188,3
180,189,1
180,192,6
180,194,6
180,195,2
180,196,1
180,198,3
181,1,2
181,2,20
181,3,8
181,4,4
181,5,37
181,6,4
181,8,1
181,11,17
181,12,2
181,13,20
181,14,23
181,15,22
181,16,12
181,18,31
181,19,13
181,21,42
181,22,6
181,23,3
181,25,10
181,26,3
181,28,53
181,29,3
181,30,2
181,32,7
181,33,3
181,34,2
181,36,1
181,37,2
181,39,3
181,40,6
181,41,1
181,42,15
181,43,1
181,44,21
181,45,3
181,46,3
181,48,9
181,49,5
181,50,1
181,51,1
181,52,18
181,54,5
181,55,41
181,56,18
181,57,1
181,58,17
181,59,20
181,62,3
181,63,25
181,64,4
181,65,11
181,66,4
181,67,89
181,68,7
181,69,1
181,71,8
181,72,18
181,73,11
181,74,6
181,75,7
181,76,13
181,77,1
181,78,4
181,79,2
181,80,1
181,81,17
181,82,17
181,83,17
181,84,10
181,85,3
181,86,10
181,87,12
181,89,4
181,90,11
181,91,1
181,92,6
181,93,11
181,94,3
181,95,5
181,96,5
181,97,13
181,98,9
181,99,53
181,100,14
181,101,1
181,102,7
181,104,2
181,105,5
181,106,2
181,107,2
181,108,1
181,110,8
181,111,4
181,112,14
181,113,4
181,114,2
181,117,1
181,118,21
181,120,2
181,121,1
181,122,7
181,123,1
181,124,9
181,125,3
181,126,5
181,128,1
181,129,18
181,130,4
181,132,2
181,133,1
181,134,1
181,135,3
181,136,1
181,137,7
181,140,23
181,141,5
181,142,1
181,143,2
181,145,2
181,146,8
181,147,4
181,149,1
181,151,1
181,155,5
181,156,3
181,157,2
181,159,2
181,160,4
181,161,2
181,162,2
181,163,11
181,164,8
181,165,35
181,166,10
181,167,17
181,169,5
181,170,5
181,171,5
181,172,7
181,173,2
181,174,3
181,175,17
181,177,1
181,178,2
181,179,1
181,180,8
181,184,2
181,185,2
181,187,21
181,192,3
181,193,5
181,194,4
181,195,7
181,196,4
181,197,5
181,198,5
182,1,1
182,2,7
182,3,5
182,4,1
182,5,110
182,6,11
182,7,6
182,8,7
182,9,2
182,10,3
182,11,20
182,12,11
182,13,3
182,14,1
182,15,19
182,16,18
182,17,1
182,18,9
182,19,2
182,21,42
182,22,2
182,23,2
182,25,16
182,26,4
182,27,1
182,28,43
182,29,2
182,30,1
182,31,1
182,32,5
182,33,1
182,35,1
182,39,4
182,40,9
182,42,5
182,43,6
182,44,7
182,46,5
182,48,2
182,49,1
182,52,5
182,54,1
182,55,23
182,56,72
182,58,6
182,59,5
182,61,2
182,62,8
182,63,44
182,64,8
182,65,3
182,66,7
182,67,154
182,68,8
182,69,4
182,70,7
182,71,9
182,72,12
182,73,14
182,74,2
182,75,4
182,76,4
182,78,5
182,79,6
182,80,1
182,81,6
182,82,7
182,83,12
182,84,21
182,85,4
182,87,1
182,89,1
182,90,3
182,92,3
182,93,3
182,94,1
182,95,1
182,96,5
182,97,3
182,98,1
182,99,55
182,100,12
182,101,5
182,102,1
182,103,1
182,104,1
182,105,2
182,106,7
182,107,3
182,110,16
182,111,2
182,112,2
182,113,1
182,115,2
182,117,1
182,118,10
182,123,3
182,124,1
182,125,3
182,126,6
182,128,4
182,129,3
182,130,1
182,133,4
182,135,1
182,136,1
182,137,2
182,138,2
182,140,12
182,141,2
182,145,1
182,146,1
182,147,3
182,155,3
182,156,2
182,160,4
182,161,1
182,162,2
182,164,3
182,165,20
182,166,6
182,167,7
182,169,1
182,170,3
182,171,1
182,172,7
182,173,1
182,174,2
182,175,7
182,177,1
182,178,5
182,179,1
182,183,1
182,184,4
182,187,5
182,192,1
182,193,3
182,196,3
182,198,2
182,199,1
183,1,1
183,2,8
183,3,10
183,4,4
183,5,89
183,6,9
183,7,1
183,8,2
183,9,2
183,11,19
183,13,10
183,14,3
183,15,23
183,16,16
183,17,1
183,18,10
183,19,11
183,21,34
183,23,2
183,25,7
183,26,15
183,27,2
183,28,31
183,30,1
183,31,1
183,32,1
183,33,5
183,34,2
183,36,2
183,37,3
183,39,3
183,40,3
183,42,6
183,43,2
183,44,7
183,46,13
183,48,5
183,49,5
183,52,2
183,53,1
183,55,17
183,56,50
183,57,1
183,58,3
183,59,5
183,60,4
183,62,8
183,63,24
183,64,7
183,65,11
183,66,5
183,67,147
183,68,14
183,69,2
183,70,3
183,71,7
183,72,11
183,73,6
183,74,5
183,75,3
183,76,15
183,78,6
183,79,9
183,80,1
183,81,10
183,82,1
183,83,14
183,84,32
183,85,1
183,86,4
183,88,2
183,89,2
183,90,7
183,93,1
183,94,6
183,96,3
183,98,4
183,99,92
183,100,8
183,102,2
183,105,6
183,106,3
183,110,13
183,111,4
183,113,8
183,115,2
183,117,2
183,118,9
183,122,7
183,123,4
183,124,5
183,125,3
183,126,1
183,127,5
183,128,3
183,129,3
183,132,1
183,133,2
183,134,3
183,135,3
183,136,1
183,137,3
183,138,1
183,140,25
183,141,3
183,143,2
183,145,2
183,146,2
183,147,1
183,148,2
183,151,2
183,154,2
183,155,2
183,156,4
183,157,2
183,160,3
183,162,3
183,164,6
183,165,19
183,166,2
183,167,10
183,169,2
183,170,1
183,171,4
183,172,8
183,174,5
183,175,13
183,177,4
183,178,3
183,179,3
183,180,1
183,181,1
183,182,5
183,184,1
183,187,1
183,192,1
183,193,3
183,194,1
183,195,1
183,196,6
183,197,2
183,198,1
183,199,1
184,1,3
184,2,5
184,3,2
184,4,10
184,5,40
184,6,2
184,8,1
184,11,13
184,13,4
184,14,1
184,15,13
184,16,7
184,17,3
184,18,10
184,19,6
184,20,1
184,21,49
184,22,1
184,23,1
184,25,9
184,26,5
184,27,1
184,28,32
184,29,5
184,32,6
184,33,2
184,35,1
184,37,1
184,39,10
184,40,4
184,41,2
184,42,6
184,43,1
184,44,1
184,45,4
184,46,5
184,48,5
184,49,4
184,50,1
184,52,2
184,53,8
184,54,7
184,55,41
184,56,40
184,57,2
184,58,3
184,59,10
184,60,2
184,62,8
184,63,20
184,64,1
184,65,1
184,66,1
184,67,78
184,68,2
184,69,2
184,71,6
184,72,12
184,73,6
184,74,3
184,76,3
184,77,1
184,78,6
184,79,1
184,80,1
184,81,8
184,82,19
184,83,5
184,84,5
184,85,5
184,86,7
184,87,4
184,88,1
184,89,3
184,90,5
184,92,4
184,93,4
184,94,1
184,95,3
184,96,1
184,97,2
184,98,7
184,99,53
184,100,9
184,101,2
184,102,1
184,103,3
184,104,1
184,105,1
184,107,1
184,110,4
184,111,1
184,112,1
184,113,2
184,114,2
184,117,2
184,118,9
184,123,6
184,124,3
184,127,1
184,128,2
184,129,10
184,130,2
184,131,4
184,132,1
184,133,4
184,134,1
184,140,11
184,141,2
184,143,1
184,145,3
184,146,2
184,147,2
184,150,1
184,156,2
184,157,2
184,159,1
184,160,3
184,161,2
184,163,2
184,164,8
184,165,20
184,166,8
184,167,5
184,169,8
184,170,3
184,172,3
184,173,1
184,175,16
184,177,5
184,178,1
184,181,3
184,182,2
184,183,1
184,185,1
184,186,1
184,187,9
184,188,1
184,189,1
184,192,4
184,193,3
184,194,7
184,195,2
184,196,6
184,197,1
185,1,8
185,2,8
185,3,5
185,4,4
185,5,66
185,6,5
185,7,3
185,9,2
185,11,18
185,12,2
185,13,12
185,14,8
185,15,20
185,16,22
185,17,1
185,18,17
185,19,9
185,21,83
185,23,1
185,25,29
185,26,3
185,27,1
185,28,62
185,29,14
185,30,4
185,32,12
185,33,5
185,34,6
185,37,2
185,39,9
185,40,10
185,42,6
185,43,5
185,44,11
185,45,1
185,46,13
185,47,1
185,48,1
185,49,1
185,50,1
185,52,5
185,54,24
185,55,38
185,56,68
185,58,10
185,59,29
185,61,1
185,62,17
185,63,32
185,64,4
185,65,6
185,66,4
185,67,146
185,68,17
185,69,1
185,70,4
185,71,18
185,72,22
185,73,10
185,74,18
185,75,11
185,76,10
185,77,2
185,78,18
185,79,19
185,80,2
185,81,13
185,82,17
185,83,20
185,84,19
185,85,11
185,86,4
185,87,13
185,88,6
185,89,5
185,90,12
185,91,1
185,92,13
185,93,6
185,95,2
185,96,4
185,97,8
185,98,8
185,99,106
185,100,23
185,101,3
185,103,5
185,104,3
185,105,5
185,106,15
185,108,3
185,110,5
185,111,9
185,112,6
185,113,7
185,114,1
185,115,4
185,117,2
185,118,13
185,120,1
185,122,8
185,123,11
185,124,2
185,125,4
185,126,6
185,127,1
185,128,2
185,129,26
185,131,3
185,132,6
185,133,5
185,136,1
185,137,7
185,138,1
185,140,29
185,141,5
185,142,2
185,143,2
185,145,1
185,146,2
185,147,1
185,149,2
185,154,2
185,155,4
185,160,3
185,161,1
185,162,1
185,163,5
185,164,39
185,165,56
185,166,63
185,167,6
185,169,3
185,170,3
185,171,9
185,172,18
185,173,2
185,174,2
185,175,28
185,177,1
185,178,1
185,180,1
185,181,4
185,183,1
185,184,2
185,187,16
185,188,1
185,189,2
185,191,1
185,192,12
185,193,3
185,194,7
185,195,10
185,196,9
185,197,5
185,198,3
185,199,4
186,2,7
186,3,5
186,4,4
186,5,57
186,6,5
186,7,2
186,8,3
186,9,1
186,10,1
186,11,16
186,13,9
186,14,5
186,15,21
186,16,24
186,17,3
186,18,22
186,19,4
186,20,4
186,21,87
186,24,3
186,25,11
186,26,3
186,27,1
186,28,31
186,29,10
186,30,1
186,32,21
186,33,3
186,34,2
186,35,1
186,39,1
186,40,5
186,41,1
186,42,12
186,43,8
186,44,7
186,46,8
186,47,4
186,48,2
186,52,5
186,53,5
186,54,9
186,55,31
186,56,52
186,57,1
186,58,3
186,59,26
186,61,1
186,62,10
186,63,27
186,64,3
186,65,5
186,66,4
186,67,92
186,68,4
186,69,2
186,70,8
186,71,22
186,72,22
186,73,9
186,74,18
186,75,5
186,76,4
186,78,2
186,79,8
186,81,2
186,82,14
186,83,4
186,84,5
186,85,5
186,87,4
186,88,3
186,89,1
186,92,13
186,93,2
186,94,1
186,95,1
186,96,7
186,97,11
186,98,11
186,99,62
186,100,3
186,101,1
186,102,6
186,105,1
186,106,10
186,107,2
186,108,4
186,110,16
186,111,2
186,113,4
186,115,2
186,118,5
186,122,1
186,123,5
186,124,2
186,128,2
186,129,1
186,130,4
186,131,1
186,132,1
186,133,1
186,134,3
186,136,1
186,137,5
186,140,5
186,143,1
186,145,3
186,146,1
186,147,3
186,149,1
186,150,2
186,152,1
186,155,3
186,156,5
186,158,1
186,160,3
186,162,1
186,163,4
186,164,9
186,165,13
186,166,19
186,167,7
186,169,8
186,172,6
186,175,9
186,177,2
186,180,1
186,181,3
186,184,1
186,187,11
186,188,4
186,189,1
186,191,1
186,192,10
186,193,13
186,194,1
186,195,5
186,196,3
186,197,2
186,198,9
186,199,2
187,1,3
187,2,7
187,3,1
187,4,4
187,5,20
187,8,3
187,10,1
187,11,10
187,12,2
187,13,10
187,14,3
187,15,23
187,16,21
187,17,3
187,18,14
187,19,5
187,20,4
187,21,64
187,22,2
187,23,1
187,25,7
187,26,2
187,28,32
187,29,10
187,30,4
187,31,1
187,32,15
187,33,8
187,34,1
187,37,2
187,38,3
187,39,5
187,40,9
187,41,2
187,42,2
187,43,3
187,44,20
187,45,2
187,46,4
187,48,1
187,49,2
187,51,1
187,52,6
187,53,4
187,54,39
187,55,25
187,56,28
187,57,2
187,58,5
187,59,14
187,62,4
187,63,24
187,64,2
187,65,2
187,66,6
187,67,73
187,68,4
187,69,2
187,70,6
187,71,13
187,72,20
187,73,21
187,74,10
187,75,6
187,76,10
187,78,12
187,79,4
187,81,11
187,82,19
187,83,6
187,84,5
187,85,8
187,86,4
187,87,34
187,88,3
187,89,5
187,90,6
187,92,16
187,93,9
187,95,2
187,96,9
187,97,12
187,98,18
187,99,28
187,100,9
187,103,2
187,105,4
187,106,7
187,107,2
187,108,4
187,110,4
187,111,2
187,112,2
187,113,2
187,114,5
187,118,10
187,122,4
187,123,4
187,124,2
187,125,1
187,129,13
187,130,1
187,131,1
187,133,4
187,135,1
187,136,3
187,137,1
187,138,1
187,139,2
187,140,6
187,143,6
187,145,1
187,146,3
187,147,1
187,148,1
187,151,1
187,154,1
187,155,6
187,160,3
187,161,1
187,162,3
187,163,1
187,164,8
187,165,29
187,166,18
187,167,3
187,169,6
187,170,2
187,171,1
187,172,8
187,174,1
187,175,12
187,177,2
187,181,5
187,184,1
187,185,2
187,186,1
187,188,5
187,189,2
187,192,9
187,193,5
187,194,6
187,195,9
187,196,15
187,197,4
187,198,7
187,199,7
188,1,3
188,2,7
188,3,3
188,4,6
188,5,87
188,6,1
188,7,2
188,9,1
188,10,2
188,11,11
188,12,11
188,13,1
188,14,5
188,15,147
188,16,53
188,17,41
188,18,26
188,19,6
188,20,4
188,21,277
188,22,4
188,23,1
188,24,1
188,25,15
188,26,2
188,28,74
188,29,10
188,30,3
188,31,2
188,32,31
188,33,41
188,34,2
188,35,1
188,36,1
188,37,2
188,38,1
188,39,9
188,40,23
188,42,16
188,43,38
188,44,13
188,46,4
188,48,2
188,49,6
188,52,2
188,53,13
188,54,23
188,55,41
188,56,113
188,57,2
188,58,4
188,59,46
188,61,1
188,62,10
188,63,47
188,64,7
188,65,10
188,66,2
188,67,223
188,68,19
188,70,33
188,71,17
188,72,77
188,73,34
188,74,74
188,75,9
188,76,6
188,78,13
188,79,20
188,80,1
188,81,19
188,82,11
188,83,5
188,84,14
188,85,28
188,86,2
188,87,10
188,89,4
188,90,10
188,91,8
188,92,8
188,93,12
188,94,7
188,96,4
188,97,15
188,98,38
188,99,85
188,100,10
188,101,2
188,102,2
188,103,2
188,104,1
188,105,6
188,106,13
188,107,4
188,108,4
188,110,34
188,111,8
188,112,6
188,113,5
188,114,1
188,115,4
188,117,5
188,118,19
188,119,1
188,120,1
188,122,2
188,123,58
188,124,16
188,125,4
188,126,2
188,127,1
188,128,1
188,129,2
188,130,5
188,134,3
188,136,4
188,137,4
188,138,2
188,140,15
188,141,4
188,143,8
188,145,2
188,146,3
188,147,1
188,148,1
188,151,1
188,152,1
188,155,9
188,157,1
188,158,2
188,160,3
188,161,2
188,162,3
188,163,4
188,164,65
188,165,63
188,166,92
188,167,2
188,169,6
188,170,2
188,172,15
188,174,2
188,175,26
188,177,5
188,181,6
188,182,2
188,184,5
188,185,1
188,187,9
188,189,11
188,190,2
188,191,20
188,192,30
188,193,38
188,194,7
188,195,22
188,196,17
188,197,19
188,198,31
188,199,8
189,1,1
189,2,9
189,3,1
189,4,11
189,5,48
189,6,2
189,9,2
189,10,2
189,11,11
189,13,7
189,14,1
189,15,89
189,16,67
189,17,11
189,18,17
189,19,6
189,20,10
189,21,95
189,22,3
189,23,1
189,24,2
189,25,15
189,26,2
189,27,1
189,28,60
189,29,16
189,30,3
189,31,1
189,32,21
189,33,31
189,34,1
189,36,2
189,37,2
189,39,3
189,40,25
189,41,1
189,42,14
189,43,19
189,46,14
189,47,1
189,48,10
189,49,6
189,52,4
189,53,1
189,54,14
189,55,35
189,56,54
189,57,1
189,58,4
189,59,30
189,62,12
189,63,27
189,64,4
189,65,4
189,66,2
189,67,118
189,68,16
189,69,5
189,70,23
189,71,20
189,72,49
189,73,20
189,74,28
189,75,12
189,76,12
189,78,13
189,79,23
189,81,8
189,82,19
189,83,7
189,84,6
189,85,9
189,86,2
189,87,17
189,88,1
189,89,3
189,90,7
189,91,4
189,92,9
189,93,2
189,94,1
189,95,7
189,96,3
189,97,6
189,98,14
189,99,37
189,100,9
189,102,5
189,103,2
189,105,12
189,106,15
189,107,5
189,108,4
189,109,4
189,110,19
189,111,6
189,112,2
189,117,7
189,118,11
189,120,1
189,121,2
189,122,4
189,123,24
189,124,10
189,125,1
189,126,2
189,128,2
189,129,10
189,130,2
189,132,1
189,133,4
189,134,1
189,136,1
189,137,1
189,138,1
189,140,16
189,141,4
189,143,3
189,145,5
189,146,8
189,147,3
189,154,2
189,155,10
189,156,1
189,157,1
189,158,2
189,160,2
189,162,1
189,163,3
189,164,7
189,165,31
189,166,22
189,167,1
189,169,2
189,170,4
189,171,7
189,172,7
189,173,1
189,174,9
189,175,17
189,184,2
189,186,2
189,187,9
189,188,8
189,190,3
189,191,7
189,192,26
189,193,16
189,194,12
189,195,14
189,196,17
189,197,16
189,198,36
189,199,16
190,1,2
190,2,1
190,3,2
190,4,6
190,5,44
190,8,1
190,11,8
190,13,7
190,14,2
190,15,33
190,16,36
190,17,15
190,18,8
190,19,4
190,20,4
190,21,72
190,23,1
190,25,6
190,26,1
190,27,1
190,28,37
190,29,10
190,30,2
190,31,1
190,32,19
190,33,23
190,35,1
190,36,1
190,39,3
190,40,13
190,41,1
190,42,8
190,43,4
190,44,3
190,46,13
190,48,3
190,49,2
190,52,1
190,53,2
190,54,6
190,55,30
190,56,32
190,58,4
190,59,17
190,60,1
190,62,7
190,63,29
190,64,1
190,65,2
190,66,2
190,67,82
190,68,3
190,69,1
190,70,8
190,71,18
190,72,19
190,73,10
190,74,10
190,75,4
190,76,4
190,77,1
190,78,11
190,79,7
190,81,6
190,82,8
190,83,3
190,84,3
190,85,9
190,86,5
190,87,1
190,88,3
190,89,3
190,90,3
190,91,1
190,92,2
190,93,1
190,94,4
190,95,3
190,96,2
190,97,9
190,98,10
190,99,34
190,100,3
190,101,1
190,102,4
190,103,1
190,105,3
190,106,10
190,107,1
190,108,5
190,109,5
190,110,7
190,111,2
190,112,3
190,118,9
190,120,1
190,121,2
190,122,1
190,123,10
190,124,2
190,125,3
190,126,1
190,127,1
190,129,1
190,130,2
190,131,3
190,132,1
190,133,3
190,134,2
190,135,3
190,136,3
190,137,3
190,140,8
190,141,3
190,143,2
190,145,1
190,146,1
190,154,1
190,155,7
190,156,2
190,157,1
190,160,2
190,161,2
190,163,1
190,164,9
190,165,13
190,166,12
190,167,1
190,168,1
190,169,3
190,170,1
190,171,4
190,172,1
190,174,1
190,175,9
190,177,1
190,178,2
190,181,5
190,182,1
190,184,3
190,187,8
190,188,1
190,189,3
190,191,5
190,192,28
190,193,7
190,194,13
190,195,12
190,196,17
190,197,4
190,198,23
190,199,10
191,1,9
191,2,1
191,3,4
191,4,2
191,5,65
191,6,2
191,7,2
191,8,1
191,9,6
191,10,1
191,11,6
191,12,1
191,13,2
191,14,2
191,15,66
191,16,40
191,17,17
191,18,18
191,19,7
191,21,177
191,22,4
191,23,6
191,25,10
191,26,1
191,27,2
191,28,20
191,29,10
191,30,6
191,31,3
191,32,25
191,33,20
191,39,3
191,40,14
191,41,2
191,42,16
191,43,17
191,44,14
191,46,12
191,47,2
191,48,6
191,49,2
191,52,6
191,53,7
191,54,14
191,55,31
191,56,54
191,57,1
191,58,6
191,59,14
191,62,9
191,63,35
191,64,3
191,65,5
191,66,2
191,67,126
191,68,12
191,69,4
191,70,19
191,71,27
191,72,36
191,73,25
191,74,28
191,75,4
191,76,8
191,78,22
191,79,1
191,81,4
191,82,12
191,83,4
191,84,2
191,85,23
191,87,3
191,88,6
191,89,4
191,90,4
191,92,3
191,93,4
191,94,7
191,95,3
191,96,4
191,97,5
191,98,17
191,99,44
191,100,5
191,101,1
191,102,2
191,103,1
191,104,1
191,105,2
191,106,16
191,107,2
191,108,5
191,110,29
191,111,4
191,112,5
191,113,5
191,114,2
191,115,4
191,117,1
191,118,17
191,121,2
191,122,1
191,123,32
191,124,4
191,125,1
191,128,4
191,129,6
191,132,1
191,134,3
191,135,1
191,137,6
191,138,1
191,140,19
191,141,1
191,143,4
191,145,2
191,146,1
191,147,1
191,148,2
191,152,3
191,153,1
191,155,12
191,157,1
191,158,2
191,159,1
191,160,2
191,161,2
191,162,3
191,163,7
191,164,24
191,165,26
191,166,43
191,167,1
191,169,6
191,171,4
191,172,10
191,174,5
191,175,18
191,177,3
191,178,3
191,179,2
191,180,1
191,181,8
191,184,1
191,186,4
191,187,8
191,188,10
191,189,3
191,190,1
191,192,20
191,193,20
191,194,7
191,195,9
191,196,15
191,197,13
191,198,19
191,199,4
192,1,5
192,2,5
192,3,5
192,4,4
192,5,74
192,6,3
192,7,2
192,8,2
192,9,3
192,10,2
192,11,10
192,12,1
192,13,9
192,14,12
192,15,77
192,16,53
192,17,15
192,18,19
192,19,14
192,20,3
192,21,109
192,22,1
192,23,2
192,24,1
192,25,23
192,26,2
192,27,1
192,28,37
192,29,12
192,30,1
192,31,4
192,32,24
192,33,21
192,34,3
192,37,1
192,38,1
192,39,2
192,40,24
192,41,1
192,42,16
192,43,17
192,44,10
192,46,20
192,48,2
192,49,3
192,52,14
192,53,10
192,54,16
192,55,51
192,56,59
192,58,8
192,59,29
192,61,1
192,62,10
192,63,43
192,64,6
192,65,3
192,66,8
192,67,136
192,68,7
192,69,7
192,70,7
192,71,21
192,72,43
192,73,26
192,74,27
192,75,8
192,76,8
192,78,49
192,79,5
192,80,1
192,81,12
192,82,11
192,83,8
192,84,8
192,85,6
192,86,1
192,87,8
192,88,3
192,90,2
192,92,3
192,93,8
192,94,14
192,96,4
192,97,11
192,98,16
192,99,76
192,100,16
192,102,11
192,104,2
192,105,7
192,106,17
192,107,1
192,108,3
192,109,3
192,110,28
192,111,6
192,112,3
192,113,2
192,114,2
192,117,2
192,118,14
192,120,2
192,121,4
192,122,1
192,123,20
192,124,8
192,125,1
192,126,2
192,128,2
192,129,15
192,130,2
192,133,3
192,134,1
192,135,2
192,136,3
192,137,2
192,140,22
192,141,1
192,143,5
192,145,2
192,146,3
192,151,1
192,152,2
192,154,2
192,155,11
192,157,2
192,158,2
192,161,2
192,163,2
192,164,16
192,165,28
192,166,29
192,167,7
192,169,6
192,170,1
192,171,5
192,172,16
192,174,1
192,175,31
192,177,5
192,178,2
192,181,4
192,187,9
192,188,5
192,189,5
192,190,5
192,191,1
192,193,11
192,194,10
192,195,26
192,196,25
192,197,6
192,198,20
192,199,20
193,2,9
193,3,3
193,4,6
193,5,53
193,6,1
193,9,1
193,11,19
193,12,1
193,13,6
193,14,5
193,15,117
193,16,59
193,17,12
193,18,33
193,19,12
193,20,6
193,21,164
193,25,9
193,26,6
193,27,2
193,28,42
193,29,13
193,30,8
193,31,2
193,32,34
193,33,39
193,34,1
193,36,2
193,39,2
193,40,25
193,42,3
193,43,12
193,44,5
193,46,11
193,47,1
193,48,4
193,49,1
193,52,6
193,53,4
193,54,17
193,55,37
193,56,55
193,57,2
193,58,19
193,59,26
193,60,1
193,62,8
193,63,46
193,64,4
193,65,9
193,66,4
193,67,166
193,68,1
193,69,1
193,70,17
193,71,23
193,72,54
193,73,15
193,74,27
193,75,4
193,76,3
193,77,1
193,78,16
193,79,21
193,81,15
193,82,24
193,83,4
193,84,15
193,85,13
193,86,1
193,87,9
193,88,1
193,89,2
193,90,1
193,92,3
193,93,3
193,94,7
193,95,3
193,97,17
193,98,12
193,99,91
193,100,12
193,101,2
193,102,6
193,103,5
193,104,3
193,105,3
193,106,8
193,107,2
193,108,6
193,109,4
193,110,2
193,111,2
193,113,2
193,115,1
193,118,5
193,122,3
193,123,10
193,124,11
193,125,1
193,127,1
193,128,4
193,129,12
193,131,2
193,133,5
193,134,3
193,136,1
193,140,31
193,141,1
193,143,2
193,145,4
193,146,2
193,149,1
193,153,1
193,155,5
193,156,1
193,158,1
193,160,1
193,162,2
193,163,2
193,164,13
193,165,31
193,166,33
193,167,3
193,169,4
193,170,4
193,171,11
193,172,3
193,175,15
193,177,1
193,178,2
193,181,2
193,184,2
193,186,1
193,187,5
193,188,6
193,189,6
193,190,2
193,191,2
193,192,20
193,194,24
193,195,21
193,196,28
193,197,15
193,198,23
193,199,11
194,1,2
194,2,12
194,3,5
194,4,4
194,5,61
194,6,1
194,9,1
194,10,1
194,11,9
194,12,1
194,13,7
194,14,9
194,15,83
194,16,42
194,17,21
194,18,25
194,19,9
194,20,6
194,21,160
194,22,4
194,23,4
194,24,1
194,25,12
194,26,3
194,27,2
194,28,46
194,29,5
194,30,12
194,31,1
194,32,25
194,33,26
194,34,1
194,36,1
194,38,1
194,39,4
194,40,20
194,42,10
194,43,13
194,44,8
194,46,12
194,48,4
194,49,3
194,52,6
194,53,10
194,54,7
194,55,54
194,56,75
194,57,1
194,58,12
194,59,25
194,62,12
194,63,20
194,64,2
194,65,3
194,66,2
194,67,156
194,68,3
194,69,1
194,70,12
194,71,42
194,72,45
194,73,18
194,74,27
194,75,2
194,76,4
194,78,16
194,79,17
194,80,1
194,81,11
194,82,27
194,83,7
194,84,7
194,85,7
194,86,2
194,87,8
194,88,1
194,89,2
194,90,4
194,91,1
194,92,8
194,93,2
194,94,2
194,95,6
194,96,3
194,97,10
194,98,26
194,99,64
194,100,12
194,101,1
194,102,5
194,103,2
194,105,8
194,106,7
194,107,2
194,108,7
194,109,1
194,110,14
194,111,5
194,112,1
194,113,2
194,117,2
194,118,9
194,121,4
194,122,1
194,123,13
194,124,6
194,126,2
194,129,14
194,130,1
194,131,2
194,132,2
194,133,6
194,134,1
194,135,2
194,136,1
194,137,2
194,140,16
194,141,3
194,143,7
194,145,3
194,146,3
194,147,2
194,148,1
194,149,4
194,151,1
194,152,1
194,153,1
194,154,1
194,155,5
194,156,1
194,159,1
194,160,3
194,161,3
194,163,4
194,164,15
194,165,54
194,166,21
194,167,4
194,168,1
194,169,3
194,171,3
194,172,5
194,173,1
194,174,2
194,175,15
194,177,1
194,179,2
194,180,1
194,181,2
194,182,1
194,183,1
194,187,12
194,188,5
194,189,3
194,190,3
194,191,5
194,192,32
194,193,12
194,195,36
194,196,32
194,197,2
194,198,16
194,199,5
195,1,8
195,2,9
195,3,4
195,4,7
195,5,47
195,6,6
195,7,2
195,8,1
195,10,3
195,11,6
195,12,2
195,13,1
195,14,6
195,15,61
195,16,57
195,17,12
195,18,28
195,19,10
195,20,7
195,21,96
195,22,1
195,23,4
195,25,19
195,26,1
195,27,1
195,28,56
195,29,12
195,30,8
195,31,1
195,32,11
195,33,8
195,34,2
195,36,1
195,37,3
195,38,1
195,39,4
195,40,11
195,41,3
195,42,11
195,43,10
195,44,5
195,45,1
195,46,13
195,48,2
195,49,1
195,52,7
195,53,7
195,54,15
195,55,27
195,56,61
195,57,1
195,58,6
195,59,23
195,62,9
195,63,32
195,64,5
195,65,5
195,67,114
195,68,11
195,69,2
195,70,15
195,71,22
195,72,35
195,73,19
195,74,22
195,75,2
195,76,3
195,78,13
195,79,12
195,80,1
195,81,3
195,82,4
195,83,7
195,84,10
195,85,4
195,86,4
195,87,4
195,88,1
195,89,5
195,90,3
195,92,4
195,93,8
195,94,12
195,95,1
195,96,1
195,97,12
195,98,9
195,99,43
195,100,10
195,102,4
195,105,8
195,106,6
195,107,1
195,108,6
195,110,13
195,111,1
195,112,1
195,113,1
195,117,3
195,118,10
195,121,2
195,122,3
195,123,13
195,124,8
195,125,1
195,126,1
195,128,1
195,129,14
195,130,4
195,131,3
195,132,1
195,134,5
195,135,2
195,137,1
195,140,6
195,143,7
195,145,1
195,146,1
195,147,1
195,152,3
195,153,1
195,154,3
195,155,12
195,157,1
195,160,2
195,161,1
195,162,1
195,163,2
195,164,3
195,165,31
195,166,17
195,167,4
195,169,2
195,171,4
195,172,5
195,174,1
195,175,7
195,177,3
195,178,2
195,180,1
195,181,2
195,184,3
195,187,4
195,188,2
195,189,2
195,190,1
195,191,2
195,192,14
195,193,21
195,194,12
195,196,23
195,197,8
195,198,23
195,199,17
196,1,8
196,2,12
196,3,10
196,4,5
196,5,75
196,6,6
196,7,4
196,8,2
196,10,5
196,11,15
196,12,1
196,13,8
196,14,13
196,15,141
196,16,64
196,17,18
196,18,45
196,19,19
196,20,11
196,21,159
196,22,2
196,23,4
196,25,38
196,26,4
196,27,1
196,28,64
196,29,11
196,30,4
196,32,36
196,33,23
196,34,1
196,36,1
196,37,1
196,39,4
196,40,19
196,41,3
196,42,12
196,43,14
196,44,5
196,45,1
196,46,16
196,49,3
196,51,1
196,52,13
196,53,6
196,54,20
196,55,53
196,56,58
196,57,1
196,58,8
196,59,43
196,60,2
196,62,11
196,63,41
196,64,12
196,65,11
196,66,2
196,67,196
196,68,12
196,69,4
196,70,34
196,71,33
196,72,68
196,73,43
196,74,45
196,75,5
196,76,9
196,78,44
196,79,18
196,81,15
196,82,31
196,83,9
196,84,17
196,85,26
196,87,15
196,88,4
196,89,8
196,90,8
196,92,4
196,93,2
196,94,10
196,95,5
196,96,7
196,97,15
196,98,28
196,99,65
196,100,13
196,101,3
196,102,6
196,104,5
196,105,7
196,106,17
196,108,12
196,109,4
196,110,6
196,111,1
196,112,4
196,113,2
196,114,2
196,115,2
196,118,11
196,120,2
196,121,7
196,122,5
196,123,15
196,124,19
196,126,1
196,128,2
196,129,33
196,130,3
196,131,2
196,132,2
196,133,2
196,134,1
196,135,1
196,137,5
196,140,22
196,141,2
196,143,7
196,145,3
196,146,6
196,147,1
196,152,1
196,154,2
196,155,9
196,158,1
196,159,1
196,160,2
196,161,2
196,162,1
196,163,1
196,164,11
196,165,27
196,166,21
196,167,18
196,169,7
196,170,3
196,171,5
196,172,10
196,174,7
196,175,25
196,176,3
196,177,4
196,178,1
196,179,1
196,180,1
196,181,4
196,184,4
196,185,2
196,186,2
196,187,7
196,188,2
196,189,7
196,190,4
196,191,4
196,192,50
196,193,26
196,194,33
196,195,30
196,197,21
196,198,29
196,199,30
197,2,5
197,3,1
197,4,9
197,5,35
197,6,2
197,7,2
197,8,3
197,9,2
197,10,1
197,11,13
197,13,3
197,14,6
197,15,106
197,16,85
197,17,20
197,18,25
197,19,5
197,20,10
197,21,124
197,23,2
197,25,10
197,26,1
197,27,1
197,28,25
197,29,5
197,30,5
197,31,1
197,32,11
197,33,18
197,34,1
197,40,14
197,42,15
197,43,13
197,44,8
197,45,1
197,46,6
197,47,1
197,48,1
197,49,2
197,52,6
197,53,4
197,54,7
197,55,22
197,56,33
197,57,1
197,58,8
197,59,25
197,62,10
197,63,35
197,64,2
197,65,3
197,66,1
197,67,108
197,68,9
197,69,4
197,70,17
197,71,16
197,72,41
197,73,20
197,74,30
197,75,5
197,76,6
197,78,11
197,79,19
197,81,9
197,82,14
197,83,7
197,84,6
197,85,5
197,86,1
197,87,5
197,88,1
197,89,2
197,90,1
197,92,3
197,93,1
197,94,3
197,95,1
197,96,7
197,97,15
197,98,16
197,99,31
197,100,14
197,101,1
197,102,1
197,103,1
197,105,3
197,106,18
197,107,1
197,108,5
197,109,2
197,110,15
197,111,1
197,112,4
197,113,2
197,117,1
197,118,4
197,122,1
197,123,17
197,124,9
197,125,3
197,128,1
197,129,8
197,130,2
197,131,1
197,132,2
197,134,3
197,135,1
197,137,5
197,140,7
197,141,2
197,143,3
197,145,2
197,146,2
197,147,1
197,148,1
197,149,1
197,152,2
197,153,1
197,155,8
197,160,1
197,161,1
197,162,1
197,163,3
197,164,9
197,165,17
197,166,17
197,167,2
197,169,1
197,171,4
197,172,5
197,173,3
197,175,10
197,177,2
197,181,1
197,182,1
197,183,2
197,184,1
197,186,1
197,187,2
197,188,21
197,189,12
197,190,3
197,191,8
197,192,9
197,193,28
197,194,4
197,195,33
197,196,9
197,198,33
197,199,20
198,1,11
198,2,2
198,3,4
198,4,7
198,5,94
198,6,3
198,7,3
198,10,4
198,11,19
198,12,4
198,13,21
198,14,11
198,15,199
198,16,95
198,17,9
198,18,40
198,19,21
198,20,4
198,21,250
198,22,3
198,23,5
198,25,18
198,27,2
198,28,48
198,29,14
198,30,2
198,31,8
198,32,44
198,33,28
198,34,1
198,37,2
198,39,6
198,40,30
198,42,28
198,43,32
198,44,19
198,45,2
198,46,9
198,47,2
198,48,8
198,49,5
198,52,8
198,53,1
198,54,11
198,55,47
198,56,80
198,58,10
198,59,43
198,61,1
198,62,8
198,63,37
198,64,6
198,65,10
198,66,5
198,67,219
198,68,10
198,69,4
198,70,61
198,71,33
198,72,78
198,73,22
198,74,49
198,75,13
198,76,19
198,77,4
198,78,22
198,79,28
198,80,2
198,81,17
198,82,21
198,83,4
198,84,18
198,85,13
198,87,6
198,88,1
198,89,2
198,90,5
198,91,3
198,92,10
198,93,3
198,94,6
198,95,1
198,96,3
198,97,26
198,98,19
198,99,108
198,100,14
198,101,3
198,102,2
198,103,1
198,105,10
198,106,24
198,108,9
198,109,2
198,110,36
198,111,6
198,112,3
198,113,1
198,114,2
198,115,5
198,117,8
198,118,20
198,120,2
198,121,4
198,122,2
198,123,42
198,124,11
198,125,2
198,127,1
198,128,3
198,129,15
198,130,1
198,133,2
198,134,5
198,135,1
198,136,3
198,137,3
198,138,1
198,140,28
198,141,3
198,143,8
198,145,4
198,146,9
198,148,4
198,150,1
198,151,2
198,152,3
198,155,15
198,156,3
198,157,1
198,160,2
198,161,4
198,162,2
198,163,1
198,164,44
198,165,35
198,166,45
198,167,1
198,169,3
198,170,2
198,171,2
198,172,11
198,173,1
198,174,2
198,175,23
198,177,2
198,179,4
198,180,1
198,181,2
198,184,3
198,186,1
198,187,10
198,188,10
198,189,12
198,190,5
198,191,13
198,192,30
198,193,28
198,194,21
198,195,52
198,196,26
198,197,19
198,199,30
199,2,1
199,3,4
199,4,2
199,5,28
199,6,6
199,9,1
199,10,2
199,11,5
199,13,9
199,14,4
199,15,14
199,16,12
199,17,10
199,18,9
199,19,1
199,20,2
199,21,39
199,22,1
199,23,1
199,25,4
199,26,4
199,27,1
199,28,16
199,29,5
199,31,1
199,32,10
199,33,8
199,34,3
199,38,1
199,39,1
199,40,14
199,42,5
199,43,2
199,44,6
199,46,17
199,47,1
199,52,3
199,53,6
199,54,4
199,55,11
199,56,19
199,57,1
199,58,4
199,59,6
199,62,12
199,63,21
199,65,3
199,67,45
199,69,2
199,70,7
199,71,4
199,72,9
199,73,3
199,74,4
199,75,1
199,76,3
199,78,6
199,79,2
199,81,2
199,82,8
199,83,2
199,84,2
199,85,2
199,87,3
199,89,1
199,90,1
199,92,3
199,93,1
199,94,2
199,97,2
199,98,4
199,99,18
199,100,2
199,102,2
199,103,1
199,105,3
199,106,4
199,108,2
199,110,6
199,111,4
199,112,2
199,113,1
199,114,1
199,115,1
199,118,2
199,120,2
199,122,1
199,123,7
199,124,1
199,129,6
199,132,1
199,133,1
199,138,1
199,140,12
199,146,1
199,147,1
199,149,1
199,152,6
199,155,1
199,159,1
199,164,1
199,165,12
199,166,4
199,167,5
199,170,1
199,172,1
199,173,3
199,175,5
199,179,1
199,182,3
199,183,1
199,184,1
199,187,10
199,188,1
199,190,3
199,191,6
199,192,13
199,193,7
199,194,7
199,195,10
199,196,3
199,197,5
199,198,12
10717,10717,0
