O,D,Ton
1,2,2
1,6,5
1,7,26
1,8,1
1,9,2
1,10,1
1,14,1
1,15,4
1,18,4
1,19,1
1,23,1
1,24,1
1,25,1
1,37,1
1,40,2
1,41,3
1,42,4
1,43,2
1,47,1
1,61,5
1,62,12
1,65,1
1,72,1
1,73,19
1,74,14
1,75,5
1,77,13
1,78,6
1,79,30
1,80,1
1,81,7
1,82,26
1,83,10
1,85,2
1,86,12
1,87,3
1,88,2
1,89,1
1,90,2
1,93,1
1,94,4
1,104,31
1,105,15
1,106,3
1,107,7
1,110,3
1,111,4
1,112,30
1,113,6
1,114,10
1,115,4
1,116,20
1,117,9
1,118,1
1,121,4
1,123,6
1,125,9
1,129,1
1,130,2
1,135,1
1,139,6
1,142,8
1,143,17
1,144,3
1,147,7
1,148,8
1,149,11
1,150,77
1,151,5
1,152,13
1,153,4
1,154,5
1,155,2
1,156,3
1,158,1
1,162,2
1,165,1
1,166,2
1,168,31
1,169,5
1,170,9
1,171,31
1,173,1
1,174,3
1,175,15
1,178,9
1,179,9
1,180,10
1,181,7
1,189,5
1,191,6
1,192,1
1,193,2
1,195,6
1,196,4
1,197,4
1,198,2
1,199,3
1,200,5
1,201,4
1,204,11
1,206,14
1,210,1
1,211,2
1,212,3
1,213,4
1,215,5
1,216,8
1,217,4
1,218,1
1,219,1
1,220,3
1,221,5
1,222,2
1,224,15
1,225,5
1,226,1
1,227,3
1,228,2
1,229,28
1,230,1
1,231,1
1,236,2
1,241,8
1,247,1
1,249,3
1,250,11
1,251,5
1,252,4
1,253,1
1,260,1
1,262,1
1,264,1
1,266,2
1,267,1
1,270,6
1,274,1
1,277,1
1,281,1
1,284,5
1,285,1
1,286,7
1,287,2
1,289,11
1,291,3
1,296,5
1,300,1
1,302,1
1,304,1
1,305,1
1,310,1
1,312,1
1,313,1
1,315,4
1,320,7
1,322,1
1,323,5
1,325,1
1,328,2
1,331,2
1,333,5
1,334,1
1,337,2
1,339,1
1,343,2
1,345,3
1,351,2
1,354,7
1,356,18
1,358,2
1,365,1
1,366,68
1,367,4
1,368,7
1,369,5
1,371,1
1,373,1
1,375,2
2,1,1
2,5,1
2,6,3
2,7,65
2,8,3
2,10,2
2,13,2
2,15,2
2,17,2
2,18,3
2,19,5
2,20,1
2,22,2
2,25,1
2,29,1
2,30,1
2,34,1
2,37,1
2,40,4
2,41,2
2,42,4
2,43,3
2,44,2
2,52,1
2,54,1
2,61,8
2,62,18
2,64,4
2,73,35
2,74,24
2,75,1
2,77,4
2,78,4
2,79,19
2,80,13
2,81,25
2,82,49
2,83,20
2,84,1
2,86,13
2,87,8
2,89,2
2,90,2
2,92,2
2,94,7
2,95,1
2,97,2
2,98,1
2,101,1
2,104,39
2,105,39
2,106,6
2,107,6
2,108,4
2,112,11
2,113,5
2,114,27
2,116,44
2,117,24
2,118,4
2,119,11
2,120,5
2,123,8
2,125,2
2,128,7
2,130,9
2,131,1
2,133,1
2,139,4
2,140,1
2,142,13
2,143,11
2,144,3
2,147,2
2,148,17
2,149,35
2,150,145
2,151,3
2,152,35
2,153,8
2,154,11
2,155,1
2,156,8
2,160,1
2,161,1
2,162,2
2,166,1
2,167,1
2,168,22
2,169,4
2,170,12
2,171,55
2,172,2
2,173,3
2,174,3
2,175,20
2,178,9
2,179,8
2,180,24
2,181,16
2,184,4
2,186,4
2,187,5
2,188,2
2,189,11
2,190,2
2,191,20
2,193,4
2,194,2
2,195,7
2,196,11
2,197,5
2,198,17
2,199,1
2,200,25
2,202,1
2,203,2
2,204,11
2,206,6
2,207,3
2,208,3
2,210,1
2,211,5
2,212,6
2,213,6
2,214,8
2,215,11
2,216,10
2,217,7
2,218,1
2,220,4
2,221,6
2,222,5
2,224,37
2,225,11
2,226,1
2,227,3
2,228,3
2,229,44
2,231,1
2,235,1
2,236,4
2,237,1
2,238,18
2,239,1
2,240,2
2,241,16
2,244,3
2,245,5
2,247,9
2,249,3
2,250,8
2,251,20
2,252,10
2,262,6
2,264,8
2,265,1
2,266,4
2,267,2
2,268,1
2,270,6
2,273,2
2,275,2
2,276,4
2,277,1
2,281,1
2,282,1
2,283,1
2,284,15
2,285,5
2,286,11
2,287,4
2,288,1
2,289,11
2,290,2
2,294,1
2,295,4
2,296,2
2,302,1
2,304,1
2,305,2
2,311,1
2,313,1
2,315,2
2,316,4
2,317,1
2,319,2
2,320,7
2,321,2
2,323,5
2,325,1
2,329,1
2,331,1
2,333,2
2,334,2
2,335,2
2,337,3
2,340,1
2,342,2
2,343,1
2,345,1
2,349,1
2,350,8
2,351,1
2,352,2
2,354,16
2,355,1
2,356,32
2,359,1
2,361,3
2,362,1
2,363,2
2,365,4
2,366,144
2,367,1
2,368,15
2,369,6
2,371,1
2,373,1
2,374,1
2,376,3
2,377,2
2,378,3
3,6,1
3,7,20
3,8,4
3,10,2
3,11,1
3,12,3
3,13,1
3,14,1
3,15,6
3,18,1
3,19,3
3,20,2
3,27,2
3,29,2
3,37,2
3,40,2
3,41,4
3,42,11
3,44,5
3,45,1
3,46,3
3,47,1
3,51,1
3,52,1
3,55,1
3,57,2
3,61,27
3,62,29
3,63,7
3,64,3
3,65,1
3,72,2
3,73,16
3,74,7
3,75,3
3,76,6
3,77,3
3,79,5
3,80,2
3,81,6
3,82,37
3,83,21
3,84,2
3,86,6
3,87,2
3,88,1
3,90,1
3,91,3
3,94,8
3,95,1
3,98,8
3,100,3
3,101,2
3,102,1
3,104,29
3,105,17
3,106,5
3,107,15
3,108,1
3,110,2
3,111,3
3,112,5
3,113,13
3,114,21
3,116,26
3,117,1
3,119,1
3,123,2
3,125,3
3,128,1
3,129,1
3,130,3
3,135,1
3,142,18
3,143,7
3,144,13
3,145,1
3,147,7
3,148,39
3,149,60
3,150,81
3,151,5
3,152,26
3,153,1
3,154,12
3,155,1
3,156,13
3,158,11
3,160,4
3,162,12
3,163,1
3,165,7
3,166,2
3,167,2
3,168,90
3,169,8
3,170,19
3,171,76
3,173,3
3,174,2
3,175,9
3,176,1
3,177,1
3,178,14
3,179,4
3,180,15
3,181,8
3,183,1
3,184,4
3,186,1
3,189,8
3,190,1
3,191,7
3,193,1
3,195,6
3,196,6
3,197,20
3,198,6
3,199,3
3,200,29
3,201,1
3,203,9
3,204,27
3,205,1
3,206,10
3,207,2
3,208,1
3,210,2
3,211,5
3,212,8
3,213,4
3,214,2
3,215,13
3,216,10
3,217,13
3,218,7
3,220,9
3,221,6
3,222,5
3,223,2
3,224,21
3,225,7
3,227,2
3,228,2
3,229,34
3,230,3
3,235,4
3,237,1
3,238,7
3,239,4
3,240,2
3,241,4
3,244,3
3,247,16
3,249,1
3,250,10
3,251,15
3,252,8
3,255,2
3,260,1
3,262,2
3,264,10
3,266,5
3,267,2
3,270,3
3,273,2
3,274,3
3,275,1
3,276,3
3,278,2
3,281,3
3,284,8
3,285,8
3,286,25
3,287,4
3,289,2
3,291,1
3,294,1
3,295,1
3,296,5
3,297,3
3,299,1
3,300,2
3,301,3
3,302,2
3,304,1
3,308,1
3,310,2
3,315,2
3,316,3
3,319,4
3,320,26
3,321,1
3,323,4
3,324,1
3,328,6
3,330,4
3,331,4
3,332,6
3,333,6
3,334,1
3,336,4
3,337,1
3,338,2
3,340,8
3,342,2
3,345,3
3,348,1
3,350,9
3,351,2
3,353,2
3,354,12
3,356,137
3,358,6
3,359,4
3,362,1
3,363,2
3,365,2
3,366,79
3,368,3
3,369,6
3,370,1
3,371,1
3,378,6
4,1,2
4,7,28
4,8,1
4,14,1
4,15,3
4,18,3
4,19,2
4,21,1
4,22,1
4,26,2
4,27,1
4,30,1
4,37,1
4,40,2
4,41,1
4,42,6
4,43,1
4,46,1
4,47,4
4,61,3
4,62,21
4,63,1
4,64,1
4,66,1
4,68,1
4,73,22
4,74,19
4,75,5
4,76,4
4,77,2
4,78,3
4,79,46
4,80,9
4,81,12
4,82,32
4,83,9
4,86,10
4,87,5
4,88,2
4,90,5
4,94,3
4,97,3
4,98,1
4,102,2
4,104,45
4,105,26
4,106,4
4,107,11
4,108,1
4,110,7
4,112,17
4,113,6
4,114,7
4,116,20
4,117,11
4,119,6
4,120,3
4,123,11
4,125,2
4,127,1
4,128,1
4,130,5
4,131,1
4,135,3
4,138,1
4,142,11
4,143,11
4,144,7
4,146,1
4,147,4
4,148,19
4,149,51
4,150,121
4,151,4
4,152,38
4,154,11
4,155,2
4,156,2
4,158,2
4,159,1
4,160,1
4,166,2
4,168,67
4,169,2
4,170,13
4,171,38
4,172,1
4,173,1
4,174,5
4,175,11
4,177,2
4,178,9
4,179,2
4,180,28
4,181,2
4,184,2
4,187,1
4,188,2
4,189,4
4,191,28
4,192,3
4,194,2
4,195,10
4,196,1
4,197,9
4,198,5
4,199,8
4,200,28
4,203,1
4,204,13
4,205,1
4,206,14
4,207,3
4,210,5
4,211,6
4,212,5
4,213,1
4,214,7
4,215,4
4,217,7
4,220,5
4,221,1
4,222,1
4,223,1
4,224,22
4,225,10
4,228,3
4,229,33
4,235,2
4,236,2
4,238,1
4,239,4
4,240,1
4,241,12
4,244,2
4,245,1
4,247,6
4,249,2
4,250,8
4,251,14
4,252,5
4,253,1
4,255,1
4,258,2
4,260,4
4,262,1
4,263,3
4,268,2
4,270,3
4,271,1
4,273,1
4,275,1
4,276,3
4,281,7
4,284,10
4,285,2
4,286,12
4,287,1
4,289,16
4,290,2
4,291,2
4,293,1
4,295,9
4,304,3
4,307,2
4,308,1
4,311,3
4,313,2
4,315,4
4,317,1
4,320,12
4,322,1
4,325,1
4,332,1
4,333,4
4,334,1
4,335,2
4,337,2
4,340,2
4,344,2
4,345,3
4,348,1
4,350,5
4,351,4
4,352,3
4,353,2
4,354,12
4,356,51
4,365,2
4,366,68
4,367,2
4,368,15
4,369,6
4,373,2
4,375,2
4,376,3
4,378,1
5,6,1
5,7,20
5,9,2
5,10,9
5,11,3
5,12,1
5,14,8
5,15,2
5,17,5
5,18,11
5,19,3
5,20,4
5,21,1
5,22,3
5,23,1
5,26,1
5,27,2
5,29,1
5,30,1
5,31,2
5,36,1
5,37,2
5,39,3
5,40,8
5,41,13
5,42,26
5,43,2
5,44,4
5,46,9
5,47,8
5,48,3
5,49,2
5,51,2
5,52,1
5,53,4
5,54,3
5,56,2
5,57,1
5,59,3
5,60,2
5,61,26
5,62,46
5,63,5
5,64,15
5,67,2
5,72,2
5,73,9
5,74,16
5,79,1
5,80,2
5,81,6
5,82,13
5,83,2
5,86,5
5,87,1
5,89,1
5,94,46
5,95,1
5,97,2
5,100,3
5,103,1
5,104,22
5,105,16
5,106,4
5,107,13
5,108,1
5,110,1
5,111,1
5,112,1
5,113,3
5,114,4
5,116,12
5,117,3
5,123,3
5,130,2
5,131,1
5,137,1
5,139,2
5,140,2
5,142,8
5,143,7
5,148,3
5,149,4
5,150,76
5,151,5
5,152,20
5,155,1
5,156,1
5,165,4
5,168,8
5,169,1
5,170,2
5,171,3
5,174,2
5,175,15
5,178,12
5,179,9
5,180,8
5,181,5
5,185,1
5,186,3
5,187,3
5,188,1
5,189,2
5,191,7
5,194,3
5,195,4
5,196,3
5,197,19
5,198,6
5,199,1
5,200,28
5,201,1
5,202,1
5,203,2
5,206,1
5,212,2
5,213,11
5,214,8
5,215,14
5,216,7
5,217,23
5,220,2
5,224,23
5,225,11
5,226,6
5,227,2
5,228,5
5,229,35
5,230,2
5,231,3
5,235,2
5,236,6
5,237,1
5,238,8
5,239,5
5,241,16
5,245,1
5,247,3
5,249,6
5,250,28
5,251,25
5,252,7
5,253,2
5,260,1
5,265,5
5,270,11
5,273,16
5,276,2
5,278,2
5,281,1
5,284,13
5,285,3
5,286,20
5,287,3
5,288,1
5,289,10
5,291,1
5,292,1
5,293,1
5,295,1
5,296,2
5,297,3
5,301,1
5,302,2
5,304,17
5,305,1
5,306,1
5,307,9
5,308,7
5,309,2
5,310,6
5,311,9
5,312,1
5,313,2
5,314,1
5,315,9
5,316,16
5,317,1
5,320,8
5,321,10
5,323,19
5,324,1
5,325,13
5,329,1
5,331,1
5,332,2
5,333,6
5,335,6
5,336,2
5,337,9
5,340,7
5,341,1
5,342,4
5,344,1
5,345,11
5,346,4
5,350,3
5,351,1
5,352,1
5,354,1
5,356,8
5,358,1
5,359,1
5,361,2
5,362,2
5,365,6
5,366,51
5,367,3
5,368,2
5,369,35
5,371,1
5,378,2
6,7,48
6,10,1
6,11,1
6,13,1
6,15,2
6,18,9
6,19,5
6,20,3
6,21,1
6,22,2
6,37,1
6,41,1
6,42,4
6,44,3
6,46,2
6,47,1
6,61,3
6,62,5
6,67,1
6,70,1
6,72,1
6,73,11
6,74,11
6,75,2
6,77,3
6,78,2
6,79,1
6,80,2
6,81,2
6,82,8
6,83,2
6,86,7
6,90,2
6,92,1
6,94,3
6,96,1
6,98,1
6,104,24
6,105,19
6,106,15
6,109,1
6,110,1
6,113,5
6,114,2
6,116,5
6,123,1
6,125,3
6,130,3
6,134,1
6,140,1
6,141,1
6,142,26
6,143,5
6,148,7
6,149,6
6,150,58
6,151,8
6,152,19
6,153,1
6,154,1
6,156,3
6,165,2
6,168,6
6,169,1
6,171,7
6,174,1
6,175,7
6,178,8
6,179,5
6,180,3
6,181,2
6,183,1
6,185,1
6,186,2
6,187,6
6,189,7
6,190,1
6,191,7
6,192,1
6,195,3
6,196,1
6,197,2
6,198,1
6,199,4
6,200,16
6,201,3
6,203,3
6,204,2
6,206,6
6,209,3
6,210,3
6,211,1
6,213,6
6,214,5
6,215,4
6,216,8
6,217,9
6,220,1
6,222,1
6,224,20
6,225,1
6,227,1
6,229,17
6,230,1
6,231,2
6,233,1
6,236,2
6,239,1
6,241,9
6,244,1
6,247,1
6,249,3
6,250,13
6,251,28
6,252,11
6,260,1
6,264,2
6,265,3
6,270,2
6,273,2
6,274,1
6,276,1
6,284,5
6,285,2
6,286,6
6,288,2
6,290,1
6,291,5
6,293,1
6,296,1
6,304,2
6,305,1
6,307,1
6,310,1
6,311,2
6,313,3
6,315,1
6,316,1
6,319,1
6,320,9
6,321,1
6,323,9
6,325,6
6,328,4
6,333,6
6,337,1
6,339,1
6,340,2
6,342,2
6,343,1
6,348,1
6,350,4
6,356,2
6,358,1
6,361,1
6,362,1
6,365,3
6,366,68
6,367,5
6,368,6
6,369,3
6,371,1
6,372,1
6,378,3
7,73,1
7,76,1
7,82,2
7,104,3
7,105,1
7,107,3
7,113,1
7,116,1
7,142,1
7,144,1
7,150,4
7,152,1
7,154,1
7,166,1
7,175,1
7,178,1
7,180,3
7,181,1
7,189,2
7,200,1
7,216,1
7,217,1
7,224,4
7,225,1
7,226,1
7,229,1
7,236,1
7,241,1
7,244,1
7,249,1
7,252,1
7,264,3
7,289,1
7,310,1
7,319,1
7,320,3
7,350,1
7,355,1
7,356,1
7,366,3
7,368,1
8,2,1
8,3,3
8,4,2
8,5,1
8,7,82
8,10,1
8,12,1
8,13,1
8,14,5
8,15,3
8,18,2
8,19,4
8,20,3
8,22,4
8,26,2
8,28,1
8,37,2
8,40,4
8,41,3
8,42,7
8,43,5
8,44,2
8,45,1
8,46,3
8,47,4
8,52,1
8,54,1
8,55,1
8,56,1
8,61,12
8,62,22
8,63,1
8,64,4
8,66,1
8,71,1
8,72,1
8,73,38
8,74,21
8,75,8
8,76,5
8,77,8
8,78,5
8,79,58
8,80,3
8,81,23
8,82,63
8,83,22
8,86,15
8,87,5
8,88,1
8,89,5
8,90,1
8,91,2
8,92,5
8,94,5
8,95,2
8,96,1
8,97,1
8,98,2
8,104,52
8,105,37
8,106,12
8,107,19
8,108,3
8,110,4
8,112,16
8,113,13
8,114,7
8,115,1
8,116,28
8,117,11
8,118,2
8,119,2
8,120,5
8,121,1
8,123,13
8,130,6
8,132,1
8,133,1
8,139,1
8,142,29
8,143,18
8,144,7
8,145,1
8,147,7
8,148,28
8,149,52
8,150,151
8,151,3
8,152,36
8,153,5
8,154,21
8,155,3
8,156,8
8,159,3
8,162,4
8,165,10
8,166,10
8,168,65
8,169,4
8,170,11
8,171,72
8,173,11
8,174,9
8,175,26
8,178,23
8,179,7
8,180,10
8,181,9
8,182,1
8,184,1
8,185,1
8,186,1
8,187,5
8,188,1
8,189,8
8,191,11
8,193,4
8,195,1
8,196,3
8,197,12
8,198,4
8,199,7
8,200,42
8,201,1
8,202,3
8,203,9
8,204,28
8,206,10
8,207,1
8,210,5
8,211,3
8,212,10
8,213,8
8,214,3
8,215,3
8,216,9
8,217,12
8,218,5
8,220,9
8,221,5
8,222,2
8,224,37
8,225,9
8,226,2
8,227,4
8,228,1
8,229,43
8,230,4
8,231,2
8,235,1
8,236,5
8,238,3
8,239,2
8,241,16
8,244,1
8,245,6
8,247,15
8,248,1
8,249,5
8,250,18
8,251,16
8,252,7
8,253,3
8,257,2
8,258,7
8,259,1
8,260,1
8,262,4
8,264,2
8,265,3
8,266,6
8,269,2
8,270,9
8,271,2
8,273,2
8,275,3
8,276,4
8,277,1
8,280,1
8,281,6
8,284,11
8,285,6
8,286,19
8,287,5
8,288,1
8,289,5
8,290,2
8,294,1
8,295,1
8,296,2
8,299,1
8,302,3
8,304,4
8,308,3
8,309,1
8,310,2
8,311,4
8,312,1
8,315,5
8,316,2
8,319,1
8,320,12
8,321,1
8,322,2
8,323,6
8,333,5
8,335,2
8,336,3
8,337,1
8,339,1
8,340,3
8,342,2
8,343,2
8,345,2
8,348,2
8,350,4
8,351,1
8,352,2
8,353,1
8,354,7
8,355,2
8,356,57
8,359,1
8,360,1
8,362,2
8,363,1
8,365,4
8,366,112
8,368,8
8,369,8
8,371,2
8,375,1
8,377,1
8,378,5
9,6,1
9,7,13
9,10,16
9,12,4
9,13,2
9,14,11
9,15,9
9,16,1
9,17,2
9,18,10
9,19,11
9,20,5
9,22,3
9,26,2
9,29,1
9,30,6
9,37,2
9,39,3
9,40,2
9,41,17
9,42,32
9,44,2
9,45,3
9,46,7
9,47,6
9,49,1
9,51,1
9,52,4
9,53,1
9,54,1
9,56,4
9,57,1
9,58,1
9,60,1
9,61,19
9,62,38
9,64,2
9,67,3
9,69,2
9,71,1
9,72,5
9,73,19
9,74,11
9,77,3
9,80,6
9,81,4
9,82,10
9,83,2
9,84,1
9,86,5
9,87,1
9,94,25
9,97,1
9,98,2
9,104,24
9,105,33
9,106,10
9,107,8
9,113,4
9,114,8
9,116,19
9,117,1
9,119,1
9,123,1
9,124,2
9,135,1
9,139,1
9,142,10
9,143,9
9,144,1
9,148,4
9,149,5
9,150,60
9,151,2
9,152,26
9,153,2
9,156,4
9,161,1
9,165,3
9,168,11
9,170,4
9,171,10
9,175,12
9,177,2
9,178,9
9,179,2
9,180,9
9,181,5
9,182,1
9,183,2
9,184,1
9,187,2
9,189,1
9,191,12
9,194,3
9,195,3
9,196,1
9,197,11
9,198,4
9,199,1
9,200,12
9,203,3
9,204,1
9,205,2
9,207,3
9,210,1
9,211,3
9,212,3
9,213,6
9,214,6
9,215,7
9,216,14
9,217,20
9,220,2
9,221,2
9,223,1
9,224,23
9,225,3
9,226,2
9,227,3
9,229,37
9,230,1
9,231,6
9,236,14
9,238,5
9,239,3
9,241,11
9,244,2
9,245,3
9,247,1
9,249,7
9,250,23
9,251,32
9,252,4
9,254,1
9,265,2
9,266,1
9,270,12
9,271,1
9,273,8
9,274,1
9,276,3
9,281,3
9,284,9
9,285,9
9,286,9
9,287,5
9,289,9
9,290,1
9,293,1
9,295,3
9,296,1
9,297,1
9,302,1
9,304,5
9,306,1
9,307,7
9,308,12
9,309,1
9,310,4
9,311,8
9,313,3
9,314,2
9,315,5
9,316,20
9,317,4
9,319,2
9,320,18
9,321,2
9,322,2
9,323,22
9,324,4
9,325,7
9,328,1
9,331,2
9,332,2
9,333,5
9,335,7
9,337,4
9,340,8
9,342,1
9,343,2
9,344,1
9,345,9
9,346,1
9,347,2
9,348,1
9,349,1
9,350,6
9,356,4
9,357,1
9,358,1
9,359,1
9,360,3
9,361,1
9,362,1
9,363,1
9,365,5
9,366,52
9,368,1
9,369,27
9,371,1
9,372,1
9,375,2
9,378,8
10,5,1
10,6,1
10,7,30
10,9,5
10,11,4
10,12,7
10,13,1
10,14,6
10,15,12
10,17,1
10,18,14
10,19,4
10,21,3
10,22,1
10,26,1
10,40,6
10,41,6
10,42,15
10,43,1
10,44,2
10,46,8
10,47,5
10,50,1
10,51,2
10,53,2
10,54,5
10,57,1
10,59,1
10,61,14
10,62,18
10,63,4
10,64,7
10,71,2
10,72,2
10,73,6
10,74,9
10,79,1
10,81,3
10,82,12
10,83,2
10,86,3
10,87,1
10,94,12
10,97,4
10,98,1
10,100,1
10,102,1
10,103,1
10,104,9
10,105,17
10,106,7
10,107,13
10,112,1
10,113,2
10,114,1
10,116,21
10,123,4
10,124,1
10,125,1
10,128,1
10,130,2
10,135,1
10,142,7
10,143,7
10,144,1
10,148,5
10,149,3
10,150,63
10,151,1
10,152,16
10,155,1
10,156,2
10,158,1
10,159,1
10,165,3
10,168,3
10,169,1
10,170,1
10,171,11
10,173,1
10,174,1
10,175,22
10,176,2
10,177,3
10,178,13
10,179,3
10,180,9
10,181,2
10,184,1
10,187,8
10,188,1
10,189,3
10,191,6
10,193,2
10,194,6
10,195,6
10,197,14
10,198,1
10,199,11
10,200,21
10,202,1
10,204,3
10,205,1
10,206,1
10,207,3
10,212,2
10,213,18
10,214,6
10,215,20
10,216,17
10,217,13
10,220,1
10,224,45
10,225,16
10,226,4
10,227,2
10,228,2
10,229,38
10,230,1
10,231,2
10,235,1
10,236,17
10,237,2
10,238,12
10,239,7
10,241,10
10,244,1
10,247,3
10,249,13
10,250,21
10,251,26
10,253,6
10,254,1
10,262,1
10,270,5
10,272,1
10,273,16
10,274,3
10,281,2
10,283,2
10,284,9
10,285,3
10,286,7
10,287,2
10,288,1
10,289,2
10,290,1
10,291,1
10,293,2
10,295,1
10,297,1
10,301,1
10,304,7
10,305,1
10,307,4
10,308,15
10,309,1
10,310,3
10,311,7
10,312,2
10,313,4
10,315,11
10,316,5
10,319,1
10,320,1
10,321,6
10,322,1
10,323,17
10,325,1
10,327,1
10,333,1
10,334,1
10,335,6
10,336,3
10,337,4
10,340,3
10,342,3
10,343,3
10,345,7
10,346,1
10,348,7
10,350,4
10,354,3
10,356,3
10,357,1
10,358,1
10,359,2
10,361,2
10,362,1
10,365,11
10,366,48
10,367,1
10,368,2
10,369,17
10,370,1
10,378,1
11,5,3
11,6,1
11,7,21
11,10,3
11,13,1
11,14,5
11,15,23
11,17,2
11,18,4
11,19,4
11,20,5
11,22,1
11,24,4
11,26,2
11,27,4
11,29,2
11,31,2
11,36,1
11,39,4
11,40,6
11,41,10
11,42,48
11,43,2
11,44,3
11,46,4
11,47,16
11,49,2
11,51,3
11,52,2
11,53,1
11,54,1
11,56,5
11,59,1
11,61,36
11,62,69
11,63,15
11,64,6
11,66,2
11,69,4
11,72,5
11,73,10
11,74,7
11,75,1
11,76,1
11,77,1
11,79,1
11,81,5
11,82,14
11,83,3
11,86,7
11,93,3
11,94,20
11,95,2
11,97,3
11,98,3
11,100,1
11,101,2
11,102,2
11,103,2
11,104,13
11,105,31
11,106,12
11,107,14
11,109,3
11,110,1
11,113,2
11,114,7
11,116,27
11,117,2
11,123,2
11,124,2
11,125,2
11,128,1
11,130,3
11,132,1
11,133,1
11,135,1
11,139,2
11,140,1
11,142,8
11,143,9
11,148,5
11,149,11
11,150,88
11,151,2
11,152,31
11,153,1
11,158,1
11,161,1
11,168,6
11,169,3
11,170,4
11,171,24
11,172,1
11,173,1
11,174,3
11,175,25
11,176,1
11,178,15
11,179,4
11,180,8
11,181,5
11,182,1
11,187,5
11,189,8
11,190,2
11,191,14
11,192,1
11,193,7
11,195,2
11,196,7
11,197,9
11,198,8
11,199,1
11,200,12
11,201,1
11,204,1
11,206,2
11,210,1
11,211,1
11,212,7
11,213,13
11,214,7
11,215,6
11,216,9
11,217,22
11,218,3
11,220,1
11,224,35
11,225,17
11,227,3
11,228,3
11,229,48
11,231,1
11,232,1
11,236,8
11,237,1
11,238,12
11,240,1
11,241,13
11,247,2
11,249,6
11,250,15
11,251,20
11,252,9
11,253,4
11,254,1
11,257,2
11,264,2
11,265,1
11,270,11
11,271,1
11,273,13
11,274,2
11,276,3
11,278,1
11,284,19
11,285,7
11,286,26
11,287,1
11,289,15
11,290,1
11,291,1
11,293,1
11,295,3
11,296,2
11,297,1
11,299,1
11,300,4
11,302,1
11,304,11
11,305,1
11,306,7
11,308,10
11,310,4
11,311,6
11,312,2
11,313,2
11,315,21
11,316,16
11,317,2
11,320,17
11,321,1
11,323,14
11,324,4
11,325,5
11,328,6
11,330,3
11,331,3
11,332,4
11,333,15
11,335,19
11,336,3
11,337,7
11,340,9
11,341,3
11,342,8
11,343,4
11,344,3
11,345,5
11,346,2
11,348,4
11,349,3
11,354,2
11,356,9
11,357,1
11,358,2
11,359,6
11,360,2
11,361,3
11,362,2
11,365,4
11,366,49
11,367,1
11,368,3
11,369,26
11,372,2
11,373,1
11,375,2
11,376,1
11,377,1
11,378,1
12,3,2
12,5,1
12,7,36
12,8,2
12,9,1
12,10,11
12,11,10
12,13,1
12,14,4
12,15,17
12,17,1
12,18,12
12,19,7
12,20,5
12,21,8
12,22,1
12,23,1
12,24,2
12,26,3
12,27,1
12,29,2
12,30,2
12,31,2
12,39,1
12,40,2
12,41,7
12,42,15
12,43,2
12,44,3
12,46,4
12,47,9
12,49,3
12,51,2
12,54,9
12,56,1
12,61,14
12,62,25
12,63,4
12,64,5
12,67,3
12,71,3
12,72,2
12,73,17
12,74,19
12,75,1
12,80,4
12,81,10
12,82,18
12,83,13
12,86,10
12,87,1
12,88,1
12,94,10
12,95,2
12,97,1
12,98,3
12,100,1
12,101,1
12,104,30
12,105,24
12,106,12
12,107,18
12,111,1
12,112,4
12,113,1
12,114,6
12,115,1
12,116,18
12,117,2
12,118,1
12,121,1
12,123,6
12,130,6
12,135,1
12,139,5
12,142,17
12,143,10
12,148,8
12,149,6
12,150,99
12,151,8
12,152,26
12,153,1
12,154,9
12,156,2
12,158,1
12,166,1
12,168,4
12,169,1
12,170,1
12,171,11
12,173,5
12,174,8
12,175,18
12,178,10
12,179,7
12,180,12
12,181,3
12,182,6
12,183,1
12,184,1
12,185,1
12,186,1
12,187,1
12,189,3
12,190,1
12,191,13
12,192,2
12,193,2
12,194,3
12,195,7
12,196,1
12,197,20
12,198,6
12,199,6
12,200,20
12,203,2
12,204,9
12,205,2
12,206,10
12,207,1
12,210,1
12,211,2
12,212,5
12,213,9
12,214,17
12,215,8
12,216,37
12,217,20
12,218,3
12,220,7
12,221,4
12,224,61
12,225,10
12,226,1
12,228,5
12,229,55
12,230,7
12,231,7
12,233,2
12,236,23
12,237,5
12,238,15
12,239,6
12,241,11
12,242,1
12,244,3
12,245,5
12,247,8
12,249,18
12,250,28
12,251,58
12,252,10
12,253,4
12,254,3
12,255,2
12,264,4
12,265,2
12,267,4
12,270,9
12,271,1
12,273,6
12,276,7
12,278,2
12,280,3
12,282,2
12,284,32
12,285,9
12,286,26
12,287,4
12,288,2
12,289,12
12,291,1
12,293,3
12,295,7
12,296,12
12,297,2
12,299,1
12,302,5
12,303,3
12,304,9
12,305,1
12,306,11
12,307,8
12,308,4
12,310,3
12,311,1
12,315,6
12,316,15
12,317,2
12,319,4
12,320,23
12,321,5
12,323,2
12,324,3
12,325,9
12,328,2
12,331,1
12,332,8
12,333,5
12,335,38
12,336,4
12,337,2
12,339,1
12,340,3
12,342,7
12,343,1
12,345,7
12,346,2
12,348,1
12,349,5
12,350,4
12,351,1
12,352,4
12,356,7
12,358,2
12,359,1
12,360,8
12,361,3
12,363,1
12,365,12
12,366,78
12,367,1
12,368,2
12,369,25
12,375,3
12,376,1
12,377,1
12,378,7
13,1,1
13,2,1
13,5,2
13,7,19
13,9,9
13,10,16
13,11,6
13,12,3
13,14,2
13,15,10
13,16,1
13,17,4
13,18,11
13,19,4
13,22,1
13,24,1
13,28,1
13,37,3
13,40,9
13,41,5
13,42,26
13,44,6
13,46,12
13,47,6
13,49,3
13,51,2
13,53,4
13,54,2
13,56,3
13,57,2
13,58,1
13,59,1
13,61,14
13,62,40
13,63,3
13,64,3
13,67,2
13,69,3
13,71,1
13,72,5
13,73,6
13,74,14
13,77,1
13,79,1
13,81,6
13,82,6
13,83,1
13,86,7
13,90,1
13,92,1
13,93,2
13,94,27
13,95,2
13,96,1
13,97,2
13,98,7
13,102,1
13,103,1
13,104,20
13,105,15
13,106,17
13,107,16
13,110,1
13,113,1
13,114,9
13,116,6
13,117,2
13,119,1
13,123,3
13,125,1
13,127,1
13,129,1
13,130,1
13,131,1
13,132,2
13,135,1
13,139,1
13,140,1
13,142,11
13,143,10
13,148,7
13,149,2
13,150,52
13,151,4
13,152,15
13,153,1
13,154,3
13,155,8
13,156,3
13,157,1
13,160,1
13,168,21
13,169,3
13,170,1
13,171,13
13,172,1
13,174,2
13,175,21
13,177,1
13,178,11
13,179,6
13,180,5
13,181,3
13,184,1
13,185,1
13,186,2
13,187,1
13,188,1
13,189,1
13,190,1
13,191,6
13,192,2
13,195,8
13,197,8
13,199,2
13,200,17
13,201,2
13,204,5
13,206,7
13,211,5
13,212,5
13,213,6
13,214,8
13,215,12
13,216,9
13,217,18
13,220,1
13,221,4
13,222,1
13,224,37
13,225,7
13,227,2
13,228,2
13,229,48
13,230,1
13,231,1
13,233,1
13,235,1
13,236,14
13,237,2
13,238,7
13,239,4
13,240,1
13,241,12
13,244,1
13,247,3
13,249,2
13,250,13
13,251,18
13,252,12
13,258,1
13,259,1
13,262,1
13,264,1
13,265,1
13,267,1
13,270,14
13,273,13
13,276,2
13,280,2
13,283,1
13,284,11
13,285,4
13,286,25
13,287,1
13,288,1
13,289,15
13,290,3
13,291,4
13,292,2
13,295,6
13,296,3
13,302,4
13,304,15
13,305,1
13,306,1
13,307,8
13,308,16
13,310,9
13,311,8
13,312,2
13,313,1
13,315,7
13,316,10
13,317,2
13,319,3
13,320,33
13,321,6
13,322,4
13,323,24
13,324,3
13,325,5
13,326,4
13,328,4
13,330,1
13,331,2
13,332,3
13,333,3
13,335,13
13,336,1
13,337,4
13,340,6
13,341,6
13,342,6
13,343,4
13,344,4
13,345,8
13,346,3
13,347,2
13,348,1
13,349,4
13,350,1
13,351,1
13,354,4
13,356,8
13,358,3
13,359,1
13,360,2
13,361,1
13,362,2
13,363,4
13,365,2
13,366,72
13,368,2
13,369,34
13,371,1
13,375,1
13,376,1
13,378,7
14,7,26
14,9,4
14,10,7
14,11,4
14,13,1
14,15,10
14,16,2
14,18,9
14,19,8
14,20,2
14,22,4
14,23,1
14,26,3
14,27,1
14,37,1
14,40,4
14,41,10
14,42,17
14,43,1
14,46,6
14,47,3
14,52,2
14,54,2
14,56,3
14,59,1
14,61,15
14,62,24
14,63,5
14,64,3
14,66,1
14,69,2
14,72,5
14,73,12
14,74,3
14,75,1
14,76,1
14,81,4
14,82,2
14,83,2
14,86,4
14,94,20
14,95,2
14,97,4
14,104,29
14,105,11
14,106,8
14,107,9
14,113,3
14,114,14
14,116,17
14,123,3
14,125,3
14,130,1
14,134,1
14,135,1
14,142,9
14,143,11
14,147,1
14,148,3
14,149,2
14,150,82
14,151,2
14,152,19
14,154,1
14,156,1
14,159,1
14,168,3
14,169,1
14,171,16
14,173,3
14,174,4
14,175,23
14,178,12
14,179,5
14,180,3
14,181,2
14,186,1
14,189,1
14,191,10
14,192,1
14,194,2
14,195,4
14,196,2
14,197,16
14,198,5
14,200,24
14,202,1
14,204,2
14,206,6
14,207,2
14,210,1
14,212,7
14,213,5
14,214,4
14,215,9
14,216,19
14,217,8
14,219,2
14,220,1
14,221,5
14,224,33
14,225,14
14,227,1
14,229,28
14,230,2
14,236,9
14,237,4
14,238,3
14,239,1
14,241,11
14,247,3
14,249,4
14,250,28
14,251,27
14,252,12
14,253,4
14,254,3
14,255,1
14,260,1
14,265,4
14,270,12
14,273,11
14,278,1
14,281,1
14,284,18
14,285,5
14,286,12
14,287,1
14,289,9
14,290,1
14,295,1
14,296,12
14,302,1
14,304,15
14,305,3
14,306,3
14,307,8
14,308,3
14,309,2
14,310,7
14,311,5
14,313,1
14,314,1
14,315,8
14,316,14
14,320,12
14,321,4
14,323,12
14,325,1
14,328,3
14,331,1
14,332,1
14,333,13
14,335,15
14,336,1
14,337,3
14,340,2
14,342,1
14,343,1
14,345,9
14,347,3
14,348,2
14,350,3
14,351,1
14,352,1
14,354,2
14,356,3
14,358,1
14,359,2
14,360,2
14,361,3
14,362,2
14,364,1
14,365,2
14,366,43
14,367,2
14,368,3
14,369,21
14,371,1
14,373,1
14,375,2
14,378,3
15,7,48
15,9,4
15,10,3
15,11,1
15,12,1
15,14,1
15,16,1
15,18,3
15,19,14
15,20,5
15,21,1
15,25,1
15,29,2
15,30,2
15,31,1
15,37,1
15,38,1
15,40,4
15,41,13
15,42,19
15,44,2
15,46,2
15,47,2
15,54,1
15,60,1
15,61,13
15,62,14
15,64,4
15,65,2
15,67,1
15,72,4
15,73,8
15,74,8
15,75,1
15,76,2
15,78,1
15,80,1
15,81,8
15,82,21
15,83,1
15,84,2
15,86,7
15,90,1
15,94,12
15,98,4
15,101,1
15,102,2
15,103,1
15,104,12
15,105,24
15,106,11
15,107,7
15,109,1
15,113,2
15,114,4
15,116,22
15,119,2
15,123,5
15,126,1
15,128,1
15,130,4
15,135,1
15,139,1
15,141,1
15,142,23
15,143,11
15,148,3
15,149,3
15,150,86
15,151,5
15,152,19
15,153,1
15,160,1
15,165,2
15,166,2
15,168,8
15,169,1
15,170,1
15,171,12
15,173,4
15,175,25
15,177,1
15,178,29
15,179,3
15,180,6
15,181,6
15,183,2
15,185,2
15,186,1
15,187,1
15,188,1
15,189,2
15,191,10
15,193,1
15,195,12
15,197,15
15,198,7
15,199,8
15,200,27
15,204,7
15,206,2
15,207,1
15,210,1
15,212,2
15,213,26
15,214,4
15,215,19
15,216,34
15,217,33
15,220,4
15,221,2
15,224,41
15,225,6
15,226,2
15,227,4
15,228,6
15,229,79
15,230,2
15,231,4
15,235,1
15,236,25
15,237,3
15,238,9
15,239,13
15,241,13
15,244,2
15,245,10
15,247,2
15,249,24
15,250,32
15,251,49
15,252,13
15,253,5
15,264,1
15,266,1
15,270,13
15,271,2
15,273,8
15,276,7
15,278,2
15,282,1
15,284,30
15,285,9
15,286,6
15,287,1
15,289,10
15,290,2
15,291,4
15,295,3
15,296,5
15,297,2
15,303,1
15,304,6
15,305,4
15,307,1
15,308,2
15,311,1
15,312,2
15,313,3
15,314,2
15,315,10
15,316,13
15,320,8
15,321,2
15,322,1
15,323,20
15,324,2
15,325,6
15,327,1
15,328,2
15,329,3
15,331,2
15,332,1
15,333,6
15,335,12
15,336,1
15,337,3
15,340,5
15,342,3
15,343,1
15,345,1
15,347,3
15,348,1
15,349,1
15,350,2
15,352,2
15,356,5
15,358,1
15,359,1
15,360,3
15,361,9
15,362,1
15,364,1
15,365,3
15,366,56
15,367,9
15,368,1
15,369,13
15,376,1
15,377,1
15,378,3
16,1,1
16,2,1
16,5,5
16,6,3
16,7,31
16,10,3
16,11,2
16,13,1
16,14,2
16,15,5
16,17,1
16,18,7
16,19,2
16,20,10
16,22,1
16,23,1
16,24,1
16,26,1
16,29,1
16,30,3
16,31,1
16,37,2
16,40,5
16,41,12
16,42,135
16,43,2
16,44,1
16,45,1
16,46,10
16,47,8
16,49,2
16,50,2
16,52,2
16,53,7
16,56,3
16,61,14
16,62,43
16,63,4
16,64,9
16,67,3
16,68,2
16,69,1
16,70,3
16,72,4
16,73,12
16,74,8
16,80,1
16,81,1
16,82,7
16,86,7
16,87,1
16,93,2
16,94,43
16,97,2
16,98,1
16,100,2
16,103,1
16,104,17
16,105,23
16,106,26
16,107,7
16,112,2
16,113,6
16,114,11
16,116,2
16,119,1
16,123,5
16,128,1
16,129,1
16,130,5
16,132,2
16,140,1
16,142,5
16,143,13
16,144,1
16,148,2
16,150,82
16,152,26
16,154,2
16,155,1
16,156,1
16,162,1
16,168,3
16,169,3
16,170,2
16,171,5
16,174,2
16,175,17
16,178,12
16,179,8
16,180,12
16,181,2
16,183,1
16,186,2
16,187,4
16,188,3
16,189,6
16,191,16
16,193,2
16,195,4
16,196,3
16,197,12
16,198,2
16,199,2
16,200,22
16,203,1
16,204,3
16,206,8
16,208,1
16,211,1
16,212,4
16,213,1
16,214,10
16,215,10
16,216,12
16,217,13
16,220,1
16,221,1
16,224,24
16,225,3
16,227,6
16,228,1
16,229,32
16,230,2
16,236,12
16,238,9
16,239,8
16,240,1
16,241,7
16,244,1
16,245,7
16,247,1
16,248,1
16,249,15
16,250,18
16,251,25
16,252,7
16,253,2
16,260,2
16,264,5
16,266,1
16,270,5
16,273,20
16,274,2
16,276,4
16,277,1
16,278,1
16,281,1
16,283,1
16,284,7
16,285,6
16,286,42
16,287,1
16,289,9
16,290,2
16,291,3
16,293,1
16,296,5
16,302,1
16,304,5
16,306,1
16,307,4
16,308,5
16,310,2
16,311,5
16,313,1
16,314,3
16,315,27
16,316,18
16,319,1
16,320,63
16,321,5
16,322,1
16,323,44
16,324,8
16,325,9
16,327,1
16,328,43
16,332,2
16,333,7
16,334,1
16,335,3
16,336,2
16,337,4
16,340,2
16,341,1
16,342,12
16,343,8
16,345,1
16,348,4
16,349,2
16,351,1
16,354,4
16,356,5
16,358,2
16,360,1
16,361,2
16,362,6
16,365,15
16,366,26
16,368,2
16,369,58
16,370,3
16,371,1
16,373,1
16,378,5
17,3,1
17,5,3
17,6,7
17,7,21
17,9,6
17,10,7
17,11,7
17,12,2
17,13,7
17,14,8
17,15,7
17,16,2
17,18,9
17,19,2
17,20,10
17,21,1
17,22,3
17,24,3
17,25,1
17,26,1
17,30,1
17,31,2
17,36,1
17,37,3
17,39,1
17,40,4
17,41,13
17,42,26
17,43,1
17,46,7
17,47,11
17,49,1
17,51,1
17,52,1
17,53,2
17,54,4
17,56,2
17,59,2
17,61,26
17,62,50
17,63,2
17,64,13
17,65,3
17,67,6
17,72,2
17,73,12
17,74,7
17,77,1
17,80,1
17,81,4
17,82,9
17,83,3
17,84,1
17,86,5
17,91,1
17,92,1
17,94,35
17,95,2
17,97,6
17,98,6
17,100,2
17,101,2
17,102,1
17,103,1
17,104,20
17,105,29
17,106,7
17,107,15
17,110,1
17,113,5
17,114,8
17,115,1
17,116,8
17,118,1
17,121,4
17,123,3
17,124,1
17,127,1
17,129,2
17,130,1
17,139,1
17,142,17
17,143,6
17,148,1
17,149,9
17,150,52
17,151,2
17,152,29
17,154,3
17,156,3
17,168,5
17,170,1
17,171,7
17,172,1
17,173,4
17,174,3
17,175,15
17,177,2
17,178,14
17,179,1
17,180,12
17,181,3
17,182,2
17,184,1
17,187,2
17,188,3
17,190,6
17,191,8
17,193,2
17,194,4
17,195,3
17,196,2
17,197,7
17,198,2
17,199,3
17,200,12
17,204,5
17,206,7
17,208,1
17,211,1
17,212,5
17,213,10
17,214,6
17,215,12
17,216,10
17,217,17
17,219,1
17,220,5
17,221,1
17,222,1
17,224,27
17,225,9
17,226,3
17,227,5
17,229,27
17,231,1
17,235,3
17,236,4
17,237,3
17,238,4
17,241,14
17,242,1
17,244,2
17,245,1
17,247,2
17,249,3
17,250,5
17,251,19
17,252,6
17,255,3
17,264,2
17,270,10
17,271,1
17,273,14
17,274,2
17,275,1
17,280,1
17,282,1
17,284,7
17,285,6
17,286,18
17,287,1
17,289,10
17,290,2
17,293,1
17,296,3
17,298,1
17,301,2
17,304,6
17,305,3
17,307,2
17,308,15
17,309,1
17,310,7
17,311,8
17,312,2
17,313,2
17,314,3
17,315,14
17,316,16
17,317,5
17,319,1
17,320,24
17,321,4
17,322,4
17,323,30
17,325,10
17,328,6
17,330,2
17,331,4
17,332,2
17,333,3
17,334,2
17,335,5
17,337,5
17,340,11
17,341,1
17,342,2
17,343,4
17,344,1
17,345,4
17,346,1
17,348,1
17,351,1
17,352,1
17,354,2
17,355,1
17,356,2
17,357,1
17,359,3
17,360,1
17,361,3
17,362,4
17,365,6
17,366,49
17,367,2
17,368,1
17,369,43
17,376,1
17,377,1
17,378,3
18,6,1
18,7,21
18,9,1
18,10,3
18,11,4
18,12,1
18,15,2
18,16,1
18,19,21
18,20,4
18,21,5
18,22,8
18,29,2
18,40,1
18,41,3
18,42,7
18,44,2
18,46,3
18,47,2
18,52,1
18,59,1
18,61,7
18,62,14
18,63,1
18,64,2
18,69,1
18,72,2
18,73,9
18,74,3
18,80,1
18,81,2
18,82,3
18,86,7
18,93,1
18,94,7
18,95,1
18,97,1
18,104,12
18,105,10
18,106,28
18,107,8
18,112,4
18,113,5
18,114,2
18,116,2
18,117,1
18,120,1
18,123,4
18,125,2
18,130,1
18,131,1
18,132,2
18,139,1
18,140,1
18,142,13
18,143,8
18,147,1
18,148,2
18,149,5
18,150,38
18,151,4
18,152,16
18,153,4
18,158,1
18,162,1
18,168,4
18,169,2
18,170,3
18,171,6
18,174,1
18,175,13
18,177,1
18,178,13
18,179,6
18,180,8
18,181,3
18,186,3
18,187,3
18,188,1
18,189,10
18,190,1
18,191,8
18,195,6
18,196,1
18,197,11
18,198,1
18,199,2
18,200,15
18,204,4
18,206,2
18,209,1
18,212,1
18,213,12
18,214,9
18,215,17
18,216,14
18,217,14
18,220,2
18,221,6
18,223,1
18,224,11
18,225,2
18,227,2
18,229,19
18,230,3
18,236,1
18,237,1
18,238,6
18,241,7
18,244,3
18,245,7
18,247,1
18,249,22
18,250,17
18,251,29
18,252,9
18,253,1
18,255,1
18,260,1
18,264,7
18,266,1
18,270,3
18,273,6
18,275,2
18,283,1
18,284,4
18,285,1
18,286,7
18,290,1
18,291,1
18,293,1
18,295,2
18,296,1
18,297,1
18,302,1
18,304,2
18,308,5
18,310,2
18,311,3
18,315,2
18,316,6
18,320,13
18,321,1
18,323,9
18,325,1
18,331,1
18,332,2
18,333,1
18,334,1
18,335,2
18,340,2
18,342,1
18,345,1
18,346,1
18,352,1
18,354,5
18,356,2
18,359,1
18,360,3
18,361,1
18,365,2
18,366,36
18,367,4
18,368,3
18,369,18
18,371,2
18,372,1
18,373,1
18,378,2
19,5,1
19,6,6
19,7,50
19,9,5
19,10,3
19,11,1
19,13,3
19,15,8
19,16,2
19,18,18
19,20,5
19,21,20
19,22,11
19,23,3
19,26,3
19,27,1
19,30,3
19,31,2
19,37,1
19,41,3
19,42,13
19,43,1
19,44,1
19,45,3
19,47,6
19,52,1
19,61,3
19,62,22
19,67,1
19,69,2
19,72,2
19,73,5
19,74,15
19,77,2
19,78,1
19,79,1
19,80,5
19,81,15
19,82,16
19,83,2
19,86,12
19,94,8
19,95,1
19,97,1
19,98,1
19,100,3
19,102,1
19,103,1
19,104,31
19,105,50
19,106,45
19,107,15
19,109,1
19,110,4
19,111,1
19,113,7
19,114,7
19,116,18
19,117,3
19,121,1
19,123,4
19,124,1
19,125,1
19,128,1
19,130,5
19,131,1
19,133,2
19,135,2
19,139,2
19,142,35
19,143,9
19,148,7
19,149,4
19,150,80
19,151,4
19,152,20
19,154,11
19,156,2
19,158,1
19,166,5
19,168,4
19,169,2
19,170,2
19,171,4
19,172,3
19,173,1
19,174,2
19,175,28
19,178,17
19,179,6
19,180,8
19,181,7
19,182,1
19,183,2
19,184,1
19,186,1
19,187,4
19,189,8
19,190,3
19,191,17
19,192,2
19,193,1
19,194,3
19,195,10
19,196,1
19,197,17
19,198,3
19,199,6
19,200,32
19,203,1
19,204,9
19,206,1
19,208,1
19,211,2
19,212,2
19,213,1
19,214,9
19,215,18
19,216,23
19,217,20
19,219,1
19,220,3
19,221,1
19,223,1
19,224,24
19,225,17
19,226,1
19,227,2
19,228,3
19,229,40
19,230,2
19,231,9
19,236,13
19,237,2
19,238,8
19,239,7
19,240,1
19,241,1
19,244,1
19,245,15
19,247,3
19,249,12
19,250,30
19,251,30
19,252,8
19,256,2
19,262,1
19,263,2
19,264,1
19,270,10
19,273,8
19,276,5
19,277,1
19,278,1
19,281,1
19,284,8
19,285,8
19,286,9
19,287,4
19,290,1
19,291,1
19,293,1
19,302,1
19,304,1
19,306,1
19,307,3
19,308,3
19,309,1
19,310,2
19,315,6
19,316,2
19,317,3
19,319,1
19,320,10
19,321,3
19,323,18
19,325,7
19,326,1
19,328,2
19,332,1
19,333,2
19,334,1
19,335,3
19,336,1
19,337,4
19,339,1
19,340,2
19,341,1
19,342,3
19,343,1
19,344,1
19,348,1
19,350,2
19,351,1
19,353,1
19,354,8
19,355,2
19,356,5
19,358,2
19,360,4
19,361,11
19,365,1
19,366,60
19,367,1
19,368,6
19,369,14
19,371,2
19,376,1
19,378,1
20,6,3
20,7,5
20,17,1
20,18,13
20,19,9
20,21,4
20,22,11
20,23,1
20,41,3
20,42,4
20,47,2
20,53,2
20,61,6
20,62,11
20,69,2
20,71,2
20,73,5
20,74,6
20,76,4
20,81,3
20,82,5
20,94,3
20,95,1
20,104,9
20,105,12
20,106,18
20,107,8
20,113,1
20,116,4
20,123,1
20,125,1
20,132,1
20,135,1
20,142,10
20,143,4
20,148,2
20,149,1
20,150,36
20,151,1
20,152,10
20,155,1
20,165,2
20,166,1
20,168,1
20,169,2
20,171,5
20,173,1
20,174,1
20,175,7
20,178,9
20,179,1
20,180,3
20,181,3
20,182,1
20,188,1
20,189,5
20,191,3
20,196,1
20,197,4
20,198,1
20,199,5
20,200,8
20,201,1
20,204,2
20,210,1
20,213,7
20,214,2
20,215,7
20,216,5
20,217,12
20,220,1
20,224,17
20,225,1
20,226,1
20,229,17
20,230,4
20,231,2
20,236,10
20,238,3
20,240,2
20,241,3
20,245,5
20,247,1
20,249,11
20,250,25
20,251,16
20,252,4
20,253,1
20,259,1
20,262,1
20,264,1
20,267,1
20,270,5
20,273,9
20,276,2
20,281,2
20,284,6
20,285,1
20,286,2
20,287,3
20,289,1
20,290,4
20,295,1
20,296,1
20,302,1
20,304,3
20,306,1
20,308,5
20,311,1
20,314,1
20,315,7
20,316,1
20,320,7
20,323,9
20,325,3
20,328,4
20,331,1
20,333,1
20,336,1
20,337,3
20,340,1
20,341,1
20,342,1
20,344,1
20,345,3
20,350,1
20,354,1
20,359,2
20,360,2
20,362,1
20,366,30
20,367,1
20,368,1
20,369,8
20,371,1
20,376,1
20,378,1
21,1,1
21,2,2
21,3,1
21,6,1
21,7,41
21,9,2
21,10,4
21,14,3
21,15,2
21,16,3
21,17,1
21,18,18
21,19,27
21,20,8
21,22,8
21,23,4
21,25,1
21,31,1
21,37,1
21,39,1
21,40,1
21,41,2
21,42,9
21,43,2
21,45,1
21,46,4
21,47,6
21,52,3
21,53,1
21,57,1
21,59,1
21,61,8
21,62,20
21,63,2
21,64,2
21,67,1
21,68,1
21,72,1
21,73,15
21,74,14
21,75,4
21,76,1
21,78,2
21,79,3
21,80,1
21,81,5
21,82,15
21,83,4
21,84,1
21,86,7
21,90,3
21,92,1
21,93,1
21,94,6
21,95,1
21,103,2
21,104,23
21,105,31
21,106,29
21,107,6
21,111,1
21,113,9
21,114,10
21,116,6
21,120,1
21,123,8
21,128,2
21,129,1
21,130,4
21,132,1
21,133,1
21,139,2
21,140,1
21,142,9
21,143,7
21,147,2
21,148,1
21,149,2
21,150,73
21,151,4
21,152,23
21,154,6
21,155,1
21,160,1
21,162,1
21,166,3
21,168,7
21,169,2
21,170,4
21,171,3
21,173,1
21,174,2
21,175,30
21,177,1
21,178,21
21,179,4
21,180,3
21,181,10
21,182,4
21,186,7
21,187,1
21,189,16
21,191,12
21,192,2
21,194,2
21,195,6
21,196,4
21,197,14
21,198,3
21,199,6
21,200,25
21,203,3
21,204,6
21,206,5
21,210,2
21,212,1
21,213,5
21,214,5
21,215,13
21,216,14
21,217,23
21,220,7
21,221,1
21,224,20
21,225,2
21,226,1
21,227,3
21,228,1
21,229,26
21,231,2
21,236,7
21,238,3
21,240,1
21,241,7
21,244,1
21,245,3
21,247,2
21,249,19
21,250,26
21,251,26
21,252,10
21,254,1
21,259,1
21,260,1
21,262,1
21,264,1
21,268,3
21,270,11
21,271,3
21,273,3
21,274,2
21,276,4
21,277,1
21,284,4
21,286,15
21,287,1
21,289,2
21,291,4
21,302,5
21,304,9
21,305,3
21,306,2
21,308,2
21,310,2
21,311,2
21,315,11
21,320,5
21,321,2
21,323,6
21,324,1
21,325,18
21,328,5
21,331,1
21,332,3
21,333,3
21,335,4
21,336,1
21,337,2
21,340,2
21,342,1
21,343,3
21,344,2
21,345,1
21,350,2
21,354,9
21,355,3
21,356,4
21,358,1
21,360,7
21,361,13
21,365,3
21,366,76
21,367,3
21,368,1
21,369,17
21,370,1
21,371,7
21,372,1
21,374,1
21,378,1
22,1,1
22,7,32
22,9,1
22,10,2
22,11,2
22,12,1
22,14,3
22,15,6
22,18,13
22,19,13
22,20,8
22,21,5
22,23,2
22,26,1
22,29,1
22,31,1
22,41,2
22,42,2
22,43,1
22,46,1
22,47,2
22,53,1
22,59,1
22,61,6
22,62,14
22,63,1
22,72,1
22,73,8
22,74,3
22,75,1
22,80,2
22,81,9
22,82,13
22,83,1
22,86,11
22,94,4
22,95,1
22,98,1
22,102,1
22,103,1
22,104,20
22,105,11
22,106,23
22,107,6
22,110,1
22,112,2
22,113,1
22,114,6
22,116,15
22,123,6
22,128,1
22,130,4
22,140,1
22,142,9
22,143,7
22,144,1
22,147,1
22,148,2
22,149,2
22,150,62
22,152,20
22,154,1
22,155,2
22,165,1
22,168,1
22,170,1
22,171,10
22,172,2
22,173,3
22,174,2
22,175,24
22,177,1
22,178,11
22,179,9
22,180,4
22,181,5
22,183,1
22,184,1
22,185,1
22,186,5
22,188,1
22,189,9
22,191,10
22,192,4
22,195,9
22,196,1
22,197,13
22,198,6
22,199,2
22,200,19
22,203,4
22,204,3
22,210,2
22,211,5
22,212,4
22,213,11
22,214,3
22,215,7
22,216,18
22,217,23
22,218,1
22,220,2
22,224,23
22,225,12
22,227,2
22,229,27
22,230,8
22,231,6
22,236,15
22,238,3
22,239,2
22,241,13
22,244,5
22,245,21
22,249,14
22,250,14
22,251,27
22,252,7
22,253,2
22,270,10
22,271,1
22,272,1
22,273,7
22,280,2
22,282,1
22,284,3
22,285,7
22,286,3
22,288,1
22,289,6
22,292,1
22,297,1
22,301,1
22,303,1
22,304,1
22,305,1
22,307,1
22,308,2
22,309,3
22,311,5
22,315,5
22,316,4
22,320,2
22,323,10
22,325,10
22,326,1
22,328,4
22,331,2
22,333,2
22,335,1
22,337,5
22,340,2
22,342,1
22,343,1
22,344,2
22,348,1
22,354,2
22,355,1
22,356,4
22,360,2
22,361,3
22,365,4
22,366,46
22,368,3
22,369,10
22,370,2
22,371,3
23,4,2
23,7,18
23,8,1
23,9,2
23,10,1
23,14,1
23,15,1
23,18,8
23,19,5
23,20,6
23,21,10
23,22,5
23,30,2
23,32,1
23,40,1
23,41,3
23,42,4
23,43,1
23,44,2
23,46,1
23,47,4
23,51,1
23,61,8
23,62,13
23,64,1
23,66,1
23,71,1
23,72,1
23,73,11
23,74,6
23,76,6
23,79,1
23,82,10
23,83,2
23,86,2
23,88,1
23,92,2
23,94,11
23,98,2
23,103,1
23,104,2
23,105,9
23,106,14
23,107,1
23,110,3
23,116,1
23,123,4
23,130,5
23,135,1
23,139,2
23,142,6
23,148,2
23,149,1
23,150,42
23,151,1
23,152,7
23,153,1
23,154,6
23,156,1
23,158,1
23,159,1
23,168,2
23,171,7
23,174,1
23,175,9
23,177,2
23,178,10
23,180,1
23,182,1
23,184,1
23,187,2
23,189,5
23,191,11
23,192,1
23,193,2
23,195,4
23,197,16
23,198,1
23,199,1
23,200,16
23,202,2
23,203,1
23,204,1
23,205,1
23,206,2
23,212,1
23,213,20
23,214,2
23,215,6
23,216,16
23,217,15
23,218,1
23,220,1
23,221,1
23,223,1
23,224,31
23,225,11
23,226,1
23,227,5
23,229,17
23,230,2
23,231,2
23,235,1
23,236,3
23,238,1
23,244,4
23,245,4
23,247,2
23,249,15
23,250,37
23,251,29
23,252,3
23,253,1
23,264,1
23,266,1
23,269,1
23,270,3
23,273,14
23,276,6
23,278,1
23,281,1
23,284,1
23,285,1
23,286,3
23,304,1
23,305,2
23,313,1
23,315,3
23,320,5
23,322,2
23,323,4
23,325,3
23,331,1
23,332,1
23,333,1
23,335,1
23,336,1
23,339,1
23,340,4
23,345,2
23,346,1
23,354,3
23,355,1
23,356,5
23,358,1
23,359,1
23,360,1
23,362,4
23,366,24
23,367,1
23,369,11
23,375,1
23,378,1
24,1,1
24,3,1
24,5,1
24,7,24
24,9,4
24,10,4
24,11,7
24,12,1
24,13,1
24,14,6
24,15,6
24,16,4
24,18,4
24,19,3
24,20,3
24,22,4
24,26,2
24,27,2
24,29,1
24,30,4
24,31,2
24,33,1
24,36,3
24,37,8
24,38,1
24,39,3
24,40,21
24,41,23
24,42,105
24,44,5
24,45,2
24,46,16
24,47,7
24,49,2
24,51,1
24,52,4
24,53,4
24,54,3
24,55,1
24,56,1
24,57,1
24,59,2
24,61,170
24,62,171
24,63,44
24,64,7
24,66,1
24,67,4
24,68,1
24,69,4
24,72,6
24,73,13
24,74,9
24,78,2
24,79,2
24,80,1
24,81,1
24,82,12
24,83,6
24,86,12
24,94,51
24,95,1
24,96,3
24,97,7
24,98,11
24,100,1
24,101,13
24,102,9
24,103,6
24,104,15
24,105,27
24,106,11
24,107,13
24,108,1
24,110,8
24,112,2
24,113,6
24,114,8
24,116,13
24,117,2
24,119,1
24,121,3
24,123,2
24,140,1
24,142,9
24,143,9
24,147,1
24,148,5
24,149,12
24,150,90
24,151,4
24,152,27
24,154,4
24,156,2
24,157,1
24,158,1
24,163,1
24,165,1
24,166,2
24,168,11
24,170,4
24,171,10
24,174,2
24,175,28
24,178,15
24,179,6
24,180,6
24,181,5
24,189,7
24,191,9
24,193,1
24,194,1
24,195,1
24,196,1
24,197,5
24,199,2
24,200,18
24,202,1
24,204,7
24,206,6
24,207,1
24,208,2
24,210,5
24,211,2
24,212,5
24,213,12
24,214,7
24,215,9
24,216,14
24,217,13
24,219,1
24,220,7
24,221,6
24,224,25
24,225,7
24,227,3
24,229,40
24,230,2
24,233,2
24,234,1
24,235,3
24,236,6
24,237,1
24,238,6
24,241,27
24,247,3
24,249,6
24,250,13
24,251,22
24,252,8
24,258,1
24,260,1
24,262,2
24,263,1
24,264,2
24,265,2
24,270,12
24,271,2
24,273,5
24,274,1
24,276,4
24,281,1
24,284,11
24,285,18
24,286,21
24,287,4
24,289,14
24,290,6
24,293,8
24,296,5
24,302,1
24,303,2
24,304,6
24,305,7
24,307,4
24,308,3
24,310,4
24,311,4
24,313,3
24,314,2
24,315,17
24,316,20
24,317,2
24,319,4
24,320,28
24,321,9
24,323,29
24,325,5
24,328,4
24,330,2
24,331,3
24,332,8
24,333,26
24,334,4
24,335,21
24,336,2
24,337,8
24,338,1
24,340,9
24,342,2
24,343,8
24,344,1
24,345,3
24,348,3
24,349,1
24,350,3
24,351,3
24,352,1
24,354,5
24,356,10
24,357,1
24,358,6
24,359,3
24,360,1
24,362,5
24,363,1
24,364,1
24,365,1
24,366,52
24,367,4
24,368,1
24,369,55
24,370,1
24,371,2
24,378,12
25,6,3
25,7,37
25,11,6
25,14,2
25,18,6
25,19,2
25,22,2
25,24,16
25,26,17
25,27,8
25,28,2
25,29,3
25,30,6
25,31,9
25,34,1
25,35,7
25,37,2
25,39,3
25,40,9
25,41,16
25,42,77
25,43,2
25,44,5
25,46,6
25,47,16
25,48,1
25,51,1
25,53,8
25,54,2
25,56,4
25,61,84
25,62,124
25,63,76
25,64,2
25,65,6
25,66,1
25,67,3
25,72,2
25,73,10
25,74,20
25,80,1
25,81,2
25,82,14
25,83,6
25,86,6
25,89,1
25,93,1
25,94,29
25,95,1
25,97,1
25,98,9
25,101,2
25,103,4
25,104,17
25,105,13
25,106,17
25,107,21
25,112,1
25,113,8
25,114,8
25,116,18
25,117,3
25,119,1
25,123,5
25,128,2
25,130,1
25,138,1
25,142,18
25,143,10
25,144,2
25,148,11
25,149,9
25,150,92
25,151,1
25,152,15
25,154,6
25,156,5
25,158,4
25,160,1
25,161,3
25,166,1
25,168,15
25,169,2
25,170,8
25,171,16
25,173,3
25,175,36
25,178,17
25,179,4
25,180,7
25,181,5
25,183,1
25,186,1
25,187,2
25,189,3
25,190,1
25,191,8
25,193,2
25,195,7
25,197,13
25,199,6
25,200,19
25,203,2
25,204,9
25,205,1
25,206,6
25,208,2
25,209,1
25,210,2
25,211,3
25,212,3
25,213,8
25,214,1
25,215,9
25,216,10
25,217,13
25,218,1
25,220,3
25,221,7
25,223,1
25,224,27
25,225,15
25,228,1
25,229,39
25,231,1
25,232,1
25,235,1
25,236,5
25,238,9
25,239,5
25,241,28
25,244,1
25,245,1
25,247,3
25,249,6
25,250,20
25,251,21
25,252,9
25,253,1
25,258,4
25,259,1
25,262,1
25,263,3
25,264,3
25,266,1
25,267,1
25,270,9
25,273,4
25,274,3
25,275,2
25,276,3
25,278,1
25,279,5
25,284,14
25,285,16
25,286,31
25,287,2
25,288,2
25,289,19
25,290,4
25,291,1
25,292,1
25,293,1
25,295,1
25,296,2
25,300,1
25,301,3
25,303,1
25,304,6
25,305,3
25,308,1
25,310,1
25,311,5
25,315,22
25,316,2
25,317,5
25,319,1
25,320,28
25,323,21
25,325,2
25,328,6
25,330,1
25,332,1
25,333,12
25,334,2
25,335,10
25,337,7
25,338,2
25,340,9
25,342,4
25,343,2
25,345,4
25,346,3
25,348,1
25,349,1
25,350,4
25,351,1
25,353,1
25,354,4
25,355,1
25,356,8
25,358,6
25,359,7
25,361,2
25,362,3
25,363,7
25,364,11
25,365,1
25,366,61
25,367,3
25,368,5
25,369,30
25,373,1
25,374,3
25,375,2
25,378,31
26,5,1
26,6,3
26,7,27
26,9,2
26,10,3
26,11,3
26,12,3
26,14,3
26,15,3
26,18,1
26,19,7
26,20,1
26,22,3
26,24,5
26,25,8
26,27,19
26,28,2
26,29,3
26,30,11
26,31,17
26,35,1
26,37,14
26,39,6
26,40,21
26,41,26
26,42,59
26,43,2
26,46,1
26,47,8
26,52,3
26,53,6
26,54,6
26,56,4
26,57,1
26,58,1
26,61,70
26,62,154
26,63,66
26,64,5
26,67,1
26,68,1
26,69,1
26,70,1
26,71,4
26,72,1
26,73,2
26,74,10
26,75,1
26,76,1
26,78,4
26,80,4
26,81,4
26,82,12
26,83,2
26,86,8
26,94,22
26,96,1
26,97,3
26,98,4
26,103,3
26,104,19
26,105,22
26,106,16
26,107,16
26,108,1
26,109,1
26,110,2
26,113,1
26,114,9
26,115,1
26,116,17
26,123,4
26,124,1
26,130,3
26,132,1
26,134,1
26,135,1
26,139,1
26,142,8
26,143,26
26,144,1
26,147,6
26,148,3
26,149,11
26,150,135
26,151,2
26,152,28
26,153,3
26,154,3
26,156,5
26,157,1
26,158,2
26,159,1
26,161,3
26,165,1
26,166,3
26,168,16
26,169,7
26,170,4
26,171,20
26,173,2
26,174,4
26,175,28
26,176,1
26,178,30
26,179,3
26,180,14
26,181,1
26,184,1
26,185,1
26,187,1
26,189,7
26,190,5
26,191,3
26,195,2
26,196,2
26,197,14
26,198,3
26,199,2
26,200,16
26,203,1
26,204,3
26,206,10
26,207,2
26,210,1
26,212,8
26,213,8
26,214,2
26,215,4
26,216,11
26,217,8
26,218,1
26,219,2
26,220,12
26,221,12
26,222,2
26,223,3
26,224,27
26,225,1
26,228,2
26,229,27
26,231,4
26,235,2
26,236,6
26,237,9
26,238,12
26,241,16
26,244,5
26,247,7
26,249,8
26,250,20
26,251,24
26,252,11
26,253,6
26,260,1
26,262,1
26,264,7
26,265,2
26,266,1
26,267,1
26,270,10
26,271,1
26,273,9
26,274,3
26,276,4
26,279,2
26,280,1
26,284,14
26,285,19
26,286,21
26,287,4
26,289,13
26,290,3
26,291,1
26,293,4
26,295,3
26,296,4
26,301,1
26,302,3
26,303,1
26,304,14
26,305,1
26,306,1
26,307,1
26,308,2
26,310,1
26,311,1
26,314,2
26,315,11
26,316,5
26,317,3
26,319,2
26,320,25
26,323,9
26,324,3
26,325,2
26,328,7
26,329,2
26,330,4
26,331,9
26,332,8
26,333,14
26,334,1
26,335,11
26,336,2
26,337,12
26,338,2
26,339,1
26,340,4
26,342,3
26,343,4
26,344,1
26,345,4
26,348,4
26,349,1
26,350,2
26,351,2
26,354,1
26,355,1
26,356,8
26,358,6
26,359,6
26,360,1
26,361,2
26,362,3
26,363,1
26,364,5
26,365,1
26,366,35
26,368,4
26,369,21
26,372,3
26,375,2
26,376,3
26,378,22
27,7,29
27,9,1
27,11,3
27,14,3
27,15,9
27,17,3
27,18,5
27,19,1
27,20,1
27,22,2
27,24,1
27,25,6
27,26,3
27,29,7
27,31,1
27,37,2
27,40,15
27,41,3
27,42,24
27,43,5
27,44,5
27,46,2
27,47,4
27,49,1
27,51,1
27,53,8
27,56,3
27,61,14
27,62,53
27,63,23
27,64,4
27,71,1
27,72,1
27,73,1
27,74,8
27,75,2
27,81,1
27,82,3
27,83,2
27,86,1
27,87,2
27,93,4
27,94,7
27,97,1
27,98,2
27,104,11
27,105,17
27,106,7
27,107,11
27,112,1
27,114,1
27,115,1
27,116,9
27,123,1
27,125,1
27,126,1
27,127,1
27,130,1
27,131,1
27,139,1
27,142,7
27,143,8
27,144,1
27,147,1
27,148,6
27,149,4
27,150,39
27,152,7
27,154,2
27,156,2
27,168,6
27,169,5
27,171,6
27,175,19
27,178,6
27,180,6
27,181,1
27,182,1
27,186,2
27,189,1
27,190,2
27,191,4
27,193,1
27,195,2
27,196,1
27,198,1
27,199,2
27,200,12
27,203,1
27,204,4
27,206,1
27,211,1
27,212,2
27,213,7
27,214,2
27,215,4
27,216,3
27,217,9
27,219,1
27,220,3
27,221,2
27,224,7
27,225,1
27,228,2
27,229,12
27,231,1
27,235,3
27,237,1
27,238,3
27,239,5
27,241,13
27,247,1
27,249,8
27,250,8
27,251,11
27,260,2
27,262,1
27,264,3
27,270,1
27,271,1
27,273,15
27,274,1
27,276,1
27,278,1
27,280,2
27,281,3
27,284,4
27,285,1
27,286,19
27,287,1
27,289,3
27,291,1
27,296,1
27,304,3
27,307,1
27,310,1
27,311,6
27,313,1
27,315,1
27,316,12
27,320,16
27,323,6
27,325,4
27,328,1
27,329,2
27,330,1
27,331,2
27,332,4
27,333,6
27,335,10
27,336,1
27,337,8
27,340,3
27,342,10
27,344,3
27,345,2
27,346,2
27,350,2
27,352,1
27,354,2
27,356,7
27,358,4
27,359,4
27,361,2
27,363,3
27,364,1
27,365,4
27,366,16
27,368,3
27,369,11
27,371,1
27,372,1
27,375,1
27,376,1
27,378,8
28,2,1
28,5,1
28,7,11
28,9,1
28,10,1
28,12,1
28,14,4
28,15,3
28,17,2
28,18,9
28,20,1
28,22,2
28,24,8
28,25,1
28,26,2
28,27,7
28,29,6
28,30,6
28,32,1
28,34,3
28,35,1
28,37,3
28,40,8
28,41,15
28,42,28
28,44,4
28,46,4
28,47,7
28,49,1
28,52,1
28,53,6
28,54,7
28,56,6
28,57,4
28,58,1
28,61,33
28,62,63
28,63,39
28,64,11
28,72,2
28,73,10
28,74,8
28,78,1
28,79,2
28,80,1
28,81,2
28,82,17
28,83,4
28,86,1
28,94,11
28,95,1
28,97,1
28,100,1
28,102,1
28,103,5
28,104,15
28,105,11
28,106,4
28,107,12
28,110,2
28,113,1
28,114,9
28,116,6
28,123,1
28,133,1
28,139,1
28,141,1
28,142,10
28,143,3
28,147,1
28,148,4
28,149,7
28,150,46
28,151,1
28,152,16
28,154,2
28,156,7
28,162,1
28,166,1
28,168,8
28,170,1
28,171,8
28,173,7
28,174,5
28,175,16
28,178,8
28,180,8
28,186,4
28,189,4
28,190,1
28,191,1
28,192,1
28,193,4
28,194,1
28,195,5
28,197,6
28,200,29
28,201,1
28,204,4
28,206,6
28,207,1
28,210,1
28,211,1
28,212,6
28,213,2
28,214,1
28,215,1
28,216,4
28,217,15
28,221,8
28,222,2
28,224,8
28,225,1
28,227,1
28,229,15
28,236,1
28,237,1
28,238,10
28,240,1
28,241,13
28,245,1
28,247,4
28,250,7
28,251,5
28,252,2
28,259,2
28,263,3
28,264,1
28,266,3
28,270,6
28,273,10
28,276,4
28,279,1
28,280,3
28,282,1
28,284,4
28,285,15
28,286,19
28,287,1
28,288,2
28,289,10
28,290,1
28,295,3
28,299,1
28,302,2
28,304,7
28,305,1
28,308,6
28,309,1
28,311,3
28,313,2
28,315,10
28,316,3
28,317,7
28,319,2
28,320,20
28,323,9
28,328,3
28,329,1
28,330,1
28,331,3
28,332,13
28,333,18
28,335,16
28,337,10
28,339,3
28,340,1
28,342,2
28,344,1
28,345,1
28,347,2
28,348,1
28,350,3
28,353,1
28,356,15
28,358,1
28,361,3
28,364,3
28,366,40
28,367,3
28,369,14
28,372,4
28,375,1
28,378,16
29,1,1
29,5,1
29,6,2
29,7,25
29,9,3
29,10,2
29,11,1
29,12,1
29,13,1
29,14,9
29,15,5
29,17,7
29,18,3
29,19,2
29,20,2
29,22,1
29,24,2
29,25,1
29,26,2
29,27,5
29,28,5
29,30,4
29,31,5
29,34,1
29,36,5
29,37,12
29,38,2
29,40,7
29,41,19
29,42,37
29,43,2
29,44,9
29,46,4
29,47,6
29,51,2
29,52,1
29,53,7
29,54,4
29,56,1
29,58,1
29,60,2
29,61,52
29,62,76
29,63,49
29,65,1
29,67,1
29,70,1
29,72,1
29,73,10
29,74,10
29,76,1
29,81,6
29,82,13
29,83,5
29,86,1
29,88,1
29,90,2
29,94,20
29,97,1
29,98,2
29,103,6
29,104,11
29,105,14
29,106,6
29,107,7
29,112,1
29,113,8
29,114,18
29,116,16
29,117,2
29,123,2
29,131,1
29,135,1
29,142,20
29,143,9
29,144,2
29,148,9
29,149,11
29,150,59
29,151,1
29,152,18
29,153,1
29,154,3
29,155,2
29,156,8
29,158,1
29,160,1
29,162,1
29,166,1
29,168,13
29,170,4
29,171,24
29,174,1
29,175,20
29,178,13
29,180,11
29,181,1
29,184,2
29,187,2
29,189,5
29,190,1
29,191,11
29,192,3
29,193,2
29,197,9
29,198,1
29,199,6
29,200,21
29,203,4
29,204,5
29,206,3
29,210,3
29,212,5
29,213,3
29,214,6
29,215,8
29,216,10
29,217,11
29,220,5
29,222,2
29,224,36
29,225,8
29,228,5
29,229,18
29,230,2
29,231,4
29,233,1
29,236,3
29,237,1
29,238,6
29,239,2
29,240,1
29,241,26
29,244,2
29,247,5
29,249,2
29,250,10
29,251,15
29,252,7
29,253,3
29,260,1
29,262,2
29,264,1
29,265,1
29,266,4
29,267,1
29,270,7
29,271,2
29,273,9
29,274,4
29,275,1
29,276,1
29,278,2
29,281,1
29,282,1
29,284,3
29,285,8
29,286,26
29,287,6
29,288,1
29,289,8
29,290,5
29,291,1
29,293,1
29,296,3
29,299,3
29,304,2
29,306,1
29,308,3
29,309,2
29,310,1
29,311,7
29,315,7
29,316,9
29,317,1
29,320,20
29,321,2
29,322,1
29,323,6
29,325,9
29,327,1
29,328,3
29,329,1
29,330,2
29,331,4
29,332,8
29,333,15
29,335,18
29,336,7
29,337,3
29,338,2
29,339,1
29,340,5
29,341,3
29,342,6
29,343,3
29,344,1
29,345,7
29,347,3
29,348,1
29,350,7
29,351,1
29,355,1
29,356,10
29,358,6
29,362,4
29,363,6
29,364,1
29,366,39
29,368,3
29,369,5
29,371,3
29,373,1
29,375,1
29,378,18
30,6,1
30,7,20
30,9,1
30,13,1
30,14,4
30,15,1
30,16,1
30,17,2
30,18,3
30,19,3
30,24,2
30,25,1
30,26,17
30,27,11
30,28,1
30,29,1
30,31,2
30,36,1
30,37,9
30,38,1
30,40,7
30,41,8
30,42,14
30,43,1
30,44,1
30,45,3
30,46,2
30,47,5
30,49,1
30,51,1
30,52,1
30,53,1
30,54,2
30,56,1
30,57,1
30,61,37
30,62,92
30,63,40
30,66,2
30,67,2
30,68,1
30,69,1
30,71,3
30,72,2
30,73,2
30,74,8
30,81,2
30,82,7
30,83,5
30,84,1
30,86,1
30,94,10
30,95,2
30,97,2
30,98,3
30,100,1
30,103,2
30,104,6
30,105,10
30,106,7
30,107,8
30,112,1
30,114,6
30,116,12
30,123,1
30,125,1
30,130,1
30,135,2
30,139,1
30,142,5
30,143,10
30,144,1
30,149,3
30,150,53
30,151,4
30,152,10
30,153,1
30,155,1
30,156,4
30,165,1
30,168,6
30,170,12
30,171,11
30,174,4
30,175,6
30,177,1
30,178,14
30,180,11
30,181,1
30,187,3
30,189,8
30,191,3
30,197,2
30,199,1
30,200,20
30,201,2
30,204,2
30,206,3
30,210,3
30,212,2
30,213,9
30,215,4
30,216,5
30,217,3
30,218,1
30,219,4
30,220,12
30,221,1
30,223,3
30,224,10
30,225,1
30,229,7
30,230,1
30,236,4
30,238,9
30,239,4
30,240,2
30,241,26
30,244,1
30,245,1
30,247,4
30,249,9
30,250,8
30,251,9
30,252,4
30,253,2
30,262,2
30,264,2
30,265,4
30,267,4
30,270,2
30,273,6
30,280,2
30,284,7
30,285,8
30,286,13
30,288,1
30,289,5
30,290,5
30,293,1
30,296,4
30,304,10
30,308,1
30,311,8
30,314,1
30,315,3
30,316,4
30,319,2
30,320,13
30,321,2
30,323,8
30,324,2
30,325,5
30,326,2
30,328,2
30,330,1
30,332,1
30,333,7
30,335,8
30,336,1
30,337,5
30,340,3
30,342,1
30,343,1
30,345,3
30,348,1
30,350,1
30,354,2
30,356,3
30,358,10
30,360,1
30,361,1
30,362,8
30,363,2
30,365,5
30,366,34
30,368,2
30,369,7
30,371,2
30,373,2
30,378,9
31,5,1
31,7,29
31,9,1
31,10,6
31,11,4
31,12,2
31,14,4
31,15,4
31,16,1
31,17,2
31,18,12
31,19,7
31,20,4
31,21,1
31,22,7
31,24,9
31,25,4
31,26,11
31,27,7
31,28,4
31,29,3
31,30,15
31,33,2
31,34,2
31,35,4
31,37,11
31,38,2
31,39,5
31,40,22
31,41,22
31,42,85
31,43,2
31,44,14
31,45,1
31,46,13
31,47,14
31,49,2
31,50,1
31,51,2
31,52,1
31,53,5
31,54,7
31,56,7
31,59,3
31,61,120
31,62,219
31,63,87
31,64,16
31,65,3
31,67,2
31,70,1
31,71,2
31,72,7
31,73,12
31,74,11
31,75,1
31,76,3
31,80,2
31,81,15
31,82,28
31,83,6
31,86,1
31,89,1
31,93,1
31,94,47
31,95,4
31,97,4
31,98,5
31,100,2
31,101,7
31,103,5
31,104,25
31,105,24
31,106,30
31,107,28
31,111,1
31,113,2
31,114,14
31,116,12
31,123,6
31,130,1
31,135,2
31,136,1
31,138,1
31,140,1
31,142,11
31,143,18
31,144,1
31,147,1
31,148,6
31,149,13
31,150,110
31,151,1
31,152,29
31,153,7
31,154,4
31,156,8
31,158,1
31,160,1
31,161,1
31,166,2
31,168,8
31,169,3
31,170,6
31,171,24
31,174,2
31,175,19
31,177,3
31,178,15
31,179,1
31,180,12
31,181,6
31,182,1
31,185,1
31,187,1
31,188,3
31,189,1
31,190,2
31,191,3
31,192,2
31,195,6
31,196,1
31,197,12
31,198,6
31,199,3
31,200,24
31,201,2
31,203,4
31,204,13
31,205,1
31,206,5
31,207,3
31,209,1
31,210,1
31,211,1
31,212,1
31,213,6
31,214,3
31,215,17
31,216,14
31,217,17
31,220,10
31,221,8
31,224,24
31,225,4
31,226,1
31,227,2
31,228,2
31,229,43
31,236,6
31,238,5
31,239,3
31,241,21
31,244,2
31,247,1
31,249,1
31,250,26
31,251,13
31,252,2
31,253,3
31,263,3
31,264,3
31,266,1
31,270,11
31,271,1
31,273,13
31,274,3
31,275,1
31,276,1
31,280,1
31,284,27
31,285,16
31,286,49
31,287,7
31,289,11
31,290,2
31,291,1
31,292,1
31,295,1
31,296,1
31,297,1
31,299,1
31,300,1
31,302,4
31,304,9
31,307,5
31,308,3
31,309,1
31,310,2
31,311,4
31,313,3
31,315,12
31,316,14
31,317,3
31,319,9
31,320,30
31,321,5
31,323,15
31,324,5
31,325,2
31,328,5
31,330,6
31,331,5
31,332,6
31,333,12
31,334,4
31,335,26
31,336,4
31,337,11
31,338,1
31,340,8
31,342,3
31,343,2
31,345,10
31,346,1
31,348,3
31,350,3
31,354,4
31,356,21
31,358,6
31,359,3
31,361,2
31,362,6
31,363,5
31,364,1
31,365,7
31,366,50
31,367,4
31,368,6
31,369,34
31,370,1
31,371,3
31,373,4
31,375,1
31,376,1
31,378,18
32,3,1
32,6,1
32,7,14
32,9,2
32,11,1
32,13,3
32,14,3
32,15,4
32,17,1
32,18,4
32,19,3
32,20,1
32,21,3
32,22,1
32,23,3
32,26,1
32,27,3
32,29,6
32,31,3
32,37,7
32,39,2
32,40,12
32,41,17
32,42,19
32,43,3
32,44,7
32,46,3
32,47,5
32,49,1
32,50,2
32,54,9
32,56,2
32,57,1
32,61,55
32,62,87
32,63,39
32,64,4
32,66,2
32,67,1
32,68,3
32,70,2
32,73,2
32,74,10
32,78,1
32,81,5
32,82,5
32,83,7
32,86,1
32,94,27
32,97,2
32,99,2
32,101,1
32,102,1
32,103,3
32,104,15
32,105,10
32,106,3
32,107,9
32,110,1
32,112,1
32,113,3
32,114,8
32,116,9
32,117,1
32,128,1
32,129,1
32,136,1
32,142,6
32,143,3
32,147,1
32,149,3
32,150,46
32,151,3
32,152,6
32,153,1
32,154,1
32,156,2
32,162,1
32,165,1
32,166,1
32,168,15
32,169,2
32,170,6
32,171,7
32,172,2
32,173,2
32,174,1
32,175,9
32,178,12
32,179,1
32,180,6
32,181,2
32,189,5
32,192,1
32,193,2
32,195,1
32,197,4
32,199,2
32,200,16
32,203,4
32,204,7
32,206,3
32,207,1
32,208,1
32,210,1
32,211,1
32,212,2
32,213,6
32,214,3
32,215,11
32,216,6
32,217,7
32,219,1
32,220,1
32,221,5
32,222,1
32,224,8
32,225,3
32,227,1
32,228,1
32,229,17
32,230,2
32,236,4
32,238,4
32,239,1
32,241,17
32,242,1
32,244,1
32,247,4
32,249,6
32,250,9
32,251,11
32,252,13
32,253,3
32,255,1
32,270,10
32,273,9
32,274,1
32,276,1
32,278,1
32,281,1
32,283,1
32,284,11
32,285,5
32,286,18
32,287,4
32,289,6
32,295,2
32,296,2
32,299,4
32,301,1
32,302,1
32,304,3
32,305,1
32,307,2
32,308,5
32,309,3
32,311,2
32,313,2
32,315,5
32,316,8
32,317,3
32,320,17
32,323,12
32,325,1
32,328,2
32,330,1
32,331,1
32,332,9
32,333,12
32,335,17
32,337,5
32,339,3
32,340,6
32,341,1
32,342,3
32,343,3
32,345,1
32,346,1
32,348,1
32,349,5
32,350,1
32,351,1
32,354,3
32,356,2
32,359,5
32,361,1
32,362,1
32,363,2
32,365,7
32,366,24
32,369,17
32,375,1
32,378,10
33,7,18
33,10,6
33,12,8
33,13,1
33,14,2
33,15,1
33,16,2
33,17,1
33,18,5
33,19,4
33,20,1
33,22,1
33,23,1
33,24,3
33,26,4
33,27,3
33,28,3
33,29,3
33,30,1
33,31,8
33,34,7
33,36,5
33,37,4
33,39,1
33,40,19
33,41,12
33,42,53
33,43,6
33,44,12
33,45,2
33,46,5
33,47,11
33,49,1
33,51,1
33,52,2
33,53,4
33,54,1
33,55,5
33,56,1
33,57,1
33,59,2
33,61,47
33,62,110
33,63,55
33,64,6
33,67,1
33,70,1
33,72,1
33,73,5
33,74,10
33,75,1
33,76,1
33,79,2
33,82,14
33,83,5
33,86,5
33,87,1
33,94,42
33,97,3
33,98,4
33,103,1
33,104,15
33,105,14
33,106,2
33,107,11
33,110,2
33,113,4
33,114,8
33,116,7
33,117,1
33,121,2
33,130,1
33,142,11
33,143,5
33,144,1
33,147,1
33,148,8
33,149,13
33,150,39
33,151,1
33,152,20
33,153,2
33,154,2
33,155,1
33,156,1
33,157,1
33,158,1
33,162,3
33,166,1
33,167,1
33,168,21
33,170,2
33,171,18
33,173,2
33,174,4
33,175,4
33,177,1
33,178,8
33,179,4
33,180,3
33,186,3
33,188,1
33,191,5
33,195,5
33,197,9
33,198,1
33,199,1
33,200,15
33,202,1
33,204,6
33,206,4
33,209,1
33,210,2
33,211,2
33,212,2
33,213,2
33,214,5
33,215,10
33,216,4
33,217,16
33,220,11
33,221,4
33,224,34
33,225,3
33,226,1
33,227,2
33,228,1
33,229,21
33,233,1
33,236,3
33,241,16
33,244,5
33,245,1
33,247,2
33,249,8
33,250,18
33,251,27
33,252,6
33,253,5
33,254,1
33,258,1
33,262,1
33,264,1
33,266,3
33,270,9
33,271,2
33,273,8
33,274,4
33,275,1
33,276,6
33,278,2
33,281,4
33,284,8
33,285,13
33,286,32
33,287,4
33,288,1
33,289,9
33,290,3
33,291,3
33,295,2
33,296,2
33,299,2
33,300,1
33,301,1
33,304,4
33,305,3
33,308,2
33,309,1
33,310,3
33,312,2
33,315,9
33,316,10
33,319,4
33,320,12
33,321,1
33,322,1
33,323,11
33,325,8
33,326,1
33,328,4
33,329,1
33,331,8
33,332,5
33,333,13
33,334,2
33,335,7
33,336,2
33,337,12
33,338,1
33,340,9
33,341,1
33,342,6
33,345,4
33,347,3
33,348,4
33,349,3
33,351,1
33,354,1
33,356,9
33,358,5
33,359,2
33,361,1
33,362,5
33,363,5
33,365,5
33,366,35
33,367,1
33,368,3
33,369,22
33,375,1
33,376,2
33,377,1
33,378,31
34,5,1
34,7,25
34,9,1
34,10,1
34,11,1
34,12,3
34,15,4
34,17,2
34,19,2
34,24,2
34,27,1
34,28,8
34,29,2
34,31,2
34,37,2
34,39,1
34,40,7
34,41,25
34,42,18
34,44,2
34,45,2
34,46,2
34,47,7
34,49,2
34,53,4
34,56,1
34,57,2
34,61,18
34,62,59
34,63,16
34,64,5
34,65,1
34,73,3
34,75,1
34,80,1
34,81,3
34,82,7
34,86,2
34,94,14
34,97,2
34,98,3
34,100,1
34,103,3
34,104,3
34,105,6
34,106,7
34,107,6
34,108,1
34,114,2
34,116,7
34,123,3
34,142,4
34,143,4
34,144,1
34,148,1
34,149,1
34,150,31
34,152,3
34,153,1
34,154,1
34,156,2
34,158,1
34,162,1
34,168,4
34,169,2
34,171,8
34,175,12
34,178,6
34,179,2
34,180,1
34,181,2
34,188,1
34,191,1
34,197,2
34,199,1
34,200,7
34,203,3
34,204,4
34,206,2
34,207,2
34,210,2
34,212,1
34,213,1
34,214,1
34,215,7
34,216,8
34,217,8
34,220,5
34,224,9
34,225,1
34,229,9
34,236,3
34,237,1
34,241,6
34,244,1
34,247,2
34,249,1
34,250,2
34,251,9
34,262,1
34,264,1
34,267,1
34,269,1
34,270,2
34,273,1
34,274,5
34,276,6
34,284,1
34,285,5
34,286,9
34,287,2
34,289,4
34,290,1
34,296,1
34,303,1
34,304,9
34,307,2
34,308,3
34,310,2
34,315,2
34,316,3
34,317,2
34,320,9
34,321,1
34,323,4
34,324,1
34,325,2
34,328,4
34,331,2
34,332,6
34,333,10
34,334,2
34,335,3
34,337,2
34,339,1
34,340,2
34,343,1
34,345,1
34,348,5
34,353,2
34,354,3
34,356,9
34,357,2
34,358,1
34,365,1
34,366,15
34,368,3
34,369,14
34,376,1
34,378,1
35,3,1
35,5,1
35,7,11
35,9,2
35,10,1
35,11,4
35,12,1
35,13,1
35,14,3
35,15,1
35,16,1
35,17,4
35,18,2
35,19,4
35,20,1
35,22,3
35,26,3
35,27,2
35,28,1
35,29,1
35,30,1
35,31,13
35,34,5
35,36,4
35,37,6
35,38,1
35,39,5
35,40,8
35,41,19
35,42,47
35,43,4
35,44,5
35,46,7
35,47,5
35,49,1
35,51,1
35,53,2
35,54,6
35,56,4
35,57,2
35,58,2
35,61,41
35,62,109
35,63,36
35,64,12
35,68,2
35,71,1
35,72,1
35,73,13
35,74,8
35,76,2
35,80,4
35,81,9
35,82,11
35,83,10
35,86,4
35,91,1
35,94,24
35,95,1
35,97,2
35,98,3
35,100,4
35,101,3
35,104,13
35,105,11
35,106,3
35,107,8
35,113,2
35,114,17
35,115,4
35,116,8
35,117,2
35,119,1
35,120,1
35,123,3
35,129,1
35,135,1
35,138,1
35,139,1
35,142,4
35,143,16
35,148,4
35,149,5
35,150,56
35,151,3
35,152,23
35,154,7
35,155,1
35,158,1
35,159,1
35,160,1
35,162,1
35,166,5
35,168,10
35,169,1
35,170,1
35,171,10
35,173,4
35,174,2
35,175,8
35,178,12
35,179,5
35,180,10
35,181,2
35,184,1
35,186,1
35,188,1
35,189,17
35,193,1
35,195,3
35,196,2
35,197,8
35,198,6
35,199,3
35,200,5
35,203,1
35,204,7
35,206,5
35,211,1
35,212,4
35,213,2
35,214,6
35,215,10
35,216,9
35,217,8
35,220,4
35,221,1
35,222,2
35,224,23
35,225,9
35,226,2
35,227,2
35,228,2
35,229,20
35,230,1
35,231,2
35,235,2
35,236,4
35,237,1
35,238,7
35,241,9
35,247,3
35,249,6
35,250,10
35,251,23
35,252,4
35,253,2
35,258,1
35,261,2
35,262,1
35,263,1
35,264,1
35,269,1
35,270,10
35,271,1
35,273,10
35,276,6
35,277,2
35,280,4
35,281,5
35,284,5
35,285,8
35,286,23
35,287,4
35,288,4
35,289,15
35,290,1
35,291,5
35,295,7
35,296,2
35,298,1
35,301,1
35,302,1
35,304,5
35,307,1
35,308,3
35,310,3
35,311,6
35,313,1
35,316,11
35,317,1
35,319,2
35,320,19
35,323,14
35,325,3
35,328,4
35,330,3
35,331,3
35,332,4
35,333,19
35,334,1
35,335,19
35,337,11
35,340,6
35,342,3
35,345,3
35,346,1
35,347,1
35,348,1
35,349,1
35,350,1
35,353,1
35,354,2
35,356,23
35,358,9
35,359,5
35,361,1
35,363,4
35,365,2
35,366,23
35,367,2
35,368,1
35,369,10
35,371,2
35,375,2
35,376,1
35,378,13
36,7,12
36,10,4
36,11,4
36,12,1
36,14,1
36,15,6
36,16,2
36,17,1
36,18,3
36,19,8
36,20,4
36,21,3
36,22,1
36,24,1
36,26,1
36,27,4
36,29,10
36,31,2
36,37,6
36,38,2
36,39,1
36,40,10
36,41,12
36,42,32
36,43,1
36,44,8
36,47,7
36,49,1
36,51,2
36,52,1
36,53,4
36,56,5
36,57,3
36,58,1
36,61,40
36,62,76
36,63,42
36,64,4
36,65,2
36,67,3
36,72,1
36,73,10
36,74,5
36,75,2
36,76,2
36,80,1
36,81,2
36,82,15
36,83,3
36,87,1
36,90,2
36,94,15
36,96,2
36,97,2
36,100,2
36,103,1
36,104,21
36,105,12
36,106,1
36,107,6
36,110,3
36,113,3
36,114,8
36,116,2
36,119,1
36,123,2
36,130,4
36,135,1
36,142,4
36,143,8
36,147,2
36,148,2
36,149,8
36,150,39
36,151,2
36,152,9
36,156,3
36,158,2
36,164,1
36,165,2
36,168,8
36,170,7
36,171,12
36,172,1
36,173,1
36,174,4
36,175,9
36,178,4
36,179,2
36,180,5
36,181,3
36,182,2
36,184,1
36,186,2
36,187,2
36,189,5
36,190,1
36,191,3
36,195,3
36,197,4
36,198,1
36,199,2
36,200,6
36,201,1
36,203,2
36,204,3
36,206,6
36,207,3
36,208,1
36,210,2
36,211,4
36,213,4
36,214,11
36,215,8
36,216,3
36,217,9
36,220,1
36,221,3
36,223,1
36,224,8
36,225,6
36,227,1
36,229,11
36,231,1
36,236,2
36,237,1
36,238,3
36,239,1
36,241,9
36,244,1
36,247,3
36,249,4
36,250,6
36,251,21
36,252,6
36,253,2
36,266,7
36,268,1
36,270,5
36,271,2
36,273,8
36,275,1
36,276,3
36,281,1
36,282,1
36,284,4
36,285,11
36,286,15
36,287,1
36,288,3
36,289,8
36,290,1
36,296,1
36,297,1
36,301,1
36,302,3
36,304,4
36,305,1
36,306,1
36,308,4
36,314,1
36,315,7
36,316,5
36,317,3
36,320,21
36,321,1
36,323,7
36,324,5
36,325,5
36,328,9
36,330,5
36,331,10
36,332,4
36,333,16
36,335,8
36,336,1
36,337,4
36,340,4
36,343,3
36,344,1
36,345,4
36,346,2
36,347,2
36,350,9
36,356,18
36,358,2
36,359,2
36,360,1
36,361,1
36,362,2
36,363,3
36,365,2
36,366,31
36,367,4
36,368,1
36,369,16
36,370,1
36,375,4
36,378,12
37,2,1
37,7,9
37,8,3
37,9,1
37,10,6
37,11,4
37,12,3
37,13,2
37,14,9
37,15,1
37,16,2
37,17,1
37,18,5
37,19,5
37,20,3
37,22,2
37,24,2
37,26,4
37,27,2
37,29,2
37,30,1
37,32,1
37,34,1
37,36,4
37,39,3
37,40,11
37,41,8
37,42,20
37,43,1
37,44,7
37,46,8
37,47,6
37,51,2
37,52,5
37,53,3
37,54,1
37,56,10
37,58,1
37,61,38
37,62,86
37,63,21
37,64,5
37,68,1
37,73,7
37,74,14
37,75,1
37,80,4
37,81,11
37,82,11
37,83,12
37,86,7
37,90,1
37,94,21
37,95,2
37,97,2
37,98,8
37,100,1
37,102,3
37,104,24
37,105,9
37,106,8
37,107,13
37,113,1
37,114,15
37,116,10
37,123,1
37,125,1
37,130,1
37,135,1
37,140,1
37,142,10
37,143,8
37,147,1
37,148,10
37,149,6
37,150,47
37,151,6
37,152,8
37,153,1
37,154,3
37,158,2
37,166,2
37,168,7
37,169,6
37,170,6
37,171,8
37,173,2
37,175,9
37,178,3
37,180,5
37,181,2
37,185,2
37,187,1
37,189,3
37,190,2
37,191,4
37,195,5
37,197,6
37,198,1
37,200,23
37,204,11
37,206,4
37,211,9
37,212,2
37,213,8
37,214,6
37,215,10
37,216,13
37,217,17
37,218,1
37,221,2
37,223,1
37,224,18
37,225,2
37,226,1
37,227,2
37,228,1
37,229,23
37,231,4
37,235,3
37,236,2
37,237,1
37,238,3
37,241,8
37,244,1
37,247,3
37,248,1
37,249,2
37,250,9
37,251,21
37,252,6
37,253,2
37,256,1
37,257,1
37,262,2
37,264,1
37,265,1
37,270,6
37,271,5
37,273,6
37,276,8
37,278,1
37,279,1
37,280,3
37,281,2
37,282,2
37,284,9
37,285,14
37,286,34
37,287,4
37,288,2
37,289,6
37,290,8
37,293,2
37,295,1
37,296,2
37,299,1
37,300,1
37,301,4
37,302,2
37,304,8
37,305,1
37,307,2
37,308,1
37,309,2
37,311,2
37,312,1
37,316,5
37,318,2
37,319,7
37,320,23
37,323,13
37,324,1
37,325,3
37,328,13
37,329,4
37,331,14
37,332,15
37,333,28
37,334,1
37,335,8
37,336,4
37,337,9
37,338,2
37,340,9
37,341,2
37,342,2
37,343,1
37,344,1
37,345,8
37,349,1
37,350,1
37,352,1
37,354,2
37,355,3
37,356,21
37,358,1
37,362,1
37,364,1
37,365,4
37,366,34
37,367,1
37,368,3
37,369,17
37,371,3
37,373,1
37,376,1
37,378,10
38,7,6
38,10,1
38,11,2
38,12,1
38,13,3
38,14,3
38,15,5
38,17,1
38,18,4
38,19,4
38,20,1
38,22,2
38,24,4
38,25,1
38,26,1
38,27,5
38,30,2
38,31,6
38,35,1
38,36,1
38,37,7
38,40,6
38,41,5
38,42,36
38,43,2
38,44,4
38,45,3
38,46,14
38,47,4
38,49,1
38,52,2
38,53,5
38,56,1
38,61,58
38,62,68
38,63,51
38,64,3
38,69,2
38,71,1
38,72,2
38,73,9
38,74,3
38,75,1
38,81,3
38,82,6
38,83,4
38,86,1
38,94,21
38,97,3
38,99,4
38,102,2
38,103,6
38,104,4
38,105,4
38,106,11
38,107,3
38,110,1
38,113,2
38,114,11
38,116,5
38,119,1
38,120,3
38,121,1
38,123,1
38,130,1
38,131,1
38,133,1
38,135,1
38,142,5
38,143,8
38,148,3
38,149,4
38,150,57
38,151,7
38,152,12
38,153,2
38,154,3
38,156,1
38,160,2
38,166,1
38,168,1
38,171,5
38,172,2
38,175,10
38,178,10
38,179,1
38,180,7
38,181,1
38,184,1
38,193,1
38,195,1
38,197,2
38,198,1
38,199,1
38,200,11
38,203,1
38,204,2
38,205,1
38,206,1
38,207,2
38,210,1
38,213,3
38,214,3
38,215,7
38,216,11
38,217,3
38,220,2
38,221,2
38,224,14
38,225,1
38,229,20
38,236,2
38,237,4
38,238,1
38,241,6
38,244,1
38,245,1
38,247,1
38,250,9
38,251,8
38,252,1
38,253,1
38,263,1
38,266,3
38,267,1
38,270,10
38,273,2
38,276,3
38,280,6
38,281,2
38,283,1
38,284,10
38,285,5
38,286,17
38,288,1
38,289,2
38,296,3
38,299,1
38,300,1
38,302,2
38,304,6
38,305,1
38,310,7
38,311,3
38,312,3
38,314,4
38,315,5
38,316,1
38,317,3
38,320,19
38,321,3
38,322,1
38,323,10
38,324,2
38,325,3
38,328,1
38,330,1
38,331,2
38,332,6
38,333,7
38,334,2
38,335,8
38,336,5
38,337,5
38,338,1
38,340,5
38,341,1
38,343,1
38,344,1
38,345,3
38,346,1
38,354,3
38,355,1
38,356,2
38,358,1
38,359,3
38,360,1
38,362,3
38,363,2
38,364,1
38,365,1
38,366,27
38,368,1
38,369,23
38,375,2
38,378,9
39,4,1
39,5,2
39,6,3
39,7,16
39,9,1
39,10,3
39,11,2
39,12,1
39,13,3
39,14,1
39,16,1
39,17,2
39,18,5
39,19,3
39,20,5
39,21,3
39,22,2
39,23,1
39,24,1
39,25,2
39,26,6
39,27,3
39,28,1
39,29,5
39,30,3
39,31,7
39,34,3
39,35,1
39,37,6
39,38,1
39,40,21
39,41,18
39,42,55
39,43,6
39,44,5
39,46,3
39,47,16
39,52,2
39,53,3
39,61,74
39,62,141
39,63,35
39,64,1
39,67,5
39,70,1
39,72,4
39,73,3
39,74,8
39,80,6
39,81,10
39,82,17
39,83,2
39,86,2
39,92,1
39,94,21
39,95,1
39,96,7
39,97,6
39,101,5
39,102,3
39,103,2
39,104,14
39,105,9
39,106,9
39,107,17
39,110,1
39,113,2
39,114,3
39,115,1
39,116,2
39,117,1
39,118,2
39,123,2
39,125,1
39,130,3
39,131,1
39,142,7
39,143,11
39,147,1
39,148,12
39,149,10
39,150,81
39,151,2
39,152,15
39,153,1
39,154,1
39,156,4
39,159,1
39,166,2
39,168,11
39,169,3
39,171,11
39,172,1
39,174,2
39,175,11
39,177,1
39,178,8
39,179,7
39,180,30
39,181,6
39,182,1
39,184,2
39,188,1
39,189,3
39,190,1
39,191,5
39,196,1
39,197,8
39,198,8
39,199,6
39,200,12
39,201,1
39,204,5
39,206,2
39,210,1
39,212,4
39,213,9
39,215,12
39,216,5
39,217,15
39,220,3
39,221,5
39,224,14
39,225,2
39,227,1
39,229,17
39,230,8
39,231,1
39,235,2
39,236,6
39,241,22
39,247,7
39,249,1
39,250,13
39,251,30
39,252,4
39,253,6
39,255,2
39,259,1
39,264,3
39,265,3
39,266,1
39,267,3
39,270,6
39,271,3
39,273,5
39,275,1
39,276,7
39,277,2
39,279,1
39,282,1
39,284,3
39,285,11
39,286,31
39,287,4
39,288,1
39,289,7
39,290,1
39,291,3
39,301,1
39,304,3
39,307,3
39,308,4
39,310,4
39,311,3
39,313,3
39,314,1
39,315,8
39,316,4
39,317,2
39,319,3
39,320,15
39,321,1
39,323,17
39,325,5
39,328,15
39,329,1
39,330,2
39,331,3
39,332,7
39,333,20
39,334,3
39,335,7
39,336,2
39,337,10
39,338,2
39,340,14
39,341,1
39,343,1
39,344,1
39,345,3
39,348,3
39,349,3
39,352,1
39,353,1
39,354,2
39,356,5
39,358,4
39,359,8
39,362,1
39,365,2
39,366,21
39,367,1
39,368,2
39,369,37
39,371,5
39,372,1
39,375,1
39,378,9
40,3,1
40,5,1
40,6,1
40,7,28
40,9,5
40,10,3
40,11,14
40,12,4
40,14,3
40,15,4
40,16,2
40,17,1
40,18,6
40,19,4
40,20,2
40,22,4
40,24,6
40,25,4
40,26,4
40,27,5
40,28,2
40,29,1
40,30,4
40,31,5
40,32,1
40,35,3
40,36,2
40,37,12
40,39,6
40,41,40
40,42,79
40,43,6
40,44,9
40,45,5
40,46,9
40,47,6
40,52,4
40,53,8
40,54,5
40,56,1
40,57,5
40,59,1
40,60,1
40,61,100
40,62,251
40,63,52
40,64,17
40,65,1
40,67,1
40,68,4
40,70,2
40,72,2
40,73,14
40,74,16
40,75,1
40,76,1
40,77,4
40,79,1
40,81,9
40,82,24
40,83,6
40,86,12
40,88,1
40,92,1
40,93,1
40,94,65
40,95,4
40,96,3
40,97,6
40,98,6
40,100,1
40,101,2
40,102,4
40,103,5
40,104,27
40,105,25
40,106,14
40,107,25
40,110,1
40,111,2
40,113,2
40,114,20
40,115,1
40,116,21
40,119,1
40,123,6
40,125,1
40,129,1
40,130,2
40,139,3
40,140,1
40,142,19
40,143,16
40,147,7
40,148,15
40,149,18
40,150,90
40,151,6
40,152,24
40,153,1
40,154,4
40,156,4
40,157,3
40,158,4
40,159,2
40,160,1
40,162,1
40,165,3
40,166,3
40,168,22
40,169,1
40,170,5
40,171,16
40,172,2
40,174,3
40,175,12
40,178,16
40,179,6
40,180,10
40,181,6
40,182,1
40,184,1
40,189,7
40,190,3
40,191,13
40,192,1
40,194,1
40,195,5
40,196,2
40,197,13
40,198,1
40,199,6
40,200,19
40,201,3
40,203,3
40,204,7
40,206,4
40,207,2
40,210,7
40,211,3
40,212,11
40,213,9
40,214,10
40,215,6
40,216,8
40,217,30
40,220,3
40,221,4
40,222,2
40,224,39
40,225,2
40,226,1
40,227,1
40,229,27
40,230,2
40,231,1
40,232,1
40,235,1
40,236,3
40,237,2
40,238,11
40,239,5
40,241,23
40,242,1
40,245,1
40,247,5
40,249,10
40,250,16
40,251,15
40,252,10
40,253,8
40,254,1
40,257,3
40,259,4
40,262,3
40,263,2
40,264,7
40,265,2
40,266,2
40,267,2
40,270,17
40,271,3
40,272,1
40,273,11
40,274,7
40,276,4
40,278,2
40,281,5
40,284,27
40,285,11
40,286,48
40,287,3
40,289,18
40,290,6
40,293,1
40,296,8
40,299,3
40,301,3
40,303,3
40,304,19
40,305,3
40,307,1
40,308,10
40,309,2
40,310,6
40,311,7
40,313,5
40,315,10
40,316,10
40,317,4
40,318,3
40,319,5
40,320,47
40,321,7
40,323,15
40,324,3
40,325,4
40,326,2
40,327,1
40,328,25
40,330,2
40,331,4
40,332,15
40,333,24
40,334,1
40,335,30
40,336,10
40,337,18
40,339,2
40,340,18
40,341,1
40,342,4
40,343,1
40,344,1
40,345,8
40,346,5
40,348,2
40,350,9
40,351,1
40,353,1
40,354,5
40,355,1
40,356,19
40,357,1
40,358,5
40,359,4
40,360,1
40,361,7
40,362,5
40,363,9
40,364,2
40,365,7
40,366,48
40,367,3
40,368,2
40,369,29
40,371,1
40,373,1
40,375,1
40,378,24
41,5,5
41,7,21
41,9,2
41,10,2
41,11,4
41,12,3
41,13,2
41,14,1
41,15,6
41,16,1
41,17,3
41,18,9
41,19,6
41,21,2
41,22,2
41,24,2
41,25,1
41,26,2
41,27,5
41,28,1
41,29,3
41,30,2
41,34,4
41,35,3
41,37,9
41,38,1
41,40,37
41,42,244
41,43,2
41,44,11
41,45,1
41,46,8
41,47,6
41,50,2
41,52,2
41,53,5
41,54,4
41,56,7
41,57,3
41,58,1
41,59,1
41,61,55
41,62,112
41,63,36
41,64,6
41,65,1
41,72,6
41,73,6
41,74,9
41,78,2
41,79,1
41,80,3
41,81,4
41,82,11
41,83,14
41,84,1
41,86,6
41,88,1
41,92,1
41,94,29
41,96,3
41,97,1
41,98,3
41,100,2
41,101,1
41,102,3
41,103,1
41,104,16
41,105,11
41,106,8
41,107,22
41,110,1
41,111,1
41,112,1
41,113,4
41,114,10
41,116,6
41,123,5
41,125,2
41,130,2
41,135,1
41,139,1
41,140,1
41,142,6
41,143,12
41,147,1
41,148,8
41,149,7
41,150,49
41,151,2
41,152,17
41,153,3
41,154,2
41,156,4
41,159,1
41,160,1
41,168,4
41,170,6
41,171,9
41,174,3
41,175,15
41,178,5
41,179,3
41,180,6
41,181,4
41,186,1
41,189,7
41,190,1
41,191,10
41,194,1
41,195,6
41,196,1
41,197,4
41,199,2
41,200,10
41,201,2
41,203,2
41,204,5
41,207,5
41,209,1
41,212,5
41,213,6
41,214,5
41,215,6
41,216,2
41,217,8
41,218,1
41,219,1
41,220,1
41,224,20
41,225,10
41,227,6
41,229,23
41,233,1
41,236,2
41,238,4
41,239,2
41,240,1
41,241,11
41,247,3
41,249,4
41,250,15
41,251,32
41,252,2
41,253,4
41,262,4
41,263,5
41,264,1
41,266,1
41,267,1
41,270,11
41,273,9
41,276,6
41,280,2
41,281,1
41,284,11
41,285,29
41,286,98
41,287,2
41,288,1
41,289,15
41,290,3
41,291,5
41,293,1
41,296,4
41,302,4
41,304,4
41,305,2
41,308,4
41,311,1
41,312,1
41,313,2
41,314,2
41,315,2
41,316,14
41,317,3
41,319,5
41,320,122
41,321,3
41,322,1
41,323,13
41,324,5
41,325,2
41,328,78
41,329,1
41,330,4
41,331,9
41,332,11
41,333,24
41,334,3
41,335,11
41,336,2
41,337,9
41,340,14
41,342,5
41,343,5
41,344,3
41,345,7
41,346,1
41,348,1
41,351,2
41,354,2
41,355,1
41,356,11
41,358,3
41,359,7
41,360,4
41,362,1
41,363,5
41,364,1
41,365,7
41,366,25
41,369,16
41,377,1
41,378,13
42,3,1
42,5,2
42,6,1
42,7,19
42,10,3
42,11,2
42,12,4
42,13,3
42,14,2
42,15,4
42,16,1
42,17,4
42,18,6
42,19,3
42,20,2
42,21,2
42,22,2
42,24,7
42,25,3
42,26,3
42,29,1
42,30,1
42,31,4
42,32,1
42,36,1
42,37,8
42,38,2
42,39,4
42,40,20
42,41,17
42,43,1
42,44,11
42,46,12
42,47,11
42,51,2
42,52,2
42,53,3
42,54,5
42,55,1
42,56,8
42,57,3
42,61,41
42,62,153
42,63,38
42,64,7
42,66,1
42,68,2
42,69,2
42,72,4
42,73,3
42,74,4
42,75,1
42,80,2
42,81,8
42,82,6
42,83,6
42,86,2
42,94,29
42,97,3
42,98,2
42,101,2
42,102,1
42,103,1
42,104,15
42,105,13
42,106,10
42,107,14
42,112,1
42,113,2
42,114,6
42,115,1
42,116,6
42,123,5
42,125,1
42,126,2
42,129,1
42,130,1
42,134,1
42,142,9
42,143,3
42,144,3
42,147,2
42,148,5
42,149,8
42,150,31
42,151,2
42,152,17
42,153,1
42,156,5
42,158,1
42,165,1
42,166,2
42,168,5
42,169,2
42,170,1
42,171,17
42,173,1
42,174,1
42,175,9
42,178,4
42,179,4
42,180,2
42,181,1
42,184,1
42,185,1
42,186,2
42,187,2
42,189,4
42,191,8
42,192,1
42,194,1
42,195,3
42,196,2
42,197,5
42,198,2
42,199,1
42,200,18
42,201,2
42,203,1
42,204,12
42,206,6
42,207,4
42,208,1
42,212,4
42,213,5
42,214,3
42,216,6
42,217,11
42,218,2
42,220,1
42,221,3
42,223,1
42,224,14
42,225,5
42,226,1
42,229,22
42,230,2
42,231,2
42,236,2
42,238,2
42,240,1
42,241,10
42,242,2
42,244,2
42,245,1
42,247,2
42,249,1
42,250,3
42,251,23
42,252,3
42,253,4
42,259,1
42,262,1
42,267,1
42,268,2
42,270,4
42,273,2
42,274,2
42,276,3
42,281,2
42,284,11
42,285,16
42,286,31
42,287,1
42,289,6
42,290,5
42,293,1
42,295,1
42,296,2
42,299,1
42,301,3
42,302,3
42,303,1
42,304,6
42,307,4
42,308,5
42,309,1
42,310,3
42,311,6
42,313,2
42,315,10
42,316,18
42,319,1
42,320,22
42,321,2
42,322,4
42,323,16
42,324,1
42,325,8
42,326,2
42,328,2
42,330,3
42,331,1
42,332,27
42,333,15
42,334,2
42,335,5
42,337,15
42,338,1
42,340,15
42,341,1
42,342,2
42,343,1
42,345,3
42,347,1
42,348,1
42,349,2
42,350,1
42,351,1
42,354,4
42,355,1
42,356,7
42,358,5
42,359,2
42,362,4
42,363,1
42,364,2
42,365,5
42,366,27
42,367,1
42,369,25
42,371,1
42,372,2
42,373,3
42,375,2
42,376,1
42,378,10
43,2,1
43,6,3
43,7,10
43,10,5
43,11,4
43,12,4
43,13,2
43,14,4
43,15,7
43,16,1
43,17,2
43,18,6
43,19,8
43,20,7
43,22,2
43,24,2
43,26,2
43,28,1
43,29,1
43,30,3
43,31,1
43,34,3
43,35,3
43,37,18
43,38,2
43,39,1
43,40,11
43,41,18
43,42,19
43,44,8
43,45,1
43,46,5
43,47,8
43,51,1
43,52,2
43,53,11
43,54,3
43,55,1
43,56,4
43,57,1
43,58,2
43,61,42
43,62,88
43,63,35
43,64,11
43,65,1
43,69,1
43,72,1
43,73,7
43,74,11
43,75,1
43,77,1
43,79,2
43,80,2
43,81,14
43,82,8
43,83,10
43,86,3
43,87,1
43,88,2
43,90,1
43,92,5
43,93,1
43,94,14
43,95,1
43,96,1
43,97,1
43,98,6
43,100,1
43,103,1
43,104,12
43,105,19
43,106,10
43,107,11
43,112,1
43,113,7
43,114,12
43,116,2
43,123,3
43,124,2
43,125,1
43,128,1
43,130,5
43,135,1
43,142,13
43,143,3
43,144,2
43,148,3
43,149,7
43,150,41
43,151,2
43,152,14
43,154,2
43,155,2
43,156,4
43,157,3
43,158,2
43,160,1
43,165,1
43,166,1
43,168,8
43,171,8
43,172,1
43,173,2
43,174,5
43,175,17
43,176,1
43,178,13
43,179,2
43,180,10
43,181,2
43,183,1
43,184,1
43,186,1
43,189,2
43,190,4
43,191,1
43,195,4
43,197,4
43,198,3
43,200,16
43,202,3
43,204,8
43,206,2
43,207,1
43,211,5
43,212,6
43,213,10
43,214,5
43,215,6
43,216,8
43,217,17
43,218,2
43,219,1
43,221,1
43,222,2
43,224,24
43,225,14
43,226,1
43,227,2
43,228,1
43,229,16
43,230,2
43,231,1
43,235,1
43,236,6
43,238,2
43,240,1
43,241,8
43,244,1
43,245,1
43,247,7
43,249,6
43,250,9
43,251,8
43,252,8
43,253,9
43,254,1
43,255,2
43,260,1
43,262,2
43,264,3
43,267,1
43,270,2
43,273,10
43,274,3
43,276,1
43,278,1
43,279,1
43,281,1
43,282,3
43,284,18
43,285,14
43,286,40
43,287,3
43,288,2
43,289,7
43,290,2
43,291,4
43,294,2
43,295,1
43,301,1
43,304,5
43,305,2
43,307,2
43,308,4
43,310,4
43,311,5
43,313,2
43,314,1
43,315,6
43,316,7
43,317,3
43,320,11
43,321,1
43,323,10
43,325,5
43,328,10
43,331,5
43,332,5
43,333,18
43,335,6
43,337,6
43,338,6
43,340,4
43,341,1
43,342,6
43,343,2
43,344,3
43,345,5
43,347,1
43,348,1
43,349,1
43,352,1
43,354,2
43,355,2
43,356,15
43,358,1
43,360,3
43,361,2
43,362,2
43,364,2
43,365,5
43,366,25
43,367,6
43,368,5
43,369,22
43,371,1
43,375,1
43,378,3
44,5,2
44,7,20
44,9,3
44,10,3
44,11,4
44,12,1
44,14,2
44,16,1
44,17,3
44,18,4
44,19,5
44,20,1
44,22,1
44,25,2
44,29,7
44,30,4
44,32,1
44,34,3
44,35,3
44,37,9
44,39,2
44,40,27
44,41,22
44,42,67
44,43,6
44,46,12
44,47,19
44,50,2
44,51,1
44,52,1
44,53,7
44,54,7
44,56,4
44,57,4
44,58,1
44,59,2
44,61,44
44,62,97
44,63,35
44,64,16
44,68,1
44,69,1
44,72,3
44,73,12
44,74,19
44,80,3
44,81,10
44,82,8
44,83,8
44,84,1
44,86,5
44,90,1
44,93,2
44,94,24
44,95,1
44,97,2
44,98,4
44,100,1
44,101,4
44,102,5
44,103,1
44,104,21
44,105,24
44,106,14
44,107,2
44,108,1
44,110,1
44,113,8
44,114,12
44,116,4
44,117,2
44,123,2
44,130,6
44,135,1
44,139,2
44,142,15
44,143,5
44,144,2
44,146,1
44,147,1
44,148,7
44,149,13
44,150,42
44,151,1
44,152,19
44,154,8
44,155,1
44,156,3
44,166,3
44,168,8
44,170,3
44,171,22
44,173,2
44,174,1
44,175,10
44,178,11
44,179,1
44,180,12
44,181,3
44,183,1
44,187,2
44,189,2
44,191,7
44,193,1
44,195,3
44,197,9
44,198,5
44,199,4
44,200,11
44,203,1
44,204,14
44,206,3
44,210,1
44,211,1
44,212,4
44,213,1
44,214,1
44,215,6
44,216,8
44,217,11
44,218,1
44,219,1
44,221,2
44,222,6
44,223,1
44,224,18
44,225,3
44,226,3
44,227,3
44,228,1
44,229,15
44,230,1
44,236,1
44,238,4
44,241,10
44,246,1
44,247,1
44,249,10
44,250,5
44,251,12
44,252,11
44,253,1
44,260,1
44,264,7
44,266,3
44,267,2
44,269,1
44,270,10
44,271,2
44,273,8
44,274,1
44,276,1
44,277,1
44,281,3
44,284,4
44,285,22
44,286,32
44,287,1
44,288,1
44,289,4
44,291,4
44,293,2
44,295,6
44,296,2
44,301,1
44,302,2
44,304,9
44,305,2
44,307,3
44,308,2
44,309,2
44,310,4
44,311,6
44,313,2
44,314,1
44,315,3
44,316,9
44,317,1
44,319,3
44,320,32
44,321,2
44,323,9
44,324,4
44,325,9
44,326,1
44,328,5
44,330,2
44,331,9
44,332,10
44,333,14
44,334,7
44,335,9
44,336,5
44,337,6
44,338,1
44,339,2
44,340,15
44,341,1
44,342,5
44,343,1
44,344,5
44,345,4
44,346,2
44,349,4
44,350,1
44,354,3
44,356,6
44,358,2
44,359,6
44,361,2
44,362,2
44,363,2
44,365,9
44,366,32
44,367,1
44,368,3
44,369,20
44,371,1
44,373,2
44,375,1
44,378,7
45,6,1
45,7,55
45,10,8
45,11,5
45,12,4
45,14,7
45,15,13
45,16,2
45,17,8
45,18,6
45,19,14
45,20,7
45,21,1
45,22,3
45,24,2
45,26,2
45,27,5
45,29,2
45,30,3
45,31,1
45,36,1
45,37,5
45,40,12
45,41,27
45,42,123
45,43,3
45,44,5
45,46,25
45,47,15
45,49,1
45,51,2
45,52,2
45,53,3
45,54,6
45,56,10
45,57,2
45,59,1
45,60,1
45,61,75
45,62,99
45,63,12
45,64,27
45,67,8
45,68,3
45,69,1
45,70,4
45,71,1
45,72,23
45,73,13
45,74,13
45,75,1
45,80,4
45,81,2
45,82,18
45,83,6
45,86,6
45,88,1
45,93,1
45,94,103
45,97,7
45,98,5
45,100,2
45,101,1
45,102,5
45,103,2
45,104,21
45,105,41
45,106,26
45,107,21
45,113,5
45,114,11
45,115,1
45,116,17
45,117,1
45,123,10
45,125,3
45,130,6
45,131,1
45,139,1
45,140,3
45,142,20
45,143,9
45,144,1
45,147,3
45,148,6
45,149,12
45,150,129
45,151,5
45,152,28
45,153,6
45,154,9
45,156,4
45,162,1
45,165,1
45,166,4
45,168,15
45,169,2
45,170,4
45,171,23
45,172,1
45,174,3
45,175,28
45,178,28
45,179,4
45,180,8
45,181,4
45,183,1
45,187,1
45,189,9
45,190,3
45,191,16
45,192,2
45,195,6
45,197,15
45,198,2
45,199,11
45,200,13
45,201,2
45,203,1
45,204,4
45,206,9
45,211,4
45,213,10
45,214,9
45,215,3
45,216,18
45,217,26
45,218,2
45,220,3
45,224,27
45,225,13
45,226,2
45,227,3
45,228,2
45,229,48
45,231,2
45,236,23
45,237,1
45,238,11
45,239,1
45,241,20
45,244,1
45,245,1
45,247,3
45,249,15
45,250,24
45,251,39
45,252,6
45,253,2
45,255,5
45,260,1
45,262,3
45,263,1
45,264,3
45,267,1
45,270,24
45,273,22
45,276,6
45,278,2
45,279,1
45,280,1
45,283,1
45,284,9
45,285,8
45,286,27
45,287,3
45,288,2
45,289,11
45,290,4
45,291,2
45,292,1
45,295,1
45,296,2
45,297,2
45,299,1
45,301,3
45,302,1
45,304,12
45,307,2
45,308,4
45,309,3
45,310,7
45,311,7
45,314,1
45,315,15
45,316,7
45,317,5
45,319,4
45,320,18
45,321,8
45,322,1
45,323,48
45,325,10
45,328,7
45,330,1
45,331,2
45,332,8
45,333,8
45,335,9
45,337,7
45,340,13
45,341,1
45,342,4
45,343,11
45,344,5
45,345,7
45,346,11
45,347,2
45,348,3
45,349,2
45,350,1
45,352,1
45,354,1
45,356,6
45,357,1
45,358,4
45,359,3
45,361,2
45,362,9
45,363,2
45,365,9
45,366,50
45,369,79
45,370,1
45,371,1
45,376,1
45,377,1
45,378,10
46,2,1
46,5,7
46,6,2
46,7,68
46,9,3
46,10,7
46,14,10
46,15,3
46,16,3
46,17,1
46,18,10
46,19,13
46,20,4
46,22,1
46,27,1
46,29,4
46,30,3
46,31,1
46,37,2
46,39,6
46,40,2
46,41,31
46,42,104
46,43,1
46,44,9
46,45,4
46,47,13
46,48,2
46,49,4
46,50,1
46,52,5
46,53,6
46,54,4
46,56,1
46,57,1
46,61,42
46,62,86
46,63,7
46,64,10
46,66,2
46,67,2
46,68,2
46,69,3
46,70,5
46,72,11
46,73,10
46,74,21
46,76,1
46,77,1
46,79,1
46,80,1
46,81,7
46,82,17
46,83,1
46,86,8
46,93,5
46,94,103
46,95,6
46,100,3
46,102,9
46,103,5
46,104,19
46,105,45
46,106,36
46,107,12
46,111,1
46,112,2
46,113,2
46,114,5
46,116,24
46,117,1
46,119,1
46,123,3
46,125,2
46,129,1
46,130,4
46,131,2
46,132,1
46,134,1
46,142,10
46,143,16
46,148,2
46,149,4
46,150,84
46,151,6
46,152,18
46,153,2
46,154,5
46,155,2
46,156,2
46,158,1
46,159,1
46,162,1
46,165,1
46,166,1
46,168,11
46,169,1
46,171,13
46,173,1
46,174,2
46,175,27
46,178,48
46,179,7
46,180,3
46,181,7
46,186,1
46,187,4
46,189,4
46,190,2
46,191,14
46,192,1
46,193,3
46,195,13
46,196,18
46,197,25
46,198,5
46,199,2
46,200,46
46,201,1
46,202,1
46,203,1
46,204,9
46,207,1
46,210,1
46,212,2
46,213,12
46,214,7
46,215,6
46,216,31
46,217,21
46,220,1
46,221,1
46,224,36
46,225,16
46,226,3
46,228,4
46,229,44
46,230,7
46,231,3
46,236,21
46,238,3
46,240,1
46,241,24
46,244,3
46,245,2
46,247,1
46,249,12
46,250,41
46,251,40
46,252,5
46,262,2
46,264,2
46,265,1
46,266,1
46,270,15
46,273,15
46,276,6
46,281,2
46,283,1
46,284,17
46,285,13
46,286,15
46,287,4
46,288,1
46,289,14
46,290,4
46,291,2
46,293,1
46,295,2
46,296,9
46,297,2
46,301,2
46,302,3
46,304,14
46,307,3
46,308,5
46,309,2
46,310,1
46,311,5
46,313,2
46,314,4
46,315,48
46,316,11
46,317,2
46,320,29
46,321,6
46,322,5
46,323,32
46,324,1
46,325,4
46,328,11
46,330,1
46,331,1
46,332,4
46,333,16
46,335,2
46,337,14
46,340,2
46,341,1
46,342,11
46,343,4
46,344,1
46,345,6
46,346,1
46,347,2
46,348,1
46,352,2
46,354,2
46,356,8
46,358,4
46,359,1
46,361,3
46,362,9
46,363,3
46,365,4
46,366,72
46,368,2
46,369,67
46,371,1
46,378,6
47,3,1
47,5,1
47,6,5
47,7,28
47,9,4
47,10,3
47,11,6
47,13,3
47,14,2
47,15,7
47,16,3
47,17,5
47,18,7
47,19,8
47,20,6
47,22,6
47,23,2
47,24,3
47,25,1
47,27,1
47,29,3
47,31,3
47,35,3
47,36,1
47,37,3
47,40,4
47,41,18
47,42,49
47,44,5
47,45,7
47,46,22
47,49,4
47,51,1
47,52,2
47,53,11
47,54,1
47,56,4
47,58,1
47,59,2
47,60,1
47,61,26
47,62,83
47,63,16
47,64,9
47,67,5
47,68,3
47,69,4
47,70,2
47,71,2
47,72,5
47,73,12
47,74,16
47,75,1
47,77,1
47,81,4
47,82,30
47,83,5
47,86,4
47,94,56
47,95,5
47,96,1
47,97,4
47,98,2
47,100,3
47,102,2
47,103,3
47,104,32
47,105,34
47,106,14
47,107,19
47,112,3
47,113,2
47,114,7
47,115,2
47,116,1
47,123,6
47,125,1
47,128,1
47,129,1
47,142,12
47,143,6
47,144,1
47,145,2
47,148,9
47,149,5
47,150,70
47,151,4
47,152,23
47,154,6
47,156,6
47,168,22
47,171,8
47,172,2
47,174,7
47,175,38
47,178,12
47,180,7
47,181,4
47,183,3
47,186,1
47,187,1
47,189,4
47,190,2
47,191,9
47,192,1
47,193,2
47,195,6
47,196,4
47,197,9
47,198,2
47,199,1
47,200,18
47,203,2
47,204,7
47,206,5
47,212,4
47,213,4
47,214,5
47,215,11
47,216,14
47,217,15
47,220,5
47,221,1
47,222,1
47,224,38
47,225,3
47,227,4
47,229,36
47,230,2
47,236,5
47,237,1
47,238,10
47,241,28
47,244,1
47,247,2
47,248,1
47,249,6
47,250,6
47,251,25
47,252,4
47,253,1
47,254,1
47,258,1
47,260,4
47,262,2
47,264,4
47,265,1
47,269,1
47,270,6
47,271,3
47,272,1
47,273,9
47,276,2
47,279,1
47,281,4
47,284,7
47,285,7
47,286,14
47,287,3
47,288,1
47,289,3
47,290,4
47,291,4
47,295,3
47,296,3
47,302,3
47,304,9
47,305,1
47,306,1
47,307,5
47,308,6
47,309,2
47,310,5
47,311,6
47,312,1
47,313,1
47,314,1
47,315,16
47,316,11
47,318,2
47,319,5
47,320,11
47,321,6
47,322,1
47,323,23
47,324,4
47,325,11
47,328,4
47,331,6
47,332,8
47,333,19
47,334,6
47,335,13
47,336,5
47,337,11
47,340,14
47,342,5
47,343,3
47,344,4
47,345,7
47,346,5
47,347,2
47,348,2
47,349,4
47,350,2
47,354,4
47,355,1
47,356,8
47,358,2
47,359,4
47,360,5
47,361,2
47,362,1
47,363,6
47,365,7
47,366,29
47,367,2
47,368,1
47,369,64
47,371,5
47,373,1
47,376,1
47,378,6
48,7,16
48,9,2
48,11,2
48,12,2
48,13,1
48,14,3
48,15,1
48,16,1
48,17,1
48,18,3
48,19,5
48,20,1
48,22,5
48,23,1
48,28,1
48,29,2
48,31,2
48,40,2
48,41,8
48,42,27
48,43,1
48,44,1
48,45,1
48,46,8
48,47,20
48,49,1
48,51,2
48,52,1
48,54,1
48,56,2
48,61,13
48,62,26
48,63,5
48,64,1
48,66,2
48,67,2
48,71,3
48,72,2
48,73,1
48,74,4
48,79,1
48,81,1
48,82,5
48,84,2
48,86,2
48,94,22
48,101,2
48,102,5
48,104,18
48,105,2
48,106,6
48,107,5
48,114,4
48,116,8
48,117,1
48,123,3
48,126,1
48,130,3
48,141,1
48,142,4
48,143,2
48,144,2
48,148,5
48,150,33
48,151,3
48,152,3
48,168,2
48,169,1
48,171,6
48,173,1
48,175,17
48,178,12
48,179,2
48,180,4
48,181,3
48,189,1
48,191,7
48,195,2
48,196,1
48,197,16
48,198,4
48,200,5
48,204,4
48,206,1
48,210,1
48,212,1
48,213,3
48,215,4
48,216,2
48,217,4
48,218,1
48,220,1
48,224,14
48,225,11
48,227,2
48,229,16
48,230,2
48,231,1
48,236,5
48,238,2
48,239,3
48,241,4
48,249,1
48,250,10
48,251,8
48,262,1
48,265,1
48,266,1
48,269,1
48,270,4
48,273,4
48,274,1
48,276,1
48,277,1
48,281,1
48,284,4
48,285,5
48,286,14
48,287,2
48,288,1
48,289,7
48,291,1
48,295,2
48,302,1
48,304,5
48,307,5
48,308,2
48,309,2
48,310,2
48,311,6
48,312,2
48,315,6
48,316,1
48,317,1
48,319,1
48,320,22
48,321,3
48,323,12
48,325,3
48,328,5
48,332,1
48,333,1
48,334,1
48,335,11
48,336,2
48,341,2
48,342,5
48,345,1
48,346,6
48,347,2
48,348,1
48,349,4
48,351,1
48,356,3
48,360,1
48,362,3
48,365,4
48,366,13
48,367,1
48,369,26
48,371,2
48,378,4
49,5,1
49,6,5
49,7,13
49,9,3
49,10,4
49,11,3
49,13,1
49,14,4
49,15,2
49,17,2
49,18,8
49,19,4
49,20,2
49,26,1
49,27,4
49,30,1
49,36,1
49,40,4
49,41,10
49,42,24
49,43,2
49,46,5
49,47,11
49,51,2
49,53,1
49,57,2
49,59,1
49,61,11
49,62,48
49,63,2
49,64,2
49,67,1
49,69,2
49,72,3
49,73,3
49,74,7
49,75,1
49,78,1
49,81,5
49,82,18
49,83,3
49,84,1
49,86,3
49,94,33
49,96,1
49,101,2
49,102,2
49,104,13
49,105,13
49,106,11
49,107,8
49,113,1
49,114,11
49,116,4
49,117,2
49,124,1
49,127,1
49,132,1
49,138,1
49,142,4
49,143,14
49,144,1
49,148,2
49,149,6
49,150,52
49,152,11
49,153,1
49,154,3
49,156,3
49,159,1
49,165,3
49,168,5
49,171,13
49,175,24
49,178,13
49,179,1
49,180,4
49,181,7
49,182,1
49,184,4
49,189,4
49,190,2
49,191,5
49,194,2
49,195,4
49,196,1
49,197,12
49,198,4
49,199,2
49,200,8
49,204,4
49,206,1
49,210,1
49,211,1
49,212,1
49,213,6
49,214,2
49,215,4
49,216,5
49,217,13
49,220,3
49,221,1
49,223,1
49,224,17
49,225,5
49,228,2
49,229,14
49,230,1
49,236,7
49,237,2
49,238,6
49,241,8
49,244,1
49,245,1
49,249,2
49,250,10
49,251,21
49,252,5
49,259,1
49,262,3
49,264,2
49,266,1
49,270,4
49,273,6
49,284,2
49,285,8
49,286,8
49,289,4
49,291,1
49,295,2
49,299,1
49,301,1
49,302,2
49,304,4
49,307,3
49,308,6
49,309,2
49,310,3
49,311,3
49,313,3
49,315,11
49,316,5
49,317,2
49,319,1
49,320,6
49,321,3
49,323,16
49,324,1
49,325,2
49,326,1
49,327,1
49,328,2
49,330,1
49,331,2
49,332,4
49,333,8
49,335,5
49,337,4
49,340,2
49,341,2
49,342,5
49,343,3
49,344,1
49,347,1
49,349,1
49,354,1
49,356,1
49,358,2
49,359,1
49,360,1
49,361,3
49,362,8
49,363,1
49,365,2
49,366,25
49,368,1
49,369,23
49,375,1
50,2,1
50,5,2
50,6,4
50,7,17
50,8,1
50,9,4
50,10,10
50,11,1
50,14,2
50,15,6
50,16,3
50,17,1
50,18,4
50,19,1
50,20,2
50,21,3
50,24,1
50,26,1
50,29,1
50,30,2
50,34,1
50,40,4
50,41,13
50,42,63
50,45,3
50,46,11
50,47,4
50,51,1
50,52,6
50,53,4
50,61,20
50,62,12
50,63,3
50,64,4
50,67,2
50,72,1
50,73,4
50,74,14
50,78,1
50,79,1
50,80,2
50,81,4
50,82,8
50,83,3
50,86,2
50,94,27
50,95,3
50,97,4
50,98,3
50,102,1
50,104,8
50,105,15
50,106,17
50,107,3
50,114,4
50,116,12
50,117,1
50,125,2
50,126,2
50,130,3
50,133,1
50,142,18
50,143,3
50,144,1
50,148,3
50,150,46
50,151,2
50,152,6
50,156,2
50,168,7
50,169,1
50,170,3
50,171,11
50,174,2
50,175,13
50,178,2
50,179,1
50,180,2
50,181,1
50,186,2
50,187,1
50,189,3
50,191,8
50,193,6
50,195,2
50,197,4
50,198,2
50,199,4
50,200,30
50,203,1
50,204,5
50,206,1
50,210,2
50,211,1
50,213,8
50,214,3
50,215,8
50,216,10
50,217,12
50,219,1
50,220,4
50,224,17
50,225,2
50,227,1
50,228,3
50,229,14
50,230,3
50,236,13
50,238,2
50,241,7
50,245,3
50,249,15
50,250,16
50,251,18
50,252,1
50,253,3
50,254,1
50,255,1
50,258,1
50,270,3
50,273,16
50,274,1
50,275,1
50,278,2
50,281,1
50,282,1
50,283,1
50,284,17
50,285,4
50,286,23
50,288,1
50,289,3
50,291,2
50,293,1
50,296,2
50,301,3
50,302,2
50,304,8
50,305,9
50,307,2
50,308,3
50,310,5
50,311,1
50,312,2
50,313,1
50,314,4
50,315,15
50,316,5
50,319,2
50,320,19
50,321,1
50,323,35
50,328,16
50,332,7
50,333,3
50,334,1
50,335,2
50,340,5
50,342,5
50,343,5
50,344,2
50,345,5
50,348,1
50,349,1
50,351,1
50,354,1
50,356,7
50,358,2
50,359,2
50,361,1
50,362,3
50,363,1
50,365,8
50,366,20
50,367,1
50,368,1
50,369,36
50,371,1
50,377,1
50,378,6
51,5,2
51,7,8
51,10,3
51,12,2
51,13,2
51,14,1
51,15,4
51,17,4
51,18,3
51,19,2
51,20,2
51,24,1
51,26,1
51,27,1
51,29,1
51,30,1
51,40,2
51,41,4
51,42,15
51,46,5
51,47,9
51,49,1
51,52,2
51,53,2
51,61,13
51,62,48
51,63,4
51,64,5
51,69,7
51,70,1
51,73,3
51,74,3
51,78,1
51,80,2
51,81,6
51,82,5
51,84,1
51,86,6
51,90,2
51,94,16
51,96,2
51,97,5
51,98,4
51,101,2
51,102,1
51,104,13
51,105,15
51,106,3
51,107,4
51,109,2
51,114,7
51,116,3
51,123,1
51,142,1
51,143,1
51,144,2
51,147,1
51,148,2
51,149,5
51,150,30
51,152,9
51,153,1
51,156,2
51,157,1
51,165,1
51,168,3
51,171,10
51,173,1
51,174,6
51,175,6
51,178,1
51,179,1
51,180,3
51,181,1
51,189,1
51,191,13
51,194,2
51,195,5
51,197,2
51,199,3
51,200,7
51,204,2
51,206,1
51,207,1
51,208,1
51,210,2
51,211,1
51,213,1
51,214,3
51,215,3
51,216,7
51,217,8
51,223,1
51,224,12
51,225,2
51,227,2
51,229,9
51,238,4
51,241,9
51,244,1
51,245,4
51,247,1
51,249,4
51,250,6
51,251,3
51,252,3
51,253,1
51,255,1
51,264,1
51,265,2
51,266,1
51,270,1
51,273,4
51,281,2
51,284,5
51,285,7
51,286,3
51,287,2
51,288,1
51,289,2
51,296,1
51,302,5
51,305,3
51,306,5
51,307,3
51,308,4
51,310,5
51,311,3
51,312,2
51,313,1
51,314,3
51,315,3
51,316,3
51,319,1
51,320,10
51,321,4
51,322,2
51,323,9
51,325,1
51,328,2
51,331,2
51,333,3
51,335,6
51,336,1
51,337,3
51,340,3
51,342,4
51,345,10
51,346,1
51,349,1
51,356,3
51,361,1
51,362,2
51,363,1
51,365,6
51,366,15
51,367,1
51,369,36
51,371,1
51,373,2
51,375,3
52,6,1
52,7,17
52,10,2
52,11,4
52,12,1
52,14,3
52,15,3
52,16,3
52,18,5
52,19,9
52,20,2
52,21,2
52,22,1
52,24,4
52,27,1
52,29,2
52,30,1
52,32,1
52,35,1
52,36,1
52,37,2
52,39,1
52,40,14
52,41,18
52,42,120
52,44,1
52,46,19
52,47,15
52,51,2
52,53,9
52,54,4
52,56,2
52,59,2
52,60,3
52,61,16
52,62,35
52,63,11
52,64,9
52,66,1
52,67,2
52,69,2
52,72,2
52,73,7
52,74,7
52,77,1
52,80,1
52,81,1
52,82,15
52,83,1
52,84,3
52,86,2
52,94,54
52,95,7
52,97,8
52,98,1
52,102,6
52,103,2
52,104,17
52,105,23
52,106,8
52,107,7
52,114,4
52,116,11
52,117,2
52,123,2
52,125,1
52,126,1
52,129,1
52,130,3
52,135,1
52,142,15
52,143,7
52,144,1
52,148,1
52,149,2
52,150,52
52,152,9
52,154,1
52,158,2
52,163,1
52,165,1
52,166,1
52,168,10
52,169,3
52,171,8
52,173,2
52,174,1
52,175,8
52,178,15
52,179,2
52,180,1
52,181,5
52,182,1
52,187,2
52,189,6
52,190,2
52,191,11
52,193,6
52,194,1
52,195,11
52,196,1
52,197,16
52,199,8
52,200,20
52,201,1
52,204,10
52,206,5
52,207,1
52,210,2
52,211,1
52,212,1
52,213,5
52,214,5
52,215,5
52,216,11
52,217,16
52,218,1
52,220,8
52,224,18
52,225,13
52,226,2
52,227,3
52,228,2
52,229,8
52,230,1
52,231,1
52,236,12
52,238,1
52,241,7
52,244,1
52,245,2
52,247,3
52,249,1
52,250,20
52,251,22
52,252,6
52,254,1
52,259,1
52,260,1
52,262,1
52,264,1
52,266,1
52,270,8
52,271,1
52,273,19
52,274,1
52,275,3
52,276,1
52,278,1
52,280,1
52,281,2
52,284,13
52,285,7
52,286,26
52,287,5
52,289,7
52,291,4
52,293,2
52,295,1
52,296,1
52,299,1
52,300,1
52,301,1
52,302,2
52,304,1
52,305,1
52,307,5
52,308,9
52,309,3
52,310,3
52,311,18
52,313,3
52,315,27
52,316,17
52,317,1
52,319,5
52,320,58
52,321,9
52,322,4
52,323,29
52,324,1
52,325,4
52,328,74
52,330,1
52,331,1
52,333,4
52,335,14
52,336,2
52,340,3
52,341,1
52,342,10
52,343,3
52,344,6
52,345,7
52,346,7
52,349,3
52,350,1
52,352,1
52,354,3
52,356,6
52,359,2
52,364,1
52,365,2
52,366,31
52,367,3
52,368,2
52,369,35
52,371,1
52,372,1
52,373,1
52,374,1
52,378,4
53,4,1
53,5,2
53,7,28
53,9,3
53,10,7
53,11,9
53,13,2
53,14,2
53,15,15
53,16,1
53,17,1
53,18,12
53,19,5
53,20,1
53,22,1
53,23,1
53,27,1
53,29,2
53,30,4
53,31,1
53,35,3
53,36,1
53,37,6
53,39,1
53,40,10
53,41,19
53,42,39
53,44,13
53,46,17
53,47,29
53,49,1
53,52,1
53,54,11
53,56,1
53,57,6
53,58,4
53,59,5
53,60,3
53,61,65
53,62,158
53,63,51
53,64,11
53,67,2
53,68,2
53,69,1
53,71,1
53,72,3
53,73,14
53,74,13
53,75,1
53,76,1
53,78,1
53,80,2
53,81,5
53,82,14
53,83,9
53,86,6
53,94,33
53,95,5
53,96,4
53,97,7
53,98,3
53,101,2
53,102,3
53,103,1
53,104,26
53,105,22
53,106,9
53,107,27
53,108,1
53,110,1
53,113,4
53,114,10
53,116,7
53,117,1
53,123,1
53,128,1
53,130,8
53,132,1
53,139,2
53,142,17
53,143,7
53,148,8
53,149,17
53,150,85
53,151,10
53,152,26
53,153,1
53,154,3
53,156,6
53,165,3
53,168,14
53,169,9
53,170,2
53,171,29
53,172,2
53,173,1
53,174,3
53,175,12
53,176,1
53,178,3
53,179,4
53,180,5
53,181,2
53,184,3
53,189,5
53,190,2
53,191,12
53,192,2
53,194,2
53,195,3
53,196,5
53,197,2
53,198,12
53,199,7
53,200,17
53,203,1
53,204,9
53,206,5
53,207,1
53,208,1
53,211,1
53,212,5
53,213,5
53,214,1
53,215,4
53,216,12
53,217,18
53,219,1
53,220,5
53,221,2
53,222,1
53,224,20
53,225,3
53,226,2
53,228,2
53,229,30
53,231,1
53,232,2
53,236,5
53,238,15
53,239,1
53,241,4
53,242,1
53,245,1
53,247,3
53,249,9
53,250,21
53,251,17
53,252,4
53,259,1
53,260,2
53,262,2
53,264,10
53,265,1
53,266,1
53,269,2
53,270,10
53,273,7
53,274,6
53,276,6
53,277,1
53,281,6
53,284,9
53,285,14
53,286,35
53,287,4
53,288,1
53,289,9
53,290,4
53,291,6
53,293,1
53,295,5
53,296,2
53,299,1
53,301,1
53,302,9
53,304,15
53,305,4
53,306,1
53,307,6
53,308,6
53,310,4
53,311,1
53,312,3
53,313,2
53,315,15
53,316,7
53,317,1
53,319,1
53,320,33
53,321,5
53,322,3
53,323,31
53,324,5
53,325,13
53,326,1
53,327,1
53,328,4
53,330,2
53,331,4
53,332,9
53,333,14
53,335,11
53,336,3
53,337,9
53,339,1
53,340,10
53,341,3
53,342,6
53,343,3
53,344,1
53,345,12
53,346,2
53,347,1
53,348,4
53,349,1
53,354,1
53,356,5
53,358,5
53,359,2
53,360,1
53,362,1
53,364,1
53,365,8
53,366,40
53,367,2
53,368,5
53,369,29
53,371,2
53,372,2
53,373,2
53,374,1
53,375,1
53,378,26
54,7,28
54,9,1
54,10,4
54,11,5
54,12,2
54,13,4
54,14,6
54,15,6
54,16,1
54,17,5
54,18,5
54,19,2
54,20,5
54,22,4
54,24,3
54,25,4
54,26,2
54,27,5
54,29,2
54,30,3
54,36,1
54,37,5
54,38,1
54,39,5
54,40,13
54,41,17
54,42,28
54,43,7
54,44,10
54,45,1
54,46,14
54,47,19
54,51,1
54,52,4
54,53,2
54,56,2
54,57,5
54,58,3
54,60,1
54,61,53
54,62,114
54,63,19
54,64,19
54,67,6
54,69,1
54,70,3
54,72,3
54,73,24
54,74,10
54,77,1
54,80,6
54,81,6
54,82,18
54,83,2
54,86,1
54,88,1
54,94,57
54,95,5
54,97,3
54,98,11
54,101,2
54,102,2
54,103,7
54,104,26
54,105,36
54,106,30
54,107,11
54,108,1
54,110,2
54,113,8
54,114,6
54,116,18
54,117,2
54,120,1
54,123,2
54,125,1
54,130,1
54,140,1
54,142,17
54,143,9
54,144,1
54,147,1
54,148,6
54,149,10
54,150,96
54,151,3
54,152,29
54,153,1
54,154,7
54,156,4
54,158,1
54,168,21
54,169,4
54,170,1
54,171,16
54,173,6
54,174,1
54,175,10
54,178,5
54,179,1
54,180,8
54,181,8
54,182,1
54,189,4
54,190,3
54,191,6
54,193,1
54,194,1
54,195,2
54,196,2
54,197,14
54,198,5
54,199,3
54,200,12
54,204,7
54,205,1
54,206,1
54,207,1
54,210,1
54,211,2
54,212,2
54,213,4
54,214,8
54,215,5
54,216,18
54,217,20
54,218,2
54,220,3
54,221,8
54,222,1
54,224,41
54,225,6
54,226,1
54,227,1
54,229,34
54,231,1
54,236,8
54,241,15
54,244,3
54,245,1
54,246,1
54,248,1
54,249,5
54,250,25
54,251,39
54,252,6
54,253,2
54,254,1
54,255,1
54,263,1
54,264,4
54,270,8
54,273,14
54,274,1
54,275,2
54,280,1
54,281,2
54,282,1
54,283,1
54,284,13
54,285,11
54,286,28
54,287,4
54,288,2
54,289,7
54,290,3
54,291,1
54,293,3
54,295,3
54,296,1
54,301,3
54,302,4
54,304,17
54,306,3
54,307,1
54,308,3
54,309,5
54,310,11
54,311,9
54,312,2
54,313,4
54,314,3
54,315,19
54,316,10
54,317,2
54,319,1
54,320,26
54,321,7
54,323,21
54,324,3
54,325,10
54,327,1
54,328,5
54,329,2
54,331,2
54,332,5
54,333,15
54,334,1
54,335,18
54,336,1
54,337,14
54,340,14
54,341,1
54,342,2
54,343,2
54,344,2
54,345,9
54,346,1
54,347,3
54,348,8
54,349,1
54,350,3
54,354,1
54,356,9
54,357,2
54,358,8
54,359,2
54,361,5
54,362,7
54,363,1
54,364,1
54,365,4
54,366,30
54,367,1
54,368,1
54,369,54
54,370,1
54,371,4
54,372,1
54,373,1
54,376,1
54,378,11
55,2,1
55,5,1
55,7,15
55,10,8
55,11,3
55,13,5
55,15,1
55,17,6
55,18,8
55,19,1
55,20,2
55,22,3
55,30,2
55,36,1
55,37,4
55,40,6
55,41,14
55,42,12
55,44,12
55,46,6
55,47,16
55,51,1
55,53,6
55,54,4
55,56,8
55,57,1
55,59,3
55,61,23
55,62,55
55,63,27
55,64,2
55,70,1
55,73,9
55,74,2
55,78,1
55,80,1
55,81,7
55,82,13
55,83,5
55,84,1
55,86,2
55,94,31
55,95,3
55,97,1
55,98,4
55,100,1
55,102,1
55,104,6
55,105,4
55,106,8
55,107,4
55,113,2
55,114,5
55,116,1
55,123,4
55,125,1
55,127,1
55,128,1
55,130,3
55,142,10
55,143,4
55,144,1
55,147,2
55,148,7
55,149,6
55,150,36
55,151,1
55,152,18
55,154,2
55,155,1
55,156,1
55,165,3
55,168,6
55,169,4
55,170,3
55,171,10
55,175,9
55,178,5
55,179,1
55,180,3
55,181,2
55,186,2
55,188,2
55,189,3
55,190,1
55,191,5
55,192,2
55,193,1
55,195,2
55,197,1
55,198,1
55,199,2
55,200,15
55,204,4
55,206,2
55,210,4
55,211,1
55,212,2
55,213,1
55,214,4
55,215,15
55,216,10
55,217,12
55,219,1
55,220,9
55,224,6
55,225,3
55,227,1
55,229,16
55,230,1
55,236,4
55,237,1
55,238,10
55,239,1
55,241,7
55,245,2
55,247,1
55,249,2
55,250,5
55,251,10
55,252,4
55,253,2
55,254,1
55,260,1
55,264,6
55,265,2
55,266,2
55,270,5
55,273,4
55,274,1
55,276,5
55,281,1
55,282,1
55,284,7
55,285,8
55,286,14
55,287,6
55,288,1
55,291,1
55,294,1
55,295,2
55,299,1
55,302,2
55,306,3
55,307,2
55,308,1
55,309,2
55,310,1
55,311,2
55,313,1
55,315,2
55,316,1
55,317,1
55,320,10
55,323,28
55,324,1
55,325,1
55,326,1
55,328,1
55,331,4
55,332,2
55,333,5
55,334,1
55,335,3
55,336,1
55,337,5
55,338,2
55,340,20
55,342,4
55,343,4
55,344,3
55,345,1
55,347,2
55,348,1
55,350,2
55,352,1
55,356,4
55,358,2
55,360,1
55,361,4
55,362,5
55,363,1
55,364,1
55,365,1
55,366,26
55,368,2
55,369,22
55,370,1
55,371,1
55,372,1
55,373,1
55,375,1
55,376,1
55,378,6
56,3,1
56,5,3
56,7,29
56,10,4
56,11,5
56,12,1
56,13,6
56,14,7
56,15,8
56,17,5
56,18,18
56,19,10
56,20,7
56,21,1
56,22,2
56,24,1
56,26,2
56,27,4
56,30,1
56,35,2
56,36,3
56,37,7
56,39,1
56,40,28
56,41,18
56,42,48
56,43,7
56,44,15
56,45,2
56,46,30
56,47,10
56,49,5
56,51,2
56,52,6
56,53,3
56,54,6
56,57,2
56,58,2
56,59,2
56,60,6
56,61,63
56,62,130
56,63,9
56,64,16
56,65,1
56,66,1
56,67,2
56,68,3
56,69,2
56,70,1
56,72,2
56,73,9
56,74,27
56,81,15
56,82,18
56,83,8
56,86,2
56,87,1
56,88,1
56,90,1
56,93,1
56,94,25
56,95,3
56,96,2
56,97,5
56,98,14
56,100,1
56,101,1
56,104,18
56,105,31
56,106,22
56,107,20
56,110,2
56,112,1
56,113,3
56,114,12
56,115,1
56,116,8
56,119,1
56,123,2
56,126,1
56,127,1
56,130,4
56,139,3
56,142,11
56,143,11
56,147,2
56,148,1
56,149,18
56,150,71
56,152,16
56,153,3
56,154,6
56,156,3
56,157,1
56,159,1
56,165,2
56,168,17
56,169,3
56,170,7
56,171,2
56,172,2
56,174,3
56,175,22
56,176,3
56,177,1
56,178,13
56,179,2
56,180,3
56,181,5
56,184,2
56,185,1
56,189,6
56,190,2
56,191,4
56,195,6
56,196,1
56,197,12
56,198,5
56,199,4
56,200,44
56,203,1
56,204,16
56,206,9
56,210,2
56,211,1
56,212,4
56,213,9
56,214,6
56,215,7
56,216,21
56,217,24
56,218,5
56,220,3
56,221,2
56,222,5
56,224,45
56,225,5
56,227,3
56,228,3
56,229,43
56,230,1
56,236,13
56,237,2
56,238,3
56,239,6
56,240,1
56,241,11
56,245,2
56,246,1
56,247,1
56,249,6
56,250,21
56,251,27
56,252,12
56,253,2
56,254,1
56,257,1
56,258,1
56,262,1
56,264,5
56,266,1
56,267,2
56,270,8
56,273,9
56,274,1
56,276,8
56,277,1
56,280,1
56,281,1
56,284,23
56,285,11
56,286,34
56,287,2
56,288,2
56,289,10
56,290,4
56,291,6
56,292,1
56,293,1
56,295,3
56,296,5
56,300,1
56,301,2
56,302,4
56,304,13
56,305,3
56,306,1
56,307,2
56,308,10
56,309,3
56,310,10
56,311,4
56,313,4
56,315,16
56,316,6
56,317,7
56,319,1
56,320,39
56,321,5
56,322,1
56,323,13
56,324,1
56,325,15
56,326,1
56,328,18
56,329,1
56,330,4
56,331,2
56,332,22
56,333,11
56,334,4
56,335,16
56,336,4
56,337,12
56,340,31
56,341,1
56,342,17
56,343,6
56,344,6
56,345,6
56,346,1
56,347,1
56,348,3
56,349,5
56,350,2
56,352,1
56,356,8
56,357,1
56,358,1
56,359,1
56,360,2
56,361,1
56,362,6
56,363,3
56,364,1
56,365,7
56,366,47
56,368,3
56,369,49
56,371,1
56,372,4
56,373,2
56,375,1
56,378,6
57,2,1
57,7,13
57,9,1
57,10,2
57,11,9
57,13,2
57,15,8
57,18,7
57,19,4
57,20,2
57,21,3
57,22,3
57,24,1
57,25,1
57,26,4
57,27,4
57,29,1
57,30,2
57,31,1
57,35,7
57,37,9
57,39,2
57,40,9
57,41,11
57,42,15
57,44,31
57,46,11
57,47,15
57,51,3
57,52,5
57,53,3
57,54,8
57,55,4
57,56,5
57,60,1
57,61,37
57,62,124
57,63,14
57,64,11
57,66,1
57,68,2
57,70,3
57,72,3
57,73,16
57,74,7
57,76,1
57,80,4
57,81,2
57,82,14
57,83,7
57,84,1
57,86,2
57,90,1
57,94,34
57,97,10
57,98,4
57,101,2
57,103,2
57,104,33
57,105,27
57,106,10
57,107,16
57,108,2
57,110,1
57,112,1
57,113,1
57,114,12
57,115,1
57,116,6
57,121,1
57,123,2
57,125,2
57,130,3
57,142,16
57,143,8
57,148,5
57,149,12
57,150,28
57,151,2
57,152,11
57,153,3
57,154,5
57,155,1
57,156,8
57,158,2
57,161,1
57,165,5
57,168,20
57,171,20
57,174,1
57,175,7
57,177,2
57,178,6
57,179,1
57,180,6
57,181,2
57,182,1
57,186,1
57,189,3
57,190,2
57,191,3
57,192,1
57,193,1
57,195,6
57,196,4
57,197,4
57,198,3
57,199,3
57,200,15
57,204,5
57,205,1
57,206,6
57,210,5
57,211,3
57,212,4
57,213,2
57,214,8
57,215,14
57,216,11
57,217,19
57,218,2
57,220,5
57,221,1
57,222,1
57,224,21
57,225,12
57,226,1
57,227,3
57,228,1
57,229,17
57,230,1
57,232,1
57,233,1
57,235,2
57,236,1
57,237,1
57,238,7
57,241,7
57,245,3
57,249,2
57,250,10
57,251,19
57,252,6
57,253,4
57,254,1
57,255,2
57,260,1
57,262,1
57,265,3
57,266,1
57,267,2
57,270,5
57,271,2
57,272,1
57,273,12
57,274,2
57,275,1
57,278,1
57,281,2
57,282,3
57,284,11
57,285,14
57,286,64
57,287,9
57,288,4
57,289,13
57,290,5
57,291,1
57,293,2
57,296,5
57,304,9
57,305,3
57,307,1
57,308,3
57,310,6
57,311,2
57,313,2
57,314,1
57,315,5
57,316,18
57,317,12
57,319,4
57,320,33
57,321,3
57,322,2
57,323,16
57,324,1
57,325,4
57,326,1
57,327,1
57,328,12
57,329,1
57,331,8
57,332,16
57,333,20
57,334,2
57,335,8
57,336,9
57,337,8
57,340,28
57,342,5
57,343,8
57,345,10
57,346,5
57,347,2
57,348,2
57,349,2
57,351,2
57,352,1
57,354,4
57,356,9
57,361,1
57,362,2
57,363,6
57,365,5
57,366,40
57,367,1
57,368,1
57,369,25
57,371,1
57,373,3
57,377,2
57,378,10
58,6,1
58,7,19
58,9,2
58,10,4
58,11,1
58,12,1
58,13,2
58,14,4
58,15,1
58,17,1
58,18,10
58,19,3
58,22,1
58,24,1
58,30,2
58,34,1
58,35,6
58,36,1
58,37,2
58,40,4
58,41,17
58,42,23
58,43,1
58,44,3
58,46,9
58,47,7
58,53,5
58,54,1
58,59,1
58,61,20
58,62,40
58,63,18
58,64,9
58,67,5
58,68,1
58,70,2
58,73,2
58,74,9
58,75,1
58,80,3
58,81,8
58,82,11
58,83,2
58,86,5
58,88,1
58,91,1
58,94,21
58,95,2
58,98,5
58,100,1
58,102,3
58,103,1
58,104,8
58,105,7
58,106,13
58,107,4
58,113,4
58,114,7
58,116,8
58,123,2
58,125,1
58,128,1
58,130,1
58,135,1
58,139,3
58,140,1
58,142,7
58,143,3
58,147,1
58,148,2
58,149,3
58,150,39
58,151,2
58,152,17
58,155,1
58,156,4
58,168,7
58,171,8
58,174,3
58,175,5
58,178,11
58,179,2
58,180,4
58,181,1
58,186,4
58,189,8
58,190,1
58,191,6
58,196,1
58,197,5
58,198,1
58,199,4
58,200,8
58,201,1
58,202,1
58,203,2
58,204,8
58,206,2
58,210,1
58,211,1
58,212,2
58,213,2
58,214,2
58,215,8
58,216,9
58,217,10
58,220,2
58,222,1
58,224,34
58,225,3
58,226,2
58,227,1
58,229,24
58,230,2
58,231,1
58,236,6
58,237,3
58,238,3
58,241,5
58,245,3
58,246,1
58,247,1
58,249,2
58,250,12
58,251,21
58,252,2
58,253,3
58,254,1
58,255,1
58,259,1
58,260,1
58,262,1
58,264,1
58,270,3
58,273,7
58,276,1
58,277,2
58,281,3
58,284,9
58,285,8
58,286,7
58,289,7
58,290,1
58,291,3
58,295,1
58,299,1
58,302,1
58,304,8
58,306,3
58,308,1
58,310,3
58,311,6
58,315,3
58,316,4
58,319,1
58,320,11
58,321,4
58,322,1
58,323,13
58,325,2
58,328,2
58,330,1
58,331,2
58,332,1
58,333,10
58,335,10
58,336,2
58,337,6
58,340,9
58,341,1
58,342,3
58,343,2
58,345,2
58,346,1
58,349,4
58,354,1
58,356,2
58,358,2
58,359,3
58,360,1
58,362,1
58,363,2
58,364,1
58,365,4
58,366,26
58,367,1
58,368,1
58,369,13
58,371,2
58,374,1
58,375,1
58,378,15
59,5,1
59,6,1
59,7,15
59,9,4
59,10,5
59,11,9
59,13,3
59,14,4
59,15,1
59,17,3
59,18,4
59,19,5
59,20,1
59,22,2
59,24,2
59,25,1
59,26,1
59,27,2
59,30,2
59,31,2
59,33,1
59,34,3
59,35,1
59,37,7
59,40,4
59,41,5
59,42,8
59,43,2
59,44,7
59,46,3
59,47,15
59,49,2
59,52,5
59,53,2
59,54,19
59,55,1
59,56,3
59,57,1
59,58,1
59,60,3
59,61,19
59,62,79
59,63,5
59,64,5
59,67,3
59,68,3
59,69,1
59,70,1
59,72,2
59,73,4
59,74,10
59,79,1
59,80,2
59,81,2
59,82,2
59,86,3
59,90,1
59,94,33
59,95,3
59,97,7
59,98,15
59,100,1
59,102,1
59,103,4
59,104,15
59,105,9
59,106,8
59,107,3
59,112,2
59,114,3
59,115,1
59,116,5
59,119,2
59,123,2
59,125,1
59,127,1
59,129,1
59,130,4
59,139,1
59,140,1
59,142,13
59,148,6
59,149,9
59,150,13
59,151,1
59,152,14
59,154,3
59,155,1
59,162,1
59,164,1
59,168,12
59,170,2
59,171,10
59,173,1
59,175,8
59,176,1
59,178,9
59,179,4
59,180,3
59,181,3
59,186,5
59,189,3
59,190,1
59,191,5
59,194,1
59,195,4
59,196,6
59,197,4
59,198,2
59,199,1
59,200,26
59,203,1
59,204,11
59,206,1
59,210,2
59,211,6
59,212,7
59,213,10
59,214,2
59,215,4
59,216,5
59,217,9
59,218,2
59,220,6
59,222,3
59,223,1
59,224,24
59,225,3
59,226,2
59,227,1
59,229,23
59,236,1
59,237,2
59,238,4
59,239,3
59,241,2
59,242,1
59,247,2
59,249,2
59,250,6
59,251,10
59,252,5
59,255,1
59,262,1
59,263,1
59,267,1
59,270,6
59,273,10
59,276,1
59,281,3
59,284,12
59,285,14
59,286,14
59,287,6
59,288,3
59,289,5
59,290,1
59,291,5
59,293,2
59,295,1
59,296,4
59,300,2
59,302,8
59,304,2
59,305,1
59,307,2
59,308,7
59,310,2
59,311,3
59,312,1
59,313,4
59,314,1
59,315,3
59,316,12
59,319,1
59,320,14
59,321,9
59,322,2
59,323,12
59,324,3
59,325,1
59,326,1
59,327,2
59,328,3
59,330,1
59,331,17
59,332,5
59,333,20
59,335,6
59,336,1
59,337,13
59,339,1
59,340,22
59,341,1
59,342,8
59,343,2
59,344,5
59,345,1
59,346,1
59,349,1
59,356,4
59,359,9
59,360,1
59,361,2
59,362,3
59,363,2
59,365,5
59,366,28
59,368,2
59,369,14
59,371,1
59,372,1
59,373,1
59,375,1
59,378,16
60,5,1
60,7,6
60,10,3
60,11,9
60,12,2
60,13,1
60,14,14
60,15,2
60,17,4
60,18,4
60,19,2
60,20,5
60,22,2
60,24,2
60,25,7
60,26,2
60,32,1
60,37,8
60,39,2
60,40,8
60,41,22
60,42,48
60,43,2
60,44,7
60,46,14
60,47,13
60,53,2
60,54,2
60,56,5
60,57,5
60,61,48
60,62,100
60,63,5
60,64,12
60,67,6
60,68,3
60,72,2
60,73,9
60,74,10
60,75,1
60,78,1
60,80,2
60,81,7
60,82,12
60,83,1
60,86,3
60,90,1
60,94,26
60,95,9
60,97,5
60,98,10
60,100,2
60,103,5
60,104,23
60,105,18
60,106,14
60,107,12
60,110,1
60,112,2
60,113,1
60,114,2
60,115,1
60,116,12
60,117,1
60,119,1
60,123,4
60,124,1
60,126,1
60,129,1
60,130,1
60,131,1
60,135,1
60,139,1
60,141,1
60,142,10
60,143,5
60,148,8
60,149,13
60,150,48
60,152,23
60,153,4
60,154,2
60,155,2
60,156,1
60,163,1
60,166,2
60,168,16
60,169,5
60,170,4
60,171,9
60,173,4
60,174,2
60,175,15
60,178,11
60,180,6
60,181,4
60,186,5
60,187,1
60,189,6
60,190,4
60,191,4
60,192,1
60,195,6
60,196,1
60,197,7
60,198,2
60,199,8
60,200,25
60,204,9
60,206,6
60,208,1
60,210,2
60,211,2
60,212,5
60,213,2
60,214,7
60,215,10
60,216,9
60,217,21
60,219,2
60,220,5
60,221,1
60,224,27
60,225,2
60,226,3
60,227,5
60,228,2
60,229,26
60,231,3
60,232,1
60,235,1
60,236,15
60,238,5
60,240,1
60,241,11
60,244,4
60,245,3
60,247,2
60,249,4
60,250,14
60,251,19
60,252,7
60,253,2
60,256,1
60,264,1
60,266,2
60,267,1
60,270,12
60,273,11
60,276,3
60,277,2
60,278,2
60,279,1
60,281,3
60,282,3
60,284,17
60,285,15
60,286,45
60,287,2
60,289,4
60,290,3
60,291,4
60,292,1
60,293,1
60,295,1
60,296,2
60,301,1
60,302,3
60,304,9
60,307,2
60,308,7
60,310,6
60,311,6
60,312,2
60,313,3
60,315,14
60,316,14
60,317,2
60,320,27
60,321,6
60,323,33
60,324,1
60,325,14
60,327,2
60,328,11
60,330,6
60,331,9
60,332,9
60,333,7
60,334,3
60,335,10
60,336,2
60,337,9
60,340,12
60,341,1
60,342,9
60,343,2
60,344,6
60,345,11
60,346,3
60,347,2
60,349,5
60,354,4
60,356,11
60,362,1
60,365,5
60,366,25
60,367,1
60,368,2
60,369,25
60,371,3
60,373,1
60,376,1
60,378,7
61,2,1
61,6,2
61,7,38
61,9,2
61,10,5
61,11,7
61,14,2
61,15,12
61,16,1
61,17,3
61,18,21
61,19,5
61,20,5
61,21,1
61,22,3
61,24,10
61,25,4
61,26,7
61,27,6
61,29,1
61,30,3
61,31,5
61,34,2
61,35,1
61,37,7
61,38,1
61,40,22
61,41,48
61,42,152
61,44,7
61,46,22
61,47,19
61,49,3
61,51,1
61,52,2
61,53,12
61,54,1
61,56,12
61,57,2
61,58,1
61,59,3
61,62,196
61,63,70
61,64,18
61,65,3
61,66,6
61,67,5
61,69,2
61,70,3
61,72,5
61,73,19
61,74,14
61,75,2
61,76,3
61,78,1
61,80,1
61,81,11
61,82,32
61,83,6
61,86,7
61,93,1
61,94,51
61,95,5
61,96,2
61,98,4
61,99,1
61,100,2
61,101,4
61,102,2
61,103,2
61,104,10
61,105,23
61,106,28
61,107,17
61,112,4
61,113,5
61,114,6
61,115,1
61,116,11
61,123,4
61,125,1
61,128,1
61,129,1
61,130,2
61,131,2
61,140,1
61,141,1
61,142,17
61,143,9
61,147,1
61,148,9
61,149,18
61,150,93
61,151,3
61,152,24
61,154,6
61,156,9
61,162,2
61,166,1
61,168,12
61,169,1
61,170,6
61,171,27
61,172,1
61,175,31
61,178,19
61,180,6
61,181,3
61,182,1
61,187,3
61,189,4
61,190,3
61,191,4
61,192,1
61,193,5
61,194,1
61,195,7
61,196,2
61,197,20
61,199,1
61,200,36
61,203,1
61,204,4
61,206,5
61,207,1
61,208,1
61,210,1
61,212,3
61,213,5
61,214,3
61,215,15
61,216,15
61,217,17
61,219,2
61,220,6
61,224,29
61,225,8
61,227,2
61,229,46
61,230,1
61,231,1
61,236,12
61,238,9
61,239,1
61,241,37
61,244,3
61,245,3
61,247,7
61,249,14
61,250,18
61,251,41
61,252,10
61,253,1
61,258,1
61,262,1
61,263,5
61,264,2
61,265,2
61,266,2
61,267,2
61,270,18
61,271,5
61,272,1
61,273,23
61,274,1
61,275,2
61,276,5
61,279,2
61,280,2
61,281,3
61,284,10
61,285,24
61,286,42
61,287,12
61,289,24
61,290,3
61,291,2
61,296,3
61,299,4
61,300,2
61,301,1
61,302,4
61,304,24
61,307,1
61,308,12
61,309,4
61,310,1
61,311,3
61,313,3
61,315,12
61,316,22
61,317,2
61,319,1
61,320,43
61,321,8
61,322,1
61,323,21
61,325,1
61,327,6
61,328,15
61,331,1
61,332,18
61,333,26
61,334,2
61,335,23
61,336,1
61,337,11
61,339,1
61,340,7
61,341,2
61,342,6
61,343,1
61,344,4
61,345,9
61,346,8
61,347,4
61,348,1
61,349,4
61,354,4
61,356,10
61,357,2
61,358,4
61,359,1
61,360,2
61,361,3
61,362,9
61,363,3
61,364,2
61,365,4
61,366,75
61,367,1
61,368,2
61,369,47
61,370,1
61,372,2
61,373,1
61,376,2
61,378,34
62,2,1
62,5,1
62,7,8
62,10,6
62,12,1
62,14,1
62,15,2
62,16,1
62,17,5
62,18,4
62,19,5
62,21,1
62,24,2
62,25,1
62,37,10
62,39,3
62,40,17
62,41,10
62,42,29
62,43,4
62,44,4
62,46,3
62,47,15
62,49,1
62,52,2
62,53,7
62,54,1
62,56,6
62,57,3
62,61,56
62,63,11
62,64,11
62,65,1
62,66,2
62,68,2
62,72,2
62,73,7
62,74,4
62,75,1
62,77,2
62,79,2
62,80,1
62,81,8
62,82,5
62,83,1
62,84,1
62,86,3
62,92,1
62,94,16
62,95,1
62,97,4
62,98,5
62,101,2
62,102,1
62,103,3
62,104,9
62,105,4
62,106,5
62,107,8
62,110,1
62,113,6
62,114,2
62,116,4
62,117,1
62,123,2
62,124,1
62,130,3
62,142,6
62,143,6
62,147,3
62,148,1
62,149,3
62,150,37
62,151,8
62,152,14
62,154,1
62,158,1
62,160,1
62,161,1
62,163,1
62,165,1
62,168,8
62,169,2
62,170,2
62,171,16
62,175,10
62,178,5
62,179,1
62,180,1
62,187,1
62,189,5
62,191,1
62,194,2
62,195,1
62,198,1
62,199,2
62,200,3
62,203,4
62,204,5
62,206,5
62,207,1
62,210,2
62,211,1
62,212,5
62,214,1
62,215,8
62,216,2
62,217,5
62,219,1
62,220,7
62,221,1
62,222,2
62,224,8
62,225,1
62,226,1
62,227,4
62,229,10
62,235,3
62,236,1
62,238,6
62,241,4
62,242,1
62,244,1
62,247,4
62,249,2
62,250,8
62,251,7
62,252,1
62,255,1
62,258,1
62,260,1
62,264,6
62,265,1
62,270,8
62,271,1
62,273,8
62,274,1
62,276,1
62,280,1
62,281,5
62,284,3
62,285,8
62,286,30
62,289,12
62,293,1
62,302,1
62,304,2
62,308,2
62,310,4
62,311,5
62,315,3
62,316,3
62,317,1
62,318,1
62,320,19
62,321,7
62,323,9
62,324,1
62,325,1
62,328,4
62,329,1
62,330,1
62,331,4
62,332,1
62,333,15
62,334,4
62,335,4
62,337,5
62,339,1
62,340,4
62,341,1
62,342,2
62,345,9
62,348,5
62,349,2
62,352,2
62,356,11
62,357,1
62,358,2
62,359,2
62,360,2
62,362,2
62,363,2
62,366,13
62,368,3
62,369,9
62,371,1
62,375,1
62,378,3
63,2,3
63,5,4
63,6,1
63,7,22
63,9,3
63,10,1
63,11,5
63,13,1
63,14,4
63,15,8
63,16,1
63,18,1
63,19,3
63,20,2
63,21,2
63,22,4
63,27,2
63,31,1
63,35,1
63,37,3
63,39,4
63,40,17
63,41,21
63,42,108
63,43,1
63,44,5
63,45,3
63,46,14
63,47,13
63,51,2
63,53,4
63,54,3
63,55,3
63,56,4
63,57,2
63,59,2
63,60,1
63,61,49
63,62,157
63,64,18
63,67,4
63,68,6
63,69,5
63,70,1
63,72,3
63,73,6
63,74,16
63,77,1
63,81,7
63,82,17
63,83,4
63,86,4
63,87,1
63,89,1
63,94,38
63,95,2
63,97,6
63,98,4
63,102,3
63,104,14
63,105,15
63,106,9
63,107,16
63,108,2
63,113,4
63,114,7
63,115,1
63,116,4
63,117,2
63,128,1
63,130,2
63,132,1
63,142,15
63,143,9
63,144,1
63,146,1
63,147,4
63,148,2
63,149,2
63,150,59
63,151,1
63,152,14
63,153,2
63,154,1
63,156,5
63,159,1
63,160,1
63,165,1
63,168,13
63,170,3
63,171,11
63,172,1
63,174,3
63,175,15
63,178,7
63,179,1
63,180,4
63,181,5
63,189,2
63,190,1
63,191,5
63,192,1
63,193,3
63,194,1
63,195,1
63,197,10
63,198,1
63,199,3
63,200,16
63,201,1
63,203,1
63,204,10
63,206,11
63,210,1
63,212,5
63,213,2
63,214,2
63,215,5
63,216,6
63,217,9
63,219,1
63,220,4
63,221,6
63,222,1
63,224,20
63,225,5
63,226,1
63,227,5
63,229,19
63,231,3
63,235,1
63,236,1
63,237,1
63,239,1
63,240,1
63,241,6
63,244,1
63,247,4
63,248,1
63,249,5
63,250,8
63,251,26
63,252,6
63,253,4
63,255,1
63,256,1
63,260,1
63,264,1
63,266,5
63,270,9
63,271,3
63,273,6
63,275,2
63,276,3
63,277,1
63,279,1
63,284,10
63,285,19
63,286,27
63,287,5
63,288,3
63,289,2
63,291,4
63,293,1
63,294,1
63,295,1
63,296,2
63,299,2
63,303,1
63,304,7
63,306,6
63,307,1
63,308,3
63,310,2
63,311,6
63,314,1
63,315,5
63,316,14
63,317,6
63,319,5
63,320,24
63,321,2
63,323,19
63,324,1
63,325,5
63,326,1
63,328,9
63,329,2
63,330,2
63,331,2
63,332,12
63,333,12
63,335,11
63,336,1
63,337,3
63,340,13
63,342,5
63,343,4
63,344,1
63,345,8
63,346,5
63,347,1
63,348,1
63,349,1
63,352,1
63,354,3
63,356,4
63,357,2
63,358,1
63,359,4
63,361,3
63,362,4
63,363,1
63,364,1
63,365,3
63,366,20
63,368,1
63,369,39
63,371,1
63,373,3
63,375,2
63,376,2
63,378,13
64,2,1
64,5,3
64,7,11
64,10,3
64,11,6
64,13,1
64,15,3
64,17,2
64,18,6
64,19,4
64,20,4
64,22,2
64,24,5
64,26,3
64,31,5
64,37,3
64,40,10
64,41,10
64,42,58
64,43,2
64,44,2
64,45,1
64,46,15
64,47,19
64,52,3
64,53,3
64,54,3
64,56,2
64,60,1
64,61,61
64,62,63
64,63,17
64,67,5
64,71,1
64,73,13
64,74,7
64,81,5
64,82,17
64,86,5
64,94,24
64,96,2
64,97,2
64,98,8
64,102,1
64,103,1
64,104,14
64,105,15
64,106,18
64,107,6
64,112,1
64,114,7
64,116,9
64,117,1
64,121,1
64,123,1
64,130,3
64,135,1
64,138,1
64,139,1
64,142,1
64,143,4
64,148,1
64,149,4
64,150,45
64,152,17
64,155,1
64,156,1
64,158,1
64,160,1
64,162,1
64,166,2
64,168,13
64,170,1
64,171,19
64,172,1
64,175,14
64,177,2
64,178,19
64,179,1
64,180,1
64,181,2
64,183,1
64,187,1
64,189,2
64,190,2
64,191,4
64,195,6
64,196,4
64,198,2
64,199,1
64,200,21
64,204,5
64,205,1
64,206,2
64,207,3
64,209,1
64,210,2
64,212,2
64,213,7
64,214,2
64,215,7
64,216,15
64,217,13
64,218,2
64,220,6
64,221,3
64,224,18
64,225,3
64,227,1
64,228,1
64,229,28
64,231,1
64,235,1
64,236,4
64,237,2
64,238,2
64,239,1
64,241,22
64,245,2
64,247,2
64,249,2
64,250,13
64,251,46
64,252,2
64,264,2
64,266,2
64,267,1
64,269,1
64,270,3
64,273,16
64,275,1
64,276,5
64,279,1
64,280,1
64,281,1
64,284,8
64,285,6
64,286,5
64,287,2
64,288,1
64,289,9
64,290,1
64,291,1
64,295,8
64,296,4
64,302,2
64,304,10
64,305,5
64,307,7
64,308,1
64,310,6
64,311,8
64,315,19
64,316,10
64,320,10
64,321,1
64,323,27
64,324,4
64,325,9
64,328,11
64,330,1
64,331,1
64,332,3
64,333,9
64,335,7
64,337,9
64,339,1
64,340,4
64,341,1
64,342,8
64,343,1
64,344,1
64,345,4
64,346,1
64,348,1
64,349,1
64,354,2
64,356,1
64,359,2
64,362,7
64,363,5
64,364,1
64,365,7
64,366,26
64,367,1
64,369,36
64,370,2
64,373,1
64,375,4
64,378,6
65,5,1
65,7,31
65,8,1
65,11,2
65,12,2
65,13,1
65,15,4
65,16,1
65,17,1
65,18,6
65,19,4
65,20,3
65,22,2
65,24,8
65,25,11
65,26,19
65,27,12
65,29,4
65,30,12
65,31,7
65,33,2
65,34,1
65,35,3
65,37,5
65,38,1
65,40,36
65,41,31
65,42,142
65,43,2
65,44,13
65,45,5
65,46,9
65,47,3
65,51,1
65,52,1
65,53,5
65,57,1
65,58,2
65,60,1
65,61,116
65,62,141
65,63,79
65,64,17
65,66,2
65,67,2
65,68,1
65,69,2
65,71,1
65,72,2
65,73,3
65,74,23
65,76,2
65,80,1
65,81,1
65,82,17
65,83,4
65,86,2
65,90,2
65,94,29
65,95,2
65,96,1
65,97,2
65,98,2
65,101,5
65,102,4
65,103,4
65,104,16
65,105,31
65,106,19
65,107,19
65,113,2
65,114,6
65,116,17
65,117,1
65,121,1
65,123,1
65,128,1
65,130,1
65,135,1
65,139,1
65,142,10
65,143,18
65,147,4
65,148,1
65,149,11
65,150,117
65,151,1
65,152,23
65,154,6
65,156,1
65,158,1
65,161,1
65,166,3
65,168,8
65,170,6
65,171,13
65,174,2
65,175,31
65,177,1
65,178,25
65,180,15
65,181,3
65,186,2
65,188,2
65,189,6
65,190,4
65,191,7
65,192,1
65,195,4
65,196,1
65,197,22
65,198,3
65,199,9
65,200,20
65,201,2
65,204,1
65,206,2
65,210,2
65,211,2
65,212,2
65,213,5
65,214,13
65,215,5
65,216,25
65,217,20
65,220,13
65,222,2
65,224,45
65,225,6
65,227,2
65,229,50
65,231,1
65,235,1
65,236,9
65,238,2
65,239,1
65,241,35
65,247,12
65,248,3
65,249,10
65,250,17
65,251,21
65,252,5
65,253,2
65,254,1
65,255,3
65,260,1
65,262,3
65,264,2
65,265,3
65,266,1
65,267,3
65,269,1
65,270,10
65,273,16
65,274,1
65,276,2
65,277,1
65,278,1
65,280,1
65,281,3
65,284,15
65,285,9
65,286,59
65,287,4
65,288,1
65,289,10
65,290,1
65,291,1
65,295,2
65,296,4
65,297,1
65,298,1
65,299,1
65,301,1
65,304,10
65,306,4
65,307,4
65,308,1
65,310,4
65,311,7
65,313,3
65,315,11
65,316,7
65,317,2
65,319,6
65,320,47
65,321,1
65,322,2
65,323,19
65,324,1
65,325,3
65,328,12
65,330,1
65,331,1
65,332,7
65,333,19
65,334,3
65,335,18
65,337,4
65,340,7
65,341,1
65,342,2
65,343,7
65,344,2
65,345,5
65,346,1
65,349,1
65,350,2
65,351,1
65,352,1
65,353,1
65,354,3
65,356,14
65,357,1
65,358,7
65,359,1
65,361,1
65,362,3
65,363,12
65,364,4
65,365,1
65,366,77
65,367,2
65,368,2
65,369,38
65,375,3
65,378,16
66,5,4
66,6,1
66,7,35
66,8,1
66,9,2
66,10,5
66,11,2
66,15,4
66,17,1
66,18,11
66,19,3
66,20,1
66,21,5
66,22,1
66,24,12
66,26,1
66,27,3
66,29,5
66,30,1
66,31,1
66,35,2
66,37,8
66,39,1
66,40,22
66,41,23
66,42,169
66,43,3
66,44,2
66,45,1
66,46,12
66,47,18
66,51,1
66,52,1
66,53,8
66,54,2
66,56,4
66,60,4
66,61,152
66,62,155
66,63,45
66,64,4
66,65,1
66,67,3
66,71,2
66,72,8
66,73,8
66,74,17
66,75,1
66,76,1
66,78,1
66,79,1
66,80,2
66,81,5
66,82,5
66,83,3
66,84,2
66,85,1
66,86,6
66,88,1
66,94,31
66,95,4
66,98,2
66,101,12
66,102,4
66,103,6
66,104,14
66,105,21
66,106,15
66,107,9
66,110,2
66,112,1
66,113,1
66,114,9
66,116,4
66,120,2
66,123,2
66,130,3
66,131,2
66,139,1
66,142,8
66,143,13
66,144,1
66,147,1
66,148,9
66,149,9
66,150,102
66,151,5
66,152,19
66,156,3
66,162,1
66,165,3
66,166,1
66,168,7
66,170,2
66,171,15
66,174,3
66,175,15
66,178,26
66,179,4
66,180,10
66,181,6
66,184,3
66,187,1
66,189,2
66,191,9
66,193,4
66,194,1
66,195,3
66,196,3
66,197,11
66,198,4
66,199,6
66,200,25
66,204,4
66,206,2
66,207,2
66,210,1
66,212,1
66,213,6
66,214,7
66,215,8
66,216,16
66,217,14
66,220,2
66,224,38
66,225,2
66,226,1
66,227,2
66,228,1
66,229,45
66,231,1
66,236,9
66,238,3
66,239,2
66,241,36
66,245,1
66,247,10
66,249,6
66,250,11
66,251,33
66,252,4
66,253,3
66,255,1
66,259,1
66,265,3
66,266,1
66,267,2
66,270,6
66,273,11
66,274,2
66,276,2
66,281,2
66,284,10
66,285,17
66,286,28
66,287,2
66,288,2
66,289,6
66,290,3
66,291,2
66,295,1
66,296,2
66,300,3
66,301,1
66,302,2
66,304,13
66,305,3
66,308,4
66,309,1
66,310,2
66,311,2
66,312,1
66,313,2
66,314,1
66,315,14
66,316,5
66,317,3
66,319,1
66,320,30
66,321,2
66,323,35
66,325,7
66,328,3
66,331,6
66,332,5
66,333,12
66,335,8
66,336,1
66,337,5
66,339,1
66,340,5
66,341,3
66,342,9
66,343,3
66,344,1
66,345,4
66,348,2
66,349,1
66,351,2
66,354,3
66,356,10
66,357,1
66,358,2
66,359,3
66,360,2
66,361,1
66,362,3
66,364,2
66,365,1
66,366,40
66,367,2
66,368,2
66,369,46
66,371,1
66,372,1
66,373,1
66,375,1
66,378,18
67,5,2
67,7,6
67,10,2
67,11,1
67,12,1
67,13,1
67,14,2
67,15,1
67,16,1
67,18,6
67,19,2
67,21,1
67,24,4
67,26,1
67,30,1
67,35,5
67,41,15
67,42,25
67,44,2
67,46,7
67,47,6
67,53,1
67,56,1
67,59,3
67,61,18
67,62,43
67,63,10
67,64,3
67,68,3
67,70,2
67,71,4
67,72,16
67,73,3
67,74,2
67,76,2
67,82,5
67,83,1
67,86,2
67,94,24
67,95,1
67,96,1
67,98,4
67,100,1
67,102,4
67,103,1
67,104,6
67,105,6
67,106,7
67,107,3
67,114,4
67,115,1
67,123,1
67,130,2
67,131,1
67,142,3
67,143,5
67,148,2
67,149,1
67,150,31
67,152,10
67,154,2
67,168,1
67,170,1
67,171,7
67,175,15
67,178,2
67,179,3
67,180,1
67,184,4
67,190,1
67,191,3
67,192,1
67,195,4
67,197,10
67,198,2
67,200,2
67,203,1
67,204,3
67,213,1
67,215,9
67,216,1
67,217,4
67,220,1
67,224,10
67,225,6
67,229,16
67,230,2
67,236,3
67,238,3
67,241,6
67,249,5
67,250,6
67,251,14
67,252,3
67,260,1
67,266,1
67,270,6
67,273,4
67,276,1
67,277,1
67,284,8
67,285,11
67,286,8
67,289,5
67,291,1
67,295,2
67,296,3
67,304,3
67,307,3
67,308,1
67,310,1
67,311,8
67,315,7
67,316,6
67,319,4
67,320,2
67,321,1
67,323,14
67,325,2
67,330,1
67,331,1
67,332,4
67,333,9
67,335,7
67,337,4
67,340,2
67,342,1
67,343,2
67,345,1
67,346,2
67,348,1
67,349,2
67,354,2
67,356,5
67,357,5
67,361,4
67,362,2
67,366,15
67,367,1
67,369,30
67,371,4
67,378,3
68,5,1
68,7,13
68,9,3
68,10,6
68,11,1
68,13,1
68,14,2
68,15,2
68,16,1
68,18,10
68,26,1
68,30,2
68,31,1
68,37,2
68,40,1
68,41,17
68,42,22
68,43,3
68,45,1
68,46,14
68,47,6
68,57,1
68,61,25
68,62,37
68,63,7
68,64,5
68,67,13
68,69,4
68,70,4
68,71,10
68,72,32
68,73,8
68,74,12
68,77,1
68,80,1
68,81,3
68,82,8
68,83,2
68,86,1
68,89,1
68,94,22
68,97,1
68,102,1
68,103,1
68,104,8
68,105,15
68,106,12
68,107,6
68,112,1
68,113,1
68,114,4
68,115,1
68,116,6
68,119,1
68,123,1
68,128,1
68,139,1
68,141,1
68,142,1
68,143,2
68,144,1
68,147,1
68,148,1
68,149,2
68,150,30
68,152,2
68,155,4
68,156,1
68,158,1
68,165,1
68,168,3
68,170,1
68,171,2
68,173,1
68,174,1
68,175,11
68,178,5
68,180,3
68,187,2
68,189,2
68,190,1
68,191,2
68,194,1
68,197,6
68,200,10
68,206,1
68,211,1
68,212,2
68,213,2
68,215,6
68,216,4
68,217,10
68,220,1
68,224,8
68,225,1
68,227,1
68,229,5
68,230,1
68,236,8
68,237,2
68,238,4
68,241,3
68,244,1
68,249,7
68,250,8
68,251,3
68,252,4
68,253,1
68,264,1
68,266,1
68,270,2
68,273,3
68,284,4
68,285,1
68,286,4
68,287,1
68,289,3
68,291,1
68,296,1
68,301,2
68,302,2
68,304,7
68,307,3
68,308,2
68,312,1
68,314,1
68,315,5
68,316,4
68,320,6
68,321,1
68,323,13
68,325,4
68,332,3
68,333,3
68,335,3
68,336,1
68,340,3
68,342,3
68,343,1
68,344,1
68,345,3
68,346,1
68,348,1
68,349,1
68,354,1
68,356,2
68,357,1
68,361,2
68,363,1
68,366,19
68,368,1
68,369,30
68,371,1
68,372,1
68,375,1
69,5,3
69,7,41
69,9,3
69,10,7
69,11,2
69,12,1
69,14,11
69,15,3
69,17,1
69,18,14
69,19,7
69,20,2
69,22,1
69,24,1
69,26,1
69,27,1
69,29,2
69,30,1
69,31,1
69,37,2
69,39,1
69,40,3
69,41,28
69,42,62
69,43,2
69,44,2
69,45,5
69,46,21
69,47,18
69,49,2
69,51,2
69,52,1
69,53,4
69,54,1
69,59,2
69,61,33
69,62,57
69,63,9
69,64,10
69,67,33
69,68,5
69,70,4
69,72,39
69,73,8
69,74,17
69,80,4
69,81,2
69,82,11
69,83,2
69,86,5
69,87,1
69,88,1
69,93,3
69,94,78
69,95,4
69,97,5
69,98,2
69,101,1
69,102,8
69,103,3
69,104,17
69,105,25
69,106,13
69,107,12
69,108,1
69,110,1
69,111,1
69,113,1
69,114,10
69,116,12
69,120,1
69,123,3
69,125,2
69,126,2
69,130,5
69,132,1
69,133,2
69,135,1
69,139,1
69,142,28
69,143,8
69,144,1
69,148,2
69,149,4
69,150,67
69,151,9
69,152,9
69,153,1
69,154,1
69,156,4
69,159,1
69,160,2
69,161,1
69,168,9
69,169,3
69,170,3
69,171,9
69,172,1
69,175,17
69,178,15
69,179,6
69,180,11
69,181,4
69,182,1
69,184,1
69,186,3
69,189,4
69,190,1
69,191,3
69,194,1
69,195,4
69,196,1
69,197,5
69,198,1
69,199,3
69,200,15
69,201,2
69,203,4
69,204,3
69,206,9
69,211,1
69,212,4
69,213,12
69,214,7
69,215,11
69,216,29
69,217,17
69,220,2
69,221,3
69,224,19
69,225,2
69,226,1
69,227,1
69,229,54
69,230,1
69,231,1
69,235,1
69,236,13
69,238,10
69,239,1
69,241,12
69,244,1
69,245,1
69,247,3
69,249,9
69,250,23
69,251,38
69,252,12
69,253,3
69,262,1
69,263,2
69,264,1
69,266,3
69,270,6
69,271,2
69,273,13
69,275,1
69,276,1
69,280,2
69,281,2
69,282,2
69,284,12
69,285,11
69,286,19
69,287,5
69,289,7
69,290,1
69,291,2
69,292,2
69,293,2
69,304,7
69,307,5
69,308,3
69,310,1
69,311,3
69,313,6
69,314,2
69,315,12
69,316,6
69,319,4
69,320,17
69,321,8
69,322,1
69,323,44
69,324,5
69,325,1
69,328,3
69,331,1
69,332,10
69,333,6
69,334,1
69,335,3
69,336,1
69,337,5
69,340,4
69,341,4
69,342,21
69,343,3
69,345,4
69,346,3
69,350,2
69,354,4
69,356,7
69,358,2
69,361,1
69,362,24
69,365,8
69,366,49
69,367,4
69,368,3
69,369,67
69,370,2
69,371,1
69,373,1
69,375,2
69,378,7
70,6,1
70,7,19
70,9,1
70,10,3
70,12,1
70,14,1
70,15,5
70,16,1
70,18,6
70,19,1
70,22,1
70,23,1
70,26,2
70,30,1
70,38,1
70,40,6
70,41,6
70,42,5
70,44,3
70,45,1
70,46,5
70,47,15
70,53,1
70,54,1
70,58,2
70,59,1
70,61,10
70,62,16
70,63,1
70,64,8
70,67,8
70,68,6
70,69,2
70,71,9
70,72,41
70,73,2
70,74,9
70,79,1
70,80,1
70,82,8
70,83,1
70,86,2
70,94,29
70,97,2
70,101,4
70,102,6
70,104,13
70,105,7
70,106,1
70,107,3
70,110,1
70,113,1
70,114,4
70,115,1
70,116,3
70,123,3
70,130,1
70,142,12
70,143,4
70,149,5
70,150,26
70,152,9
70,153,2
70,155,2
70,156,1
70,160,1
70,165,2
70,168,3
70,170,2
70,171,5
70,172,1
70,173,4
70,174,1
70,175,12
70,177,1
70,178,2
70,180,2
70,181,2
70,187,1
70,189,1
70,191,2
70,193,2
70,195,3
70,196,1
70,197,9
70,198,3
70,200,3
70,203,1
70,204,1
70,206,1
70,208,1
70,212,1
70,213,1
70,214,2
70,215,2
70,216,1
70,217,1
70,220,2
70,221,1
70,224,12
70,225,7
70,226,1
70,229,7
70,231,1
70,236,1
70,238,2
70,241,4
70,245,1
70,247,1
70,249,2
70,250,13
70,251,5
70,252,4
70,253,2
70,264,1
70,265,1
70,270,5
70,273,4
70,280,1
70,281,1
70,284,5
70,285,2
70,286,6
70,287,3
70,289,4
70,291,1
70,293,1
70,296,4
70,302,2
70,304,3
70,307,1
70,308,2
70,310,1
70,311,3
70,314,1
70,315,6
70,316,4
70,319,2
70,320,9
70,323,21
70,325,4
70,328,4
70,332,1
70,333,1
70,335,3
70,336,1
70,337,10
70,340,4
70,341,3
70,342,4
70,344,2
70,345,3
70,346,1
70,348,1
70,356,1
70,357,1
70,361,2
70,362,4
70,366,19
70,367,1
70,368,1
70,369,27
70,370,1
70,372,1
70,377,1
70,378,4
71,7,29
71,10,2
71,14,2
71,16,1
71,17,2
71,18,1
71,24,2
71,26,2
71,29,2
71,37,2
71,38,1
71,39,1
71,40,3
71,41,12
71,42,11
71,44,1
71,45,6
71,46,8
71,47,7
71,54,1
71,61,24
71,62,22
71,63,7
71,64,2
71,66,1
71,67,17
71,69,1
71,70,1
71,72,20
71,73,2
71,74,5
71,76,1
71,81,2
71,82,6
71,83,2
71,94,21
71,96,1
71,97,1
71,100,2
71,102,4
71,104,7
71,105,8
71,106,5
71,107,5
71,113,1
71,114,2
71,116,1
71,118,1
71,123,2
71,125,1
71,129,1
71,130,2
71,132,1
71,139,1
71,140,1
71,142,6
71,143,8
71,144,1
71,146,1
71,149,3
71,150,19
71,152,7
71,153,1
71,154,3
71,155,2
71,156,1
71,168,5
71,170,1
71,171,3
71,175,10
71,178,2
71,180,2
71,185,1
71,189,2
71,195,1
71,196,2
71,197,5
71,199,2
71,200,4
71,204,3
71,206,1
71,207,1
71,210,1
71,213,2
71,214,1
71,216,9
71,217,9
71,220,4
71,221,2
71,224,7
71,225,2
71,227,1
71,229,17
71,236,7
71,241,6
71,245,1
71,249,6
71,250,7
71,251,17
71,252,2
71,253,1
71,262,3
71,270,2
71,271,1
71,273,2
71,276,3
71,284,7
71,285,4
71,289,1
71,291,1
71,295,1
71,301,1
71,302,1
71,304,3
71,307,4
71,309,1
71,310,2
71,311,4
71,315,8
71,316,4
71,319,2
71,320,5
71,321,4
71,323,21
71,325,5
71,333,3
71,335,1
71,337,1
71,340,2
71,341,2
71,345,1
71,346,1
71,348,1
71,353,1
71,356,2
71,357,1
71,361,1
71,362,6
71,365,1
71,366,12
71,368,2
71,369,8
71,371,1
71,372,1
71,374,1
71,376,1
71,378,3
72,5,1
72,7,20
72,9,1
72,10,5
72,11,5
72,12,3
72,14,4
72,15,1
72,16,1
72,18,7
72,19,5
72,24,2
72,26,2
72,27,1
72,30,1
72,31,1
72,37,2
72,40,15
72,41,13
72,42,34
72,44,3
72,46,21
72,47,7
72,49,5
72,53,2
72,56,4
72,59,2
72,61,22
72,62,47
72,63,14
72,64,2
72,66,2
72,67,8
72,69,11
72,70,2
72,71,6
72,73,7
72,74,7
72,77,1
72,78,1
72,80,3
72,81,4
72,82,9
72,83,2
72,86,3
72,94,35
72,95,1
72,98,2
72,100,2
72,102,9
72,103,1
72,104,11
72,105,15
72,106,12
72,107,7
72,113,1
72,114,7
72,116,6
72,119,1
72,123,2
72,125,1
72,129,1
72,130,1
72,142,5
72,143,18
72,144,1
72,148,2
72,149,2
72,150,65
72,151,1
72,152,12
72,153,2
72,154,1
72,156,2
72,165,1
72,168,2
72,169,1
72,171,7
72,174,1
72,175,26
72,177,1
72,178,6
72,179,1
72,180,4
72,184,1
72,187,2
72,189,1
72,191,13
72,195,2
72,196,4
72,197,10
72,199,2
72,200,20
72,202,2
72,203,2
72,204,11
72,213,7
72,214,1
72,215,5
72,216,4
72,217,13
72,220,2
72,221,5
72,222,2
72,224,18
72,225,3
72,227,2
72,228,1
72,229,27
72,231,1
72,236,9
72,238,3
72,241,16
72,242,1
72,244,1
72,245,2
72,246,1
72,247,2
72,249,9
72,250,18
72,251,35
72,252,2
72,256,1
72,262,2
72,264,1
72,267,1
72,270,5
72,273,7
72,276,3
72,280,1
72,281,2
72,284,22
72,285,4
72,286,5
72,287,1
72,289,10
72,302,1
72,304,3
72,308,2
72,310,1
72,311,1
72,313,1
72,314,2
72,315,16
72,316,11
72,320,11
72,321,7
72,322,3
72,323,38
72,325,7
72,328,3
72,332,5
72,333,4
72,335,1
72,337,2
72,340,4
72,341,1
72,342,4
72,343,3
72,344,3
72,345,8
72,346,3
72,347,1
72,348,1
72,354,1
72,356,3
72,357,1
72,358,2
72,361,1
72,362,7
72,365,6
72,366,21
72,369,35
72,371,1
72,376,1
72,378,9
73,3,2
73,6,2
73,7,85
73,8,2
73,10,1
73,11,1
73,12,1
73,14,5
73,15,2
73,18,5
73,19,9
73,20,5
73,22,4
73,26,1
73,40,3
73,41,4
73,42,5
73,43,3
73,44,2
73,47,2
73,49,2
73,53,1
73,57,1
73,61,1
73,62,18
73,63,2
73,64,3
73,74,41
73,75,4
73,77,2
73,79,9
73,80,4
73,81,10
73,82,47
73,83,6
73,84,2
73,85,2
73,86,28
73,87,1
73,88,1
73,89,3
73,90,10
73,94,4
73,104,63
73,105,48
73,106,7
73,107,11
73,108,3
73,109,2
73,110,3
73,111,5
73,112,8
73,113,20
73,114,8
73,116,4
73,117,11
73,118,1
73,120,1
73,123,15
73,125,5
73,128,4
73,129,2
73,130,7
73,135,1
73,138,1
73,139,3
73,142,19
73,143,11
73,147,2
73,148,8
73,149,9
73,150,94
73,151,6
73,152,21
73,153,1
73,154,14
73,155,1
73,156,3
73,160,1
73,165,3
73,166,4
73,168,16
73,169,1
73,170,2
73,171,14
73,173,1
73,175,30
73,177,2
73,178,15
73,179,5
73,180,11
73,181,3
73,183,3
73,184,1
73,186,1
73,187,1
73,189,8
73,190,2
73,191,11
73,193,1
73,195,5
73,196,2
73,197,7
73,198,7
73,199,5
73,200,23
73,203,1
73,204,8
73,206,3
73,209,1
73,210,2
73,211,1
73,212,1
73,213,6
73,214,9
73,215,9
73,216,5
73,217,13
73,218,2
73,220,3
73,222,1
73,223,1
73,224,25
73,225,6
73,226,2
73,227,1
73,229,45
73,230,1
73,231,5
73,236,3
73,238,4
73,239,3
73,240,3
73,241,13
73,244,3
73,245,1
73,249,2
73,250,19
73,251,12
73,252,7
73,254,1
73,255,1
73,258,1
73,260,2
73,263,4
73,264,3
73,268,1
73,270,8
73,271,2
73,273,11
73,276,5
73,279,1
73,281,2
73,284,8
73,285,2
73,286,23
73,289,4
73,290,3
73,291,1
73,293,1
73,295,4
73,296,1
73,298,1
73,299,2
73,300,1
73,305,5
73,307,1
73,308,1
73,311,1
73,313,4
73,315,2
73,316,3
73,317,1
73,319,4
73,320,11
73,323,8
73,325,3
73,328,2
73,329,1
73,333,6
73,335,1
73,336,2
73,337,1
73,340,1
73,342,5
73,345,1
73,348,2
73,349,1
73,350,3
73,351,1
73,352,3
73,354,6
73,355,2
73,356,5
73,359,1
73,361,1
73,363,1
73,365,4
73,366,124
73,367,6
73,368,23
73,369,8
73,371,1
73,372,1
73,378,2
74,1,1
74,3,1
74,6,4
74,7,33
74,10,1
74,12,1
74,14,5
74,18,4
74,19,2
74,20,1
74,21,1
74,24,2
74,26,1
74,35,1
74,37,1
74,40,1
74,41,1
74,42,2
74,43,1
74,44,1
74,45,1
74,46,2
74,47,1
74,61,2
74,62,12
74,63,1
74,64,1
74,69,1
74,73,47
74,75,3
74,77,1
74,79,2
74,80,3
74,81,11
74,82,22
74,83,17
74,84,1
74,85,3
74,86,16
74,87,2
74,90,2
74,91,1
74,94,7
74,98,1
74,104,44
74,105,15
74,106,11
74,107,4
74,109,3
74,112,6
74,113,14
74,114,7
74,116,13
74,117,12
74,120,1
74,122,1
74,123,13
74,124,1
74,128,5
74,130,10
74,131,1
74,135,2
74,138,1
74,139,3
74,140,1
74,142,18
74,143,5
74,147,2
74,148,7
74,149,14
74,150,49
74,151,7
74,152,11
74,154,8
74,156,4
74,165,1
74,166,3
74,168,15
74,169,2
74,170,6
74,171,18
74,174,1
74,175,7
74,178,4
74,179,1
74,180,14
74,181,2
74,183,3
74,184,1
74,185,4
74,189,2
74,190,3
74,191,10
74,194,1
74,195,1
74,196,6
74,197,4
74,198,3
74,199,3
74,200,9
74,201,1
74,202,1
74,203,3
74,204,10
74,206,1
74,208,1
74,213,1
74,214,1
74,215,6
74,216,2
74,217,4
74,218,2
74,224,10
74,225,8
74,227,1
74,228,3
74,229,18
74,231,4
74,238,2
74,241,1
74,244,3
74,245,2
74,247,1
74,249,4
74,250,8
74,251,19
74,252,11
74,253,1
74,260,2
74,264,2
74,265,2
74,267,2
74,270,2
74,271,1
74,272,3
74,273,5
74,274,3
74,276,2
74,280,1
74,284,3
74,285,6
74,286,11
74,287,5
74,289,3
74,296,1
74,304,4
74,307,1
74,308,2
74,310,3
74,311,1
74,313,1
74,316,2
74,319,1
74,320,3
74,323,2
74,328,2
74,329,1
74,332,1
74,333,3
74,335,2
74,337,1
74,338,1
74,340,2
74,342,3
74,345,2
74,349,1
74,350,1
74,354,18
74,355,7
74,356,6
74,359,2
74,361,2
74,362,2
74,363,1
74,366,90
74,367,2
74,368,16
74,369,8
74,371,1
74,372,5
74,376,1
75,1,1
75,3,1
75,7,43
75,8,2
75,10,2
75,11,2
75,12,2
75,13,1
75,14,1
75,15,9
75,19,8
75,20,3
75,22,3
75,24,2
75,37,2
75,40,2
75,41,1
75,42,5
75,43,2
75,44,2
75,45,1
75,46,1
75,47,2
75,51,1
75,53,1
75,56,1
75,61,5
75,62,21
75,63,1
75,64,2
75,67,1
75,73,33
75,74,16
75,76,4
75,77,5
75,78,3
75,79,23
75,80,2
75,81,17
75,82,41
75,83,16
75,86,26
75,87,7
75,88,6
75,90,1
75,91,2
75,92,2
75,94,3
75,95,1
75,97,1
75,98,1
75,102,1
75,104,36
75,105,36
75,106,7
75,107,15
75,110,2
75,112,7
75,113,4
75,114,15
75,115,1
75,116,29
75,117,11
75,118,2
75,119,1
75,120,2
75,121,1
75,123,2
75,125,1
75,126,2
75,127,1
75,128,2
75,129,1
75,130,12
75,139,5
75,142,23
75,143,6
75,144,3
75,146,1
75,148,33
75,149,34
75,150,91
75,151,2
75,152,32
75,153,3
75,154,8
75,155,1
75,156,3
75,158,3
75,159,1
75,160,2
75,162,4
75,165,5
75,166,2
75,167,1
75,168,36
75,169,1
75,170,9
75,171,47
75,173,2
75,174,7
75,175,11
75,177,3
75,178,13
75,179,5
75,180,10
75,181,6
75,184,2
75,186,2
75,187,3
75,188,2
75,189,6
75,190,4
75,191,11
75,193,3
75,195,4
75,196,3
75,197,13
75,198,12
75,199,7
75,200,12
75,202,1
75,203,1
75,204,15
75,206,8
75,207,1
75,208,1
75,210,1
75,211,3
75,212,5
75,213,5
75,215,2
75,216,5
75,217,14
75,218,3
75,220,3
75,221,3
75,223,1
75,224,39
75,225,10
75,226,2
75,227,4
75,228,4
75,229,43
75,233,1
75,236,2
75,238,5
75,239,2
75,240,1
75,241,10
75,244,1
75,245,2
75,247,6
75,249,1
75,250,13
75,251,11
75,252,12
75,253,2
75,259,4
75,260,1
75,262,1
75,263,2
75,264,4
75,266,2
75,267,2
75,268,1
75,270,7
75,271,1
75,272,1
75,273,3
75,276,2
75,282,1
75,284,4
75,285,8
75,286,9
75,287,1
75,288,1
75,289,1
75,290,3
75,291,1
75,292,1
75,296,2
75,304,3
75,306,1
75,307,1
75,311,1
75,313,1
75,315,2
75,316,3
75,319,1
75,320,12
75,321,1
75,323,1
75,331,3
75,332,2
75,333,3
75,335,2
75,337,4
75,339,1
75,340,4
75,342,1
75,343,2
75,348,2
75,350,2
75,351,1
75,352,1
75,354,7
75,355,1
75,356,29
75,358,1
75,363,1
75,365,1
75,366,78
75,367,4
75,368,1
75,369,5
75,371,3
75,376,1
76,2,2
76,3,2
76,6,2
76,7,78
76,9,2
76,10,1
76,11,1
76,12,2
76,13,3
76,15,2
76,18,9
76,19,3
76,20,10
76,22,2
76,24,1
76,30,1
76,38,1
76,41,2
76,42,6
76,43,3
76,44,1
76,45,2
76,46,1
76,47,4
76,53,1
76,61,4
76,62,23
76,63,2
76,64,1
76,67,1
76,73,34
76,74,29
76,75,3
76,77,10
76,78,4
76,79,35
76,80,4
76,81,8
76,82,57
76,83,10
76,86,25
76,88,2
76,90,4
76,91,2
76,92,2
76,94,6
76,95,1
76,97,2
76,98,1
76,103,1
76,104,56
76,105,41
76,106,14
76,107,15
76,108,2
76,109,4
76,110,4
76,111,1
76,112,20
76,113,11
76,114,24
76,115,4
76,116,23
76,117,20
76,118,1
76,119,6
76,120,8
76,121,1
76,123,14
76,125,5
76,128,3
76,130,7
76,135,5
76,138,1
76,139,2
76,140,1
76,142,22
76,143,9
76,144,1
76,148,23
76,149,39
76,150,116
76,151,11
76,152,32
76,153,1
76,154,14
76,155,3
76,156,11
76,158,4
76,160,1
76,165,3
76,166,2
76,168,32
76,169,2
76,170,12
76,171,40
76,173,4
76,174,6
76,175,21
76,177,5
76,178,12
76,179,10
76,180,15
76,181,8
76,183,2
76,184,7
76,185,4
76,186,2
76,189,7
76,191,16
76,192,5
76,193,2
76,195,7
76,197,10
76,198,9
76,199,5
76,200,32
76,204,26
76,206,3
76,208,2
76,210,2
76,211,1
76,212,9
76,213,18
76,214,4
76,215,14
76,216,6
76,217,13
76,218,1
76,219,1
76,220,5
76,221,5
76,222,3
76,224,42
76,225,15
76,226,3
76,227,2
76,228,2
76,229,46
76,230,3
76,231,4
76,233,1
76,235,1
76,236,4
76,238,11
76,241,16
76,244,1
76,245,1
76,247,9
76,249,6
76,250,16
76,251,12
76,252,14
76,253,3
76,255,1
76,256,1
76,259,2
76,260,2
76,262,4
76,263,1
76,264,5
76,266,2
76,268,1
76,270,5
76,272,4
76,273,2
76,274,1
76,275,3
76,276,8
76,277,2
76,284,16
76,285,4
76,286,24
76,287,7
76,289,16
76,290,2
76,291,2
76,293,1
76,294,3
76,295,3
76,296,1
76,304,4
76,305,2
76,310,1
76,315,1
76,316,1
76,317,1
76,319,2
76,320,9
76,321,1
76,322,2
76,323,7
76,328,2
76,329,1
76,330,1
76,331,2
76,332,3
76,333,1
76,335,2
76,336,1
76,340,3
76,342,1
76,343,4
76,344,1
76,345,2
76,348,1
76,350,3
76,351,2
76,352,4
76,353,1
76,354,19
76,355,1
76,356,29
76,359,1
76,362,2
76,365,4
76,366,109
76,367,3
76,368,10
76,369,10
76,373,1
76,375,3
76,376,1
76,377,2
77,2,1
77,6,3
77,7,38
77,9,2
77,10,1
77,11,1
77,13,1
77,15,2
77,18,3
77,19,1
77,20,2
77,21,2
77,22,3
77,26,1
77,27,1
77,29,1
77,31,1
77,35,1
77,37,1
77,39,1
77,40,5
77,41,3
77,42,9
77,43,6
77,44,1
77,47,2
77,49,1
77,55,1
77,59,1
77,61,10
77,62,23
77,63,2
77,64,4
77,67,1
77,73,43
77,74,14
77,75,1
77,76,2
77,78,1
77,79,29
77,80,7
77,81,29
77,82,43
77,83,11
77,86,14
77,88,1
77,90,5
77,91,4
77,92,3
77,94,8
77,97,1
77,98,1
77,100,1
77,104,48
77,105,32
77,106,13
77,107,18
77,108,1
77,109,2
77,110,2
77,112,15
77,113,8
77,114,21
77,115,1
77,116,29
77,117,26
77,118,3
77,119,2
77,120,7
77,123,9
77,125,1
77,128,4
77,129,1
77,130,10
77,135,1
77,139,1
77,140,1
77,142,13
77,143,14
77,147,3
77,148,19
77,149,57
77,150,106
77,151,4
77,152,31
77,153,1
77,154,14
77,155,3
77,156,5
77,157,1
77,162,1
77,165,9
77,168,41
77,169,1
77,170,15
77,171,42
77,173,5
77,174,4
77,175,19
77,178,8
77,179,4
77,180,24
77,181,11
77,183,2
77,184,1
77,186,1
77,187,3
77,189,19
77,190,1
77,191,9
77,192,2
77,193,2
77,194,2
77,195,4
77,196,4
77,197,13
77,198,5
77,199,7
77,200,26
77,201,1
77,202,1
77,203,2
77,204,22
77,205,2
77,206,20
77,207,1
77,210,1
77,211,3
77,212,2
77,213,5
77,214,6
77,215,5
77,216,9
77,217,13
77,218,2
77,220,7
77,221,4
77,222,1
77,223,3
77,224,38
77,225,10
77,226,3
77,227,1
77,228,2
77,229,30
77,230,3
77,231,1
77,235,1
77,236,5
77,238,6
77,240,1
77,241,18
77,244,4
77,245,2
77,247,3
77,249,2
77,250,12
77,251,19
77,252,12
77,253,1
77,259,1
77,260,1
77,263,2
77,264,3
77,270,3
77,273,2
77,274,2
77,275,1
77,276,3
77,277,3
77,279,2
77,280,3
77,281,4
77,282,1
77,284,11
77,285,4
77,286,24
77,288,2
77,289,2
77,290,1
77,291,1
77,292,2
77,302,1
77,304,4
77,307,1
77,308,3
77,309,1
77,310,1
77,311,2
77,313,1
77,315,3
77,316,2
77,319,2
77,320,11
77,321,1
77,323,4
77,325,1
77,328,3
77,331,2
77,332,3
77,333,7
77,335,4
77,337,1
77,339,1
77,340,2
77,342,1
77,343,2
77,344,1
77,345,2
77,350,2
77,352,3
77,353,2
77,354,11
77,355,2
77,356,22
77,361,1
77,363,1
77,364,1
77,366,116
77,367,2
77,368,16
77,369,11
77,375,2
77,378,3
78,1,3
78,6,2
78,7,48
78,8,2
78,9,1
78,11,2
78,12,1
78,13,1
78,14,1
78,15,2
78,18,2
78,19,6
78,20,1
78,22,3
78,24,1
78,41,1
78,42,6
78,47,1
78,52,1
78,56,1
78,60,1
78,61,2
78,62,11
78,64,2
78,68,1
78,73,20
78,74,15
78,75,12
78,76,8
78,77,9
78,79,32
78,80,4
78,81,20
78,82,42
78,83,21
78,86,8
78,89,2
78,90,2
78,92,2
78,94,2
78,97,2
78,104,35
78,105,39
78,106,5
78,107,12
78,108,1
78,110,2
78,112,9
78,113,8
78,114,15
78,116,28
78,117,15
78,120,3
78,121,7
78,123,7
78,125,8
78,128,1
78,130,7
78,131,1
78,133,2
78,135,5
78,139,6
78,140,1
78,142,12
78,143,6
78,144,10
78,147,2
78,148,15
78,149,29
78,150,99
78,151,3
78,152,42
78,153,6
78,154,11
78,155,2
78,156,7
78,157,1
78,158,1
78,162,2
78,163,1
78,164,1
78,165,5
78,166,2
78,168,27
78,169,5
78,170,8
78,171,32
78,172,1
78,173,2
78,174,7
78,175,19
78,178,15
78,179,5
78,180,9
78,181,9
78,183,1
78,184,1
78,186,4
78,187,1
78,188,1
78,189,4
78,190,1
78,191,11
78,193,1
78,195,5
78,197,13
78,198,7
78,199,9
78,200,16
78,203,3
78,204,13
78,205,1
78,206,10
78,208,1
78,209,1
78,210,4
78,211,4
78,212,3
78,213,4
78,214,5
78,215,1
78,216,11
78,217,8
78,220,1
78,221,6
78,224,26
78,225,14
78,228,1
78,229,43
78,230,1
78,231,1
78,236,6
78,238,13
78,241,12
78,247,3
78,249,3
78,250,13
78,251,18
78,252,2
78,253,1
78,255,1
78,262,4
78,263,1
78,267,2
78,270,9
78,273,2
78,274,1
78,275,1
78,280,1
78,281,2
78,282,4
78,283,1
78,284,7
78,285,1
78,286,13
78,287,4
78,289,11
78,291,1
78,293,2
78,294,1
78,295,2
78,297,3
78,304,2
78,305,4
78,311,1
78,315,2
78,316,4
78,319,1
78,320,19
78,322,1
78,323,3
78,328,1
78,332,2
78,333,4
78,334,1
78,335,3
78,336,2
78,337,2
78,341,1
78,342,1
78,343,2
78,346,1
78,350,1
78,351,1
78,352,2
78,353,1
78,354,9
78,356,20
78,358,1
78,359,1
78,361,7
78,365,5
78,366,82
78,368,5
78,369,4
78,374,1
78,375,2
78,376,3
78,378,1
79,1,1
79,2,3
79,3,1
79,6,1
79,7,59
79,8,2
79,10,1
79,12,1
79,13,1
79,15,1
79,18,5
79,19,8
79,22,2
79,26,2
79,27,1
79,37,1
79,39,1
79,41,1
79,42,8
79,43,5
79,46,2
79,47,1
79,61,9
79,62,14
79,63,1
79,64,1
79,73,21
79,74,27
79,75,8
79,76,3
79,77,2
79,78,5
79,80,3
79,81,24
79,82,62
79,83,16
79,84,1
79,86,12
79,87,2
79,88,2
79,89,2
79,90,2
79,92,5
79,94,4
79,101,1
79,102,1
79,104,31
79,105,50
79,106,13
79,107,18
79,110,7
79,111,2
79,112,8
79,113,10
79,114,11
79,116,35
79,117,21
79,118,1
79,119,5
79,120,7
79,121,1
79,123,13
79,125,3
79,126,2
79,128,3
79,130,9
79,132,1
79,133,1
79,135,2
79,136,1
79,139,6
79,142,25
79,143,14
79,144,9
79,147,4
79,148,21
79,149,47
79,150,151
79,151,6
79,152,55
79,153,8
79,154,15
79,155,1
79,156,7
79,158,1
79,159,2
79,160,1
79,165,6
79,166,3
79,168,46
79,169,1
79,170,10
79,171,47
79,172,4
79,173,1
79,174,4
79,175,19
79,176,2
79,178,16
79,179,11
79,180,23
79,181,15
79,183,1
79,186,1
79,187,6
79,188,1
79,189,6
79,190,3
79,191,15
79,194,1
79,195,6
79,196,6
79,197,17
79,198,19
79,199,7
79,200,21
79,202,1
79,203,3
79,204,26
79,206,12
79,207,1
79,208,2
79,210,10
79,211,4
79,212,4
79,213,7
79,214,9
79,215,6
79,216,2
79,217,18
79,218,5
79,219,1
79,220,2
79,221,9
79,222,2
79,224,38
79,225,7
79,227,1
79,229,61
79,235,1
79,236,6
79,237,2
79,238,3
79,239,2
79,240,3
79,241,17
79,244,3
79,245,3
79,247,6
79,249,2
79,250,22
79,251,23
79,252,14
79,253,5
79,255,2
79,257,1
79,261,2
79,263,1
79,264,4
79,266,3
79,268,1
79,270,14
79,273,2
79,276,4
79,277,2
79,280,2
79,281,3
79,283,2
79,284,4
79,285,3
79,286,19
79,287,5
79,288,2
79,289,6
79,291,3
79,293,1
79,295,1
79,304,3
79,305,2
79,308,1
79,310,2
79,311,2
79,313,1
79,315,5
79,316,6
79,320,6
79,323,1
79,324,1
79,328,2
79,332,2
79,333,6
79,334,3
79,336,1
79,337,3
79,341,1
79,342,1
79,344,1
79,345,4
79,346,1
79,348,1
79,349,2
79,351,5
79,352,2
79,353,1
79,354,21
79,356,26
79,359,1
79,361,1
79,365,1
79,366,124
79,367,4
79,368,24
79,369,6
79,370,1
79,372,2
79,373,3
79,376,3
79,377,1
80,6,2
80,7,13
80,10,8
80,13,1
80,15,1
80,19,1
80,21,2
80,30,1
80,31,1
80,40,1
80,41,2
80,42,2
80,43,2
80,44,1
80,47,3
80,51,1
80,59,1
80,61,7
80,62,8
80,63,1
80,67,1
80,71,1
80,73,30
80,74,4
80,79,1
80,81,7
80,82,19
80,83,9
80,86,1
80,87,1
80,90,3
80,92,1
80,94,3
80,97,1
80,98,1
80,101,1
80,102,1
80,104,36
80,105,6
80,106,2
80,107,2
80,108,1
80,110,2
80,111,2
80,112,9
80,113,11
80,114,10
80,115,1
80,116,15
80,117,20
80,118,1
80,120,3
80,123,5
80,125,2
80,129,1
80,130,1
80,139,1
80,142,8
80,143,7
80,144,3
80,148,1
80,149,6
80,150,15
80,151,6
80,152,3
80,154,8
80,156,3
80,166,5
80,168,4
80,169,2
80,170,4
80,171,3
80,173,2
80,174,3
80,175,4
80,178,2
80,179,2
80,180,2
80,181,2
80,182,1
80,186,9
80,189,2
80,191,3
80,193,2
80,194,2
80,195,3
80,196,9
80,197,3
80,198,4
80,199,4
80,200,2
80,202,1
80,203,1
80,204,2
80,206,10
80,207,1
80,214,4
80,215,10
80,216,5
80,217,6
80,218,1
80,219,1
80,221,3
80,222,1
80,223,1
80,224,11
80,225,10
80,226,1
80,228,2
80,229,17
80,230,2
80,232,1
80,236,1
80,238,5
80,244,1
80,247,2
80,249,1
80,250,1
80,251,7
80,252,5
80,260,1
80,264,1
80,266,1
80,269,1
80,270,1
80,273,2
80,276,1
80,277,2
80,282,1
80,284,3
80,285,2
80,286,11
80,289,1
80,292,1
80,304,2
80,307,3
80,308,3
80,310,2
80,311,2
80,313,1
80,315,3
80,316,1
80,319,1
80,320,2
80,323,4
80,331,1
80,333,3
80,334,1
80,337,1
80,342,2
80,349,1
80,354,3
80,356,4
80,361,1
80,365,1
80,366,40
80,367,2
80,368,5
80,369,3
80,371,6
80,375,1
80,378,3
81,2,1
81,3,1
81,7,7
81,9,3
81,10,2
81,15,4
81,22,3
81,24,1
81,34,1
81,41,1
81,42,1
81,44,2
81,52,1
81,57,1
81,61,3
81,62,7
81,63,1
81,73,10
81,74,5
81,75,2
81,79,6
81,80,5
81,82,9
81,83,10
81,86,5
81,87,1
81,90,3
81,92,2
81,94,1
81,97,2
81,104,22
81,105,7
81,106,1
81,107,1
81,108,2
81,110,1
81,111,1
81,113,3
81,114,8
81,115,1
81,116,3
81,117,10
81,118,1
81,119,3
81,125,2
81,128,2
81,131,1
81,133,1
81,135,1
81,139,1
81,142,7
81,143,5
81,144,1
81,147,1
81,148,3
81,149,12
81,150,28
81,152,6
81,154,14
81,155,2
81,166,7
81,168,6
81,169,3
81,170,2
81,171,12
81,173,1
81,174,1
81,175,9
81,178,6
81,179,5
81,180,4
81,185,1
81,187,1
81,189,2
81,190,2
81,191,1
81,195,4
81,196,1
81,197,2
81,198,3
81,199,4
81,200,4
81,201,1
81,203,2
81,204,9
81,206,4
81,207,2
81,208,1
81,213,2
81,214,3
81,216,5
81,217,3
81,221,2
81,224,5
81,225,5
81,229,2
81,232,1
81,236,1
81,237,1
81,238,3
81,241,1
81,245,5
81,247,2
81,249,2
81,250,2
81,251,1
81,252,3
81,255,1
81,258,1
81,264,3
81,266,2
81,270,2
81,271,3
81,273,1
81,274,1
81,282,1
81,284,3
81,286,15
81,287,1
81,289,1
81,293,1
81,305,1
81,307,1
81,309,1
81,320,9
81,321,1
81,323,1
81,325,1
81,328,1
81,333,1
81,334,1
81,338,1
81,340,1
81,342,1
81,345,1
81,350,2
81,353,1
81,354,1
81,356,7
81,365,1
81,366,22
81,368,1
81,369,3
82,6,1
82,7,15
82,13,2
82,15,2
82,18,1
82,19,4
82,37,1
82,46,1
82,62,1
82,63,1
82,67,1
82,71,1
82,73,8
82,74,3
82,76,1
82,80,1
82,81,1
82,83,3
82,86,6
82,94,2
82,97,2
82,104,7
82,105,4
82,106,2
82,107,3
82,109,3
82,110,1
82,112,1
82,113,4
82,115,1
82,116,2
82,117,8
82,118,1
82,120,1
82,123,1
82,130,1
82,139,1
82,142,5
82,143,2
82,147,1
82,148,2
82,149,8
82,150,19
82,151,3
82,154,4
82,155,1
82,156,2
82,161,1
82,162,1
82,166,1
82,168,6
82,169,5
82,170,1
82,171,9
82,174,2
82,175,1
82,177,3
82,178,3
82,179,3
82,180,8
82,183,1
82,185,1
82,186,1
82,189,3
82,191,2
82,193,2
82,195,3
82,196,2
82,197,1
82,198,18
82,199,1
82,200,2
82,204,2
82,211,3
82,212,1
82,214,1
82,215,5
82,216,6
82,221,5
82,224,5
82,225,3
82,226,2
82,229,1
82,238,4
82,241,2
82,244,1
82,245,1
82,247,2
82,250,4
82,251,3
82,253,2
82,255,4
82,256,1
82,263,1
82,270,1
82,274,1
82,276,2
82,284,3
82,285,1
82,286,2
82,289,1
82,291,1
82,293,1
82,295,1
82,296,1
82,299,1
82,300,1
82,310,3
82,313,1
82,320,8
82,321,1
82,325,1
82,331,1
82,350,1
82,351,1
82,354,2
82,356,7
82,361,1
82,366,12
82,368,1
82,369,1
82,376,1
83,7,8
83,10,2
83,11,1
83,25,1
83,37,1
83,39,1
83,47,1
83,53,2
83,56,2
83,61,6
83,62,6
83,64,1
83,73,5
83,74,2
83,80,1
83,81,1
83,82,15
83,84,2
83,86,1
83,92,1
83,94,1
83,97,1
83,100,1
83,104,4
83,105,4
83,106,3
83,107,2
83,108,1
83,111,5
83,112,3
83,113,2
83,114,9
83,116,1
83,119,1
83,125,1
83,130,1
83,142,8
83,143,1
83,148,5
83,149,9
83,150,11
83,151,1
83,152,1
83,153,1
83,154,5
83,155,2
83,162,8
83,165,7
83,166,5
83,168,10
83,169,1
83,170,3
83,171,6
83,172,2
83,174,9
83,175,3
83,176,1
83,177,1
83,178,1
83,179,3
83,180,1
83,188,2
83,189,2
83,191,2
83,195,1
83,196,2
83,198,1
83,199,1
83,201,1
83,202,1
83,203,7
83,204,4
83,206,3
83,207,1
83,211,1
83,215,2
83,216,2
83,217,2
83,218,1
83,223,1
83,224,5
83,225,6
83,226,2
83,228,1
83,230,1
83,231,2
83,238,1
83,239,1
83,241,1
83,245,1
83,247,2
83,250,1
83,251,3
83,262,1
83,264,2
83,265,2
83,267,2
83,268,1
83,271,1
83,273,2
83,274,1
83,280,1
83,285,2
83,286,6
83,291,3
83,292,1
83,295,1
83,301,1
83,302,1
83,304,1
83,305,1
83,307,2
83,310,1
83,311,2
83,315,1
83,317,3
83,319,2
83,320,1
83,321,1
83,323,2
83,332,1
83,333,2
83,334,1
83,340,2
83,342,1
83,347,1
83,348,1
83,354,1
83,356,7
83,359,1
83,361,1
83,365,1
83,366,12
84,2,5
84,3,1
84,6,6
84,7,52
84,9,1
84,10,2
84,11,1
84,13,2
84,14,2
84,15,4
84,17,1
84,18,3
84,19,2
84,20,5
84,21,1
84,22,1
84,31,1
84,34,1
84,37,1
84,40,3
84,41,3
84,42,3
84,43,1
84,54,1
84,59,1
84,61,7
84,62,22
84,63,1
84,64,3
84,69,1
84,72,1
84,73,57
84,74,22
84,75,1
84,76,2
84,77,1
84,78,1
84,79,1
84,80,8
84,81,12
84,82,33
84,83,17
84,86,15
84,88,1
84,90,2
84,92,1
84,94,6
84,96,1
84,97,2
84,98,2
84,104,81
84,105,31
84,106,11
84,107,4
84,110,2
84,111,6
84,112,2
84,113,15
84,114,16
84,116,15
84,117,11
84,119,1
84,123,13
84,125,4
84,128,4
84,129,3
84,130,18
84,131,3
84,132,1
84,139,2
84,140,2
84,142,21
84,143,14
84,147,1
84,148,3
84,149,7
84,150,72
84,151,2
84,152,17
84,153,1
84,154,7
84,155,3
84,156,4
84,158,2
84,162,2
84,163,1
84,166,3
84,168,13
84,170,7
84,171,13
84,173,1
84,175,6
84,178,8
84,179,5
84,180,8
84,181,1
84,182,1
84,185,1
84,186,5
84,187,6
84,189,9
84,190,2
84,191,15
84,193,1
84,194,1
84,195,3
84,196,5
84,197,5
84,198,6
84,199,1
84,200,14
84,201,2
84,202,4
84,204,7
84,205,2
84,206,4
84,207,1
84,208,3
84,212,1
84,213,7
84,214,6
84,215,5
84,216,4
84,217,8
84,218,1
84,219,1
84,220,5
84,221,5
84,222,3
84,224,22
84,225,6
84,226,1
84,228,2
84,229,22
84,230,2
84,231,1
84,235,1
84,236,1
84,238,3
84,241,2
84,244,3
84,245,2
84,247,1
84,249,3
84,250,6
84,251,12
84,252,3
84,257,1
84,259,1
84,262,3
84,263,2
84,264,2
84,265,1
84,266,1
84,267,1
84,270,14
84,273,2
84,274,1
84,276,1
84,280,1
84,281,4
84,284,1
84,285,6
84,286,8
84,287,1
84,289,6
84,290,2
84,291,1
84,293,1
84,296,1
84,302,1
84,304,4
84,310,1
84,311,1
84,313,1
84,315,7
84,316,3
84,319,4
84,320,5
84,321,1
84,326,1
84,328,3
84,329,1
84,331,1
84,332,2
84,333,4
84,334,1
84,336,1
84,337,1
84,340,1
84,342,2
84,343,1
84,345,2
84,346,1
84,351,1
84,353,1
84,354,10
84,355,3
84,356,14
84,359,2
84,360,1
84,363,1
84,365,3
84,366,147
84,367,2
84,368,30
84,369,6
84,372,5
85,2,1
85,6,2
85,7,55
85,10,3
85,14,6
85,15,1
85,18,1
85,19,5
85,20,5
85,22,4
85,25,1
85,36,1
85,40,1
85,42,4
85,43,4
85,44,1
85,47,2
85,52,2
85,61,7
85,62,17
85,63,1
85,73,32
85,74,21
85,75,2
85,79,5
85,80,3
85,81,15
85,82,25
85,83,5
85,84,4
85,86,45
85,88,1
85,90,4
85,91,1
85,94,7
85,95,1
85,97,1
85,104,45
85,105,29
85,106,14
85,107,8
85,108,1
85,109,1
85,110,3
85,112,12
85,113,12
85,114,14
85,116,3
85,117,11
85,119,2
85,123,6
85,125,8
85,128,7
85,129,2
85,130,14
85,132,1
85,135,5
85,138,1
85,139,8
85,140,2
85,142,27
85,143,3
85,148,6
85,149,12
85,150,59
85,151,3
85,152,17
85,154,13
85,155,3
85,156,3
85,158,1
85,160,1
85,162,4
85,165,6
85,166,1
85,168,7
85,169,2
85,170,3
85,171,30
85,173,3
85,174,1
85,175,6
85,178,8
85,179,1
85,180,14
85,181,5
85,183,1
85,184,1
85,186,6
85,187,1
85,189,1
85,190,1
85,191,8
85,192,4
85,197,10
85,198,5
85,200,17
85,201,1
85,202,1
85,203,1
85,204,8
85,205,2
85,206,1
85,212,6
85,213,2
85,214,5
85,215,3
85,216,10
85,217,11
85,218,6
85,219,1
85,220,4
85,221,1
85,222,1
85,224,27
85,225,5
85,227,5
85,229,49
85,230,3
85,231,3
85,235,1
85,236,3
85,238,2
85,239,1
85,241,6
85,244,2
85,245,5
85,247,3
85,249,3
85,250,5
85,251,6
85,252,5
85,254,1
85,257,1
85,262,2
85,265,1
85,267,2
85,270,6
85,273,5
85,275,1
85,281,3
85,284,5
85,285,10
85,286,21
85,287,2
85,289,5
85,293,2
85,295,1
85,302,2
85,304,1
85,307,1
85,308,3
85,310,4
85,311,1
85,313,2
85,315,1
85,316,3
85,317,2
85,319,13
85,320,12
85,321,1
85,323,7
85,325,1
85,331,1
85,332,2
85,333,3
85,335,3
85,336,1
85,342,4
85,343,1
85,350,5
85,352,3
85,354,8
85,355,1
85,356,11
85,358,1
85,359,1
85,360,1
85,361,4
85,366,96
85,367,2
85,368,39
85,369,10
85,372,3
85,373,2
85,376,1
85,377,1
85,378,2
86,5,1
86,6,4
86,7,120
86,9,3
86,10,1
86,11,1
86,13,2
86,14,4
86,18,12
86,19,12
86,20,3
86,21,1
86,22,5
86,24,1
86,26,2
86,30,1
86,37,3
86,38,1
86,40,3
86,41,4
86,42,12
86,43,2
86,44,1
86,45,1
86,47,2
86,51,1
86,59,1
86,61,7
86,62,25
86,63,2
86,64,2
86,72,1
86,73,45
86,74,42
86,75,4
86,76,6
86,77,3
86,79,12
86,80,16
86,81,27
86,82,66
86,83,10
86,84,1
86,89,2
86,90,4
86,92,2
86,94,5
86,95,1
86,97,2
86,98,4
86,100,1
86,102,1
86,103,1
86,104,98
86,105,64
86,106,19
86,107,17
86,108,6
86,109,3
86,110,10
86,111,5
86,112,8
86,113,30
86,114,12
86,116,39
86,117,44
86,118,2
86,119,1
86,120,1
86,123,20
86,125,10
86,127,2
86,128,1
86,129,1
86,130,8
86,132,1
86,133,2
86,135,5
86,136,1
86,139,11
86,140,2
86,141,1
86,142,39
86,143,32
86,147,1
86,148,18
86,149,15
86,150,166
86,151,10
86,152,56
86,153,2
86,154,4
86,155,1
86,156,2
86,158,1
86,159,1
86,160,1
86,161,3
86,165,6
86,166,3
86,168,31
86,169,4
86,170,7
86,171,39
86,173,3
86,174,4
86,175,22
86,178,28
86,179,7
86,180,27
86,181,18
86,182,1
86,184,4
86,186,3
86,187,10
86,189,9
86,190,3
86,191,30
86,193,1
86,195,12
86,196,7
86,197,19
86,198,12
86,199,2
86,200,49
86,204,8
86,205,3
86,206,14
86,210,1
86,211,2
86,212,3
86,213,4
86,214,8
86,215,12
86,216,16
86,217,24
86,218,5
86,220,4
86,221,2
86,223,1
86,224,46
86,225,17
86,226,3
86,227,11
86,228,2
86,229,72
86,230,3
86,231,5
86,232,2
86,235,2
86,236,14
86,237,3
86,238,8
86,241,16
86,244,1
86,247,5
86,249,8
86,250,25
86,251,43
86,252,16
86,253,3
86,256,1
86,259,1
86,262,1
86,263,3
86,264,5
86,265,2
86,266,1
86,270,14
86,271,2
86,273,13
86,274,1
86,275,1
86,276,3
86,277,1
86,281,1
86,282,1
86,283,1
86,284,14
86,285,3
86,286,22
86,287,4
86,289,7
86,291,6
86,293,2
86,296,4
86,302,1
86,304,9
86,305,6
86,309,1
86,311,1
86,313,1
86,315,9
86,316,1
86,317,1
86,319,3
86,320,11
86,321,3
86,322,1
86,323,9
86,325,4
86,328,1
86,330,1
86,333,5
86,334,2
86,335,1
86,336,3
86,337,1
86,339,2
86,340,2
86,342,2
86,343,1
86,344,2
86,345,4
86,350,5
86,351,2
86,352,1
86,353,1
86,354,26
86,355,4
86,356,17
86,358,1
86,360,6
86,361,7
86,362,1
86,363,1
86,365,8
86,366,199
86,367,7
86,368,21
86,369,14
86,371,3
86,372,2
86,373,1
86,375,1
86,378,3
87,7,23
87,8,3
87,9,1
87,13,3
87,14,1
87,15,2
87,19,4
87,24,1
87,31,3
87,36,1
87,37,3
87,40,1
87,41,1
87,42,4
87,43,1
87,44,2
87,45,1
87,47,4
87,56,1
87,61,3
87,62,20
87,63,1
87,64,1
87,73,15
87,74,3
87,75,5
87,76,2
87,77,3
87,79,13
87,80,6
87,81,12
87,82,21
87,83,20
87,86,12
87,88,2
87,89,2
87,90,4
87,91,4
87,92,5
87,94,1
87,97,2
87,101,2
87,103,2
87,104,42
87,105,4
87,106,4
87,107,17
87,110,6
87,112,9
87,113,12
87,114,8
87,115,2
87,116,6
87,117,6
87,120,3
87,125,5
87,130,5
87,135,3
87,139,1
87,142,11
87,143,4
87,144,1
87,148,14
87,149,36
87,150,34
87,151,1
87,152,14
87,153,3
87,154,8
87,155,3
87,156,8
87,158,1
87,162,6
87,163,1
87,165,1
87,166,8
87,168,21
87,169,6
87,170,9
87,171,30
87,172,1
87,173,7
87,175,4
87,178,4
87,179,2
87,180,8
87,181,1
87,182,2
87,184,1
87,189,3
87,191,5
87,192,1
87,193,3
87,195,3
87,196,2
87,197,2
87,198,2
87,199,3
87,200,6
87,202,1
87,204,7
87,206,6
87,207,9
87,210,2
87,211,6
87,212,4
87,214,1
87,215,2
87,216,8
87,217,5
87,218,1
87,220,3
87,221,1
87,222,5
87,224,11
87,225,2
87,229,11
87,235,1
87,238,9
87,241,5
87,247,4
87,249,1
87,250,4
87,251,3
87,252,3
87,257,1
87,258,2
87,263,1
87,264,6
87,265,1
87,268,1
87,269,1
87,270,4
87,272,1
87,273,3
87,274,2
87,276,1
87,281,2
87,282,2
87,284,5
87,285,2
87,286,21
87,289,4
87,291,2
87,292,3
87,293,1
87,296,1
87,301,1
87,304,1
87,308,1
87,310,3
87,315,1
87,316,1
87,320,9
87,323,1
87,325,2
87,331,3
87,332,3
87,333,6
87,334,1
87,335,2
87,336,5
87,337,3
87,338,1
87,339,1
87,340,1
87,345,3
87,347,1
87,348,1
87,349,1
87,353,2
87,354,1
87,356,20
87,364,1
87,366,36
87,367,3
87,368,10
87,369,2
87,371,2
88,7,37
88,8,1
88,9,1
88,10,1
88,11,1
88,14,4
88,15,5
88,17,1
88,18,6
88,19,7
88,22,1
88,37,2
88,38,1
88,39,1
88,40,2
88,41,1
88,42,1
88,44,5
88,46,1
88,47,4
88,57,1
88,59,1
88,61,3
88,62,25
88,63,4
88,70,1
88,71,1
88,72,1
88,73,29
88,74,10
88,75,6
88,76,1
88,77,4
88,78,1
88,79,3
88,80,1
88,81,17
88,82,36
88,83,9
88,84,2
88,86,8
88,87,3
88,91,2
88,94,1
88,98,1
88,103,1
88,104,44
88,105,22
88,106,7
88,107,17
88,108,1
88,109,3
88,110,1
88,112,18
88,113,19
88,114,20
88,115,1
88,116,14
88,117,22
88,118,2
88,119,1
88,120,5
88,123,1
88,125,3
88,130,2
88,133,1
88,134,2
88,135,1
88,139,1
88,140,1
88,142,12
88,143,15
88,144,4
88,147,1
88,148,11
88,149,19
88,150,73
88,151,11
88,152,15
88,154,10
88,155,4
88,156,4
88,158,1
88,162,2
88,165,1
88,166,5
88,168,19
88,169,9
88,170,5
88,171,15
88,173,4
88,174,6
88,175,5
88,177,2
88,178,8
88,179,4
88,180,7
88,181,4
88,184,1
88,186,2
88,189,13
88,191,6
88,193,1
88,195,3
88,197,3
88,198,6
88,199,5
88,200,5
88,203,1
88,204,8
88,205,2
88,206,8
88,207,2
88,209,1
88,210,4
88,211,2
88,212,4
88,213,5
88,214,4
88,215,6
88,216,2
88,217,8
88,218,4
88,220,5
88,221,2
88,222,3
88,224,21
88,225,6
88,227,3
88,228,1
88,229,24
88,231,6
88,235,3
88,236,2
88,237,1
88,238,10
88,239,1
88,240,1
88,241,4
88,244,1
88,245,3
88,246,1
88,247,3
88,249,4
88,250,5
88,251,16
88,252,6
88,253,1
88,254,1
88,255,4
88,259,1
88,262,2
88,264,7
88,266,2
88,267,1
88,269,1
88,270,5
88,274,2
88,276,3
88,281,5
88,282,1
88,284,3
88,285,12
88,286,22
88,287,2
88,289,1
88,290,3
88,291,6
88,292,1
88,295,2
88,301,1
88,307,1
88,308,2
88,310,2
88,313,1
88,315,1
88,317,3
88,319,3
88,320,16
88,323,3
88,328,5
88,330,1
88,331,1
88,332,4
88,333,9
88,335,3
88,336,1
88,342,1
88,343,1
88,344,1
88,345,1
88,350,4
88,351,1
88,352,1
88,354,1
88,355,3
88,356,20
88,358,2
88,359,2
88,360,1
88,361,3
88,363,1
88,366,77
88,368,9
88,369,1
88,371,2
88,376,2
88,378,1
89,2,2
89,5,2
89,7,30
89,8,1
89,10,3
89,12,1
89,13,1
89,14,4
89,15,7
89,16,1
89,18,2
89,19,2
89,20,1
89,24,1
89,26,1
89,29,2
89,40,4
89,41,1
89,42,6
89,44,3
89,47,3
89,51,1
89,52,1
89,56,1
89,57,1
89,58,1
89,60,1
89,61,3
89,62,41
89,63,1
89,64,2
89,65,1
89,67,1
89,73,58
89,74,15
89,76,2
89,77,1
89,78,1
89,79,17
89,80,9
89,81,19
89,82,45
89,83,17
89,84,1
89,86,14
89,87,6
89,88,5
89,90,13
89,91,2
89,92,1
89,94,9
89,97,2
89,104,58
89,105,23
89,106,8
89,107,5
89,108,2
89,109,1
89,110,6
89,111,10
89,112,14
89,113,8
89,114,32
89,115,5
89,116,14
89,117,55
89,118,7
89,120,6
89,121,1
89,123,7
89,125,6
89,126,3
89,128,2
89,130,4
89,132,1
89,135,1
89,139,3
89,142,21
89,143,5
89,147,2
89,148,14
89,149,38
89,150,71
89,151,4
89,152,25
89,153,3
89,154,31
89,155,3
89,156,14
89,158,2
89,162,4
89,165,10
89,166,3
89,168,23
89,169,5
89,170,14
89,171,57
89,172,2
89,173,9
89,174,12
89,175,16
89,177,3
89,178,8
89,179,8
89,180,17
89,181,2
89,182,1
89,183,2
89,185,1
89,186,11
89,188,3
89,189,3
89,190,2
89,191,10
89,194,6
89,195,10
89,196,3
89,197,12
89,198,8
89,199,4
89,200,15
89,202,1
89,203,1
89,204,15
89,205,3
89,206,9
89,207,6
89,209,2
89,210,12
89,211,2
89,212,2
89,213,9
89,214,10
89,215,15
89,216,5
89,217,9
89,218,7
89,220,11
89,221,6
89,222,6
89,223,1
89,224,25
89,225,7
89,226,3
89,227,2
89,228,4
89,229,21
89,230,2
89,231,2
89,232,1
89,238,16
89,240,1
89,241,3
89,242,1
89,244,4
89,247,6
89,249,14
89,250,17
89,251,12
89,252,20
89,253,3
89,254,4
89,255,1
89,256,2
89,259,1
89,262,6
89,263,1
89,264,8
89,267,1
89,269,1
89,270,7
89,271,3
89,273,3
89,274,4
89,276,5
89,280,1
89,281,1
89,282,1
89,284,3
89,285,10
89,286,26
89,287,5
89,288,3
89,289,7
89,291,3
89,292,1
89,293,1
89,295,6
89,297,1
89,301,1
89,302,2
89,304,6
89,305,4
89,310,2
89,311,2
89,312,2
89,313,1
89,315,2
89,316,3
89,317,1
89,320,24
89,321,2
89,323,5
89,325,1
89,328,2
89,333,2
89,334,6
89,335,3
89,336,5
89,337,1
89,340,3
89,342,2
89,343,2
89,345,1
89,346,1
89,348,3
89,350,1
89,351,1
89,352,4
89,354,8
89,355,2
89,356,21
89,361,1
89,362,3
89,363,1
89,364,1
89,365,2
89,366,95
89,367,1
89,368,17
89,369,5
89,371,13
89,372,1
89,373,1
89,376,3
89,378,1
90,2,1
90,6,1
90,7,34
90,11,2
90,14,2
90,15,1
90,16,1
90,18,3
90,19,5
90,22,2
90,37,3
90,40,1
90,41,3
90,42,4
90,44,1
90,46,1
90,47,5
90,52,1
90,53,2
90,61,5
90,62,14
90,63,2
90,64,2
90,67,1
90,72,1
90,73,47
90,74,8
90,75,3
90,76,2
90,77,2
90,80,8
90,81,9
90,82,17
90,83,12
90,86,4
90,87,1
90,88,1
90,92,4
90,94,5
90,97,2
90,98,3
90,104,52
90,105,8
90,106,3
90,107,5
90,108,4
90,109,3
90,110,1
90,111,1
90,112,7
90,113,16
90,114,10
90,116,17
90,117,23
90,118,1
90,120,2
90,124,1
90,125,5
90,128,1
90,129,1
90,130,3
90,135,3
90,139,2
90,142,7
90,143,7
90,148,6
90,149,9
90,150,35
90,151,5
90,152,9
90,154,13
90,155,2
90,156,4
90,162,5
90,165,4
90,166,6
90,168,18
90,170,3
90,171,11
90,173,3
90,174,8
90,175,9
90,178,4
90,179,3
90,180,3
90,181,3
90,185,1
90,186,4
90,189,9
90,191,9
90,193,2
90,194,2
90,195,6
90,196,1
90,198,5
90,199,5
90,200,4
90,202,2
90,203,1
90,204,4
90,205,2
90,206,1
90,208,1
90,210,2
90,211,2
90,212,5
90,213,2
90,214,6
90,215,12
90,216,4
90,217,4
90,219,2
90,220,1
90,221,3
90,222,2
90,224,3
90,225,2
90,227,1
90,228,2
90,229,25
90,235,2
90,236,1
90,238,2
90,241,2
90,247,3
90,249,4
90,250,8
90,251,7
90,252,1
90,255,2
90,259,1
90,263,1
90,264,5
90,266,3
90,267,1
90,268,1
90,269,2
90,270,4
90,273,1
90,274,1
90,275,1
90,276,1
90,281,5
90,284,1
90,285,4
90,286,9
90,287,3
90,288,1
90,289,7
90,299,1
90,302,1
90,304,3
90,307,1
90,310,1
90,313,1
90,316,2
90,318,2
90,319,1
90,320,23
90,321,1
90,322,1
90,323,3
90,326,1
90,328,3
90,332,1
90,333,3
90,335,2
90,337,1
90,340,2
90,351,1
90,352,1
90,354,9
90,356,1
90,358,1
90,359,1
90,361,3
90,366,53
90,367,1
90,368,16
90,369,5
90,370,1
90,372,1
90,376,2
91,6,1
91,7,16
91,8,1
91,9,1
91,10,1
91,15,1
91,17,1
91,18,2
91,19,4
91,20,1
91,21,1
91,24,2
91,31,1
91,34,1
91,37,2
91,39,3
91,40,1
91,42,1
91,45,1
91,47,1
91,52,1
91,55,1
91,56,1
91,61,6
91,62,13
91,63,1
91,67,1
91,73,32
91,74,11
91,75,1
91,77,2
91,79,5
91,80,5
91,81,11
91,82,34
91,83,10
91,86,11
91,87,2
91,88,2
91,90,14
91,92,2
91,94,1
91,97,2
91,98,1
91,102,1
91,104,32
91,105,5
91,106,4
91,107,6
91,108,1
91,110,1
91,111,2
91,112,2
91,113,3
91,114,9
91,116,12
91,117,18
91,118,2
91,119,1
91,120,1
91,123,1
91,125,1
91,126,2
91,130,2
91,133,1
91,139,1
91,142,6
91,143,3
91,144,1
91,148,9
91,149,14
91,150,36
91,151,5
91,152,15
91,153,3
91,154,7
91,155,4
91,156,7
91,158,1
91,159,1
91,162,1
91,165,2
91,166,5
91,168,12
91,169,3
91,170,3
91,171,16
91,173,2
91,174,8
91,175,4
91,177,1
91,178,3
91,179,9
91,180,12
91,183,1
91,186,3
91,188,1
91,189,3
91,191,3
91,192,2
91,194,1
91,195,3
91,196,4
91,197,4
91,198,2
91,199,1
91,200,4
91,203,2
91,204,5
91,205,1
91,206,3
91,210,2
91,212,6
91,213,1
91,215,3
91,216,1
91,217,9
91,218,3
91,224,6
91,225,8
91,226,1
91,227,1
91,229,11
91,238,2
91,239,1
91,241,2
91,242,2
91,244,1
91,245,2
91,247,2
91,249,2
91,250,4
91,251,10
91,252,4
91,254,1
91,255,1
91,260,1
91,262,6
91,264,1
91,266,1
91,267,1
91,269,1
91,270,8
91,271,2
91,273,1
91,274,4
91,275,1
91,276,3
91,277,1
91,281,3
91,284,8
91,285,8
91,286,19
91,288,3
91,294,1
91,295,3
91,296,1
91,300,1
91,301,1
91,302,2
91,304,1
91,305,2
91,310,3
91,311,1
91,316,1
91,319,1
91,320,9
91,324,1
91,332,2
91,333,1
91,334,1
91,335,3
91,337,1
91,338,3
91,340,1
91,345,3
91,346,1
91,350,6
91,351,1
91,352,1
91,354,2
91,356,17
91,358,1
91,359,1
91,365,2
91,366,43
91,367,1
91,368,9
91,369,3
91,375,1
91,376,1
91,378,1
92,3,1
92,7,48
92,10,1
92,11,1
92,12,3
92,14,3
92,15,2
92,16,1
92,18,6
92,19,2
92,20,1
92,22,1
92,31,1
92,37,3
92,39,1
92,40,3
92,41,3
92,42,3
92,43,3
92,53,2
92,61,8
92,62,7
92,66,1
92,73,25
92,74,27
92,75,4
92,77,2
92,78,1
92,79,13
92,80,1
92,81,10
92,82,33
92,83,14
92,84,5
92,86,14
92,88,4
92,90,1
92,94,7
92,95,1
92,97,2
92,101,1
92,102,1
92,104,34
92,105,20
92,106,15
92,107,11
92,109,2
92,110,1
92,111,1
92,112,11
92,113,13
92,114,17
92,115,1
92,116,21
92,117,15
92,119,1
92,120,4
92,123,15
92,127,1
92,129,1
92,130,3
92,134,1
92,135,3
92,136,1
92,139,3
92,140,1
92,142,11
92,143,8
92,144,1
92,147,1
92,148,11
92,149,34
92,150,72
92,151,6
92,152,19
92,153,1
92,154,8
92,156,4
92,162,1
92,163,1
92,165,2
92,166,4
92,168,15
92,169,3
92,170,14
92,171,22
92,172,2
92,175,13
92,177,1
92,178,13
92,179,6
92,180,6
92,181,12
92,185,2
92,186,5
92,187,1
92,189,13
92,190,3
92,191,11
92,192,4
92,193,2
92,195,4
92,196,1
92,197,15
92,198,6
92,199,3
92,200,21
92,201,3
92,202,2
92,204,15
92,206,4
92,209,1
92,210,5
92,212,1
92,213,3
92,214,1
92,215,5
92,216,5
92,217,7
92,220,1
92,221,3
92,223,3
92,224,22
92,225,12
92,226,2
92,227,1
92,228,1
92,229,39
92,230,2
92,231,2
92,235,3
92,236,3
92,238,10
92,241,15
92,244,3
92,247,6
92,249,1
92,250,10
92,251,29
92,252,5
92,253,2
92,255,7
92,258,1
92,260,1
92,262,4
92,264,2
92,266,2
92,267,2
92,269,2
92,270,10
92,271,1
92,273,3
92,274,2
92,275,1
92,276,2
92,280,1
92,281,2
92,284,10
92,285,3
92,286,5
92,287,4
92,288,1
92,289,1
92,291,2
92,295,2
92,302,1
92,304,2
92,307,1
92,311,3
92,315,3
92,316,2
92,320,7
92,323,2
92,328,1
92,330,1
92,331,2
92,333,4
92,336,1
92,337,3
92,340,1
92,344,2
92,345,1
92,346,1
92,351,1
92,352,4
92,353,1
92,354,4
92,356,9
92,361,3
92,362,1
92,363,1
92,366,64
92,367,5
92,368,6
92,369,5
92,372,1
92,375,1
92,378,2
93,6,3
93,7,30
93,9,4
93,10,4
93,11,2
93,14,3
93,15,2
93,16,6
93,17,1
93,18,16
93,19,1
93,20,2
93,21,1
93,22,4
93,23,1
93,24,3
93,26,1
93,30,3
93,31,2
93,39,1
93,40,2
93,41,16
93,42,64
93,44,1
93,46,20
93,47,12
93,49,2
93,51,2
93,53,2
93,56,1
93,57,4
93,61,24
93,62,48
93,63,7
93,64,7
93,65,1
93,67,1
93,69,1
93,71,2
93,72,1
93,73,3
93,74,5
93,75,1
93,77,1
93,80,5
93,81,4
93,82,12
93,83,1
93,86,5
93,94,71
93,95,1
93,97,2
93,98,5
93,100,2
93,102,1
93,103,1
93,104,10
93,105,18
93,106,17
93,107,16
93,112,1
93,116,10
93,123,1
93,125,2
93,130,6
93,131,1
93,142,8
93,143,13
93,144,1
93,148,3
93,149,4
93,150,56
93,151,4
93,152,8
93,154,2
93,156,2
93,157,1
93,165,5
93,169,1
93,170,4
93,171,14
93,173,2
93,175,14
93,178,14
93,179,2
93,180,8
93,181,2
93,182,1
93,189,7
93,190,1
93,191,13
93,193,8
93,195,1
93,196,2
93,197,17
93,198,1
93,199,2
93,200,8
93,201,1
93,203,1
93,204,1
93,205,1
93,206,3
93,212,1
93,213,12
93,214,2
93,215,2
93,216,12
93,217,16
93,220,2
93,221,2
93,224,23
93,225,2
93,229,25
93,230,1
93,231,3
93,235,1
93,236,6
93,238,1
93,239,4
93,240,1
93,241,9
93,244,1
93,245,1
93,249,19
93,250,17
93,251,14
93,252,4
93,253,1
93,254,1
93,260,1
93,263,1
93,264,2
93,265,2
93,270,5
93,273,10
93,276,1
93,277,1
93,281,1
93,284,8
93,285,5
93,286,1
93,289,6
93,299,1
93,301,1
93,302,3
93,304,10
93,307,1
93,308,3
93,310,1
93,311,8
93,315,6
93,316,15
93,319,2
93,320,10
93,321,8
93,322,1
93,323,30
93,325,13
93,328,3
93,333,4
93,334,3
93,337,2
93,340,14
93,342,5
93,343,2
93,344,1
93,345,8
93,347,4
93,350,3
93,356,2
93,361,5
93,362,8
93,365,5
93,366,32
93,368,2
93,369,36
93,372,3
93,378,5
94,7,50
94,10,4
94,11,3
94,14,5
94,15,11
94,16,5
94,17,2
94,18,21
94,19,6
94,20,2
94,21,1
94,22,4
94,24,5
94,27,1
94,29,2
94,31,1
94,33,1
94,35,2
94,39,1
94,40,6
94,41,27
94,42,142
94,44,3
94,46,35
94,47,7
94,49,1
94,51,3
94,53,6
94,54,4
94,59,1
94,61,49
94,62,60
94,63,14
94,64,15
94,66,2
94,67,3
94,69,3
94,70,3
94,71,2
94,72,7
94,73,5
94,74,10
94,78,1
94,81,9
94,82,10
94,83,1
94,86,8
94,91,1
94,95,3
94,97,1
94,102,5
94,103,3
94,104,18
94,105,19
94,106,46
94,107,17
94,113,3
94,114,3
94,116,5
94,119,1
94,123,3
94,126,1
94,128,1
94,130,4
94,135,2
94,139,3
94,142,13
94,143,11
94,144,1
94,148,5
94,149,5
94,150,93
94,151,4
94,152,13
94,154,5
94,156,2
94,158,1
94,166,1
94,168,9
94,170,1
94,171,10
94,174,1
94,175,28
94,177,2
94,178,23
94,179,2
94,180,7
94,181,2
94,182,1
94,186,1
94,187,8
94,189,2
94,191,17
94,193,1
94,195,3
94,197,21
94,198,7
94,200,41
94,203,2
94,204,11
94,206,4
94,212,6
94,213,10
94,214,21
94,215,11
94,216,31
94,217,35
94,220,1
94,221,1
94,222,1
94,224,31
94,225,5
94,226,3
94,229,41
94,230,1
94,231,4
94,236,23
94,238,23
94,241,20
94,242,1
94,244,2
94,245,2
94,247,3
94,249,26
94,250,34
94,251,56
94,252,8
94,254,1
94,264,1
94,270,16
94,273,38
94,274,1
94,278,1
94,279,1
94,280,1
94,281,3
94,282,4
94,283,3
94,284,20
94,285,2
94,286,35
94,287,8
94,288,1
94,289,7
94,290,3
94,291,3
94,292,1
94,295,1
94,302,2
94,304,16
94,307,1
94,308,10
94,310,4
94,311,6
94,313,5
94,315,38
94,316,30
94,317,3
94,319,5
94,320,43
94,321,6
94,323,90
94,325,4
94,328,22
94,331,4
94,332,11
94,333,4
94,335,3
94,337,8
94,339,2
94,340,7
94,341,1
94,342,4
94,344,5
94,345,7
94,346,1
94,347,6
94,348,1
94,350,3
94,354,3
94,356,9
94,357,2
94,358,1
94,359,9
94,360,3
94,361,2
94,362,7
94,365,9
94,366,43
94,368,3
94,369,139
94,371,1
94,372,2
94,376,1
94,378,3
95,4,1
95,5,2
95,6,1
95,7,9
95,9,1
95,10,10
95,13,1
95,14,1
95,15,1
95,16,1
95,17,1
95,18,7
95,19,7
95,20,4
95,21,4
95,22,1
95,24,4
95,28,1
95,29,1
95,30,1
95,31,2
95,37,2
95,40,2
95,41,11
95,42,34
95,43,2
95,45,2
95,46,12
95,47,10
95,49,4
95,52,3
95,53,2
95,54,2
95,56,5
95,58,2
95,59,1
95,60,1
95,61,11
95,62,36
95,63,8
95,64,4
95,67,3
95,69,1
95,72,5
95,73,4
95,74,6
95,80,3
95,81,3
95,82,8
95,83,2
95,86,3
95,88,1
95,94,37
95,97,2
95,98,1
95,101,3
95,102,6
95,103,4
95,104,7
95,105,11
95,106,21
95,107,11
95,108,1
95,113,1
95,114,1
95,116,7
95,117,1
95,123,2
95,129,1
95,130,2
95,142,7
95,143,3
95,147,1
95,148,6
95,149,4
95,150,50
95,151,2
95,152,12
95,153,3
95,154,2
95,156,5
95,159,1
95,168,7
95,170,1
95,171,5
95,173,2
95,174,1
95,175,2
95,178,2
95,179,1
95,180,10
95,182,3
95,189,3
95,190,3
95,191,12
95,193,1
95,195,3
95,196,1
95,197,5
95,198,4
95,199,1
95,200,8
95,203,3
95,204,5
95,206,9
95,212,4
95,213,5
95,214,3
95,215,14
95,216,5
95,217,10
95,220,3
95,224,13
95,225,3
95,226,1
95,229,29
95,235,1
95,236,1
95,237,2
95,238,4
95,241,5
95,245,1
95,249,12
95,250,13
95,251,15
95,252,3
95,253,2
95,262,2
95,264,1
95,265,1
95,266,1
95,270,9
95,273,20
95,276,5
95,284,7
95,285,3
95,286,8
95,287,2
95,288,1
95,289,5
95,295,5
95,297,1
95,299,1
95,304,5
95,305,1
95,308,6
95,310,5
95,311,6
95,312,1
95,313,7
95,315,4
95,316,14
95,319,2
95,320,18
95,321,7
95,322,4
95,323,22
95,325,12
95,328,2
95,331,4
95,332,4
95,333,7
95,334,1
95,335,3
95,336,2
95,337,1
95,339,1
95,340,9
95,341,1
95,342,9
95,343,1
95,344,2
95,345,8
95,346,1
95,348,2
95,350,3
95,354,2
95,357,1
95,358,4
95,360,1
95,363,2
95,364,1
95,365,11
95,366,23
95,367,1
95,368,1
95,369,38
95,371,7
95,372,1
95,373,1
95,376,1
95,378,6
96,5,5
96,7,22
96,9,1
96,10,5
96,11,8
96,12,3
96,14,2
96,15,2
96,16,3
96,17,3
96,18,11
96,19,5
96,20,3
96,21,1
96,22,1
96,24,3
96,26,2
96,27,6
96,29,2
96,31,4
96,34,2
96,36,1
96,37,3
96,39,2
96,40,5
96,41,14
96,42,39
96,43,1
96,44,12
96,45,4
96,46,16
96,47,13
96,49,2
96,52,1
96,53,2
96,56,1
96,57,2
96,61,45
96,62,54
96,63,22
96,64,5
96,67,1
96,69,1
96,70,2
96,71,4
96,72,5
96,73,2
96,74,12
96,76,1
96,77,1
96,79,2
96,81,12
96,82,15
96,83,3
96,86,6
96,90,1
96,94,60
96,95,3
96,97,1
96,98,4
96,99,1
96,100,2
96,101,2
96,102,3
96,103,7
96,104,12
96,105,13
96,106,12
96,107,7
96,110,1
96,112,2
96,113,3
96,114,11
96,116,9
96,123,1
96,130,6
96,142,14
96,143,8
96,144,1
96,148,3
96,149,4
96,150,53
96,151,4
96,152,19
96,154,2
96,155,3
96,156,6
96,164,1
96,166,3
96,168,5
96,169,1
96,171,3
96,172,3
96,175,9
96,177,4
96,178,8
96,179,2
96,180,4
96,181,8
96,187,4
96,189,3
96,190,1
96,191,9
96,192,2
96,194,1
96,195,7
96,196,2
96,197,13
96,198,1
96,199,5
96,200,20
96,203,1
96,204,4
96,210,4
96,211,1
96,212,3
96,213,5
96,214,4
96,215,2
96,216,12
96,217,14
96,220,1
96,221,5
96,222,1
96,224,25
96,225,12
96,226,1
96,227,1
96,228,1
96,229,46
96,230,1
96,231,3
96,233,1
96,236,7
96,238,6
96,239,1
96,241,14
96,245,1
96,247,1
96,249,7
96,250,22
96,251,25
96,252,15
96,255,1
96,260,1
96,264,1
96,267,1
96,270,7
96,271,1
96,273,11
96,276,4
96,281,2
96,283,2
96,284,14
96,285,7
96,286,15
96,288,1
96,289,4
96,290,4
96,293,1
96,295,2
96,296,1
96,299,1
96,302,4
96,303,1
96,304,6
96,305,3
96,307,2
96,308,5
96,309,2
96,310,7
96,311,4
96,312,1
96,313,3
96,314,1
96,315,16
96,316,14
96,317,1
96,319,1
96,320,20
96,321,1
96,323,23
96,324,1
96,325,11
96,327,2
96,328,11
96,331,2
96,332,2
96,333,14
96,335,2
96,336,3
96,337,7
96,340,5
96,341,1
96,342,6
96,343,1
96,344,1
96,345,6
96,348,3
96,354,2
96,355,2
96,356,5
96,357,3
96,358,2
96,359,2
96,360,2
96,362,5
96,363,1
96,366,37
96,368,2
96,369,52
96,372,1
96,373,1
96,376,2
96,378,5
97,5,2
97,7,19
97,9,2
97,10,11
97,11,1
97,12,2
97,13,3
97,14,5
97,15,5
97,16,1
97,17,3
97,18,15
97,19,4
97,20,2
97,21,2
97,22,1
97,23,1
97,24,4
97,26,1
97,29,2
97,30,2
97,31,1
97,34,1
97,37,4
97,40,7
97,41,14
97,42,24
97,44,9
97,45,2
97,46,24
97,47,23
97,49,1
97,51,3
97,52,3
97,53,1
97,56,6
97,58,1
97,59,4
97,61,32
97,62,65
97,63,11
97,64,9
97,67,6
97,68,1
97,69,10
97,71,2
97,73,19
97,74,9
97,75,1
97,81,9
97,82,12
97,83,2
97,86,4
97,90,1
97,93,1
97,94,44
97,96,3
97,98,7
97,100,4
97,101,1
97,102,6
97,103,2
97,104,12
97,105,27
97,106,13
97,107,3
97,112,2
97,113,9
97,114,17
97,115,1
97,116,14
97,117,2
97,120,1
97,125,1
97,126,2
97,130,2
97,132,1
97,135,4
97,139,1
97,142,14
97,143,7
97,146,1
97,147,2
97,148,1
97,149,11
97,150,56
97,152,19
97,153,1
97,154,7
97,155,2
97,156,3
97,166,2
97,168,13
97,170,4
97,171,12
97,173,1
97,174,5
97,175,12
97,177,2
97,178,5
97,180,10
97,181,4
97,182,1
97,187,3
97,188,2
97,189,9
97,190,2
97,191,6
97,192,1
97,193,5
97,194,1
97,195,3
97,196,6
97,197,9
97,198,4
97,199,2
97,200,22
97,201,2
97,204,4
97,206,2
97,207,3
97,208,1
97,210,1
97,212,7
97,213,12
97,214,7
97,215,24
97,216,11
97,217,18
97,218,1
97,220,2
97,221,3
97,224,19
97,225,7
97,226,2
97,227,8
97,229,44
97,231,2
97,235,1
97,236,8
97,238,2
97,239,2
97,241,11
97,242,1
97,247,1
97,249,11
97,250,25
97,251,23
97,252,13
97,253,4
97,262,1
97,263,2
97,264,1
97,266,1
97,267,3
97,269,1
97,270,15
97,273,10
97,275,1
97,276,2
97,277,2
97,280,1
97,281,4
97,284,9
97,285,11
97,286,36
97,287,8
97,288,1
97,289,7
97,290,2
97,291,1
97,293,2
97,296,1
97,300,1
97,301,1
97,302,3
97,304,6
97,307,6
97,308,5
97,309,7
97,310,2
97,311,3
97,312,1
97,313,1
97,314,1
97,315,8
97,316,18
97,319,3
97,320,16
97,321,4
97,322,2
97,323,26
97,324,1
97,325,8
97,328,5
97,329,3
97,330,1
97,331,4
97,333,13
97,335,7
97,337,5
97,340,15
97,341,1
97,342,9
97,343,4
97,344,2
97,345,9
97,346,1
97,348,2
97,349,12
97,350,5
97,354,2
97,356,4
97,357,3
97,358,3
97,360,2
97,361,8
97,362,3
97,363,2
97,365,11
97,366,42
97,367,1
97,368,4
97,369,60
97,370,2
97,371,2
97,372,2
97,373,1
97,375,2
97,376,3
97,378,19
98,5,4
98,6,2
98,7,20
98,9,4
98,10,4
98,11,9
98,12,2
98,14,3
98,15,7
98,16,2
98,17,3
98,18,7
98,19,3
98,20,3
98,21,1
98,22,1
98,24,1
98,26,7
98,27,1
98,29,2
98,30,7
98,31,2
98,37,3
98,39,1
98,40,18
98,41,19
98,42,40
98,43,10
98,44,11
98,45,2
98,46,12
98,47,27
98,49,1
98,51,2
98,52,3
98,53,2
98,55,1
98,56,1
98,57,5
98,58,4
98,59,2
98,60,2
98,61,43
98,62,128
98,63,11
98,64,6
98,67,4
98,69,1
98,72,3
98,73,13
98,74,7
98,76,1
98,77,2
98,80,2
98,81,2
98,82,18
98,83,4
98,86,6
98,94,60
98,95,1
98,96,3
98,97,5
98,100,1
98,101,2
98,102,4
98,103,3
98,104,30
98,105,31
98,106,16
98,107,5
98,108,1
98,113,9
98,114,10
98,115,3
98,116,17
98,123,3
98,125,2
98,130,1
98,133,1
98,139,3
98,142,14
98,143,7
98,145,1
98,148,8
98,149,9
98,150,82
98,151,4
98,152,29
98,153,2
98,154,5
98,156,1
98,158,1
98,160,3
98,163,1
98,165,2
98,166,4
98,168,9
98,169,2
98,170,1
98,171,12
98,173,5
98,174,8
98,175,15
98,178,9
98,179,11
98,180,8
98,181,22
98,185,1
98,187,1
98,189,11
98,190,2
98,191,8
98,192,4
98,195,2
98,197,16
98,198,2
98,199,2
98,200,16
98,201,1
98,203,4
98,204,2
98,206,10
98,207,1
98,210,1
98,211,1
98,212,7
98,213,8
98,214,5
98,215,8
98,216,14
98,217,32
98,218,1
98,220,6
98,221,10
98,224,20
98,225,7
98,226,3
98,227,1
98,228,3
98,229,26
98,230,2
98,232,1
98,236,8
98,237,3
98,238,1
98,239,2
98,241,14
98,242,3
98,245,3
98,246,1
98,248,1
98,249,1
98,250,16
98,251,23
98,252,4
98,255,1
98,258,1
98,264,2
98,270,8
98,273,12
98,276,2
98,280,1
98,281,2
98,284,8
98,285,11
98,286,26
98,287,3
98,289,9
98,290,2
98,293,5
98,294,3
98,295,1
98,296,2
98,301,1
98,302,4
98,304,4
98,307,4
98,308,16
98,310,2
98,311,7
98,313,6
98,314,1
98,315,10
98,316,12
98,317,2
98,319,2
98,320,15
98,321,2
98,322,1
98,323,31
98,324,1
98,325,3
98,326,1
98,328,9
98,329,1
98,330,1
98,331,4
98,332,10
98,333,16
98,334,3
98,335,20
98,336,4
98,337,2
98,340,18
98,341,4
98,342,11
98,343,3
98,344,1
98,345,8
98,346,2
98,347,1
98,348,9
98,349,4
98,353,1
98,354,2
98,355,1
98,356,5
98,358,2
98,359,2
98,360,5
98,361,2
98,362,7
98,363,2
98,365,6
98,366,53
98,368,1
98,369,71
98,371,1
98,372,2
98,373,4
98,375,3
98,376,2
98,378,7
99,5,2
99,7,15
99,9,5
99,10,3
99,11,4
99,12,6
99,13,5
99,14,5
99,15,5
99,16,1
99,17,4
99,18,11
99,19,3
99,20,1
99,21,2
99,24,2
99,26,2
99,28,1
99,29,1
99,30,2
99,37,3
99,38,1
99,40,7
99,41,7
99,42,36
99,44,5
99,46,10
99,47,21
99,49,4
99,51,4
99,53,1
99,54,3
99,55,1
99,56,2
99,57,2
99,59,2
99,60,1
99,61,44
99,62,69
99,63,9
99,64,12
99,67,2
99,68,1
99,72,4
99,73,4
99,74,4
99,81,9
99,82,11
99,83,5
99,86,2
99,94,33
99,95,2
99,97,16
99,98,3
99,101,2
99,102,1
99,103,4
99,104,30
99,105,12
99,106,11
99,107,2
99,112,1
99,113,3
99,114,11
99,116,3
99,117,1
99,118,1
99,126,1
99,128,1
99,130,3
99,131,2
99,139,1
99,142,15
99,143,2
99,144,1
99,148,5
99,149,3
99,150,43
99,152,28
99,154,7
99,166,1
99,168,19
99,169,1
99,170,1
99,171,16
99,173,1
99,174,1
99,175,16
99,177,2
99,178,15
99,179,4
99,180,2
99,181,2
99,186,2
99,189,4
99,190,2
99,191,8
99,192,1
99,193,2
99,194,2
99,195,1
99,196,1
99,197,3
99,198,8
99,199,2
99,200,8
99,204,5
99,206,3
99,210,2
99,212,3
99,213,1
99,214,4
99,215,3
99,216,8
99,217,7
99,220,2
99,221,2
99,222,2
99,224,28
99,225,8
99,227,2
99,229,19
99,231,3
99,236,1
99,237,1
99,238,2
99,239,3
99,241,11
99,244,2
99,245,1
99,247,1
99,249,13
99,250,18
99,251,23
99,252,15
99,253,4
99,262,1
99,264,2
99,266,2
99,268,1
99,269,1
99,270,8
99,273,6
99,274,1
99,275,1
99,276,2
99,279,2
99,280,1
99,281,1
99,282,1
99,284,12
99,285,16
99,286,17
99,287,4
99,288,2
99,289,4
99,291,2
99,292,1
99,293,2
99,295,1
99,296,2
99,301,1
99,304,10
99,305,1
99,307,1
99,308,9
99,310,5
99,311,5
99,313,6
99,314,1
99,315,12
99,316,11
99,317,3
99,319,7
99,320,14
99,321,1
99,322,1
99,323,24
99,324,1
99,325,9
99,328,7
99,329,1
99,330,1
99,331,4
99,332,5
99,333,20
99,335,5
99,337,6
99,338,1
99,339,1
99,340,11
99,341,1
99,342,6
99,343,2
99,344,2
99,345,10
99,346,6
99,349,1
99,350,1
99,354,3
99,356,4
99,357,3
99,358,2
99,359,1
99,362,3
99,364,3
99,365,6
99,366,28
99,367,1
99,369,22
99,370,3
99,371,1
99,372,1
99,375,2
99,376,1
99,378,7
100,7,17
100,9,12
100,10,2
100,12,1
100,13,4
100,14,3
100,15,5
100,16,2
100,17,9
100,18,6
100,19,3
100,20,4
100,21,2
100,22,2
100,27,1
100,30,3
100,31,2
100,36,2
100,37,8
100,39,2
100,40,9
100,41,16
100,42,36
100,44,2
100,45,1
100,46,8
100,47,16
100,48,1
100,51,6
100,52,9
100,53,2
100,54,9
100,56,5
100,58,2
100,59,3
100,61,35
100,62,62
100,63,11
100,64,8
100,65,1
100,67,4
100,68,1
100,69,1
100,70,1
100,71,1
100,72,1
100,73,13
100,74,10
100,80,3
100,81,6
100,82,8
100,83,1
100,86,6
100,87,1
100,94,41
100,95,1
100,96,2
100,97,8
100,98,5
100,101,5
100,103,1
100,104,18
100,105,17
100,106,24
100,107,4
100,113,4
100,114,6
100,115,1
100,116,6
100,117,1
100,123,4
100,125,1
100,130,4
100,135,2
100,139,1
100,140,1
100,142,16
100,143,5
100,144,1
100,146,1
100,147,2
100,148,4
100,149,10
100,150,47
100,151,2
100,152,13
100,154,1
100,155,2
100,156,1
100,158,1
100,163,1
100,168,4
100,169,1
100,170,1
100,171,2
100,172,2
100,173,1
100,174,3
100,175,14
100,178,6
100,179,3
100,180,6
100,181,4
100,184,1
100,186,1
100,187,1
100,188,2
100,189,7
100,191,9
100,192,2
100,195,4
100,197,7
100,198,3
100,199,3
100,200,23
100,201,1
100,204,7
100,205,1
100,206,11
100,207,1
100,210,1
100,213,6
100,214,4
100,215,8
100,216,13
100,217,22
100,220,1
100,221,4
100,224,18
100,225,2
100,226,2
100,227,1
100,228,2
100,229,33
100,230,1
100,231,6
100,236,7
100,237,3
100,238,5
100,239,2
100,241,6
100,242,1
100,245,1
100,246,1
100,247,1
100,249,4
100,250,19
100,251,25
100,252,11
100,253,4
100,259,1
100,264,3
100,270,10
100,271,1
100,273,17
100,274,1
100,276,3
100,281,3
100,282,1
100,284,11
100,285,3
100,286,19
100,287,1
100,288,2
100,289,2
100,290,2
100,291,7
100,292,2
100,293,1
100,295,4
100,296,1
100,299,1
100,301,1
100,302,2
100,303,2
100,304,7
100,305,1
100,306,1
100,307,3
100,308,4
100,310,4
100,311,5
100,312,1
100,314,2
100,315,17
100,316,14
100,317,1
100,319,3
100,320,17
100,321,4
100,322,3
100,323,29
100,325,17
100,326,1
100,327,1
100,328,10
100,329,2
100,332,5
100,333,10
100,334,3
100,335,17
100,336,1
100,337,7
100,338,2
100,340,7
100,341,3
100,342,5
100,343,3
100,344,4
100,345,6
100,346,4
100,347,6
100,348,1
100,349,11
100,350,3
100,351,1
100,354,3
100,356,2
100,357,1
100,358,1
100,361,5
100,362,5
100,363,2
100,365,6
100,366,36
100,368,2
100,369,37
100,370,1
100,372,2
100,373,1
100,375,2
100,378,14
101,5,3
101,7,26
101,10,14
101,11,1
101,14,2
101,15,5
101,17,2
101,18,10
101,19,1
101,20,1
101,21,1
101,22,4
101,24,16
101,27,8
101,30,1
101,31,1
101,37,5
101,38,1
101,40,8
101,41,26
101,42,47
101,43,1
101,44,3
101,46,9
101,47,8
101,49,1
101,53,3
101,54,3
101,56,2
101,58,1
101,61,58
101,62,81
101,63,53
101,64,5
101,65,1
101,66,5
101,67,4
101,69,4
101,70,2
101,72,7
101,73,5
101,74,9
101,77,1
101,80,1
101,81,2
101,82,16
101,83,2
101,86,11
101,93,2
101,94,18
101,96,1
101,97,2
101,98,9
101,102,6
101,103,8
101,104,13
101,105,13
101,106,18
101,107,17
101,112,1
101,113,2
101,114,6
101,116,10
101,117,1
101,121,1
101,123,1
101,142,7
101,143,7
101,148,1
101,150,63
101,152,9
101,154,2
101,155,2
101,156,2
101,162,1
101,165,1
101,168,5
101,170,1
101,171,8
101,173,1
101,174,1
101,175,9
101,178,13
101,179,1
101,180,6
101,181,2
101,187,2
101,189,3
101,190,1
101,191,9
101,193,2
101,197,8
101,200,12
101,204,5
101,212,2
101,213,6
101,214,9
101,215,11
101,216,12
101,217,7
101,220,8
101,221,4
101,222,1
101,224,16
101,225,6
101,229,19
101,230,1
101,235,1
101,236,6
101,238,2
101,241,14
101,244,2
101,245,1
101,247,4
101,249,6
101,250,12
101,251,22
101,252,2
101,254,2
101,255,3
101,260,2
101,262,1
101,263,2
101,266,2
101,270,7
101,271,3
101,273,5
101,274,1
101,275,1
101,276,6
101,277,1
101,280,1
101,281,2
101,282,1
101,284,9
101,285,3
101,286,20
101,287,1
101,289,8
101,290,1
101,293,1
101,296,1
101,304,4
101,305,3
101,307,2
101,308,4
101,311,2
101,313,1
101,314,1
101,315,7
101,316,1
101,317,1
101,319,5
101,320,8
101,321,1
101,323,13
101,325,6
101,328,5
101,331,1
101,332,2
101,333,5
101,335,7
101,337,6
101,342,8
101,343,6
101,344,5
101,345,5
101,346,1
101,347,1
101,348,3
101,354,1
101,355,2
101,356,7
101,358,1
101,362,3
101,364,1
101,365,3
101,366,38
101,369,15
101,378,12
102,6,1
102,7,17
102,9,1
102,10,2
102,11,4
102,14,3
102,15,5
102,16,3
102,17,1
102,18,1
102,21,1
102,22,2
102,24,4
102,26,1
102,28,1
102,29,1
102,30,1
102,31,3
102,37,4
102,39,1
102,40,5
102,41,10
102,42,26
102,43,1
102,44,5
102,46,12
102,47,8
102,51,2
102,52,5
102,54,1
102,61,27
102,62,35
102,63,4
102,64,7
102,67,18
102,68,4
102,69,4
102,70,6
102,71,2
102,72,71
102,73,10
102,74,14
102,81,7
102,82,7
102,83,3
102,86,2
102,94,31
102,95,4
102,100,2
102,101,4
102,103,4
102,104,6
102,105,17
102,106,12
102,107,8
102,110,2
102,113,1
102,114,2
102,116,1
102,118,1
102,123,1
102,125,2
102,126,2
102,129,1
102,140,1
102,142,8
102,143,1
102,149,7
102,150,34
102,152,13
102,156,3
102,168,6
102,170,3
102,171,8
102,172,1
102,174,4
102,175,19
102,178,3
102,179,1
102,180,11
102,183,1
102,188,1
102,189,8
102,191,10
102,193,2
102,195,2
102,197,5
102,199,2
102,200,17
102,203,2
102,204,1
102,208,1
102,212,2
102,213,2
102,214,4
102,215,4
102,216,4
102,217,11
102,221,6
102,224,13
102,225,4
102,226,2
102,227,3
102,229,17
102,230,3
102,231,1
102,236,11
102,237,1
102,238,1
102,239,1
102,241,3
102,244,1
102,245,1
102,247,1
102,249,6
102,250,17
102,251,11
102,253,1
102,260,1
102,266,2
102,270,1
102,271,1
102,273,5
102,276,3
102,280,1
102,281,1
102,284,14
102,285,10
102,286,4
102,288,1
102,289,5
102,290,2
102,293,1
102,296,1
102,301,1
102,302,3
102,304,5
102,308,5
102,311,4
102,313,6
102,315,13
102,316,7
102,317,2
102,319,1
102,320,10
102,321,5
102,322,3
102,323,31
102,325,2
102,328,1
102,332,1
102,333,4
102,334,1
102,335,3
102,337,10
102,340,1
102,342,4
102,343,1
102,345,3
102,348,1
102,349,1
102,352,1
102,356,9
102,357,1
102,358,1
102,359,1
102,361,3
102,362,4
102,365,8
102,366,32
102,368,1
102,369,33
102,375,1
102,378,2
103,6,2
103,7,18
103,10,1
103,11,6
103,12,3
103,14,1
103,15,1
103,16,1
103,17,6
103,18,5
103,19,13
103,20,2
103,22,5
103,24,18
103,25,2
103,26,6
103,27,4
103,28,3
103,29,1
103,30,1
103,31,2
103,33,2
103,36,1
103,37,10
103,38,1
103,39,3
103,40,11
103,41,22
103,42,45
103,44,16
103,45,5
103,46,5
103,47,13
103,51,3
103,52,1
103,53,1
103,54,3
103,56,2
103,57,2
103,59,1
103,61,127
103,62,117
103,63,60
103,64,9
103,65,1
103,67,7
103,68,2
103,69,3
103,71,2
103,72,11
103,73,9
103,74,11
103,75,1
103,76,1
103,81,5
103,82,8
103,83,15
103,86,11
103,90,1
103,94,52
103,95,1
103,96,3
103,97,6
103,98,1
103,101,17
103,102,4
103,104,12
103,105,22
103,106,25
103,107,5
103,113,2
103,114,12
103,115,1
103,116,3
103,123,3
103,128,1
103,130,1
103,139,1
103,140,1
103,141,1
103,142,8
103,143,8
103,147,1
103,148,10
103,149,12
103,150,82
103,151,3
103,152,19
103,153,2
103,154,2
103,156,3
103,158,3
103,160,1
103,162,1
103,163,1
103,166,1
103,168,10
103,170,2
103,171,12
103,173,2
103,174,6
103,175,14
103,178,5
103,179,1
103,180,20
103,181,1
103,186,1
103,189,3
103,190,1
103,191,3
103,192,1
103,193,3
103,195,7
103,197,5
103,198,2
103,199,5
103,200,20
103,201,2
103,203,4
103,204,4
103,206,3
103,208,2
103,210,3
103,211,2
103,212,3
103,213,7
103,214,4
103,215,9
103,216,14
103,217,26
103,218,1
103,220,2
103,221,2
103,222,1
103,224,17
103,225,8
103,227,5
103,228,2
103,229,36
103,230,1
103,235,2
103,236,5
103,238,4
103,239,3
103,241,17
103,242,1
103,245,1
103,247,5
103,249,2
103,250,12
103,251,20
103,252,2
103,254,1
103,260,1
103,262,2
103,264,5
103,265,1
103,266,3
103,267,1
103,270,15
103,273,15
103,274,1
103,276,2
103,278,1
103,279,1
103,281,1
103,284,14
103,285,14
103,286,8
103,287,3
103,288,2
103,289,12
103,290,8
103,291,1
103,292,1
103,295,2
103,296,1
103,300,1
103,301,1
103,304,13
103,305,2
103,306,1
103,307,2
103,308,4
103,310,3
103,311,2
103,313,1
103,314,1
103,315,13
103,316,7
103,317,1
103,319,4
103,320,24
103,323,28
103,325,6
103,328,1
103,331,4
103,332,6
103,333,22
103,334,2
103,335,7
103,336,2
103,337,7
103,338,1
103,340,7
103,341,1
103,342,6
103,343,5
103,344,1
103,345,5
103,347,1
103,348,2
103,352,2
103,354,2
103,356,9
103,357,1
103,358,8
103,359,1
103,360,3
103,362,6
103,363,4
103,365,1
103,366,61
103,367,4
103,368,4
103,369,36
103,371,2
103,377,1
103,378,13
104,6,1
104,7,34
104,9,1
104,13,2
104,14,1
104,18,1
104,21,2
104,22,2
104,37,1
104,41,1
104,42,2
104,43,2
104,61,3
104,62,7
104,73,24
104,74,12
104,75,2
104,76,1
104,80,1
104,81,5
104,82,21
104,83,8
104,84,1
104,86,4
104,87,1
104,90,1
104,91,1
104,92,1
104,94,5
104,96,1
104,97,1
104,98,3
104,105,11
104,106,3
104,107,7
104,112,12
104,113,7
104,114,7
104,116,5
104,117,6
104,119,1
104,121,1
104,123,3
104,130,3
104,132,1
104,135,5
104,136,1
104,139,7
104,142,13
104,143,8
104,144,2
104,148,1
104,149,12
104,150,26
104,151,1
104,152,10
104,153,2
104,155,2
104,156,2
104,158,1
104,162,1
104,165,1
104,168,5
104,169,1
104,170,5
104,171,5
104,173,3
104,174,1
104,175,5
104,178,3
104,179,5
104,180,7
104,181,2
104,184,2
104,186,4
104,189,4
104,190,4
104,191,14
104,193,1
104,195,6
104,196,6
104,199,1
104,200,3
104,203,1
104,204,4
104,205,1
104,206,3
104,209,1
104,212,1
104,213,4
104,214,4
104,215,4
104,216,8
104,217,1
104,220,1
104,221,6
104,222,3
104,224,11
104,225,8
104,226,1
104,228,1
104,229,11
104,230,2
104,241,2
104,244,2
104,250,7
104,251,4
104,252,5
104,262,1
104,264,2
104,265,1
104,266,1
104,271,1
104,276,1
104,281,2
104,285,5
104,286,10
104,287,2
104,289,1
104,296,1
104,300,1
104,301,1
104,310,1
104,311,2
104,315,1
104,316,1
104,320,1
104,321,1
104,323,1
104,333,3
104,335,1
104,337,1
104,339,1
104,340,2
104,342,2
104,345,1
104,348,1
104,353,1
104,354,6
104,355,4
104,356,12
104,361,2
104,362,1
104,365,2
104,366,70
104,368,11
104,369,3
104,370,2
104,372,1
104,373,1
104,375,1
104,378,1
105,3,1
105,6,5
105,7,56
105,10,1
105,13,1
105,15,2
105,17,1
105,18,7
105,19,2
105,20,2
105,21,1
105,25,1
105,42,2
105,46,1
105,47,1
105,57,1
105,61,5
105,62,7
105,64,1
105,67,1
105,73,14
105,74,10
105,75,3
105,77,1
105,79,2
105,80,4
105,81,1
105,82,9
105,83,1
105,86,3
105,93,1
105,94,2
105,104,21
105,106,30
105,107,2
105,108,1
105,109,2
105,111,1
105,112,1
105,113,1
105,114,3
105,116,4
105,117,1
105,119,1
105,123,3
105,124,1
105,125,4
105,128,5
105,129,1
105,130,5
105,135,5
105,139,1
105,142,14
105,143,8
105,148,13
105,149,10
105,150,36
105,151,7
105,152,15
105,154,1
105,165,1
105,166,3
105,168,10
105,171,8
105,173,1
105,175,8
105,178,7
105,179,1
105,180,15
105,181,2
105,184,1
105,186,1
105,187,4
105,189,3
105,190,1
105,191,6
105,194,1
105,195,6
105,197,6
105,198,1
105,199,4
105,200,14
105,204,5
105,205,1
105,206,3
105,207,2
105,212,4
105,213,4
105,214,2
105,215,2
105,216,4
105,217,18
105,219,1
105,220,2
105,224,11
105,225,4
105,229,14
105,230,1
105,236,5
105,238,1
105,241,2
105,245,3
105,247,1
105,249,4
105,250,24
105,251,17
105,252,8
105,254,1
105,260,1
105,270,3
105,273,2
105,276,2
105,279,1
105,280,1
105,284,2
105,285,3
105,286,4
105,289,5
105,291,1
105,304,1
105,308,1
105,310,1
105,315,3
105,316,1
105,319,1
105,320,5
105,323,2
105,325,1
105,335,1
105,341,1
105,344,1
105,345,1
105,350,1
105,354,6
105,356,5
105,360,3
105,365,1
105,366,114
105,367,5
105,368,6
105,369,7
105,371,3
105,372,6
106,6,3
106,7,22
106,9,3
106,10,2
106,14,1
106,15,2
106,16,1
106,18,23
106,19,6
106,20,4
106,21,8
106,22,1
106,23,1
106,41,8
106,42,3
106,43,3
106,46,4
106,49,1
106,52,5
106,53,1
106,59,2
106,61,4
106,62,12
106,63,1
106,64,2
106,72,7
106,73,14
106,74,7
106,80,1
106,81,2
106,82,10
106,86,1
106,90,1
106,93,3
106,94,8
106,101,1
106,104,6
106,105,17
106,107,11
106,114,5
106,115,1
106,116,9
106,119,1
106,123,1
106,125,1
106,128,2
106,129,2
106,130,2
106,135,1
106,139,1
106,140,2
106,141,1
106,142,11
106,143,4
106,148,7
106,149,3
106,150,51
106,151,3
106,152,4
106,154,3
106,156,1
106,157,1
106,161,1
106,166,4
106,168,7
106,169,3
106,170,1
106,171,6
106,175,10
106,177,1
106,178,23
106,179,1
106,180,7
106,181,2
106,188,1
106,189,1
106,191,10
106,195,2
106,196,1
106,197,9
106,200,17
106,204,1
106,206,5
106,210,4
106,212,1
106,213,16
106,214,4
106,215,5
106,216,24
106,217,11
106,218,2
106,220,2
106,224,14
106,225,2
106,227,1
106,229,27
106,231,8
106,233,2
106,236,4
106,241,8
106,245,7
106,247,1
106,249,17
106,250,38
106,251,25
106,252,7
106,253,1
106,257,2
106,258,1
106,262,1
106,264,3
106,270,5
106,273,3
106,276,1
106,281,1
106,284,1
106,286,2
106,290,1
106,291,1
106,296,1
106,302,1
106,304,3
106,305,1
106,308,3
106,310,1
106,311,2
106,315,5
106,316,5
106,320,2
106,322,1
106,323,4
106,325,7
106,328,2
106,330,1
106,331,1
106,335,1
106,337,1
106,340,3
106,343,2
106,345,3
106,348,1
106,354,8
106,356,2
106,360,1
106,361,5
106,362,6
106,365,5
106,366,34
106,367,2
106,368,4
106,369,28
106,370,1
106,371,1
107,7,31
107,9,1
107,14,2
107,18,1
107,19,7
107,20,2
107,22,1
107,34,2
107,37,2
107,39,1
107,40,1
107,41,2
107,42,1
107,44,2
107,45,1
107,61,2
107,62,13
107,65,1
107,67,1
107,73,7
107,74,5
107,80,2
107,81,2
107,82,14
107,83,3
107,86,2
107,90,3
107,94,3
107,97,1
107,103,1
107,104,14
107,105,6
107,106,6
107,108,2
107,109,1
107,112,4
107,113,1
107,114,5
107,116,16
107,123,8
107,128,1
107,130,5
107,134,1
107,139,1
107,142,16
107,143,6
107,147,1
107,148,1
107,149,12
107,150,64
107,151,1
107,152,16
107,153,3
107,154,7
107,155,8
107,156,2
107,166,2
107,168,6
107,169,1
107,170,10
107,171,15
107,173,2
107,174,4
107,175,16
107,177,3
107,178,4
107,179,2
107,180,15
107,181,5
107,182,1
107,186,3
107,188,1
107,189,2
107,191,5
107,195,8
107,196,3
107,197,6
107,198,13
107,199,5
107,200,20
107,202,1
107,203,2
107,204,7
107,206,5
107,207,2
107,210,1
107,211,2
107,212,3
107,213,12
107,215,8
107,216,11
107,217,13
107,220,8
107,221,4
107,223,1
107,224,8
107,225,4
107,226,2
107,228,4
107,229,24
107,235,3
107,236,4
107,238,3
107,241,3
107,244,1
107,245,3
107,249,2
107,250,9
107,251,9
107,252,2
107,253,1
107,254,2
107,259,1
107,260,1
107,264,4
107,266,1
107,270,6
107,271,1
107,273,2
107,274,4
107,276,1
107,281,2
107,282,3
107,284,11
107,285,2
107,286,14
107,287,1
107,289,5
107,291,1
107,292,1
107,293,2
107,296,4
107,299,3
107,300,1
107,301,1
107,303,2
107,310,1
107,311,3
107,320,5
107,321,1
107,323,1
107,325,1
107,328,2
107,329,1
107,332,2
107,333,3
107,340,1
107,342,1
107,345,2
107,348,1
107,349,1
107,350,2
107,354,4
107,356,7
107,358,1
107,363,1
107,365,1
107,366,51
107,368,1
107,369,3
107,371,2
107,376,2
107,378,1
108,1,1
108,5,1
108,6,1
108,7,47
108,9,2
108,10,6
108,11,2
108,12,1
108,15,2
108,17,1
108,18,4
108,19,4
108,20,1
108,21,1
108,22,4
108,24,1
108,31,1
108,39,2
108,40,2
108,41,3
108,42,6
108,45,1
108,46,3
108,56,1
108,61,6
108,62,19
108,63,3
108,64,2
108,65,1
108,71,1
108,73,71
108,74,23
108,75,1
108,76,1
108,78,1
108,79,2
108,80,14
108,81,20
108,82,32
108,83,18
108,86,11
108,87,3
108,88,2
108,90,7
108,92,1
108,94,7
108,98,1
108,100,1
108,104,60
108,105,24
108,106,8
108,107,5
108,109,2
108,110,5
108,111,4
108,112,8
108,113,19
108,114,24
108,115,1
108,116,14
108,117,24
108,118,1
108,119,1
108,120,7
108,121,3
108,123,9
108,125,1
108,126,1
108,128,1
108,130,6
108,135,2
108,138,1
108,139,5
108,140,1
108,142,23
108,143,5
108,144,1
108,147,3
108,148,7
108,149,24
108,150,88
108,151,3
108,152,8
108,154,9
108,155,6
108,156,10
108,158,1
108,165,3
108,166,4
108,168,31
108,169,5
108,170,5
108,171,15
108,172,2
108,173,2
108,174,3
108,175,9
108,178,16
108,179,5
108,180,15
108,181,8
108,182,1
108,184,1
108,186,5
108,187,1
108,189,7
108,190,1
108,191,4
108,192,2
108,194,4
108,195,6
108,196,5
108,197,11
108,198,6
108,199,4
108,200,23
108,201,1
108,203,4
108,204,12
108,206,8
108,207,1
108,208,1
108,211,5
108,212,1
108,213,3
108,214,5
108,215,5
108,216,7
108,217,8
108,220,4
108,221,5
108,224,22
108,225,15
108,228,4
108,229,26
108,230,2
108,235,2
108,237,1
108,238,11
108,240,2
108,241,3
108,244,2
108,245,1
108,247,5
108,249,4
108,250,15
108,251,14
108,252,6
108,253,6
108,255,1
108,257,1
108,258,1
108,260,1
108,262,4
108,269,1
108,270,14
108,271,1
108,273,2
108,274,1
108,277,1
108,281,2
108,284,2
108,286,11
108,287,4
108,288,1
108,289,6
108,290,1
108,293,3
108,296,1
108,300,1
108,302,1
108,305,1
108,306,1
108,308,2
108,310,3
108,313,1
108,315,2
108,316,2
108,317,1
108,319,1
108,320,18
108,321,1
108,322,1
108,323,9
108,328,2
108,330,1
108,333,3
108,335,1
108,336,2
108,337,2
108,340,4
108,345,2
108,346,1
108,348,1
108,350,2
108,351,3
108,352,2
108,354,19
108,355,1
108,356,14
108,358,2
108,361,1
108,362,2
108,366,76
108,368,13
108,369,8
108,371,3
108,372,1
108,375,3
108,376,1
108,378,3
109,2,2
109,6,3
109,7,63
109,8,1
109,10,2
109,12,1
109,13,1
109,14,4
109,15,2
109,18,3
109,19,6
109,20,1
109,21,1
109,22,5
109,24,1
109,27,1
109,31,2
109,34,1
109,37,1
109,39,1
109,40,5
109,41,4
109,42,2
109,43,3
109,44,2
109,46,4
109,47,5
109,49,1
109,54,1
109,56,2
109,61,3
109,62,27
109,63,1
109,64,1
109,71,1
109,73,46
109,74,26
109,75,1
109,77,1
109,79,3
109,80,7
109,81,23
109,82,62
109,83,7
109,84,3
109,86,20
109,90,8
109,94,9
109,98,1
109,100,1
109,103,1
109,104,72
109,105,32
109,106,21
109,107,9
109,108,1
109,110,7
109,111,5
109,112,16
109,113,24
109,114,15
109,116,13
109,117,27
109,118,1
109,119,1
109,123,12
109,127,1
109,128,2
109,129,1
109,130,9
109,132,3
109,133,3
109,139,1
109,140,3
109,141,1
109,142,18
109,143,13
109,144,1
109,147,7
109,148,16
109,149,34
109,150,103
109,151,9
109,152,28
109,153,3
109,154,15
109,155,3
109,156,1
109,158,1
109,160,2
109,162,5
109,166,6
109,168,18
109,169,8
109,170,7
109,171,18
109,172,3
109,174,1
109,175,11
109,177,1
109,178,14
109,179,13
109,180,9
109,181,23
109,182,1
109,184,2
109,185,2
109,186,7
109,187,10
109,189,8
109,190,2
109,191,20
109,192,2
109,193,3
109,194,2
109,195,10
109,196,5
109,197,13
109,198,5
109,199,1
109,200,27
109,201,3
109,204,22
109,205,1
109,206,6
109,207,1
109,210,1
109,211,1
109,212,1
109,213,6
109,214,4
109,215,10
109,216,11
109,217,19
109,218,4
109,220,3
109,221,4
109,222,1
109,223,2
109,224,49
109,225,16
109,227,1
109,228,2
109,229,23
109,230,2
109,231,2
109,236,4
109,237,1
109,238,2
109,239,2
109,241,7
109,244,5
109,245,3
109,247,4
109,248,1
109,249,5
109,250,13
109,251,14
109,252,13
109,254,1
109,255,1
109,262,3
109,264,2
109,265,1
109,267,1
109,270,9
109,271,1
109,273,3
109,275,1
109,276,6
109,279,1
109,281,4
109,283,2
109,284,9
109,285,4
109,286,20
109,287,3
109,288,2
109,289,1
109,290,3
109,291,3
109,294,1
109,301,1
109,304,1
109,305,3
109,307,1
109,308,4
109,309,1
109,311,1
109,313,1
109,315,2
109,316,5
109,317,2
109,319,3
109,320,27
109,321,1
109,323,2
109,330,1
109,332,3
109,333,2
109,337,1
109,338,2
109,340,3
109,342,2
109,344,1
109,345,6
109,346,2
109,348,1
109,349,1
109,350,2
109,351,3
109,352,4
109,354,14
109,355,2
109,356,10
109,360,1
109,361,3
109,366,121
109,367,4
109,368,12
109,369,5
109,371,8
109,372,5
109,375,1
109,376,3
109,378,3
110,4,1
110,5,1
110,6,4
110,7,59
110,9,1
110,10,4
110,15,6
110,16,1
110,17,1
110,18,3
110,19,5
110,20,1
110,22,3
110,26,1
110,31,1
110,34,1
110,35,1
110,37,4
110,40,4
110,41,1
110,42,5
110,43,2
110,44,3
110,46,1
110,47,3
110,61,6
110,62,26
110,63,3
110,64,4
110,65,2
110,68,1
110,73,65
110,74,15
110,75,2
110,76,3
110,77,2
110,79,1
110,80,10
110,81,19
110,82,59
110,83,6
110,84,1
110,85,3
110,86,20
110,87,3
110,90,6
110,92,3
110,94,6
110,95,1
110,97,2
110,98,4
110,100,1
110,104,71
110,105,26
110,106,20
110,107,11
110,108,4
110,109,3
110,111,4
110,112,30
110,113,21
110,114,13
110,115,1
110,116,14
110,117,36
110,118,4
110,119,7
110,121,4
110,123,8
110,125,4
110,127,1
110,128,3
110,130,18
110,131,1
110,133,1
110,135,2
110,139,5
110,142,37
110,143,21
110,144,3
110,147,5
110,148,8
110,149,26
110,150,115
110,151,6
110,152,24
110,153,3
110,154,12
110,155,1
110,156,8
110,162,2
110,165,2
110,166,11
110,168,10
110,169,16
110,170,19
110,171,36
110,172,1
110,173,1
110,174,6
110,175,11
110,177,2
110,178,11
110,179,10
110,180,25
110,181,5
110,184,2
110,186,5
110,189,11
110,190,5
110,191,10
110,192,3
110,195,6
110,196,9
110,197,10
110,198,11
110,199,3
110,200,24
110,201,1
110,204,8
110,205,1
110,206,7
110,207,2
110,208,3
110,210,1
110,211,2
110,212,2
110,213,5
110,214,9
110,215,11
110,216,9
110,217,13
110,219,1
110,220,1
110,221,2
110,222,1
110,223,5
110,224,28
110,225,3
110,226,2
110,227,5
110,229,29
110,230,1
110,231,5
110,232,1
110,235,4
110,236,2
110,238,1
110,239,1
110,241,7
110,247,1
110,249,5
110,250,12
110,251,10
110,252,12
110,253,1
110,256,1
110,259,2
110,260,1
110,262,4
110,263,1
110,264,2
110,265,3
110,266,2
110,267,1
110,270,9
110,271,1
110,273,4
110,274,1
110,275,1
110,284,8
110,285,3
110,286,26
110,287,1
110,288,2
110,289,13
110,291,1
110,293,1
110,296,1
110,304,3
110,305,3
110,308,1
110,310,1
110,311,3
110,313,3
110,315,2
110,316,4
110,320,14
110,321,1
110,322,1
110,323,6
110,325,3
110,326,1
110,328,3
110,329,2
110,330,1
110,332,1
110,333,2
110,335,4
110,336,3
110,337,2
110,340,1
110,349,2
110,351,3
110,352,1
110,354,20
110,355,4
110,356,20
110,358,2
110,359,3
110,360,1
110,365,3
110,366,130
110,368,28
110,369,10
110,372,2
110,374,1
110,376,1
110,377,1
110,378,2
111,2,1
111,6,1
111,7,47
111,10,4
111,11,1
111,12,1
111,15,2
111,18,3
111,19,6
111,22,3
111,31,4
111,35,1
111,37,1
111,40,2
111,41,3
111,42,5
111,43,1
111,46,2
111,47,1
111,53,1
111,54,1
111,56,2
111,61,4
111,62,28
111,63,1
111,64,2
111,67,1
111,71,1
111,72,3
111,73,47
111,74,14
111,77,3
111,78,2
111,79,4
111,80,10
111,81,18
111,82,29
111,83,16
111,84,1
111,86,17
111,88,7
111,89,2
111,90,8
111,91,1
111,94,5
111,98,1
111,103,2
111,104,65
111,105,25
111,106,7
111,107,12
111,108,4
111,110,8
111,112,18
111,113,26
111,114,14
111,116,13
111,117,51
111,118,2
111,119,4
111,120,5
111,123,12
111,125,5
111,128,1
111,130,12
111,131,1
111,132,3
111,133,2
111,134,1
111,139,1
111,140,6
111,142,29
111,143,12
111,144,1
111,148,8
111,149,33
111,150,84
111,151,2
111,152,14
111,153,3
111,154,9
111,155,1
111,156,6
111,157,1
111,165,1
111,166,4
111,168,16
111,169,4
111,170,8
111,171,22
111,173,6
111,174,7
111,175,7
111,177,3
111,178,8
111,179,17
111,180,10
111,181,7
111,183,2
111,184,1
111,185,1
111,186,7
111,187,1
111,189,7
111,191,9
111,192,4
111,193,2
111,195,11
111,197,6
111,198,9
111,199,2
111,200,17
111,202,2
111,203,2
111,204,13
111,205,2
111,206,5
111,207,1
111,209,1
111,210,6
111,211,7
111,212,1
111,213,9
111,215,13
111,216,4
111,217,4
111,218,5
111,220,8
111,221,3
111,222,2
111,223,1
111,224,17
111,225,9
111,228,1
111,229,47
111,230,2
111,231,1
111,232,1
111,234,1
111,235,1
111,236,4
111,237,1
111,238,9
111,241,17
111,244,3
111,249,4
111,250,4
111,251,14
111,252,7
111,253,10
111,255,2
111,256,1
111,258,1
111,259,2
111,264,8
111,266,1
111,267,2
111,270,15
111,271,1
111,273,3
111,274,1
111,275,3
111,276,1
111,280,1
111,282,1
111,284,16
111,285,5
111,286,12
111,287,2
111,288,2
111,289,3
111,290,1
111,293,1
111,302,7
111,303,1
111,304,5
111,305,1
111,311,1
111,313,1
111,314,1
111,315,4
111,316,3
111,319,1
111,320,14
111,321,1
111,323,6
111,325,3
111,328,3
111,331,1
111,332,2
111,333,7
111,335,4
111,337,3
111,339,1
111,340,1
111,342,2
111,343,1
111,344,1
111,345,1
111,347,1
111,348,1
111,349,1
111,350,1
111,351,3
111,352,1
111,354,14
111,355,1
111,356,21
111,357,1
111,360,1
111,361,3
111,365,1
111,366,75
111,367,3
111,368,25
111,369,4
111,371,3
111,375,2
111,378,2
112,2,3
112,7,55
112,10,3
112,11,2
112,13,2
112,14,2
112,18,8
112,19,9
112,24,1
112,25,1
112,26,1
112,37,2
112,39,1
112,41,4
112,42,6
112,43,3
112,44,3
112,45,1
112,46,1
112,52,2
112,56,1
112,61,8
112,62,21
112,63,1
112,73,37
112,74,10
112,75,2
112,77,1
112,78,2
112,79,6
112,80,8
112,81,13
112,82,25
112,83,10
112,84,1
112,86,16
112,87,4
112,88,5
112,89,2
112,90,1
112,91,1
112,94,2
112,97,1
112,98,2
112,103,1
112,104,48
112,105,17
112,106,14
112,107,9
112,108,2
112,110,6
112,111,6
112,113,14
112,114,16
112,115,1
112,116,15
112,117,50
112,119,1
112,120,3
112,123,3
112,125,6
112,128,4
112,129,2
112,130,6
112,131,2
112,132,1
112,135,1
112,139,1
112,140,3
112,142,24
112,143,19
112,144,2
112,147,2
112,148,13
112,149,23
112,150,125
112,151,4
112,152,20
112,153,2
112,154,6
112,155,1
112,156,2
112,158,2
112,160,1
112,162,2
112,165,2
112,166,3
112,168,20
112,170,9
112,171,14
112,172,1
112,173,2
112,174,5
112,175,22
112,177,1
112,178,22
112,179,3
112,180,13
112,181,15
112,182,3
112,184,9
112,185,2
112,186,4
112,187,4
112,189,17
112,191,8
112,193,1
112,194,1
112,195,10
112,196,7
112,197,8
112,198,6
112,199,7
112,200,21
112,201,1
112,202,1
112,204,9
112,206,4
112,210,2
112,213,6
112,215,14
112,216,15
112,217,10
112,218,2
112,220,5
112,221,5
112,222,1
112,224,19
112,225,7
112,226,1
112,227,1
112,229,33
112,230,5
112,231,1
112,232,1
112,236,3
112,237,1
112,238,8
112,239,3
112,241,10
112,244,1
112,245,1
112,247,4
112,249,6
112,250,14
112,251,19
112,252,14
112,253,3
112,255,1
112,257,1
112,263,1
112,264,2
112,265,2
112,266,2
112,270,6
112,273,9
112,274,5
112,275,2
112,276,1
112,281,2
112,284,13
112,285,6
112,286,14
112,289,6
112,290,1
112,291,5
112,295,1
112,296,2
112,302,2
112,304,1
112,305,4
112,311,2
112,312,1
112,313,1
112,314,1
112,315,3
112,316,4
112,317,2
112,319,1
112,320,9
112,321,1
112,322,1
112,323,7
112,328,2
112,331,1
112,333,4
112,337,1
112,340,2
112,341,1
112,342,3
112,343,1
112,344,1
112,345,1
112,351,2
112,352,7
112,354,13
112,355,1
112,356,9
112,358,1
112,360,1
112,363,1
112,365,3
112,366,96
112,367,1
112,368,17
112,369,6
112,370,1
112,371,2
112,372,1
112,373,1
112,378,1
113,7,68
113,9,3
113,10,5
113,13,2
113,15,5
113,16,3
113,18,3
113,19,2
113,21,3
113,24,1
113,31,1
113,34,1
113,37,1
113,40,1
113,41,2
113,42,6
113,43,1
113,44,3
113,46,1
113,47,2
113,57,1
113,61,4
113,62,13
113,63,2
113,64,1
113,67,3
113,73,55
113,74,32
113,75,2
113,76,1
113,77,2
113,78,1
113,80,8
113,81,7
113,82,28
113,83,16
113,85,1
113,86,3
113,90,2
113,91,1
113,94,1
113,98,2
113,104,62
113,105,17
113,106,4
113,107,5
113,110,6
113,111,5
113,112,9
113,114,13
113,116,9
113,117,10
113,118,1
113,119,1
113,120,1
113,123,6
113,125,1
113,128,1
113,129,2
113,130,3
113,132,4
113,139,5
113,140,2
113,142,11
113,143,19
113,146,1
113,147,1
113,148,5
113,149,15
113,150,51
113,151,1
113,152,4
113,153,2
113,154,11
113,158,1
113,162,1
113,165,4
113,166,3
113,168,12
113,169,4
113,170,2
113,171,13
113,173,2
113,174,3
113,175,8
113,177,1
113,178,6
113,179,6
113,180,12
113,181,7
113,182,1
113,184,2
113,185,2
113,186,3
113,187,4
113,189,7
113,191,8
113,193,2
113,194,1
113,195,1
113,196,3
113,197,5
113,198,3
113,199,4
113,200,23
113,201,1
113,203,2
113,204,6
113,206,4
113,210,5
113,211,2
113,213,4
113,214,2
113,215,12
113,216,2
113,217,7
113,218,1
113,220,7
113,224,16
113,225,2
113,228,1
113,229,16
113,230,1
113,231,3
113,235,1
113,236,2
113,237,1
113,238,10
113,241,4
113,244,3
113,245,3
113,247,1
113,249,6
113,250,13
113,251,13
113,252,8
113,254,2
113,255,1
113,262,2
113,263,2
113,264,3
113,266,1
113,267,1
113,268,1
113,270,6
113,271,1
113,273,8
113,276,1
113,280,1
113,281,3
113,284,4
113,285,5
113,286,16
113,287,2
113,289,3
113,291,1
113,293,1
113,300,1
113,302,1
113,304,3
113,308,1
113,310,2
113,311,2
113,313,1
113,315,1
113,320,9
113,322,1
113,323,4
113,325,4
113,328,3
113,330,1
113,331,1
113,332,1
113,333,2
113,334,1
113,335,2
113,336,1
113,340,2
113,342,6
113,343,2
113,345,1
113,349,1
113,350,2
113,352,1
113,354,4
113,356,10
113,358,1
113,360,1
113,361,1
113,363,1
113,365,1
113,366,79
113,367,1
113,368,4
113,369,5
113,371,1
113,375,1
113,376,1
113,378,2
114,5,1
114,7,8
114,9,1
114,14,1
114,15,1
114,18,3
114,19,2
114,21,2
114,22,5
114,37,1
114,39,1
114,42,4
114,47,4
114,52,1
114,54,1
114,55,1
114,60,1
114,61,8
114,62,16
114,63,1
114,64,2
114,72,1
114,73,5
114,74,1
114,81,1
114,82,7
114,83,3
114,84,1
114,88,1
114,90,1
114,94,7
114,97,1
114,98,1
114,101,1
114,104,16
114,105,3
114,106,2
114,107,13
114,112,3
114,113,7
114,116,3
114,117,2
114,118,1
114,123,1
114,128,1
114,130,1
114,139,1
114,142,2
114,143,1
114,147,1
114,148,2
114,149,14
114,150,19
114,151,2
114,152,2
114,154,4
114,158,1
114,162,3
114,165,5
114,166,3
114,168,17
114,169,3
114,170,5
114,171,13
114,172,1
114,173,2
114,175,5
114,179,2
114,180,3
114,186,3
114,187,2
114,190,1
114,193,2
114,196,4
114,197,3
114,198,14
114,199,1
114,200,3
114,202,2
114,203,7
114,204,5
114,206,11
114,210,3
114,211,4
114,212,4
114,214,2
114,215,7
114,216,2
114,217,2
114,220,2
114,221,4
114,222,1
114,223,3
114,224,4
114,225,8
114,228,1
114,229,11
114,235,1
114,238,4
114,241,1
114,244,3
114,249,5
114,250,1
114,251,3
114,252,6
114,255,1
114,256,1
114,259,2
114,262,3
114,263,2
114,264,5
114,269,2
114,270,2
114,273,1
114,277,1
114,281,1
114,284,4
114,285,6
114,286,13
114,287,2
114,289,4
114,292,2
114,299,1
114,301,1
114,302,2
114,305,1
114,311,1
114,315,2
114,316,2
114,317,1
114,319,1
114,320,6
114,323,2
114,328,5
114,331,1
114,332,1
114,333,1
114,335,5
114,337,1
114,340,3
114,344,1
114,345,2
114,346,1
114,350,2
114,354,1
114,356,7
114,359,1
114,362,1
114,365,3
114,366,23
114,368,1
114,371,1
114,372,1
114,375,2
114,376,4
115,2,2
115,5,2
115,6,1
115,7,53
115,9,2
115,11,1
115,12,2
115,14,2
115,15,7
115,16,1
115,17,2
115,18,6
115,19,8
115,20,5
115,21,3
115,22,5
115,31,1
115,37,2
115,39,1
115,40,7
115,41,5
115,42,5
115,44,3
115,45,1
115,46,5
115,47,14
115,52,2
115,53,1
115,56,1
115,58,1
115,61,12
115,62,36
115,63,2
115,64,3
115,70,1
115,71,1
115,73,17
115,74,17
115,75,2
115,77,1
115,79,1
115,80,6
115,81,18
115,82,28
115,83,6
115,86,4
115,94,14
115,95,1
115,102,1
115,103,1
115,104,45
115,105,19
115,106,15
115,107,32
115,108,1
115,112,3
115,113,15
115,114,41
115,116,34
115,117,2
115,120,3
115,123,3
115,125,3
115,128,1
115,130,1
115,135,1
115,138,1
115,139,2
115,142,22
115,143,11
115,144,2
115,145,1
115,148,13
115,149,20
115,150,113
115,151,1
115,152,25
115,153,2
115,154,4
115,155,3
115,156,7
115,158,6
115,162,9
115,165,8
115,166,2
115,168,24
115,169,7
115,170,7
115,171,18
115,172,1
115,173,8
115,174,14
115,175,22
115,176,1
115,177,1
115,178,20
115,179,6
115,180,15
115,181,4
115,183,1
115,184,2
115,186,2
115,189,8
115,190,5
115,191,8
115,192,2
115,193,2
115,194,2
115,195,17
115,196,10
115,197,10
115,198,14
115,199,4
115,200,26
115,201,4
115,202,3
115,203,4
115,204,16
115,206,24
115,207,5
115,210,5
115,211,10
115,212,2
115,213,9
115,214,3
115,215,11
115,216,12
115,217,12
115,218,6
115,219,1
115,220,10
115,221,6
115,223,7
115,224,32
115,225,6
115,227,4
115,228,16
115,229,61
115,230,3
115,231,2
115,232,1
115,236,3
115,237,4
115,238,5
115,239,3
115,241,5
115,242,1
115,244,2
115,245,6
115,246,1
115,247,6
115,250,10
115,251,21
115,252,6
115,253,5
115,254,4
115,255,11
115,257,1
115,259,3
115,260,1
115,262,3
115,264,3
115,265,2
115,266,4
115,270,13
115,271,1
115,273,6
115,274,1
115,275,1
115,276,5
115,277,1
115,279,3
115,280,1
115,281,8
115,282,1
115,284,5
115,285,8
115,286,28
115,287,3
115,288,1
115,289,3
115,290,2
115,291,5
115,293,1
115,295,3
115,296,1
115,299,1
115,301,3
115,302,1
115,304,3
115,306,2
115,307,1
115,308,2
115,310,2
115,311,3
115,313,1
115,315,7
115,316,5
115,317,1
115,320,18
115,321,1
115,322,1
115,323,7
115,324,2
115,325,8
115,328,1
115,329,2
115,330,1
115,331,8
115,332,3
115,333,6
115,335,4
115,336,1
115,340,8
115,342,3
115,344,2
115,345,2
115,346,1
115,347,1
115,350,4
115,351,3
115,352,2
115,354,7
115,356,46
115,358,2
115,361,2
115,365,1
115,366,81
115,368,4
115,369,13
115,371,2
115,375,2
115,376,2
115,378,3
116,7,38
116,10,1
116,15,6
116,18,7
116,19,5
116,20,3
116,24,3
116,31,1
116,34,1
116,37,2
116,39,2
116,41,7
116,42,15
116,43,1
116,44,1
116,46,2
116,47,5
116,54,2
116,61,19
116,62,14
116,63,5
116,64,1
116,65,1
116,73,6
116,74,6
116,79,1
116,80,3
116,81,3
116,82,12
116,83,9
116,86,5
116,87,2
116,90,1
116,94,2
116,95,1
116,102,1
116,104,11
116,105,25
116,106,11
116,107,2
116,108,1
116,111,1
116,112,1
116,113,4
116,114,16
116,117,7
116,118,1
116,121,2
116,123,3
116,128,1
116,129,1
116,130,1
116,132,1
116,140,1
116,142,14
116,143,13
116,144,2
116,148,3
116,149,4
116,150,88
116,151,5
116,152,26
116,154,5
116,156,2
116,157,1
116,160,1
116,162,1
116,166,1
116,168,5
116,171,13
116,174,2
116,175,32
116,176,1
116,177,4
116,178,13
116,179,12
116,180,6
116,181,2
116,183,3
116,189,3
116,191,11
116,192,1
116,195,2
116,197,15
116,198,5
116,199,11
116,200,32
116,201,1
116,203,3
116,204,3
116,206,7
116,207,1
116,209,1
116,210,2
116,212,1
116,213,7
116,214,4
116,215,5
116,216,7
116,217,9
116,218,1
116,220,6
116,221,8
116,224,25
116,225,11
116,227,3
116,228,11
116,229,54
116,230,3
116,235,1
116,236,10
116,238,1
116,239,6
116,241,27
116,245,4
116,247,1
116,249,7
116,250,24
116,251,15
116,252,11
116,253,8
116,254,5
116,255,3
116,257,1
116,260,4
116,262,1
116,264,4
116,265,2
116,266,7
116,270,12
116,273,3
116,276,7
116,281,2
116,284,10
116,285,1
116,286,11
116,287,1
116,289,9
116,290,3
116,296,4
116,299,3
116,302,1
116,303,1
116,304,2
116,307,2
116,308,1
116,311,2
116,313,1
116,314,1
116,315,4
116,316,7
116,320,17
116,321,1
116,323,7
116,324,1
116,325,2
116,331,4
116,332,1
116,333,6
116,335,4
116,338,1
116,342,1
116,345,2
116,347,1
116,348,1
116,350,3
116,354,1
116,356,10
116,358,1
116,361,5
116,364,1
116,365,3
116,366,56
116,367,5
116,369,3
116,372,1
116,375,2
116,376,1
117,2,1
117,7,11
117,10,1
117,12,6
117,13,1
117,14,2
117,15,7
117,18,2
117,19,9
117,20,1
117,22,2
117,39,1
117,40,1
117,42,3
117,43,3
117,44,2
117,46,1
117,47,2
117,56,1
117,61,4
117,62,24
117,63,2
117,64,2
117,72,1
117,73,37
117,74,14
117,75,5
117,76,1
117,78,1
117,79,12
117,80,4
117,81,17
117,82,28
117,83,21
117,86,10
117,88,1
117,89,3
117,90,12
117,91,1
117,92,1
117,94,3
117,97,1
117,98,3
117,104,56
117,105,15
117,106,11
117,107,11
117,108,8
117,109,2
117,110,1
117,111,2
117,112,14
117,113,31
117,114,15
117,116,20
117,118,5
117,119,2
117,120,4
117,122,2
117,123,2
117,125,2
117,128,2
117,129,2
117,130,1
117,132,1
117,133,1
117,139,4
117,140,1
117,142,19
117,143,8
117,144,1
117,148,11
117,149,20
117,150,62
117,151,2
117,152,22
117,153,5
117,154,13
117,155,10
117,156,9
117,158,1
117,165,3
117,166,3
117,168,18
117,170,5
117,171,20
117,172,2
117,173,11
117,175,16
117,177,1
117,178,5
117,179,6
117,180,18
117,181,4
117,184,3
117,186,3
117,188,1
117,189,5
117,191,9
117,192,2
117,194,3
117,195,2
117,196,6
117,197,2
117,198,7
117,199,2
117,200,6
117,203,3
117,204,6
117,205,1
117,206,9
117,208,1
117,210,3
117,211,2
117,212,3
117,213,4
117,214,8
117,215,18
117,216,4
117,217,11
117,218,1
117,219,1
117,220,4
117,221,2
117,224,7
117,225,5
117,227,3
117,228,3
117,229,16
117,231,1
117,232,7
117,235,1
117,238,4
117,239,2
117,241,4
117,244,2
117,246,1
117,247,1
117,249,1
117,250,17
117,251,14
117,252,11
117,254,1
117,257,1
117,259,1
117,263,1
117,264,11
117,266,6
117,268,1
117,269,5
117,270,5
117,271,2
117,273,9
117,274,1
117,275,3
117,276,1
117,281,2
117,284,6
117,285,3
117,286,17
117,287,2
117,289,1
117,300,1
117,302,3
117,304,1
117,305,2
117,306,1
117,308,1
117,310,2
117,311,1
117,315,2
117,316,3
117,317,1
117,319,1
117,320,9
117,321,1
117,323,5
117,328,1
117,332,2
117,333,3
117,335,6
117,336,1
117,337,2
117,339,1
117,340,3
117,342,2
117,343,1
117,345,1
117,346,1
117,348,2
117,349,1
117,350,4
117,352,3
117,354,3
117,356,11
117,359,1
117,360,2
117,361,1
117,362,1
117,365,1
117,366,77
117,368,13
117,369,7
117,371,1
117,373,1
117,375,3
117,378,3
118,3,1
118,5,1
118,6,1
118,7,74
118,8,1
118,9,3
118,10,2
118,12,1
118,13,2
118,14,3
118,15,14
118,18,5
118,19,6
118,20,2
118,22,2
118,23,1
118,31,1
118,35,1
118,37,3
118,40,4
118,41,6
118,42,5
118,43,3
118,44,2
118,46,1
118,47,4
118,51,2
118,59,3
118,61,11
118,62,31
118,63,1
118,64,3
118,66,1
118,69,1
118,72,2
118,73,52
118,74,23
118,75,1
118,76,2
118,77,4
118,78,1
118,79,8
118,80,4
118,81,22
118,82,65
118,83,39
118,84,1
118,86,17
118,87,1
118,88,3
118,89,3
118,90,5
118,92,5
118,94,7
118,95,2
118,98,2
118,100,1
118,102,1
118,103,2
118,104,79
118,105,40
118,106,12
118,107,21
118,108,2
118,109,1
118,110,5
118,111,3
118,112,22
118,113,18
118,114,21
118,116,25
118,117,59
118,119,9
118,120,4
118,121,2
118,123,9
118,125,2
118,128,2
118,129,1
118,130,17
118,133,2
118,135,1
118,136,1
118,139,4
118,140,1
118,142,25
118,143,18
118,144,4
118,145,1
118,148,9
118,149,40
118,150,101
118,151,9
118,152,30
118,153,8
118,154,17
118,156,21
118,158,4
118,159,1
118,162,3
118,165,6
118,166,5
118,168,33
118,169,9
118,170,17
118,171,37
118,172,1
118,173,2
118,174,5
118,175,18
118,177,7
118,178,5
118,179,13
118,180,23
118,181,13
118,183,1
118,184,1
118,188,1
118,189,8
118,190,4
118,191,11
118,192,1
118,195,9
118,196,1
118,197,15
118,198,22
118,199,7
118,200,20
118,201,2
118,202,1
118,203,4
118,204,17
118,206,13
118,207,5
118,210,1
118,211,2
118,212,2
118,213,14
118,214,8
118,215,26
118,216,5
118,217,10
118,218,5
118,220,3
118,221,9
118,222,1
118,224,24
118,225,10
118,226,1
118,227,6
118,228,4
118,229,40
118,230,3
118,231,4
118,234,1
118,235,2
118,236,7
118,238,6
118,239,1
118,241,9
118,244,2
118,245,2
118,247,4
118,248,1
118,250,12
118,251,19
118,252,20
118,254,1
118,258,1
118,259,3
118,260,3
118,262,4
118,263,5
118,264,11
118,265,2
118,266,2
118,270,8
118,271,4
118,273,4
118,274,4
118,275,1
118,276,2
118,281,4
118,282,2
118,284,8
118,285,3
118,286,31
118,287,2
118,288,2
118,289,4
118,290,2
118,291,4
118,293,2
118,295,1
118,296,1
118,302,3
118,304,6
118,305,1
118,307,1
118,310,1
118,311,2
118,312,1
118,313,1
118,314,1
118,315,7
118,316,4
118,319,3
118,320,15
118,323,6
118,325,1
118,328,4
118,330,2
118,331,2
118,332,2
118,333,4
118,334,1
118,336,1
118,337,1
118,340,4
118,342,4
118,343,3
118,345,4
118,350,2
118,351,2
118,352,4
118,354,23
118,356,38
118,358,2
118,359,1
118,361,5
118,362,2
118,363,2
118,365,3
118,366,138
118,368,18
118,369,14
118,371,5
118,373,1
118,375,2
118,376,3
118,377,2
118,378,1
119,2,6
119,3,1
119,6,1
119,7,99
119,9,1
119,10,2
119,13,1
119,17,1
119,18,9
119,19,7
119,20,1
119,22,1
119,25,1
119,26,1
119,27,1
119,30,3
119,35,1
119,40,2
119,41,4
119,42,7
119,43,5
119,44,2
119,46,1
119,47,5
119,52,1
119,53,1
119,54,3
119,59,1
119,61,6
119,62,17
119,63,3
119,64,1
119,66,1
119,68,1
119,69,1
119,72,1
119,73,39
119,74,34
119,75,2
119,76,2
119,77,2
119,78,1
119,79,19
119,80,4
119,81,23
119,82,65
119,83,16
119,84,1
119,86,27
119,87,1
119,88,1
119,90,6
119,91,1
119,92,1
119,94,8
119,98,1
119,103,4
119,104,70
119,105,41
119,106,19
119,107,16
119,108,6
119,109,3
119,110,3
119,111,5
119,112,7
119,113,8
119,114,38
119,115,2
119,116,36
119,117,54
119,118,3
119,120,3
119,121,4
119,123,7
119,125,8
119,128,2
119,129,4
119,130,11
119,132,2
119,133,1
119,135,2
119,138,1
119,139,2
119,140,2
119,142,36
119,143,17
119,144,7
119,147,4
119,148,12
119,149,34
119,150,158
119,151,7
119,152,37
119,153,9
119,154,11
119,155,3
119,156,9
119,158,3
119,162,3
119,166,1
119,168,44
119,169,7
119,170,14
119,171,42
119,172,2
119,173,1
119,174,4
119,175,35
119,176,1
119,177,3
119,178,11
119,179,24
119,180,39
119,181,13
119,183,2
119,184,1
119,185,1
119,186,8
119,187,3
119,188,2
119,189,7
119,190,3
119,191,16
119,192,1
119,193,8
119,194,2
119,195,1
119,196,5
119,197,21
119,198,5
119,199,10
119,200,36
119,203,6
119,204,18
119,205,1
119,206,9
119,207,1
119,209,1
119,210,1
119,211,3
119,212,4
119,213,1
119,214,13
119,215,16
119,216,18
119,217,18
119,218,3
119,220,10
119,222,1
119,224,34
119,225,14
119,227,1
119,228,7
119,229,55
119,230,2
119,231,4
119,235,1
119,236,5
119,237,2
119,238,10
119,241,26
119,244,1
119,247,3
119,249,3
119,250,21
119,251,28
119,252,19
119,253,10
119,255,5
119,258,1
119,260,2
119,262,5
119,263,1
119,264,3
119,266,7
119,268,1
119,270,12
119,272,1
119,273,5
119,274,2
119,275,1
119,276,2
119,281,1
119,284,10
119,285,4
119,286,19
119,288,1
119,289,12
119,290,2
119,291,2
119,295,1
119,296,2
119,297,1
119,299,1
119,302,2
119,304,3
119,305,3
119,309,1
119,310,2
119,311,1
119,313,2
119,315,9
119,316,2
119,317,2
119,319,4
119,320,16
119,323,5
119,324,1
119,328,2
119,329,2
119,331,2
119,332,4
119,333,7
119,335,7
119,336,2
119,337,1
119,340,2
119,342,1
119,343,1
119,345,1
119,348,2
119,350,2
119,351,1
119,352,3
119,353,1
119,354,7
119,356,28
119,358,4
119,360,4
119,361,6
119,362,2
119,365,2
119,366,114
119,367,1
119,368,20
119,369,10
119,373,1
119,374,1
119,376,3
119,377,1
119,378,1
120,1,1
120,3,1
120,5,1
120,6,4
120,7,79
120,8,2
120,10,5
120,13,2
120,14,4
120,15,4
120,18,3
120,19,5
120,21,1
120,22,5
120,24,2
120,25,2
120,29,2
120,31,2
120,32,1
120,40,4
120,41,7
120,42,11
120,43,6
120,44,1
120,46,2
120,47,7
120,49,1
120,52,1
120,58,1
120,61,9
120,62,36
120,63,2
120,64,2
120,69,1
120,73,86
120,74,31
120,75,5
120,76,4
120,77,1
120,78,3
120,79,15
120,80,25
120,81,40
120,82,66
120,83,30
120,86,22
120,89,2
120,90,9
120,91,1
120,92,1
120,94,10
120,95,1
120,97,5
120,98,1
120,104,50
120,105,17
120,106,12
120,107,14
120,108,2
120,110,12
120,111,4
120,112,21
120,113,19
120,114,25
120,116,18
120,117,53
120,118,1
120,119,11
120,121,5
120,123,12
120,125,1
120,128,3
120,129,2
120,130,4
120,135,6
120,136,1
120,139,5
120,142,36
120,143,16
120,144,1
120,147,4
120,148,22
120,149,29
120,150,132
120,151,7
120,152,32
120,153,2
120,154,27
120,155,3
120,156,21
120,157,1
120,160,2
120,161,3
120,162,10
120,165,2
120,166,8
120,168,28
120,169,10
120,170,10
120,171,37
120,173,5
120,174,5
120,175,18
120,177,5
120,178,12
120,179,10
120,180,26
120,181,7
120,182,2
120,183,4
120,184,3
120,185,2
120,186,8
120,187,1
120,189,9
120,190,1
120,191,17
120,192,2
120,193,1
120,194,1
120,195,12
120,196,3
120,197,7
120,198,15
120,199,2
120,200,17
120,203,1
120,204,19
120,206,7
120,207,2
120,208,3
120,210,4
120,211,1
120,212,7
120,213,6
120,214,4
120,215,17
120,216,13
120,217,11
120,218,8
120,220,7
120,221,3
120,223,1
120,224,25
120,225,8
120,226,1
120,227,2
120,228,1
120,229,37
120,231,8
120,234,1
120,236,12
120,238,5
120,239,1
120,241,6
120,244,4
120,245,2
120,247,7
120,249,2
120,250,23
120,251,16
120,252,10
120,253,2
120,255,7
120,257,1
120,258,2
120,260,1
120,262,4
120,263,2
120,264,6
120,266,1
120,268,1
120,270,4
120,271,4
120,273,3
120,275,3
120,276,1
120,277,1
120,281,6
120,282,3
120,284,9
120,285,9
120,286,27
120,287,3
120,288,1
120,289,6
120,290,1
120,291,3
120,293,1
120,296,2
120,301,1
120,302,2
120,304,2
120,305,1
120,307,1
120,308,3
120,310,4
120,311,2
120,313,2
120,315,7
120,316,1
120,319,2
120,320,11
120,321,1
120,322,1
120,323,8
120,328,1
120,331,3
120,333,11
120,335,2
120,336,3
120,337,5
120,340,3
120,342,5
120,343,2
120,344,1
120,346,2
120,349,3
120,350,1
120,351,1
120,352,1
120,353,1
120,354,25
120,355,1
120,356,21
120,358,2
120,359,3
120,361,3
120,362,1
120,363,1
120,365,4
120,366,129
120,367,3
120,368,30
120,369,14
120,370,1
120,371,3
120,375,1
120,376,2
120,377,1
120,378,4
121,3,1
121,6,4
121,7,34
121,10,3
121,11,1
121,12,1
121,13,1
121,14,2
121,18,1
121,19,4
121,26,1
121,37,3
121,40,4
121,42,3
121,43,2
121,44,1
121,51,1
121,56,1
121,59,1
121,61,6
121,62,16
121,72,1
121,73,32
121,74,13
121,75,1
121,77,1
121,78,1
121,79,2
121,80,5
121,81,23
121,82,21
121,83,3
121,85,1
121,86,19
121,90,2
121,92,4
121,94,3
121,97,1
121,98,1
121,102,1
121,104,26
121,105,24
121,106,10
121,107,1
121,110,1
121,112,12
121,113,8
121,114,9
121,116,6
121,117,27
121,118,2
121,119,3
121,120,4
121,123,13
121,125,2
121,127,2
121,130,6
121,132,1
121,135,2
121,139,1
121,140,2
121,142,8
121,143,11
121,144,3
121,147,1
121,148,3
121,149,25
121,150,90
121,151,3
121,152,20
121,153,2
121,154,8
121,155,1
121,156,4
121,157,1
121,160,1
121,162,1
121,165,2
121,166,6
121,168,21
121,170,2
121,171,13
121,172,1
121,173,2
121,174,4
121,175,11
121,178,11
121,179,4
121,180,10
121,181,4
121,182,1
121,184,1
121,185,3
121,186,1
121,187,2
121,189,8
121,190,5
121,191,9
121,194,1
121,195,10
121,196,4
121,197,7
121,198,2
121,199,3
121,200,15
121,202,2
121,203,1
121,204,7
121,205,1
121,206,2
121,208,1
121,209,1
121,210,2
121,212,3
121,213,3
121,214,4
121,215,9
121,216,7
121,217,15
121,218,1
121,220,1
121,221,2
121,222,1
121,223,2
121,224,14
121,225,6
121,226,2
121,227,1
121,228,4
121,229,27
121,236,4
121,238,6
121,241,5
121,244,2
121,245,2
121,247,3
121,249,1
121,250,18
121,251,7
121,252,5
121,255,1
121,258,2
121,263,1
121,264,2
121,265,2
121,269,1
121,270,5
121,271,1
121,272,2
121,273,2
121,274,2
121,276,5
121,281,5
121,282,1
121,284,7
121,285,6
121,286,9
121,287,1
121,289,3
121,291,3
121,302,1
121,304,3
121,308,1
121,315,6
121,316,3
121,320,10
121,323,7
121,328,1
121,329,1
121,331,1
121,332,1
121,333,4
121,334,2
121,336,1
121,337,1
121,340,1
121,341,1
121,342,1
121,343,1
121,348,1
121,351,3
121,354,9
121,355,4
121,356,22
121,358,3
121,359,1
121,365,3
121,366,51
121,367,1
121,368,5
121,369,6
121,378,1
122,6,1
122,7,20
122,9,2
122,12,1
122,14,1
122,15,2
122,17,2
122,19,2
122,20,1
122,21,2
122,22,4
122,37,1
122,40,1
122,41,4
122,42,2
122,43,1
122,46,2
122,51,1
122,53,1
122,54,1
122,61,6
122,62,12
122,63,1
122,64,2
122,66,1
122,73,11
122,74,13
122,79,2
122,80,2
122,81,7
122,82,9
122,83,1
122,86,8
122,94,3
122,98,1
122,100,1
122,103,1
122,104,34
122,105,16
122,106,2
122,107,9
122,110,2
122,111,1
122,112,3
122,113,7
122,114,1
122,116,6
122,117,4
122,123,6
122,125,18
122,128,4
122,130,14
122,131,2
122,132,1
122,133,1
122,135,2
122,138,1
122,139,15
122,140,5
122,142,5
122,143,20
122,144,1
122,148,4
122,149,7
122,150,63
122,151,4
122,152,24
122,153,1
122,154,1
122,166,1
122,168,1
122,171,9
122,172,1
122,173,1
122,174,2
122,175,16
122,178,10
122,180,8
122,181,3
122,182,1
122,186,1
122,187,5
122,189,2
122,190,1
122,191,3
122,195,6
122,197,7
122,198,6
122,200,9
122,204,2
122,206,2
122,210,1
122,212,2
122,213,5
122,214,1
122,215,4
122,216,2
122,217,7
122,218,1
122,220,1
122,221,1
122,223,1
122,224,4
122,225,5
122,229,21
122,236,5
122,237,2
122,239,2
122,241,11
122,244,2
122,249,4
122,250,12
122,251,14
122,252,1
122,253,1
122,264,6
122,265,1
122,270,3
122,271,3
122,273,1
122,274,1
122,281,2
122,284,5
122,285,1
122,286,16
122,287,1
122,289,7
122,290,2
122,291,1
122,315,2
122,316,2
122,320,2
122,321,1
122,323,1
122,330,1
122,332,2
122,333,5
122,335,1
122,337,2
122,338,1
122,340,2
122,342,3
122,343,1
122,345,3
122,348,1
122,354,12
122,355,1
122,356,2
122,358,1
122,360,1
122,361,1
122,362,1
122,364,1
122,365,2
122,366,62
122,367,2
122,368,5
122,369,2
122,370,1
122,372,1
122,378,1
123,6,1
123,7,36
123,9,1
123,12,1
123,13,2
123,15,1
123,18,4
123,19,1
123,20,3
123,22,1
123,23,1
123,37,1
123,41,4
123,42,3
123,44,2
123,47,1
123,61,4
123,62,5
123,66,1
123,73,11
123,74,20
123,80,1
123,81,5
123,82,15
123,83,5
123,86,22
123,88,2
123,94,1
123,97,1
123,98,1
123,104,24
123,105,34
123,106,5
123,107,7
123,110,2
123,111,2
123,112,4
123,113,11
123,114,4
123,116,3
123,117,1
123,125,11
123,128,5
123,129,3
123,130,8
123,131,3
123,132,4
123,135,4
123,139,8
123,142,23
123,143,9
123,144,1
123,146,1
123,148,3
123,149,6
123,150,40
123,151,1
123,152,17
123,154,3
123,155,2
123,158,1
123,162,2
123,168,3
123,169,1
123,170,2
123,171,16
123,175,20
123,178,4
123,179,3
123,180,2
123,181,7
123,186,1
123,187,1
123,188,1
123,189,4
123,190,1
123,191,11
123,195,3
123,196,1
123,197,13
123,198,5
123,199,4
123,200,13
123,202,1
123,203,1
123,204,4
123,211,1
123,212,3
123,213,2
123,215,3
123,216,18
123,217,6
123,221,2
123,224,7
123,225,5
123,227,1
123,229,26
123,230,1
123,231,1
123,236,3
123,238,4
123,241,8
123,244,1
123,245,1
123,249,2
123,250,10
123,251,15
123,252,5
123,253,1
123,255,1
123,258,1
123,260,1
123,262,1
123,264,2
123,270,1
123,273,2
123,274,1
123,281,2
123,284,9
123,285,2
123,286,3
123,287,1
123,289,5
123,291,1
123,293,1
123,296,2
123,300,1
123,304,3
123,305,1
123,311,1
123,313,1
123,315,3
123,316,1
123,319,1
123,320,3
123,321,1
123,323,2
123,332,1
123,333,4
123,334,1
123,337,3
123,343,1
123,345,1
123,350,1
123,354,17
123,356,3
123,366,48
123,367,6
123,368,7
123,369,4
123,372,3
123,375,1
123,378,1
124,6,2
124,7,25
124,8,1
124,10,2
124,12,5
124,18,2
124,20,4
124,21,1
124,22,1
124,31,1
124,40,2
124,41,1
124,42,2
124,43,3
124,46,1
124,47,2
124,48,1
124,61,7
124,62,6
124,73,2
124,74,11
124,80,2
124,81,8
124,82,9
124,83,2
124,86,9
124,94,4
124,96,1
124,102,1
124,104,18
124,105,24
124,106,5
124,107,6
124,110,1
124,112,3
124,113,4
124,114,1
124,116,4
124,123,21
124,125,13
124,126,1
124,128,3
124,129,1
124,130,12
124,131,3
124,135,7
124,137,2
124,139,7
124,140,1
124,142,14
124,143,13
124,146,1
124,148,6
124,149,2
124,150,23
124,152,17
124,154,3
124,155,1
124,165,3
124,168,9
124,169,1
124,171,5
124,172,3
124,174,1
124,175,7
124,176,3
124,177,1
124,178,8
124,179,1
124,180,2
124,181,3
124,182,1
124,189,1
124,190,1
124,191,11
124,193,1
124,195,1
124,197,5
124,198,4
124,199,3
124,200,14
124,203,1
124,204,4
124,207,1
124,211,1
124,213,1
124,215,9
124,216,1
124,217,4
124,224,17
124,225,6
124,227,3
124,229,12
124,236,7
124,238,1
124,241,6
124,245,1
124,247,3
124,249,8
124,250,9
124,251,5
124,252,1
124,270,2
124,273,1
124,276,1
124,284,4
124,285,3
124,286,11
124,287,2
124,289,1
124,295,1
124,296,2
124,302,1
124,303,1
124,307,1
124,308,1
124,311,3
124,315,4
124,316,2
124,319,1
124,320,10
124,322,1
124,323,1
124,328,2
124,333,1
124,335,1
124,343,1
124,348,1
124,349,1
124,350,2
124,352,1
124,354,9
124,355,1
124,356,3
124,359,1
124,365,1
124,366,59
124,367,4
124,368,6
124,369,4
124,376,1
125,6,1
125,7,82
125,9,3
125,13,1
125,14,1
125,15,3
125,16,1
125,18,2
125,19,11
125,20,1
125,22,1
125,34,1
125,40,4
125,41,1
125,42,9
125,43,4
125,46,3
125,47,2
125,51,1
125,53,1
125,61,8
125,62,26
125,63,2
125,64,1
125,67,1
125,68,1
125,73,24
125,74,27
125,76,2
125,79,3
125,80,2
125,81,5
125,82,17
125,83,3
125,85,1
125,86,20
125,92,3
125,94,9
125,95,2
125,97,1
125,102,1
125,103,1
125,104,41
125,105,33
125,106,8
125,107,7
125,111,1
125,112,1
125,113,13
125,114,9
125,115,2
125,116,11
125,117,4
125,118,1
125,119,2
125,123,29
125,126,3
125,128,14
125,129,3
125,130,29
125,131,2
125,132,5
125,133,4
125,134,1
125,135,4
125,139,13
125,140,3
125,141,5
125,142,20
125,143,13
125,144,1
125,147,1
125,148,4
125,149,10
125,150,65
125,152,23
125,153,1
125,154,3
125,156,4
125,165,1
125,166,2
125,168,15
125,170,7
125,171,17
125,173,2
125,174,1
125,175,7
125,176,2
125,178,14
125,179,8
125,180,10
125,181,16
125,185,1
125,186,1
125,189,6
125,190,2
125,191,20
125,193,2
125,195,6
125,196,4
125,197,12
125,198,2
125,199,3
125,200,12
125,203,1
125,204,5
125,206,1
125,207,3
125,208,2
125,210,2
125,211,2
125,212,2
125,213,9
125,214,5
125,215,5
125,216,13
125,217,17
125,219,1
125,220,1
125,222,1
125,224,26
125,225,4
125,229,33
125,230,5
125,231,4
125,236,1
125,238,3
125,239,1
125,241,10
125,244,3
125,245,2
125,247,7
125,249,3
125,250,2
125,251,18
125,252,2
125,253,4
125,260,1
125,264,4
125,267,2
125,270,6
125,273,1
125,276,2
125,277,1
125,279,1
125,282,1
125,284,11
125,285,4
125,286,12
125,289,1
125,290,2
125,295,2
125,296,1
125,304,2
125,305,3
125,310,1
125,311,2
125,313,2
125,314,2
125,315,4
125,316,3
125,320,7
125,322,1
125,323,2
125,325,1
125,328,1
125,331,1
125,333,4
125,335,1
125,337,1
125,340,2
125,342,3
125,343,2
125,345,1
125,350,1
125,352,1
125,354,25
125,356,9
125,362,1
125,364,1
125,365,5
125,366,122
125,367,1
125,368,10
125,369,4
125,370,1
125,372,1
125,376,2
125,378,4
126,1,3
126,2,1
126,5,1
126,6,4
126,7,30
126,9,2
126,10,4
126,12,1
126,14,2
126,15,2
126,18,1
126,19,17
126,21,1
126,24,1
126,25,1
126,26,2
126,36,1
126,37,1
126,39,2
126,40,1
126,41,1
126,42,9
126,43,2
126,44,1
126,46,1
126,47,1
126,53,1
126,54,2
126,61,5
126,62,22
126,63,1
126,66,1
126,69,1
126,72,1
126,73,10
126,74,24
126,78,1
126,79,4
126,80,7
126,81,12
126,82,13
126,83,4
126,86,19
126,87,2
126,90,1
126,94,4
126,97,4
126,98,1
126,104,21
126,105,39
126,106,17
126,107,5
126,110,2
126,112,1
126,113,6
126,114,5
126,116,14
126,117,2
126,119,2
126,123,29
126,125,16
126,127,1
126,128,32
126,129,11
126,130,14
126,131,6
126,132,1
126,133,2
126,134,2
126,135,7
126,139,27
126,140,16
126,141,1
126,142,6
126,143,26
126,147,1
126,148,2
126,149,2
126,150,60
126,151,4
126,152,9
126,154,3
126,155,1
126,156,2
126,165,1
126,167,1
126,168,3
126,169,1
126,170,3
126,171,4
126,173,1
126,175,14
126,178,3
126,179,6
126,180,3
126,181,3
126,182,1
126,187,5
126,190,1
126,191,10
126,193,3
126,194,1
126,195,4
126,196,1
126,197,5
126,199,5
126,200,15
126,201,3
126,204,7
126,206,1
126,208,1
126,210,1
126,211,1
126,213,6
126,215,4
126,216,10
126,217,4
126,220,2
126,221,1
126,222,2
126,224,20
126,225,3
126,227,1
126,228,1
126,229,19
126,230,2
126,231,2
126,232,1
126,236,6
126,238,1
126,239,6
126,241,7
126,245,1
126,247,2
126,249,10
126,250,13
126,251,27
126,252,2
126,254,2
126,259,1
126,270,5
126,273,3
126,278,1
126,284,10
126,285,2
126,286,6
126,287,3
126,289,2
126,290,4
126,291,1
126,296,2
126,305,5
126,308,1
126,310,1
126,311,2
126,313,2
126,314,1
126,315,11
126,316,4
126,320,4
126,323,6
126,325,2
126,328,3
126,331,1
126,333,6
126,335,2
126,336,1
126,337,2
126,340,1
126,343,1
126,348,2
126,349,1
126,351,1
126,354,11
126,355,4
126,356,10
126,361,4
126,365,1
126,366,84
126,367,7
126,368,9
126,369,6
126,371,2
126,372,3
126,378,2
127,2,1
127,6,1
127,7,33
127,11,2
127,12,1
127,13,2
127,15,2
127,16,1
127,18,2
127,19,4
127,22,1
127,25,1
127,29,1
127,41,1
127,42,3
127,43,3
127,46,1
127,61,4
127,62,6
127,63,1
127,64,2
127,67,1
127,73,10
127,74,5
127,75,1
127,76,1
127,79,1
127,81,10
127,82,10
127,83,2
127,84,1
127,86,6
127,88,2
127,90,1
127,94,3
127,100,1
127,104,6
127,105,9
127,106,11
127,107,5
127,110,1
127,112,1
127,113,4
127,114,6
127,116,4
127,118,1
127,120,1
127,123,8
127,125,7
127,126,1
127,128,9
127,129,3
127,130,19
127,131,4
127,135,1
127,139,8
127,140,3
127,142,12
127,143,3
127,144,3
127,148,8
127,149,4
127,150,30
127,152,12
127,153,1
127,158,1
127,162,1
127,168,6
127,170,2
127,171,3
127,174,2
127,175,6
127,178,13
127,180,9
127,181,2
127,186,1
127,187,3
127,190,2
127,191,6
127,195,3
127,197,1
127,198,2
127,199,5
127,200,9
127,204,6
127,206,4
127,210,2
127,211,1
127,213,4
127,214,1
127,215,1
127,216,4
127,217,4
127,220,3
127,221,4
127,222,1
127,224,7
127,225,3
127,229,11
127,237,1
127,239,1
127,241,2
127,244,1
127,247,1
127,249,2
127,250,9
127,251,12
127,252,5
127,253,1
127,266,1
127,267,1
127,270,2
127,276,1
127,280,1
127,281,2
127,284,1
127,285,1
127,286,5
127,287,1
127,296,1
127,305,1
127,308,1
127,310,1
127,311,1
127,315,2
127,320,5
127,321,1
127,323,2
127,325,1
127,332,1
127,333,1
127,335,2
127,340,1
127,342,1
127,343,1
127,354,9
127,355,1
127,358,2
127,359,2
127,361,3
127,365,2
127,366,50
127,367,1
127,368,11
127,369,1
127,371,2
127,378,1
128,3,1
128,7,32
128,9,3
128,10,1
128,15,2
128,17,1
128,19,4
128,20,1
128,23,2
128,30,2
128,37,1
128,40,3
128,41,1
128,42,5
128,43,2
128,44,1
128,46,1
128,47,3
128,56,1
128,61,5
128,62,19
128,63,1
128,64,3
128,71,1
128,72,2
128,73,44
128,74,22
128,75,3
128,76,1
128,79,1
128,80,5
128,81,10
128,82,23
128,83,10
128,86,21
128,87,1
128,88,1
128,90,1
128,93,1
128,94,3
128,97,2
128,98,1
128,102,2
128,104,29
128,105,29
128,106,21
128,107,5
128,110,2
128,111,2
128,112,3
128,113,5
128,114,5
128,116,3
128,117,4
128,119,2
128,123,13
128,125,12
128,129,6
128,130,35
128,133,1
128,134,2
128,135,5
128,139,14
128,140,1
128,142,12
128,143,18
128,147,1
128,148,5
128,149,7
128,150,62
128,151,2
128,152,22
128,154,1
128,155,2
128,156,3
128,162,3
128,165,3
128,166,1
128,168,15
128,170,1
128,171,12
128,172,1
128,174,1
128,175,9
128,178,8
128,179,6
128,180,11
128,181,1
128,186,6
128,187,5
128,188,1
128,189,2
128,190,1
128,191,16
128,193,2
128,194,1
128,195,1
128,196,2
128,197,5
128,199,1
128,200,15
128,201,1
128,204,5
128,205,1
128,206,2
128,208,1
128,210,1
128,212,1
128,213,2
128,214,5
128,215,2
128,216,11
128,217,7
128,218,1
128,220,2
128,221,3
128,222,1
128,224,16
128,225,10
128,226,1
128,227,2
128,229,14
128,236,3
128,241,18
128,244,3
128,245,5
128,247,2
128,249,1
128,250,19
128,251,9
128,252,5
128,255,5
128,257,1
128,262,1
128,263,1
128,264,2
128,268,1
128,270,5
128,273,4
128,276,2
128,281,1
128,284,4
128,285,2
128,286,16
128,287,1
128,288,4
128,289,10
128,291,2
128,293,2
128,296,3
128,303,1
128,304,4
128,305,1
128,307,1
128,308,2
128,315,3
128,316,3
128,319,1
128,320,15
128,321,1
128,322,1
128,323,5
128,328,2
128,331,1
128,335,3
128,336,3
128,337,2
128,340,2
128,342,2
128,346,1
128,350,1
128,352,1
128,353,1
128,354,33
128,356,10
128,361,1
128,365,1
128,366,94
128,367,7
128,368,5
128,369,3
128,371,1
128,372,3
128,374,1
128,376,1
129,7,30
129,10,2
129,12,2
129,13,1
129,14,1
129,18,3
129,19,5
129,20,2
129,22,1
129,26,1
129,37,1
129,41,2
129,42,2
129,43,2
129,46,1
129,47,5
129,53,1
129,56,1
129,61,2
129,62,10
129,63,1
129,71,1
129,73,13
129,74,20
129,78,1
129,79,5
129,80,2
129,81,4
129,82,19
129,83,4
129,86,11
129,94,5
129,98,1
129,101,1
129,104,29
129,105,17
129,106,8
129,107,4
129,110,2
129,113,6
129,114,6
129,115,1
129,116,12
129,117,2
129,123,10
129,125,10
129,126,3
129,128,10
129,130,21
129,131,2
129,132,3
129,135,2
129,139,11
129,142,9
129,143,8
129,148,5
129,149,3
129,150,31
129,151,2
129,152,5
129,154,1
129,158,1
129,165,1
129,168,11
129,169,1
129,170,2
129,171,12
129,174,3
129,175,5
129,178,9
129,179,4
129,180,2
129,181,2
129,182,1
129,186,1
129,187,2
129,188,5
129,189,1
129,191,13
129,192,1
129,195,2
129,197,7
129,198,1
129,200,17
129,204,7
129,206,4
129,208,1
129,212,5
129,213,1
129,215,5
129,216,4
129,217,8
129,218,1
129,221,3
129,224,6
129,225,1
129,226,1
129,227,8
129,229,17
129,236,1
129,240,1
129,241,3
129,249,3
129,250,10
129,251,11
129,252,12
129,253,2
129,255,1
129,257,1
129,262,1
129,270,3
129,273,2
129,276,1
129,280,1
129,284,4
129,285,5
129,286,7
129,288,1
129,289,3
129,291,3
129,296,4
129,302,3
129,304,2
129,305,1
129,311,2
129,313,1
129,315,2
129,317,1
129,320,5
129,321,1
129,323,5
129,324,1
129,325,1
129,328,1
129,332,1
129,333,2
129,339,1
129,343,1
129,350,2
129,351,1
129,354,23
129,355,1
129,356,1
129,364,1
129,365,1
129,366,69
129,367,4
129,368,8
129,369,3
129,371,3
129,372,1
129,377,1
130,5,1
130,6,2
130,7,75
130,9,1
130,10,1
130,11,1
130,12,1
130,13,1
130,17,2
130,18,9
130,19,8
130,20,8
130,21,1
130,22,2
130,24,1
130,25,1
130,26,2
130,27,1
130,28,1
130,40,1
130,41,4
130,42,11
130,43,3
130,45,1
130,46,3
130,53,3
130,56,1
130,61,12
130,62,19
130,64,2
130,71,2
130,73,44
130,74,41
130,77,1
130,79,1
130,80,8
130,81,7
130,82,23
130,83,3
130,86,18
130,89,1
130,94,7
130,97,2
130,98,4
130,102,3
130,104,50
130,105,46
130,106,21
130,107,6
130,108,1
130,110,3
130,111,4
130,112,2
130,113,7
130,114,8
130,116,14
130,117,11
130,120,2
130,123,10
130,124,2
130,125,20
130,126,4
130,127,7
130,128,13
130,129,11
130,131,6
130,132,4
130,133,2
130,135,5
130,139,41
130,140,13
130,141,2
130,142,33
130,143,33
130,148,1
130,149,9
130,150,106
130,151,3
130,152,38
130,153,1
130,154,5
130,155,1
130,156,7
130,162,1
130,166,2
130,168,15
130,169,3
130,170,2
130,171,21
130,172,1
130,174,5
130,175,16
130,178,18
130,179,5
130,180,7
130,181,11
130,182,1
130,185,1
130,186,3
130,187,9
130,189,10
130,190,1
130,191,23
130,195,7
130,197,12
130,198,7
130,199,2
130,200,30
130,203,1
130,204,2
130,206,2
130,210,1
130,211,2
130,212,3
130,213,2
130,214,3
130,215,9
130,216,10
130,217,10
130,218,2
130,219,1
130,220,3
130,221,2
130,224,34
130,225,4
130,227,5
130,229,45
130,230,1
130,231,1
130,232,1
130,235,4
130,236,7
130,238,6
130,241,17
130,244,3
130,245,3
130,247,4
130,248,1
130,249,6
130,250,14
130,251,16
130,252,9
130,253,1
130,255,1
130,257,1
130,264,3
130,270,6
130,273,4
130,274,1
130,275,1
130,276,1
130,278,1
130,279,1
130,280,2
130,284,2
130,285,6
130,286,16
130,287,1
130,290,2
130,291,1
130,295,1
130,296,1
130,299,1
130,302,3
130,304,3
130,305,4
130,306,2
130,308,4
130,309,1
130,311,4
130,314,1
130,315,10
130,316,1
130,319,1
130,320,10
130,323,4
130,325,3
130,330,1
130,331,3
130,332,3
130,333,4
130,335,2
130,336,2
130,337,2
130,339,1
130,340,1
130,343,1
130,345,2
130,346,2
130,348,2
130,350,3
130,351,3
130,354,43
130,355,1
130,356,13
130,359,1
130,361,1
130,364,1
130,365,2
130,366,121
130,367,4
130,368,13
130,369,10
130,370,1
130,375,1
130,376,1
130,378,3
131,3,1
131,7,59
131,10,1
131,11,1
131,12,2
131,14,1
131,15,1
131,18,2
131,19,2
131,20,2
131,22,1
131,26,1
131,30,1
131,31,2
131,35,1
131,37,1
131,40,5
131,41,2
131,42,4
131,43,1
131,44,1
131,45,2
131,46,1
131,53,1
131,54,1
131,61,8
131,62,12
131,66,1
131,73,31
131,74,24
131,77,2
131,79,4
131,80,1
131,81,4
131,82,20
131,83,2
131,84,6
131,86,21
131,87,2
131,94,5
131,97,2
131,98,1
131,100,1
131,101,1
131,104,31
131,105,33
131,106,13
131,107,8
131,108,1
131,112,1
131,113,3
131,114,2
131,116,4
131,117,11
131,119,1
131,120,1
131,123,14
131,125,12
131,127,1
131,128,13
131,129,1
131,130,18
131,132,7
131,133,1
131,134,2
131,135,8
131,139,17
131,140,8
131,141,1
131,142,16
131,143,11
131,148,5
131,149,7
131,150,46
131,151,3
131,152,22
131,153,2
131,154,2
131,155,1
131,162,1
131,165,2
131,166,3
131,168,7
131,170,5
131,171,7
131,173,1
131,175,16
131,176,1
131,177,3
131,178,6
131,179,6
131,180,6
131,181,6
131,182,1
131,186,4
131,187,3
131,189,4
131,191,11
131,193,1
131,195,2
131,197,13
131,198,1
131,199,3
131,200,12
131,201,1
131,202,1
131,204,7
131,206,5
131,208,1
131,209,2
131,212,2
131,213,3
131,214,1
131,215,2
131,216,3
131,217,16
131,221,3
131,222,1
131,224,13
131,225,6
131,226,2
131,229,35
131,235,1
131,236,8
131,238,4
131,239,1
131,241,8
131,245,1
131,249,3
131,250,10
131,251,12
131,252,5
131,255,3
131,259,1
131,266,1
131,270,6
131,273,2
131,276,2
131,279,1
131,284,5
131,285,2
131,286,14
131,289,3
131,290,5
131,291,1
131,293,3
131,295,1
131,296,1
131,302,1
131,304,2
131,305,1
131,308,3
131,310,1
131,314,1
131,315,2
131,316,1
131,317,1
131,319,1
131,320,4
131,322,1
131,323,5
131,324,1
131,325,1
131,328,1
131,331,1
131,333,4
131,334,1
131,335,3
131,341,1
131,342,3
131,343,2
131,345,2
131,348,1
131,350,2
131,351,1
131,354,12
131,356,4
131,358,1
131,361,3
131,362,1
131,365,5
131,366,103
131,368,13
131,369,6
131,372,1
131,377,1
132,6,1
132,7,50
132,10,1
132,11,1
132,14,2
132,15,3
132,16,1
132,18,2
132,19,1
132,23,1
132,35,1
132,39,1
132,40,1
132,41,4
132,42,3
132,43,5
132,44,1
132,46,1
132,47,1
132,52,1
132,54,1
132,56,1
132,61,6
132,62,11
132,66,1
132,72,2
132,73,12
132,74,11
132,79,2
132,80,1
132,81,4
132,82,17
132,83,5
132,86,18
132,94,4
132,97,1
132,98,2
132,104,29
132,105,30
132,106,15
132,107,7
132,108,2
132,110,3
132,111,1
132,113,1
132,114,4
132,116,6
132,117,5
132,121,1
132,123,21
132,125,17
132,126,3
132,128,4
132,129,5
132,130,29
132,131,5
132,135,13
132,136,1
132,139,23
132,140,5
132,141,2
132,142,10
132,143,8
132,147,1
132,148,3
132,149,3
132,150,48
132,151,5
132,152,19
132,154,9
132,155,1
132,156,1
132,157,1
132,168,8
132,170,10
132,171,13
132,175,17
132,178,7
132,179,5
132,180,5
132,181,7
132,184,1
132,186,2
132,187,3
132,189,12
132,190,1
132,191,15
132,193,2
132,194,1
132,195,4
132,196,2
132,197,3
132,198,5
132,199,4
132,200,5
132,204,3
132,206,5
132,210,1
132,211,1
132,212,2
132,213,2
132,215,3
132,216,3
132,217,4
132,220,1
132,221,2
132,224,7
132,225,8
132,229,28
132,230,1
132,235,2
132,236,6
132,238,1
132,241,6
132,247,3
132,249,7
132,250,7
132,251,12
132,252,1
132,253,3
132,264,1
132,265,1
132,266,2
132,270,5
132,271,1
132,273,2
132,275,1
132,276,1
132,277,1
132,279,1
132,280,1
132,282,2
132,284,4
132,285,2
132,286,10
132,289,5
132,293,3
132,299,1
132,302,2
132,305,2
132,308,1
132,315,3
132,316,3
132,320,2
132,321,1
132,322,2
132,323,3
132,325,1
132,328,2
132,331,1
132,333,4
132,335,2
132,336,1
132,337,2
132,340,2
132,354,13
132,356,6
132,359,1
132,366,59
132,367,1
132,368,6
132,369,5
132,374,1
132,376,1
132,378,2
133,7,55
133,10,3
133,12,1
133,14,1
133,15,4
133,19,2
133,21,6
133,22,2
133,24,1
133,25,1
133,27,1
133,30,2
133,37,1
133,39,1
133,40,2
133,41,2
133,42,8
133,43,3
133,44,1
133,46,1
133,47,1
133,52,3
133,55,1
133,60,2
133,61,8
133,62,9
133,64,3
133,69,1
133,73,6
133,74,19
133,75,4
133,79,2
133,80,4
133,81,4
133,82,25
133,83,2
133,86,21
133,93,1
133,94,1
133,97,4
133,98,1
133,103,1
133,104,27
133,105,41
133,106,18
133,107,7
133,111,2
133,113,4
133,114,4
133,116,8
133,117,6
133,118,3
133,120,1
133,123,13
133,125,8
133,127,7
133,128,20
133,129,7
133,130,37
133,131,17
133,132,4
133,134,1
133,135,27
133,138,2
133,139,31
133,140,6
133,141,4
133,142,26
133,143,32
133,148,1
133,149,11
133,150,63
133,152,23
133,153,1
133,154,1
133,156,1
133,159,1
133,168,4
133,169,1
133,170,4
133,171,15
133,172,2
133,173,1
133,174,1
133,175,35
133,176,3
133,178,13
133,179,2
133,180,3
133,181,1
133,187,8
133,189,2
133,190,3
133,191,14
133,192,1
133,193,3
133,195,6
133,196,3
133,197,14
133,199,5
133,200,16
133,204,12
133,206,1
133,212,1
133,213,3
133,214,1
133,215,5
133,216,6
133,217,6
133,218,1
133,220,1
133,221,1
133,224,26
133,225,4
133,227,2
133,228,1
133,229,16
133,230,1
133,231,1
133,236,4
133,238,2
133,239,1
133,241,17
133,245,1
133,247,1
133,249,7
133,250,15
133,251,30
133,252,8
133,253,1
133,254,2
133,255,1
133,264,1
133,270,4
133,271,1
133,273,3
133,276,6
133,284,6
133,285,2
133,286,9
133,287,3
133,289,5
133,291,1
133,293,2
133,304,1
133,305,1
133,307,1
133,315,9
133,316,1
133,320,8
133,321,1
133,323,5
133,325,1
133,329,1
133,333,2
133,334,1
133,335,1
133,336,1
133,337,3
133,340,1
133,344,1
133,350,4
133,351,1
133,352,1
133,354,24
133,356,6
133,358,1
133,360,1
133,361,2
133,366,71
133,367,3
133,368,4
133,369,3
133,372,2
133,378,2
134,7,41
134,9,2
134,10,1
134,12,4
134,15,2
134,18,4
134,19,10
134,20,3
134,21,2
134,24,1
134,27,1
134,30,1
134,31,1
134,37,2
134,40,3
134,41,1
134,42,8
134,43,3
134,45,3
134,46,1
134,47,3
134,53,2
134,54,1
134,56,1
134,61,5
134,62,11
134,69,1
134,72,1
134,73,11
134,74,13
134,75,1
134,76,2
134,78,2
134,79,2
134,80,1
134,81,13
134,82,17
134,83,4
134,86,13
134,90,1
134,94,3
134,95,1
134,103,1
134,104,33
134,105,20
134,106,9
134,107,6
134,110,2
134,112,1
134,113,2
134,114,3
134,116,8
134,123,8
134,125,6
134,126,5
134,128,8
134,129,1
134,130,25
134,131,11
134,133,6
134,135,11
134,136,3
134,139,24
134,140,3
134,142,10
134,143,28
134,148,5
134,149,1
134,150,68
134,151,2
134,152,27
134,153,1
134,154,2
134,155,1
134,156,3
134,158,1
134,162,1
134,166,6
134,168,3
134,170,5
134,171,17
134,174,1
134,175,34
134,176,2
134,178,6
134,179,2
134,180,16
134,181,3
134,184,2
134,186,2
134,187,2
134,189,1
134,190,3
134,191,13
134,192,1
134,197,18
134,200,18
134,203,3
134,204,4
134,206,2
134,207,1
134,212,4
134,213,3
134,214,1
134,215,1
134,216,13
134,217,10
134,219,1
134,220,1
134,221,4
134,222,1
134,224,18
134,227,4
134,229,33
134,230,1
134,231,1
134,235,1
134,236,3
134,238,7
134,239,1
134,241,9
134,244,3
134,245,1
134,247,6
134,250,12
134,251,26
134,252,6
134,264,1
134,266,1
134,270,1
134,271,2
134,273,5
134,276,1
134,279,1
134,281,1
134,284,10
134,285,4
134,286,9
134,287,1
134,289,6
134,290,4
134,291,1
134,302,1
134,304,2
134,308,2
134,311,2
134,315,5
134,316,2
134,320,3
134,323,7
134,325,2
134,327,1
134,328,3
134,331,2
134,332,6
134,333,7
134,334,1
134,335,1
134,336,1
134,337,1
134,340,2
134,342,1
134,343,1
134,345,1
134,354,9
134,356,6
134,358,1
134,361,1
134,366,62
134,367,4
134,368,5
134,369,6
134,371,3
134,375,1
134,378,1
135,7,81
135,9,2
135,10,1
135,13,3
135,14,1
135,15,1
135,18,4
135,19,8
135,20,3
135,26,3
135,31,1
135,37,2
135,40,2
135,42,7
135,43,3
135,44,2
135,45,2
135,46,1
135,47,2
135,54,1
135,61,7
135,62,27
135,63,1
135,66,1
135,67,1
135,68,1
135,72,1
135,73,20
135,74,32
135,75,1
135,76,1
135,77,1
135,79,6
135,80,2
135,81,2
135,82,16
135,83,9
135,86,19
135,90,2
135,94,2
135,95,1
135,98,1
135,104,39
135,105,27
135,106,17
135,107,5
135,110,3
135,112,1
135,113,4
135,114,9
135,116,12
135,117,1
135,118,1
135,123,21
135,124,1
135,125,15
135,126,1
135,127,1
135,128,5
135,129,13
135,130,21
135,131,5
135,132,3
135,133,5
135,134,2
135,136,2
135,137,2
135,138,2
135,139,39
135,140,7
135,141,4
135,142,8
135,143,18
135,144,1
135,147,1
135,148,3
135,149,7
135,150,69
135,151,3
135,152,19
135,153,3
135,154,5
135,155,4
135,156,2
135,158,1
135,164,1
135,165,1
135,168,14
135,169,1
135,170,6
135,171,31
135,174,3
135,175,28
135,176,1
135,178,13
135,179,6
135,180,11
135,181,1
135,183,1
135,184,3
135,185,1
135,186,1
135,187,3
135,188,4
135,189,2
135,190,2
135,191,7
135,192,1
135,195,1
135,197,5
135,198,1
135,199,4
135,200,23
135,203,5
135,204,2
135,206,5
135,208,1
135,210,2
135,212,2
135,213,1
135,214,4
135,215,3
135,216,6
135,217,11
135,220,3
135,221,4
135,224,27
135,225,4
135,227,2
135,228,1
135,229,30
135,230,1
135,231,2
135,236,6
135,238,1
135,239,4
135,241,11
135,245,3
135,247,3
135,249,4
135,250,8
135,251,12
135,252,4
135,253,1
135,254,2
135,264,2
135,267,1
135,270,7
135,273,1
135,284,6
135,285,1
135,286,10
135,287,1
135,289,10
135,291,2
135,295,2
135,296,4
135,302,1
135,304,2
135,307,1
135,308,2
135,311,1
135,315,5
135,317,1
135,319,1
135,320,7
135,321,1
135,323,5
135,325,2
135,328,1
135,333,10
135,335,1
135,337,1
135,339,1
135,340,5
135,341,1
135,344,3
135,345,1
135,351,2
135,354,18
135,356,5
135,358,1
135,360,1
135,361,2
135,363,1
135,366,91
135,367,3
135,368,14
135,369,5
135,371,1
135,372,1
135,378,3
136,3,1
136,7,78
136,9,1
136,13,2
136,15,6
136,18,3
136,19,17
136,20,2
136,21,1
136,22,2
136,26,1
136,30,1
136,31,1
136,39,1
136,40,1
136,41,3
136,42,6
136,44,1
136,46,2
136,47,1
136,51,1
136,53,1
136,54,1
136,61,6
136,62,14
136,63,1
136,71,1
136,72,1
136,73,18
136,74,6
136,75,1
136,76,2
136,77,1
136,80,1
136,81,2
136,82,22
136,83,1
136,86,13
136,94,9
136,101,1
136,102,1
136,104,19
136,105,19
136,106,9
136,107,6
136,109,1
136,110,1
136,113,5
136,114,3
136,116,8
136,117,3
136,120,1
136,123,9
136,125,23
136,126,1
136,127,2
136,128,4
136,129,4
136,130,23
136,131,12
136,132,8
136,133,5
136,134,5
136,135,37
136,138,1
136,139,17
136,140,4
136,141,1
136,142,8
136,143,21
136,144,2
136,148,4
136,149,6
136,150,67
136,151,4
136,152,13
136,154,7
136,155,1
136,156,1
136,158,1
136,166,3
136,168,5
136,170,4
136,171,23
136,174,1
136,175,23
136,177,1
136,178,14
136,179,6
136,180,8
136,181,3
136,183,1
136,184,2
136,187,6
136,188,1
136,189,3
136,190,1
136,191,7
136,195,7
136,196,2
136,197,3
136,199,3
136,200,12
136,203,3
136,204,2
136,206,1
136,212,2
136,213,2
136,214,3
136,215,4
136,216,9
136,217,9
136,220,1
136,221,3
136,224,13
136,225,7
136,228,2
136,229,33
136,230,3
136,236,1
136,238,1
136,241,15
136,242,1
136,245,2
136,247,1
136,249,1
136,250,9
136,251,8
136,252,1
136,254,2
136,260,1
136,262,1
136,264,2
136,269,1
136,270,5
136,273,2
136,279,1
136,284,8
136,285,2
136,286,11
136,289,4
136,290,1
136,295,2
136,296,1
136,299,1
136,304,1
136,308,2
136,311,4
136,313,1
136,315,6
136,316,2
136,319,1
136,320,5
136,323,5
136,324,1
136,325,2
136,331,1
136,332,1
136,333,4
136,335,1
136,337,2
136,342,3
136,344,1
136,350,1
136,351,1
136,354,12
136,356,5
136,362,1
136,363,1
136,365,1
136,366,58
136,367,1
136,368,2
136,369,7
136,371,1
136,372,1
136,373,1
136,378,2
137,2,1
137,7,29
137,9,1
137,10,1
137,15,3
137,18,1
137,20,2
137,27,2
137,35,1
137,40,1
137,42,8
137,44,3
137,56,1
137,61,5
137,62,3
137,64,1
137,73,10
137,74,5
137,75,1
137,79,1
137,81,3
137,82,8
137,83,5
137,86,11
137,92,1
137,94,1
137,104,19
137,105,23
137,106,14
137,107,1
137,110,4
137,113,2
137,114,6
137,116,8
137,117,3
137,123,2
137,125,6
137,128,4
137,130,17
137,131,6
137,132,2
137,133,8
137,135,5
137,139,14
137,140,2
137,141,1
137,142,4
137,143,9
137,148,1
137,150,35
137,151,2
137,152,6
137,154,3
137,162,1
137,166,2
137,168,4
137,169,3
137,171,14
137,175,20
137,178,10
137,179,1
137,180,10
137,181,3
137,187,7
137,189,3
137,191,3
137,193,3
137,199,3
137,200,8
137,203,1
137,204,3
137,206,1
137,210,1
137,211,3
137,216,1
137,217,2
137,221,1
137,224,4
137,225,4
137,227,3
137,229,19
137,230,2
137,235,3
137,236,1
137,237,2
137,238,1
137,241,13
137,244,2
137,245,1
137,247,1
137,249,1
137,250,9
137,251,9
137,252,1
137,262,1
137,266,1
137,271,1
137,272,2
137,277,1
137,284,5
137,285,2
137,286,4
137,302,1
137,304,3
137,307,1
137,310,1
137,311,1
137,313,2
137,315,3
137,316,3
137,317,1
137,319,1
137,320,4
137,322,1
137,325,2
137,328,1
137,330,1
137,331,1
137,333,1
137,336,1
137,343,1
137,349,1
137,352,1
137,354,5
137,356,4
137,361,1
137,366,28
137,367,1
137,368,3
137,369,2
137,371,1
137,375,1
138,7,49
138,8,1
138,10,1
138,14,1
138,15,3
138,18,2
138,19,3
138,26,2
138,30,1
138,37,1
138,42,4
138,43,3
138,44,1
138,45,1
138,53,1
138,61,2
138,62,11
138,63,1
138,73,10
138,74,19
138,75,1
138,79,2
138,80,3
138,81,5
138,82,15
138,83,2
138,86,18
138,87,1
138,92,1
138,94,2
138,98,2
138,101,1
138,102,1
138,104,29
138,105,24
138,106,8
138,107,9
138,110,1
138,111,1
138,112,1
138,113,6
138,114,3
138,116,4
138,117,2
138,119,1
138,123,15
138,125,5
138,127,1
138,128,3
138,129,3
138,130,19
138,131,1
138,132,1
138,133,9
138,135,21
138,136,1
138,139,18
138,140,5
138,141,1
138,142,12
138,143,12
138,145,1
138,148,5
138,149,6
138,150,64
138,151,1
138,152,12
138,153,2
138,154,5
138,156,1
138,168,5
138,169,1
138,170,1
138,171,25
138,174,2
138,175,29
138,177,1
138,178,6
138,179,1
138,180,6
138,181,2
138,182,1
138,184,3
138,186,1
138,187,7
138,188,1
138,189,2
138,191,7
138,193,1
138,195,3
138,196,3
138,197,8
138,198,1
138,200,10
138,204,6
138,206,4
138,207,3
138,212,2
138,213,3
138,214,2
138,215,5
138,216,4
138,217,6
138,221,1
138,222,2
138,224,21
138,225,1
138,226,1
138,228,1
138,229,24
138,236,2
138,238,4
138,239,3
138,240,1
138,241,4
138,244,1
138,247,1
138,249,6
138,250,22
138,251,17
138,252,4
138,253,5
138,264,1
138,265,1
138,270,2
138,271,2
138,273,4
138,276,5
138,281,3
138,284,5
138,285,2
138,286,9
138,289,4
138,293,1
138,300,1
138,302,2
138,304,1
138,305,6
138,308,1
138,310,1
138,313,1
138,315,5
138,316,3
138,320,2
138,323,4
138,325,2
138,333,2
138,336,1
138,337,1
138,340,3
138,344,1
138,354,23
138,356,5
138,361,1
138,363,1
138,366,86
138,367,2
138,368,4
138,369,6
138,378,1
139,7,89
139,10,1
139,13,2
139,15,3
139,17,1
139,18,9
139,19,14
139,22,2
139,24,1
139,25,1
139,26,1
139,30,1
139,34,1
139,36,1
139,37,1
139,39,1
139,40,1
139,41,2
139,42,9
139,43,4
139,46,3
139,47,4
139,54,5
139,59,1
139,61,4
139,62,22
139,63,3
139,68,2
139,72,2
139,73,29
139,74,29
139,75,2
139,77,1
139,78,1
139,79,3
139,80,6
139,81,10
139,82,44
139,83,8
139,86,25
139,87,1
139,89,1
139,91,1
139,94,10
139,97,2
139,104,58
139,105,49
139,106,20
139,107,7
139,108,1
139,109,1
139,110,1
139,112,3
139,113,10
139,114,8
139,116,15
139,117,22
139,119,2
139,120,2
139,123,25
139,125,23
139,126,3
139,128,16
139,129,2
139,130,54
139,131,9
139,132,6
139,133,1
139,134,2
139,135,13
139,138,1
139,140,16
139,141,1
139,142,28
139,143,32
139,144,2
139,148,5
139,149,8
139,150,126
139,151,8
139,152,39
139,153,4
139,154,2
139,156,4
139,159,2
139,165,6
139,166,2
139,168,9
139,169,5
139,170,1
139,171,24
139,173,6
139,174,1
139,175,29
139,176,1
139,177,3
139,178,21
139,179,4
139,180,9
139,181,5
139,184,2
139,185,1
139,186,3
139,187,1
139,188,1
139,189,4
139,190,6
139,191,18
139,193,3
139,194,2
139,195,1
139,197,9
139,198,15
139,199,5
139,200,29
139,201,2
139,203,1
139,204,5
139,206,1
139,207,1
139,208,1
139,209,1
139,210,1
139,211,1
139,212,3
139,213,3
139,214,8
139,215,10
139,216,8
139,217,18
139,220,1
139,221,4
139,222,3
139,224,21
139,225,5
139,226,1
139,227,1
139,228,2
139,229,43
139,230,4
139,231,3
139,236,10
139,238,7
139,239,4
139,240,1
139,241,23
139,244,1
139,245,4
139,247,6
139,249,14
139,250,27
139,251,23
139,252,15
139,255,1
139,258,1
139,259,1
139,262,1
139,264,10
139,266,6
139,270,26
139,273,7
139,277,1
139,284,23
139,285,6
139,286,17
139,288,2
139,289,9
139,290,1
139,291,1
139,299,1
139,301,1
139,304,3
139,305,1
139,308,1
139,309,2
139,310,2
139,315,5
139,316,3
139,317,1
139,319,2
139,320,15
139,323,10
139,324,1
139,328,5
139,329,1
139,332,1
139,333,4
139,334,1
139,335,4
139,337,1
139,340,3
139,342,1
139,343,2
139,345,1
139,346,2
139,348,1
139,349,1
139,351,1
139,354,64
139,355,2
139,356,8
139,358,2
139,359,1
139,362,1
139,365,1
139,366,177
139,367,4
139,368,18
139,369,11
139,370,1
139,372,2
139,375,1
139,378,1
140,6,9
140,7,66
140,9,2
140,10,1
140,11,1
140,13,1
140,14,2
140,18,4
140,19,10
140,20,2
140,22,1
140,25,1
140,27,1
140,28,1
140,30,1
140,31,1
140,37,4
140,40,5
140,41,3
140,42,14
140,43,3
140,44,3
140,47,1
140,53,1
140,54,1
140,60,1
140,61,6
140,62,36
140,65,1
140,66,1
140,72,1
140,73,22
140,74,26
140,75,2
140,76,1
140,77,1
140,78,1
140,79,1
140,80,2
140,81,16
140,82,33
140,83,3
140,84,1
140,86,33
140,92,1
140,94,2
140,96,1
140,97,3
140,98,4
140,101,1
140,102,1
140,104,43
140,105,42
140,106,11
140,107,16
140,110,3
140,112,4
140,113,5
140,114,4
140,116,11
140,117,2
140,123,24
140,125,28
140,127,1
140,128,11
140,129,10
140,130,31
140,131,4
140,132,8
140,133,3
140,134,1
140,135,5
140,138,1
140,139,55
140,141,2
140,142,16
140,143,17
140,144,2
140,148,7
140,149,11
140,150,98
140,151,2
140,152,22
140,154,3
140,156,3
140,162,1
140,166,2
140,168,8
140,170,4
140,171,11
140,173,4
140,174,4
140,175,24
140,177,1
140,178,21
140,179,2
140,180,12
140,181,12
140,183,2
140,184,2
140,187,7
140,189,8
140,190,1
140,191,9
140,195,1
140,196,8
140,197,12
140,198,7
140,199,4
140,200,34
140,201,1
140,204,5
140,206,4
140,208,1
140,212,1
140,213,2
140,214,3
140,215,5
140,216,9
140,217,5
140,220,2
140,221,1
140,224,19
140,225,11
140,229,33
140,231,3
140,235,1
140,236,4
140,238,2
140,239,2
140,240,1
140,241,16
140,244,4
140,245,6
140,247,1
140,249,5
140,250,13
140,251,21
140,252,8
140,253,4
140,255,1
140,259,1
140,262,1
140,264,1
140,267,1
140,270,7
140,273,2
140,274,1
140,276,3
140,277,1
140,281,1
140,284,6
140,285,1
140,286,12
140,287,5
140,288,1
140,289,1
140,290,1
140,291,1
140,293,1
140,295,1
140,301,1
140,304,4
140,307,1
140,310,1
140,311,4
140,313,1
140,315,7
140,316,2
140,320,9
140,321,3
140,322,3
140,323,4
140,325,1
140,328,3
140,329,1
140,331,1
140,332,2
140,333,9
140,337,4
140,340,3
140,343,1
140,344,2
140,345,1
140,346,1
140,348,1
140,350,3
140,351,1
140,352,1
140,354,37
140,355,2
140,356,15
140,358,1
140,360,1
140,361,2
140,362,2
140,365,2
140,366,162
140,367,4
140,368,9
140,369,5
140,371,1
140,376,2
140,377,2
140,378,2
141,6,5
141,7,34
141,9,1
141,11,1
141,14,1
141,16,1
141,18,8
141,19,6
141,21,1
141,24,1
141,30,1
141,39,1
141,40,1
141,42,5
141,43,3
141,44,1
141,46,2
141,47,5
141,51,2
141,53,1
141,54,1
141,61,2
141,62,12
141,64,3
141,67,1
141,71,2
141,73,9
141,74,13
141,77,1
141,78,2
141,80,2
141,81,3
141,82,14
141,83,1
141,86,19
141,94,3
141,101,1
141,103,1
141,104,13
141,105,22
141,106,5
141,107,5
141,110,2
141,112,1
141,113,3
141,114,4
141,115,1
141,116,7
141,117,5
141,123,15
141,125,11
141,128,4
141,129,5
141,130,17
141,131,5
141,132,2
141,133,10
141,134,2
141,135,8
141,138,1
141,139,26
141,140,6
141,142,11
141,143,14
141,146,1
141,149,2
141,150,76
141,152,15
141,154,3
141,158,2
141,162,1
141,164,1
141,168,10
141,169,2
141,170,3
141,171,7
141,174,1
141,175,25
141,178,13
141,179,2
141,180,11
141,181,3
141,183,1
141,185,1
141,187,5
141,189,6
141,190,1
141,191,6
141,192,1
141,196,1
141,197,8
141,199,1
141,200,21
141,203,3
141,210,1
141,212,1
141,213,2
141,214,7
141,215,2
141,216,8
141,217,5
141,220,2
141,224,9
141,225,2
141,226,1
141,229,16
141,231,1
141,232,1
141,236,3
141,238,1
141,241,4
141,244,3
141,247,1
141,249,2
141,250,7
141,251,27
141,252,7
141,254,1
141,260,1
141,270,1
141,273,4
141,276,2
141,279,1
141,281,2
141,284,5
141,285,3
141,286,10
141,287,1
141,288,1
141,291,1
141,306,1
141,308,1
141,309,1
141,310,1
141,311,1
141,312,1
141,314,1
141,315,8
141,316,2
141,319,1
141,320,6
141,322,1
141,323,6
141,324,1
141,328,1
141,333,3
141,334,2
141,337,2
141,338,1
141,340,2
141,345,1
141,346,1
141,351,1
141,354,21
141,356,6
141,360,1
141,361,5
141,365,3
141,366,53
141,368,7
141,369,10
141,371,1
141,372,2
141,373,1
142,6,5
142,7,50
142,10,2
142,12,3
142,14,3
142,18,4
142,19,1
142,21,1
142,22,4
142,24,1
142,31,2
142,39,1
142,41,5
142,42,3
142,44,1
142,47,1
142,49,1
142,61,3
142,62,11
142,64,2
142,73,11
142,74,2
142,81,2
142,82,16
142,83,1
142,86,6
142,90,1
142,94,2
142,98,1
142,100,1
142,104,22
142,105,24
142,106,9
142,107,3
142,109,3
142,111,1
142,113,3
142,114,14
142,116,8
142,123,2
142,130,2
142,132,1
142,139,1
142,143,7
142,144,1
142,148,3
142,149,2
142,150,42
142,151,1
142,152,12
142,156,1
142,157,1
142,162,1
142,165,1
142,166,3
142,168,5
142,169,1
142,170,8
142,171,7
142,174,3
142,175,6
142,176,2
142,178,13
142,179,7
142,180,7
142,183,7
142,184,1
142,187,1
142,189,5
142,191,15
142,192,4
142,196,3
142,197,1
142,198,1
142,199,2
142,200,8
142,201,1
142,203,2
142,204,3
142,209,2
142,211,1
142,213,4
142,214,6
142,215,2
142,216,10
142,217,12
142,218,2
142,219,1
142,222,1
142,224,6
142,225,1
142,226,3
142,229,11
142,231,1
142,236,2
142,237,1
142,238,4
142,239,8
142,241,9
142,244,3
142,245,4
142,249,1
142,250,7
142,251,13
142,252,4
142,260,2
142,264,3
142,270,2
142,273,2
142,279,1
142,284,1
142,285,3
142,286,9
142,287,4
142,289,1
142,291,1
142,299,1
142,304,1
142,305,2
142,307,1
142,308,2
142,311,1
142,315,3
142,316,2
142,319,1
142,320,6
142,323,1
142,325,1
142,333,6
142,338,1
142,342,3
142,344,1
142,345,1
142,349,1
142,351,1
142,354,8
142,355,1
142,356,4
142,361,1
142,365,1
142,366,71
142,367,1
142,368,2
142,369,3
142,371,3
142,376,1
142,378,1
143,7,6
143,9,4
143,11,1
143,12,1
143,14,1
143,18,7
143,20,2
143,27,1
143,41,1
143,42,2
143,44,1
143,49,1
143,56,1
143,61,1
143,62,4
143,70,1
143,73,7
143,74,1
143,76,1
143,79,1
143,80,2
143,81,3
143,82,8
143,83,7
143,86,1
143,94,2
143,104,11
143,105,7
143,106,4
143,107,3
143,112,1
143,113,4
143,114,2
143,115,1
143,116,1
143,117,4
143,123,2
143,125,1
143,130,5
143,139,1
143,142,14
143,144,1
143,147,2
143,148,1
143,149,3
143,150,20
143,151,3
143,152,1
143,153,2
143,154,8
143,156,2
143,158,1
143,162,1
143,168,9
143,171,7
143,174,3
143,175,3
143,177,1
143,178,2
143,179,6
143,180,5
143,182,1
143,186,1
143,189,7
143,190,1
143,191,3
143,192,1
143,193,1
143,195,3
143,198,2
143,199,1
143,202,1
143,204,5
143,206,3
143,208,1
143,210,2
143,214,6
143,215,6
143,216,1
143,217,2
143,218,1
143,221,1
143,224,7
143,225,5
143,227,1
143,229,5
143,230,2
143,235,1
143,244,3
143,245,2
143,249,1
143,250,2
143,251,1
143,252,5
143,253,1
143,255,1
143,262,1
143,265,2
143,270,1
143,274,1
143,276,1
143,284,2
143,285,4
143,286,7
143,287,1
143,289,1
143,295,2
143,302,2
143,311,1
143,314,1
143,319,1
143,320,1
143,323,3
143,333,2
143,335,1
143,342,1
143,354,2
143,355,1
143,356,8
143,359,1
143,366,26
143,367,3
143,368,1
143,372,1
143,378,1
144,2,1
144,6,3
144,7,30
144,8,4
144,10,1
144,12,2
144,13,1
144,14,4
144,15,8
144,16,1
144,18,4
144,19,1
144,22,3
144,26,1
144,39,2
144,40,12
144,41,4
144,42,17
144,43,3
144,44,6
144,46,5
144,47,4
144,50,1
144,52,5
144,53,2
144,54,2
144,56,2
144,59,1
144,61,14
144,62,73
144,63,2
144,64,2
144,69,1
144,73,31
144,74,10
144,75,5
144,76,4
144,77,3
144,78,1
144,79,2
144,80,9
144,81,19
144,82,54
144,83,17
144,86,3
144,87,1
144,88,1
144,90,1
144,94,9
144,97,3
144,98,8
144,101,1
144,102,1
144,103,2
144,104,30
144,105,18
144,106,11
144,107,18
144,109,1
144,110,1
144,112,9
144,113,8
144,114,19
144,116,8
144,117,8
144,118,1
144,119,1
144,123,6
144,124,1
144,125,3
144,128,3
144,130,7
144,131,1
144,135,5
144,139,2
144,142,14
144,143,6
144,145,5
144,146,2
144,147,8
144,148,38
144,149,58
144,150,93
144,151,1
144,152,15
144,154,15
144,156,4
144,157,1
144,158,6
144,161,1
144,162,1
144,163,2
144,165,4
144,166,4
144,168,101
144,169,2
144,170,20
144,171,78
144,172,3
144,174,5
144,175,10
144,177,5
144,178,13
144,179,12
144,180,7
144,181,5
144,183,1
144,186,4
144,189,9
144,190,4
144,191,15
144,193,4
144,194,1
144,195,1
144,196,9
144,197,15
144,198,6
144,199,3
144,200,44
144,202,4
144,203,3
144,204,51
144,206,15
144,207,4
144,210,14
144,211,3
144,212,4
144,213,2
144,214,2
144,215,11
144,216,3
144,217,10
144,218,2
144,220,5
144,221,8
144,222,3
144,223,1
144,224,22
144,225,7
144,227,4
144,228,3
144,229,32
144,230,3
144,231,1
144,232,5
144,236,1
144,238,5
144,241,12
144,244,2
144,245,1
144,247,7
144,249,10
144,250,4
144,251,10
144,252,3
144,253,3
144,255,3
144,261,2
144,262,5
144,263,2
144,264,7
144,265,1
144,266,1
144,267,1
144,270,6
144,271,1
144,273,3
144,274,2
144,276,13
144,279,1
144,280,1
144,281,7
144,282,1
144,284,3
144,285,9
144,286,41
144,287,4
144,288,2
144,289,14
144,291,2
144,297,1
144,299,2
144,302,5
144,304,5
144,305,1
144,307,1
144,308,1
144,310,13
144,311,3
144,312,1
144,315,3
144,316,3
144,318,1
144,319,7
144,320,12
144,323,1
144,324,1
144,332,10
144,333,5
144,334,1
144,335,5
144,337,3
144,340,2
144,341,1
144,342,2
144,343,2
144,344,1
144,345,2
144,346,1
144,350,22
144,351,4
144,352,3
144,353,1
144,354,7
144,356,138
144,358,7
144,359,2
144,361,4
144,364,1
144,365,1
144,366,65
144,368,16
144,369,4
144,371,1
144,373,1
144,375,2
144,376,2
144,377,1
144,378,12
145,2,2
145,5,1
145,7,20
145,11,2
145,12,3
145,14,3
145,15,3
145,18,2
145,19,7
145,24,2
145,30,1
145,34,1
145,35,1
145,37,5
145,39,1
145,41,1
145,42,8
145,43,6
145,44,1
145,46,4
145,47,4
145,51,2
145,56,1
145,57,2
145,61,5
145,62,39
145,63,1
145,64,4
145,73,10
145,74,9
145,75,1
145,77,3
145,79,3
145,81,15
145,82,25
145,83,15
145,84,1
145,86,3
145,87,5
145,88,1
145,90,1
145,95,2
145,98,1
145,104,22
145,105,12
145,106,12
145,107,15
145,110,1
145,111,1
145,112,5
145,113,3
145,114,23
145,115,1
145,116,12
145,117,1
145,118,1
145,119,3
145,123,12
145,129,1
145,130,4
145,135,1
145,136,1
145,142,17
145,143,7
145,144,15
145,147,1
145,148,24
145,149,44
145,150,63
145,151,3
145,152,15
145,154,15
145,155,1
145,156,8
145,158,4
145,159,2
145,160,1
145,162,3
145,165,2
145,166,6
145,167,1
145,168,68
145,169,3
145,170,10
145,171,48
145,173,1
145,174,3
145,175,11
145,177,1
145,178,15
145,179,2
145,180,4
145,181,9
145,183,2
145,186,3
145,187,1
145,189,12
145,190,1
145,191,6
145,192,1
145,193,1
145,195,6
145,196,4
145,197,9
145,198,3
145,199,1
145,200,13
145,202,1
145,203,10
145,204,20
145,206,9
145,207,2
145,210,5
145,211,3
145,212,3
145,213,5
145,214,3
145,215,16
145,216,4
145,217,3
145,218,1
145,220,1
145,221,4
145,223,1
145,224,24
145,225,3
145,227,1
145,229,25
145,230,1
145,231,1
145,233,1
145,235,4
145,236,3
145,238,3
145,241,5
145,244,3
145,247,12
145,248,1
145,249,3
145,250,5
145,251,15
145,252,6
145,253,1
145,254,1
145,258,2
145,259,3
145,260,1
145,262,5
145,263,1
145,264,4
145,270,2
145,273,7
145,274,1
145,276,4
145,281,1
145,285,4
145,286,26
145,287,1
145,289,5
145,290,2
145,295,1
145,296,1
145,304,3
145,305,2
145,308,2
145,310,1
145,312,1
145,313,1
145,315,3
145,316,1
145,317,6
145,318,1
145,320,22
145,321,8
145,323,11
145,328,2
145,331,1
145,332,5
145,333,3
145,334,2
145,335,5
145,336,4
145,337,1
145,340,3
145,342,2
145,345,2
145,347,1
145,348,2
145,350,6
145,351,4
145,352,11
145,353,2
145,354,3
145,355,2
145,356,103
145,358,3
145,359,1
145,360,1
145,361,1
145,363,2
145,366,48
145,368,5
145,369,6
145,375,1
145,376,2
145,378,4
146,7,13
146,10,4
146,11,1
146,15,3
146,19,3
146,21,1
146,23,1
146,26,1
146,27,1
146,28,1
146,31,1
146,37,1
146,40,1
146,41,2
146,42,11
146,43,2
146,44,3
146,47,6
146,51,1
146,53,1
146,56,1
146,57,1
146,60,1
146,61,3
146,62,24
146,64,4
146,73,10
146,74,12
146,77,3
146,78,1
146,79,2
146,80,9
146,81,6
146,82,22
146,83,7
146,84,1
146,86,5
146,87,1
146,94,3
146,97,2
146,100,1
146,103,2
146,104,13
146,105,4
146,106,8
146,107,19
146,110,1
146,112,1
146,113,2
146,114,4
146,116,4
146,117,3
146,118,1
146,123,5
146,125,3
146,130,1
146,131,1
146,135,9
146,139,2
146,142,9
146,143,2
146,144,10
146,147,4
146,148,11
146,149,30
146,150,53
146,152,17
146,153,1
146,154,12
146,155,3
146,156,1
146,158,2
146,161,1
146,165,8
146,166,5
146,167,1
146,168,40
146,169,3
146,170,16
146,171,45
146,174,3
146,175,6
146,177,1
146,178,8
146,179,1
146,180,4
146,181,5
146,189,3
146,191,4
146,192,2
146,193,2
146,195,1
146,196,3
146,197,3
146,199,3
146,200,14
146,203,5
146,204,24
146,205,6
146,206,7
146,207,2
146,210,4
146,211,3
146,213,4
146,214,3
146,215,4
146,216,3
146,217,7
146,219,1
146,220,2
146,221,2
146,224,12
146,225,6
146,227,3
146,229,18
146,231,2
146,235,1
146,236,3
146,238,1
146,240,3
146,241,5
146,244,4
146,245,1
146,246,1
146,247,4
146,249,7
146,250,2
146,251,5
146,252,1
146,253,2
146,258,1
146,259,1
146,260,2
146,262,3
146,264,3
146,265,4
146,266,1
146,270,4
146,272,1
146,273,1
146,281,4
146,282,3
146,285,3
146,286,8
146,288,1
146,289,5
146,292,1
146,295,3
146,296,1
146,301,1
146,302,2
146,304,1
146,305,1
146,308,3
146,310,3
146,311,1
146,313,3
146,316,1
146,319,1
146,320,6
146,323,1
146,325,1
146,328,3
146,332,2
146,333,1
146,336,1
146,337,2
146,340,1
146,341,1
146,342,1
146,345,2
146,346,2
146,350,5
146,351,1
146,352,2
146,353,2
146,354,2
146,356,37
146,359,3
146,361,1
146,363,2
146,364,1
146,365,1
146,366,35
146,368,5
146,369,2
146,375,1
146,376,1
146,378,6
147,1,1
147,2,2
147,3,4
147,5,1
147,6,3
147,7,47
147,8,1
147,9,1
147,10,2
147,11,1
147,13,3
147,16,1
147,17,1
147,18,9
147,19,7
147,20,3
147,22,2
147,24,2
147,25,1
147,27,1
147,31,3
147,37,5
147,39,1
147,40,4
147,41,3
147,42,5
147,43,1
147,44,1
147,47,6
147,52,2
147,53,3
147,58,1
147,61,8
147,62,43
147,63,2
147,64,3
147,69,1
147,71,1
147,73,23
147,74,22
147,75,7
147,76,1
147,77,4
147,79,10
147,80,6
147,81,29
147,82,48
147,83,30
147,84,1
147,86,6
147,87,3
147,88,1
147,94,5
147,97,6
147,98,1
147,101,1
147,104,50
147,105,49
147,106,12
147,107,35
147,108,1
147,109,3
147,110,4
147,111,2
147,112,11
147,113,12
147,114,48
147,115,1
147,116,20
147,117,3
147,118,2
147,120,2
147,121,3
147,123,14
147,125,2
147,126,4
147,130,3
147,132,3
147,139,2
147,140,1
147,142,30
147,143,13
147,144,11
147,145,3
147,148,56
147,149,85
147,150,144
147,151,7
147,152,32
147,153,4
147,154,28
147,155,1
147,156,14
147,157,2
147,158,13
147,162,6
147,165,9
147,166,6
147,168,121
147,169,10
147,170,32
147,171,97
147,172,1
147,173,6
147,174,13
147,175,16
147,176,1
147,177,2
147,178,19
147,179,9
147,180,32
147,181,16
147,182,2
147,183,1
147,184,5
147,185,2
147,186,3
147,187,2
147,189,9
147,190,1
147,191,14
147,193,1
147,195,12
147,196,6
147,197,16
147,199,13
147,200,24
147,202,4
147,203,10
147,204,47
147,205,1
147,206,25
147,207,3
147,208,2
147,209,3
147,210,12
147,211,5
147,212,9
147,213,1
147,214,7
147,215,12
147,216,2
147,217,13
147,218,11
147,219,2
147,220,18
147,221,5
147,222,2
147,223,6
147,224,44
147,225,14
147,227,7
147,228,7
147,229,44
147,230,1
147,231,3
147,235,3
147,236,5
147,238,6
147,239,5
147,240,1
147,241,24
147,244,2
147,245,5
147,247,17
147,249,5
147,250,18
147,251,10
147,252,4
147,253,8
147,255,6
147,258,5
147,260,1
147,262,3
147,263,4
147,264,15
147,266,1
147,267,4
147,269,1
147,270,9
147,271,2
147,272,3
147,273,4
147,274,4
147,275,1
147,276,6
147,278,1
147,280,1
147,281,5
147,284,5
147,285,14
147,286,37
147,287,8
147,289,12
147,291,4
147,293,1
147,294,5
147,295,1
147,297,1
147,299,1
147,302,1
147,304,6
147,305,2
147,308,3
147,311,3
147,314,2
147,315,3
147,317,1
147,319,3
147,320,40
147,321,1
147,323,6
147,324,1
147,325,1
147,326,3
147,328,3
147,331,5
147,332,5
147,333,15
147,334,3
147,335,2
147,336,3
147,337,2
147,340,2
147,341,2
147,342,5
147,345,5
147,346,2
147,347,1
147,348,2
147,350,16
147,351,2
147,352,1
147,353,5
147,354,4
147,356,135
147,358,4
147,363,1
147,366,95
147,367,2
147,368,16
147,369,5
147,371,5
147,375,1
147,376,3
147,377,5
147,378,3
148,1,1
148,2,3
148,7,50
148,8,2
148,9,1
148,10,2
148,12,3
148,14,2
148,15,5
148,16,3
148,17,1
148,18,8
148,19,11
148,20,1
148,21,1
148,22,2
148,24,1
148,27,1
148,31,6
148,37,6
148,38,1
148,39,1
148,40,7
148,41,5
148,42,7
148,43,1
148,44,4
148,46,3
148,47,4
148,52,2
148,53,2
148,54,1
148,57,1
148,58,1
148,60,1
148,61,5
148,62,48
148,63,1
148,65,1
148,67,2
148,72,1
148,73,37
148,74,28
148,75,3
148,76,4
148,77,2
148,78,2
148,79,15
148,80,7
148,81,18
148,82,66
148,83,24
148,84,5
148,86,5
148,87,2
148,88,5
148,90,6
148,92,1
148,94,7
148,95,1
148,97,1
148,98,3
148,100,1
148,104,66
148,105,15
148,106,20
148,107,22
148,108,1
148,109,1
148,110,1
148,111,1
148,112,14
148,113,17
148,114,36
148,115,1
148,116,15
148,117,20
148,119,4
148,120,1
148,123,9
148,128,2
148,129,1
148,130,7
148,131,1
148,135,1
148,139,4
148,142,23
148,143,22
148,144,8
148,147,10
148,149,65
148,150,137
148,151,10
148,152,39
148,153,10
148,154,16
148,155,4
148,156,16
148,157,1
148,158,4
148,159,1
148,160,2
148,162,7
148,163,1
148,165,3
148,166,7
148,168,119
148,169,15
148,170,30
148,171,94
148,173,6
148,174,7
148,175,12
148,177,1
148,178,12
148,179,12
148,180,27
148,181,9
148,182,2
148,183,4
148,186,6
148,187,3
148,188,2
148,189,8
148,190,3
148,191,12
148,193,2
148,194,3
148,195,12
148,196,5
148,197,19
148,198,9
148,199,7
148,200,33
148,201,1
148,202,1
148,203,19
148,204,26
148,206,33
148,207,2
148,208,3
148,210,11
148,211,7
148,212,6
148,213,3
148,214,4
148,215,13
148,216,5
148,217,25
148,218,6
148,219,1
148,220,7
148,221,17
148,222,6
148,223,6
148,224,52
148,225,10
148,226,1
148,227,2
148,228,3
148,229,35
148,230,3
148,231,9
148,235,1
148,236,5
148,238,2
148,239,1
148,240,1
148,241,9
148,245,2
148,247,11
148,248,1
148,249,5
148,250,16
148,251,16
148,252,16
148,253,2
148,255,1
148,256,2
148,257,1
148,258,5
148,259,2
148,260,2
148,262,10
148,263,2
148,264,10
148,266,3
148,267,2
148,270,13
148,271,2
148,272,2
148,273,5
148,274,4
148,276,3
148,277,7
148,280,2
148,281,3
148,284,18
148,285,8
148,286,44
148,287,7
148,288,2
148,289,2
148,290,4
148,291,2
148,293,1
148,295,1
148,296,1
148,297,1
148,300,1
148,301,1
148,303,1
148,304,2
148,305,1
148,308,5
148,310,4
148,311,6
148,312,1
148,314,1
148,315,3
148,316,2
148,317,5
148,319,5
148,320,33
148,323,6
148,325,2
148,328,2
148,330,2
148,331,5
148,332,3
148,333,8
148,334,2
148,335,3
148,336,2
148,337,3
148,340,2
148,342,4
148,343,1
148,344,1
148,345,1
148,346,1
148,348,3
148,349,1
148,350,11
148,351,1
148,352,3
148,353,1
148,354,7
148,356,115
148,358,3
148,359,1
148,362,3
148,363,1
148,364,1
148,365,4
148,366,101
148,367,4
148,368,6
148,369,1
148,370,1
148,371,3
148,372,4
148,373,2
148,374,2
148,375,4
148,376,1
148,378,3
149,1,10
149,3,1
149,7,48
149,8,1
149,9,1
149,10,6
149,13,1
149,14,2
149,15,7
149,16,1
149,18,4
149,19,6
149,20,2
149,28,1
149,29,1
149,40,2
149,42,3
149,44,3
149,46,2
149,47,2
149,51,1
149,61,10
149,62,20
149,63,3
149,64,2
149,67,2
149,73,13
149,74,16
149,75,3
149,76,9
149,77,4
149,78,2
149,79,11
149,80,4
149,81,15
149,82,44
149,83,8
149,86,8
149,87,2
149,88,2
149,92,2
149,98,1
149,101,1
149,104,37
149,105,34
149,106,11
149,107,23
149,108,2
149,109,1
149,110,2
149,111,1
149,112,3
149,113,7
149,114,21
149,115,1
149,116,24
149,117,14
149,118,1
149,119,4
149,120,1
149,123,10
149,125,2
149,129,1
149,130,5
149,131,1
149,132,1
149,140,1
149,142,14
149,143,13
149,144,8
149,147,2
149,148,32
149,150,87
149,151,5
149,152,13
149,153,3
149,154,12
149,155,4
149,156,8
149,162,3
149,165,2
149,166,3
149,168,44
149,169,9
149,170,8
149,171,35
149,172,2
149,173,1
149,174,9
149,175,19
149,177,1
149,178,14
149,179,9
149,180,10
149,181,11
149,182,1
149,183,1
149,184,1
149,186,5
149,187,1
149,188,1
149,189,5
149,190,3
149,191,12
149,195,3
149,196,9
149,197,7
149,198,7
149,199,4
149,200,20
149,201,10
149,202,1
149,203,3
149,204,22
149,205,1
149,206,17
149,210,4
149,211,3
149,212,3
149,213,9
149,214,9
149,215,9
149,216,10
149,217,16
149,218,1
149,220,9
149,221,4
149,222,1
149,223,1
149,224,24
149,225,2
149,226,2
149,227,3
149,228,4
149,229,42
149,230,1
149,231,2
149,233,2
149,236,10
149,237,2
149,238,4
149,239,1
149,241,10
149,242,1
149,245,1
149,247,12
149,249,3
149,250,16
149,251,21
149,252,9
149,253,2
149,254,2
149,255,4
149,257,1
149,260,3
149,262,3
149,264,1
149,265,4
149,270,8
149,271,7
149,273,3
149,274,4
149,276,4
149,277,2
149,280,1
149,281,6
149,284,6
149,285,5
149,286,30
149,287,1
149,291,3
149,293,2
149,296,1
149,297,2
149,304,1
149,305,3
149,308,1
149,310,1
149,311,1
149,312,1
149,313,3
149,315,2
149,316,7
149,317,1
149,319,1
149,320,14
149,321,2
149,322,1
149,323,2
149,325,4
149,328,4
149,329,1
149,331,1
149,333,8
149,335,1
149,336,1
149,337,5
149,338,1
149,339,2
149,343,1
149,344,1
149,345,2
149,347,1
149,348,1
149,349,1
149,350,8
149,352,1
149,354,2
149,356,24
149,358,3
149,362,1
149,366,65
149,368,15
149,369,2
149,372,2
149,375,2
149,378,1
150,3,1
150,7,16
150,15,1
150,16,1
150,18,3
150,19,1
150,24,1
150,40,1
150,41,2
150,42,1
150,43,1
150,54,2
150,61,1
150,62,5
150,63,1
150,70,1
150,72,1
150,73,5
150,74,3
150,80,1
150,81,6
150,82,9
150,83,4
150,86,1
150,94,4
150,96,1
150,98,1
150,100,1
150,104,4
150,105,12
150,106,7
150,107,2
150,113,2
150,114,4
150,116,5
150,117,1
150,121,1
150,125,1
150,129,1
150,130,2
150,139,1
150,142,5
150,143,1
150,145,1
150,148,4
150,149,1
150,151,5
150,152,5
150,154,11
150,155,1
150,156,2
150,162,2
150,168,12
150,170,1
150,171,3
150,174,1
150,175,11
150,177,1
150,178,5
150,179,3
150,180,5
150,181,1
150,184,1
150,189,6
150,191,3
150,195,5
150,197,4
150,198,3
150,199,4
150,200,13
150,203,1
150,204,3
150,206,1
150,212,1
150,215,4
150,216,7
150,218,1
150,224,4
150,225,1
150,227,3
150,229,10
150,238,1
150,244,1
150,247,3
150,249,2
150,250,7
150,251,8
150,254,1
150,260,1
150,264,1
150,270,1
150,273,1
150,275,4
150,278,1
150,285,1
150,286,7
150,288,1
150,289,1
150,292,2
150,293,3
150,302,1
150,306,1
150,308,3
150,315,2
150,316,2
150,321,1
150,323,2
150,324,1
150,325,1
150,328,1
150,333,4
150,340,2
150,342,1
150,350,1
150,354,1
150,356,3
150,362,3
150,366,13
150,369,5
150,376,1
151,5,1
151,6,1
151,7,5
151,12,2
151,19,2
151,20,1
151,37,1
151,40,1
151,42,3
151,44,1
151,61,3
151,62,8
151,63,1
151,73,12
151,80,2
151,81,2
151,82,8
151,83,6
151,84,2
151,90,3
151,94,2
151,104,12
151,105,5
151,106,2
151,107,5
151,110,1
151,111,1
151,113,5
151,114,10
151,116,5
151,117,4
151,125,1
151,126,1
151,142,1
151,143,1
151,148,5
151,149,3
151,150,26
151,152,3
151,153,5
151,154,10
151,155,1
151,156,2
151,162,5
151,165,4
151,168,5
151,169,4
151,170,2
151,171,4
151,174,5
151,175,8
151,178,2
151,179,3
151,180,5
151,183,1
151,189,6
151,191,2
151,195,1
151,197,2
151,198,6
151,199,3
151,200,12
151,201,1
151,203,1
151,204,3
151,205,1
151,213,4
151,215,2
151,217,5
151,220,1
151,221,1
151,223,1
151,228,3
151,229,6
151,236,1
151,238,5
151,239,1
151,241,1
151,245,2
151,247,1
151,249,1
151,250,2
151,251,4
151,252,3
151,257,1
151,260,1
151,262,1
151,266,2
151,270,1
151,273,1
151,274,1
151,275,1
151,276,3
151,284,4
151,286,4
151,287,1
151,288,1
151,291,1
151,295,1
151,301,1
151,320,2
151,323,3
151,330,1
151,333,1
151,337,1
151,343,1
151,344,1
151,345,1
151,351,1
151,354,3
151,356,6
151,358,1
151,366,12
151,367,1
151,368,2
151,369,1
151,371,1
151,373,1
152,6,1
152,7,22
152,9,1
152,11,2
152,14,1
152,16,1
152,18,4
152,19,4
152,26,1
152,39,1
152,40,1
152,42,2
152,52,2
152,54,1
152,62,7
152,64,1
152,67,1
152,73,4
152,74,3
152,78,1
152,80,4
152,81,2
152,82,2
152,83,4
152,84,1
152,88,1
152,90,1
152,94,3
152,98,2
152,102,1
152,104,9
152,105,10
152,106,1
152,107,2
152,113,7
152,114,39
152,116,5
152,117,2
152,130,2
152,140,1
152,142,3
152,143,9
152,148,5
152,149,6
152,150,27
152,153,3
152,154,10
152,155,3
152,156,2
152,158,1
152,162,7
152,166,1
152,168,9
152,169,2
152,170,2
152,171,13
152,172,1
152,173,1
152,174,4
152,175,9
152,177,1
152,178,1
152,179,1
152,180,11
152,181,2
152,184,1
152,186,3
152,189,10
152,191,2
152,195,7
152,198,2
152,199,7
152,200,11
152,206,11
152,207,1
152,211,1
152,212,2
152,213,3
152,214,1
152,215,2
152,216,1
152,217,8
152,220,4
152,222,1
152,224,7
152,225,3
152,226,2
152,227,1
152,229,6
152,236,1
152,238,4
152,249,3
152,250,2
152,251,2
152,253,1
152,262,1
152,264,6
152,266,1
152,270,7
152,273,1
152,274,1
152,285,12
152,286,11
152,289,3
152,290,2
152,291,3
152,293,1
152,294,1
152,296,3
152,302,2
152,303,2
152,308,1
152,309,1
152,311,1
152,313,2
152,316,4
152,319,1
152,320,1
152,323,3
152,328,1
152,331,2
152,333,1
152,340,1
152,345,1
152,350,1
152,352,1
152,354,5
152,356,11
152,359,1
152,366,19
152,368,1
152,369,2
152,376,2
153,3,1
153,6,1
153,7,19
153,12,1
153,13,1
153,14,2
153,15,2
153,19,3
153,20,1
153,22,1
153,29,1
153,41,1
153,47,2
153,50,1
153,53,1
153,61,4
153,62,6
153,64,1
153,73,10
153,74,11
153,75,2
153,80,1
153,81,7
153,82,20
153,83,5
153,84,1
153,85,2
153,89,1
153,90,1
153,94,4
153,95,1
153,97,1
153,98,1
153,99,1
153,104,21
153,105,6
153,106,6
153,107,6
153,110,1
153,112,3
153,113,4
153,114,9
153,116,2
153,117,3
153,118,1
153,121,1
153,125,3
153,130,6
153,135,3
153,136,1
153,139,1
153,140,1
153,142,12
153,143,5
153,147,2
153,148,9
153,149,5
153,150,39
153,151,1
153,152,7
153,154,8
153,156,7
153,157,1
153,158,1
153,162,5
153,163,1
153,165,3
153,166,7
153,168,9
153,169,4
153,170,5
153,171,15
153,173,1
153,174,3
153,175,3
153,178,3
153,180,5
153,181,7
153,184,1
153,186,2
153,187,1
153,189,3
153,190,2
153,191,6
153,192,1
153,193,4
153,195,6
153,196,5
153,197,4
153,198,11
153,200,11
153,204,1
153,205,3
153,206,5
153,210,3
153,211,1
153,213,7
153,214,7
153,215,2
153,218,4
153,220,4
153,221,1
153,224,23
153,225,7
153,227,1
153,228,1
153,229,10
153,232,1
153,235,1
153,236,2
153,238,6
153,240,1
153,241,3
153,249,1
153,250,3
153,252,2
153,253,1
153,255,2
153,262,5
153,264,4
153,266,1
153,271,1
153,273,2
153,274,2
153,282,1
153,284,4
153,285,1
153,286,12
153,288,1
153,289,9
153,291,1
153,295,2
153,303,2
153,311,1
153,319,1
153,320,9
153,323,1
153,325,1
153,333,1
153,337,3
153,342,1
153,345,1
153,349,1
153,350,1
153,354,4
153,356,16
153,358,1
153,361,1
153,365,1
153,366,35
153,368,2
153,369,5
153,370,2
153,376,3
154,2,1
154,7,16
154,12,2
154,15,4
154,17,1
154,20,1
154,40,1
154,41,3
154,43,1
154,44,2
154,47,1
154,49,1
154,61,7
154,62,14
154,63,1
154,64,2
154,73,7
154,74,3
154,80,4
154,81,7
154,82,17
154,83,6
154,84,2
154,86,6
154,91,1
154,94,2
154,97,1
154,98,2
154,104,17
154,105,3
154,106,4
154,107,4
154,108,1
154,112,4
154,113,6
154,114,9
154,116,6
154,117,2
154,118,2
154,119,1
154,120,1
154,123,1
154,129,1
154,130,1
154,135,1
154,142,6
154,143,5
154,148,3
154,149,9
154,150,24
154,151,5
154,152,10
154,153,4
154,156,11
154,163,2
154,166,1
154,168,14
154,169,7
154,171,14
154,172,1
154,173,1
154,174,7
154,175,7
154,177,1
154,178,2
154,179,5
154,180,7
154,181,1
154,184,1
154,186,3
154,189,1
154,191,2
154,195,7
154,196,1
154,198,8
154,200,11
154,201,3
154,203,2
154,204,6
154,206,3
154,207,1
154,211,1
154,212,1
154,213,6
154,214,2
154,215,1
154,217,4
154,218,1
154,220,3
154,221,1
154,224,3
154,225,5
154,228,2
154,229,26
154,236,3
154,238,5
154,245,2
154,247,4
154,251,3
154,252,3
154,253,2
154,263,1
154,264,7
154,270,4
154,271,1
154,273,1
154,277,1
154,281,1
154,284,3
154,285,3
154,286,4
154,287,1
154,289,1
154,295,4
154,299,1
154,304,1
154,305,1
154,307,1
154,308,1
154,310,2
154,316,2
154,317,1
154,318,1
154,320,3
154,323,3
154,325,1
154,328,1
154,330,1
154,332,1
154,335,2
154,336,2
154,337,2
154,342,2
154,352,1
154,354,3
154,356,2
154,358,1
154,365,2
154,366,21
154,367,3
154,369,3
154,371,1
154,376,2
155,7,9
155,15,4
155,17,1
155,18,4
155,21,1
155,22,1
155,29,1
155,31,1
155,35,2
155,37,1
155,41,2
155,42,2
155,51,1
155,53,1
155,57,1
155,61,1
155,62,12
155,64,2
155,67,2
155,73,5
155,74,9
155,75,1
155,79,1
155,80,3
155,81,8
155,82,8
155,83,6
155,86,1
155,98,1
155,104,22
155,105,11
155,106,1
155,107,16
155,113,4
155,114,15
155,116,6
155,117,3
155,123,2
155,125,1
155,132,1
155,139,2
155,142,6
155,143,3
155,144,2
155,148,12
155,149,18
155,150,27
155,151,4
155,152,9
155,153,4
155,154,6
155,156,4
155,157,1
155,161,1
155,162,1
155,165,1
155,166,3
155,168,14
155,169,4
155,170,3
155,171,24
155,174,7
155,175,1
155,177,3
155,178,3
155,179,8
155,180,5
155,181,5
155,183,1
155,186,3
155,189,7
155,191,3
155,192,1
155,195,1
155,196,3
155,197,1
155,198,2
155,199,1
155,200,14
155,202,1
155,203,2
155,204,9
155,206,11
155,207,1
155,210,1
155,211,1
155,212,2
155,213,3
155,214,3
155,215,2
155,216,1
155,218,2
155,219,2
155,220,1
155,221,7
155,222,1
155,224,10
155,225,3
155,227,2
155,228,2
155,229,8
155,233,1
155,236,1
155,238,2
155,241,4
155,245,1
155,247,1
155,249,1
155,250,2
155,251,4
155,253,1
155,255,3
155,256,1
155,264,2
155,266,1
155,270,1
155,271,1
155,273,1
155,274,1
155,275,3
155,279,1
155,281,1
155,282,2
155,284,6
155,285,2
155,286,5
155,287,1
155,288,1
155,289,4
155,291,2
155,293,2
155,296,2
155,297,1
155,299,3
155,302,3
155,304,1
155,313,1
155,319,1
155,320,6
155,323,1
155,325,1
155,328,6
155,329,3
155,331,2
155,333,1
155,336,2
155,337,3
155,348,4
155,350,3
155,351,1
155,352,1
155,354,3
155,356,11
155,366,23
155,368,2
155,371,1
155,372,1
155,374,3
155,378,1
156,5,1
156,7,17
156,10,4
156,12,1
156,14,1
156,16,1
156,18,1
156,19,2
156,22,1
156,24,1
156,40,1
156,41,1
156,42,1
156,47,2
156,51,2
156,52,1
156,54,1
156,56,1
156,61,4
156,62,16
156,63,2
156,64,1
156,73,20
156,74,6
156,76,1
156,79,3
156,80,3
156,81,3
156,82,28
156,83,6
156,86,2
156,91,1
156,94,3
156,97,1
156,104,34
156,105,5
156,106,2
156,107,19
156,112,5
156,113,7
156,114,16
156,116,6
156,117,5
156,119,3
156,120,5
156,128,2
156,130,1
156,131,2
156,132,1
156,139,2
156,140,1
156,142,12
156,143,2
156,147,2
156,148,4
156,149,29
156,150,35
156,151,3
156,152,5
156,153,8
156,154,32
156,155,6
156,162,1
156,165,1
156,166,3
156,168,16
156,169,4
156,170,2
156,171,26
156,172,1
156,173,1
156,174,1
156,175,3
156,178,4
156,179,6
156,180,9
156,181,2
156,184,3
156,186,2
156,187,2
156,189,3
156,191,2
156,192,1
156,195,11
156,196,4
156,197,6
156,198,17
156,199,4
156,200,8
156,201,1
156,202,3
156,203,2
156,204,3
156,205,1
156,206,2
156,210,2
156,211,1
156,213,3
156,214,5
156,215,4
156,216,3
156,217,4
156,218,2
156,220,1
156,221,3
156,224,9
156,225,9
156,226,3
156,228,2
156,229,6
156,230,1
156,232,1
156,235,1
156,237,6
156,238,4
156,241,5
156,244,1
156,247,2
156,250,4
156,251,9
156,252,1
156,253,1
156,255,1
156,258,1
156,259,1
156,262,1
156,264,1
156,270,4
156,271,1
156,273,3
156,275,1
156,276,1
156,277,1
156,278,1
156,279,1
156,281,2
156,282,1
156,284,1
156,285,2
156,286,20
156,287,1
156,291,2
156,296,2
156,297,3
156,302,1
156,304,1
156,307,1
156,308,1
156,310,1
156,311,1
156,315,1
156,316,2
156,319,1
156,320,4
156,322,1
156,323,3
156,325,1
156,328,1
156,333,3
156,334,1
156,336,1
156,337,2
156,339,1
156,340,3
156,348,1
156,350,2
156,354,8
156,356,8
156,359,1
156,360,2
156,361,2
156,365,9
156,366,37
156,367,1
156,368,5
156,371,2
156,373,1
156,375,1
156,376,1
156,378,1
157,5,2
157,6,2
157,7,12
157,8,1
157,9,4
157,11,2
157,13,2
157,17,3
157,19,5
157,22,1
157,23,1
157,27,3
157,31,1
157,37,1
157,39,1
157,40,3
157,41,1
157,42,6
157,46,2
157,47,2
157,52,1
157,56,1
157,57,2
157,61,16
157,62,33
157,63,3
157,64,3
157,67,1
157,69,1
157,73,12
157,74,7
157,75,2
157,79,1
157,80,2
157,81,17
157,82,26
157,83,10
157,85,1
157,86,3
157,87,2
157,88,2
157,90,2
157,94,2
157,97,2
157,98,2
157,102,1
157,103,1
157,104,20
157,105,9
157,106,14
157,107,22
157,110,1
157,112,6
157,113,5
157,114,9
157,115,2
157,116,9
157,118,1
157,119,1
157,121,1
157,123,5
157,128,2
157,130,2
157,133,1
157,139,1
157,140,1
157,142,13
157,143,9
157,144,7
157,148,25
157,149,23
157,150,49
157,152,16
157,153,3
157,154,5
157,155,4
157,156,2
157,158,9
157,159,1
157,160,5
157,161,4
157,162,14
157,163,6
157,164,1
157,165,3
157,166,5
157,168,67
157,169,3
157,170,13
157,171,31
157,172,3
157,173,5
157,174,9
157,175,10
157,177,1
157,178,9
157,180,9
157,181,1
157,186,4
157,187,1
157,189,2
157,190,5
157,191,12
157,192,3
157,193,1
157,195,5
157,196,2
157,197,5
157,198,2
157,200,20
157,202,1
157,203,27
157,204,28
157,205,2
157,206,6
157,207,5
157,209,2
157,210,5
157,211,3
157,212,2
157,213,1
157,214,2
157,215,13
157,216,7
157,217,7
157,218,7
157,220,16
157,221,8
157,222,1
157,223,2
157,224,19
157,225,14
157,228,2
157,229,24
157,230,3
157,235,5
157,236,5
157,238,2
157,239,1
157,241,13
157,244,2
157,247,9
157,250,4
157,251,8
157,252,2
157,253,2
157,254,1
157,257,2
157,258,1
157,259,3
157,260,2
157,262,7
157,263,1
157,264,8
157,266,3
157,268,3
157,269,1
157,270,7
157,271,4
157,273,6
157,274,4
157,275,2
157,276,2
157,280,2
157,281,4
157,283,2
157,284,9
157,285,8
157,286,23
157,287,5
157,288,2
157,289,4
157,290,1
157,291,2
157,293,1
157,295,6
157,299,1
157,300,1
157,301,1
157,302,1
157,304,3
157,305,3
157,306,1
157,307,1
157,308,3
157,311,2
157,315,3
157,316,1
157,317,6
157,319,1
157,320,23
157,323,2
157,325,1
157,329,1
157,330,1
157,331,6
157,332,1
157,333,13
157,334,3
157,335,3
157,337,2
157,339,2
157,340,4
157,342,4
157,344,1
157,345,5
157,346,1
157,350,11
157,351,6
157,352,2
157,354,3
157,356,74
157,358,2
157,359,1
157,360,2
157,361,1
157,363,2
157,366,43
157,368,7
157,369,8
157,373,2
157,376,4
157,378,8
158,6,1
158,7,13
158,10,3
158,15,1
158,16,1
158,17,2
158,18,2
158,19,3
158,22,1
158,27,5
158,29,1
158,31,1
158,34,1
158,37,1
158,40,1
158,41,2
158,42,1
158,46,2
158,47,3
158,49,1
158,51,1
158,52,1
158,54,1
158,56,2
158,61,8
158,62,27
158,63,3
158,64,6
158,67,3
158,71,1
158,73,18
158,74,2
158,75,4
158,77,1
158,79,2
158,80,3
158,81,4
158,82,14
158,83,16
158,86,4
158,90,5
158,94,8
158,97,7
158,104,21
158,105,14
158,106,8
158,107,26
158,110,1
158,112,3
158,113,3
158,114,35
158,115,1
158,116,10
158,117,2
158,119,1
158,123,5
158,125,1
158,130,1
158,135,2
158,142,14
158,143,5
158,144,1
158,147,3
158,148,17
158,149,27
158,150,52
158,151,10
158,152,28
158,153,4
158,154,8
158,156,4
158,160,2
158,161,3
158,162,8
158,165,2
158,166,4
158,167,1
158,168,61
158,169,14
158,170,6
158,171,49
158,172,1
158,173,1
158,174,7
158,175,15
158,178,16
158,179,2
158,180,14
158,181,1
158,183,1
158,185,1
158,186,3
158,189,3
158,191,2
158,193,3
158,194,1
158,195,11
158,196,1
158,197,5
158,199,6
158,200,24
158,202,2
158,203,1
158,204,27
158,205,1
158,206,18
158,207,2
158,210,6
158,211,3
158,212,6
158,213,1
158,214,9
158,215,2
158,216,5
158,217,11
158,218,2
158,220,5
158,221,7
158,222,1
158,223,2
158,224,13
158,225,7
158,227,1
158,228,1
158,229,27
158,230,8
158,233,1
158,235,4
158,236,4
158,238,2
158,241,6
158,245,3
158,247,4
158,249,1
158,250,4
158,251,17
158,252,2
158,253,4
158,256,1
158,257,1
158,258,1
158,259,3
158,260,2
158,262,6
158,263,3
158,264,10
158,266,3
158,267,1
158,270,2
158,274,2
158,276,1
158,277,1
158,280,1
158,281,4
158,282,1
158,283,2
158,284,3
158,285,8
158,286,30
158,287,6
158,288,1
158,289,8
158,292,1
158,293,2
158,295,1
158,299,1
158,300,1
158,302,2
158,304,1
158,305,1
158,308,2
158,309,1
158,311,2
158,315,3
158,317,1
158,319,3
158,320,19
158,323,3
158,325,1
158,328,3
158,329,1
158,330,1
158,331,2
158,332,1
158,333,3
158,334,1
158,335,3
158,336,2
158,337,3
158,340,1
158,341,1
158,342,3
158,343,1
158,344,1
158,346,1
158,350,9
158,351,6
158,353,1
158,354,2
158,356,97
158,358,6
158,359,6
158,362,1
158,365,1
158,366,39
158,367,3
158,368,6
158,369,6
158,371,3
158,372,1
158,376,3
158,378,8
159,6,1
159,7,14
159,8,1
159,10,2
159,11,2
159,12,2
159,14,5
159,15,1
159,17,5
159,18,1
159,19,3
159,26,2
159,27,1
159,29,2
159,30,1
159,34,3
159,37,4
159,40,3
159,41,6
159,42,3
159,43,1
159,44,6
159,47,3
159,52,3
159,53,1
159,54,1
159,56,1
159,61,9
159,62,34
159,63,4
159,65,1
159,73,9
159,74,7
159,76,1
159,77,1
159,80,5
159,81,9
159,82,11
159,83,11
159,86,1
159,90,1
159,91,2
159,94,4
159,95,1
159,97,4
159,98,1
159,104,19
159,105,15
159,106,9
159,107,13
159,108,1
159,109,1
159,110,1
159,112,3
159,113,5
159,114,16
159,116,5
159,118,1
159,120,1
159,123,1
159,125,2
159,130,1
159,135,1
159,139,1
159,142,17
159,143,7
159,145,4
159,147,1
159,148,13
159,149,17
159,150,27
159,151,2
159,152,13
159,153,1
159,154,5
159,156,4
159,158,21
159,160,6
159,162,6
159,165,4
159,166,2
159,168,57
159,169,4
159,170,10
159,171,52
159,172,1
159,173,7
159,174,2
159,175,4
159,176,1
159,177,2
159,178,9
159,179,5
159,180,9
159,181,2
159,183,1
159,184,2
159,186,3
159,189,6
159,190,2
159,191,2
159,194,3
159,195,6
159,197,5
159,198,1
159,199,1
159,200,19
159,201,1
159,202,1
159,203,2
159,204,17
159,205,2
159,206,16
159,207,5
159,210,1
159,211,4
159,212,5
159,213,1
159,214,6
159,215,3
159,216,3
159,217,2
159,218,3
159,219,1
159,220,7
159,221,2
159,222,4
159,223,3
159,224,18
159,225,12
159,226,3
159,227,2
159,228,1
159,229,16
159,230,1
159,232,1
159,234,1
159,235,3
159,239,2
159,240,2
159,241,3
159,244,7
159,245,1
159,246,1
159,247,6
159,249,3
159,250,12
159,251,7
159,252,3
159,253,2
159,255,1
159,257,1
159,258,8
159,259,2
159,260,1
159,262,1
159,264,8
159,265,1
159,266,3
159,270,6
159,273,5
159,274,3
159,275,2
159,279,4
159,281,1
159,282,3
159,284,1
159,285,9
159,286,35
159,288,2
159,289,10
159,293,2
159,295,1
159,302,1
159,304,3
159,309,1
159,310,1
159,314,1
159,315,3
159,316,3
159,320,8
159,321,2
159,322,1
159,323,3
159,325,1
159,328,2
159,330,2
159,331,7
159,332,3
159,333,11
159,334,1
159,336,1
159,337,2
159,341,2
159,343,3
159,345,5
159,350,8
159,351,5
159,354,4
159,356,58
159,358,3
159,359,3
159,360,1
159,365,1
159,366,32
159,367,1
159,368,2
159,369,4
159,371,3
159,376,1
159,378,2
160,1,1
160,6,5
160,7,18
160,9,3
160,10,4
160,11,2
160,15,2
160,18,3
160,19,10
160,20,1
160,21,1
160,22,1
160,25,1
160,26,2
160,27,1
160,29,1
160,31,1
160,36,1
160,37,2
160,40,3
160,41,5
160,42,4
160,44,2
160,46,1
160,47,4
160,51,1
160,52,2
160,53,2
160,54,2
160,55,1
160,57,3
160,58,2
160,61,7
160,62,36
160,63,2
160,64,3
160,69,1
160,71,1
160,73,13
160,74,3
160,76,1
160,77,3
160,79,3
160,80,5
160,81,14
160,82,12
160,83,14
160,86,7
160,90,2
160,91,1
160,92,1
160,94,3
160,97,2
160,103,2
160,104,30
160,105,6
160,106,4
160,107,23
160,110,2
160,113,6
160,114,27
160,116,12
160,117,1
160,118,1
160,123,5
160,125,1
160,126,1
160,130,1
160,133,1
160,135,6
160,139,1
160,142,11
160,143,8
160,144,4
160,147,3
160,148,13
160,149,34
160,150,39
160,151,5
160,152,16
160,155,1
160,156,9
160,157,1
160,158,4
160,161,2
160,162,15
160,163,4
160,165,2
160,166,2
160,168,55
160,169,5
160,170,4
160,171,54
160,173,6
160,174,5
160,175,6
160,178,4
160,179,7
160,180,1
160,181,5
160,182,1
160,185,1
160,186,2
160,189,4
160,190,2
160,191,3
160,195,2
160,196,2
160,197,3
160,198,4
160,199,2
160,200,14
160,203,6
160,204,34
160,206,17
160,207,5
160,210,2
160,211,1
160,212,3
160,213,8
160,215,5
160,216,6
160,217,10
160,218,2
160,219,1
160,220,9
160,221,5
160,222,4
160,223,4
160,224,11
160,225,8
160,226,3
160,227,1
160,229,18
160,231,1
160,232,1
160,235,6
160,236,1
160,237,1
160,238,5
160,239,1
160,241,1
160,245,1
160,246,1
160,247,5
160,248,1
160,249,2
160,250,4
160,251,15
160,252,6
160,257,1
160,258,1
160,259,2
160,260,1
160,262,5
160,264,6
160,266,2
160,270,3
160,273,2
160,276,1
160,277,1
160,280,1
160,281,4
160,282,1
160,284,9
160,285,9
160,286,23
160,287,2
160,288,2
160,289,2
160,290,1
160,291,3
160,294,1
160,295,5
160,296,1
160,301,1
160,302,2
160,303,1
160,304,1
160,308,2
160,312,1
160,315,3
160,317,3
160,319,3
160,320,24
160,323,3
160,324,1
160,325,3
160,328,5
160,330,4
160,331,2
160,332,2
160,333,3
160,334,5
160,336,1
160,337,5
160,340,4
160,343,1
160,345,2
160,346,1
160,348,1
160,350,28
160,351,2
160,352,1
160,353,1
160,354,2
160,356,72
160,359,4
160,361,1
160,362,1
160,363,1
160,364,1
160,365,1
160,366,48
160,367,1
160,368,8
160,369,1
160,370,1
160,371,4
160,372,1
160,373,2
160,375,1
160,376,2
160,377,2
160,378,6
161,7,7
161,8,1
161,10,3
161,11,2
161,13,1
161,14,1
161,15,3
161,18,2
161,19,5
161,20,1
161,23,1
161,26,6
161,31,1
161,32,1
161,37,2
161,39,2
161,40,2
161,41,4
161,42,12
161,44,3
161,46,1
161,47,2
161,49,1
161,51,1
161,54,1
161,55,4
161,61,14
161,62,55
161,63,4
161,64,7
161,72,1
161,73,13
161,74,12
161,75,2
161,76,1
161,77,3
161,78,1
161,80,1
161,81,9
161,82,25
161,83,9
161,84,4
161,86,6
161,88,2
161,90,1
161,94,5
161,97,2
161,102,1
161,103,1
161,104,23
161,105,14
161,106,11
161,107,14
161,110,1
161,111,1
161,113,5
161,114,29
161,116,4
161,117,1
161,118,2
161,120,1
161,123,4
161,125,1
161,128,1
161,130,1
161,131,1
161,135,3
161,142,15
161,143,2
161,144,3
161,146,1
161,147,2
161,148,14
161,149,40
161,150,55
161,151,3
161,152,11
161,153,2
161,154,9
161,155,2
161,156,8
161,158,1
161,159,4
161,160,1
161,162,10
161,165,9
161,166,2
161,168,61
161,169,11
161,170,14
161,171,58
161,172,1
161,173,1
161,174,1
161,175,14
161,178,7
161,179,5
161,180,19
161,181,2
161,186,1
161,187,1
161,189,8
161,191,4
161,194,1
161,195,11
161,196,3
161,197,8
161,198,3
161,199,1
161,200,25
161,201,2
161,202,4
161,203,8
161,204,34
161,206,5
161,207,2
161,210,10
161,211,2
161,212,3
161,213,1
161,214,5
161,215,17
161,216,4
161,217,5
161,218,5
161,220,20
161,221,11
161,222,5
161,223,11
161,224,11
161,225,18
161,226,1
161,228,4
161,229,21
161,231,2
161,235,7
161,237,2
161,238,3
161,241,8
161,244,1
161,245,2
161,247,6
161,249,6
161,250,4
161,251,11
161,252,4
161,253,2
161,255,1
161,257,3
161,259,3
161,260,3
161,262,9
161,263,1
161,264,23
161,266,1
161,267,3
161,269,1
161,270,4
161,271,2
161,272,3
161,273,5
161,274,2
161,275,2
161,276,2
161,277,2
161,280,3
161,281,6
161,284,6
161,285,15
161,286,34
161,288,1
161,289,8
161,290,4
161,295,1
161,296,1
161,299,2
161,302,4
161,303,1
161,304,3
161,305,3
161,310,2
161,313,2
161,314,1
161,315,2
161,316,3
161,319,4
161,320,16
161,322,1
161,323,2
161,328,3
161,329,1
161,330,1
161,331,6
161,332,3
161,333,2
161,334,1
161,335,1
161,336,6
161,337,6
161,339,1
161,340,6
161,341,3
161,342,2
161,343,1
161,345,4
161,347,1
161,348,1
161,350,36
161,351,1
161,352,2
161,353,3
161,354,2
161,356,78
161,358,4
161,359,3
161,360,1
161,362,1
161,363,1
161,364,1
161,365,8
161,366,41
161,368,3
161,369,5
161,373,1
161,378,8
162,6,1
162,7,10
162,8,1
162,9,1
162,10,5
162,12,2
162,15,7
162,17,1
162,19,2
162,21,2
162,24,1
162,26,1
162,30,1
162,31,1
162,35,1
162,36,1
162,37,3
162,40,1
162,41,2
162,42,2
162,43,1
162,44,3
162,46,1
162,47,1
162,53,3
162,56,1
162,59,1
162,61,11
162,62,52
162,63,1
162,64,2
162,67,1
162,73,21
162,74,12
162,75,1
162,76,3
162,77,1
162,79,1
162,80,4
162,81,11
162,82,15
162,83,6
162,86,1
162,89,1
162,91,1
162,94,7
162,97,3
162,101,1
162,103,1
162,104,20
162,105,10
162,106,12
162,107,26
162,108,2
162,110,2
162,112,1
162,113,4
162,114,21
162,115,2
162,116,10
162,117,2
162,118,1
162,123,4
162,125,1
162,130,4
162,135,1
162,140,1
162,142,14
162,143,3
162,148,14
162,149,37
162,150,41
162,151,10
162,152,7
162,153,4
162,154,10
162,156,1
162,157,2
162,158,8
162,160,3
162,161,3
162,163,3
162,165,9
162,166,2
162,167,1
162,168,43
162,169,3
162,170,8
162,171,50
162,173,2
162,174,5
162,175,11
162,178,5
162,179,4
162,180,4
162,181,7
162,186,1
162,187,1
162,189,6
162,190,3
162,191,3
162,192,3
162,195,2
162,197,10
162,198,1
162,199,3
162,200,17
162,201,3
162,202,3
162,203,13
162,204,30
162,206,18
162,207,3
162,210,3
162,211,4
162,212,6
162,213,2
162,214,2
162,215,10
162,216,6
162,217,3
162,218,3
162,220,15
162,221,16
162,223,4
162,224,11
162,225,2
162,226,1
162,227,4
162,229,14
162,230,1
162,232,2
162,235,2
162,236,3
162,238,11
162,239,1
162,241,12
162,247,3
162,249,2
162,251,17
162,252,6
162,255,1
162,258,2
162,259,2
162,260,2
162,262,6
162,263,2
162,264,8
162,265,1
162,266,5
162,270,9
162,271,5
162,272,1
162,273,3
162,274,1
162,275,2
162,276,2
162,278,2
162,279,1
162,280,2
162,281,6
162,282,2
162,284,4
162,285,13
162,286,33
162,287,2
162,288,3
162,289,6
162,290,2
162,293,6
162,295,2
162,296,1
162,300,1
162,302,3
162,304,4
162,307,1
162,310,2
162,311,3
162,314,1
162,315,1
162,316,3
162,317,3
162,319,1
162,320,11
162,322,1
162,323,4
162,327,1
162,329,1
162,330,1
162,331,4
162,332,5
162,333,3
162,334,2
162,335,4
162,336,4
162,337,4
162,340,3
162,342,4
162,343,1
162,345,5
162,346,2
162,350,39
162,351,3
162,352,4
162,353,1
162,354,4
162,356,67
162,358,1
162,359,3
162,360,1
162,361,1
162,362,1
162,363,1
162,364,2
162,365,1
162,366,36
162,367,3
162,368,4
162,369,8
162,371,5
162,372,1
162,373,2
162,377,3
162,378,4
163,7,8
163,8,2
163,10,1
163,11,2
163,12,3
163,15,2
163,16,1
163,17,2
163,18,7
163,19,5
163,23,2
163,35,2
163,37,7
163,39,2
163,40,4
163,41,3
163,42,2
163,44,1
163,46,2
163,47,3
163,53,1
163,54,1
163,56,3
163,57,1
163,61,9
163,62,25
163,63,2
163,64,3
163,67,2
163,69,1
163,73,16
163,74,6
163,75,1
163,77,1
163,78,4
163,79,5
163,80,8
163,81,6
163,82,7
163,83,16
163,86,2
163,88,1
163,90,2
163,94,8
163,97,3
163,98,1
163,103,4
163,104,27
163,105,9
163,106,13
163,107,16
163,112,2
163,113,7
163,114,28
163,116,8
163,117,1
163,118,1
163,119,2
163,120,1
163,121,5
163,123,2
163,130,2
163,133,1
163,135,1
163,139,2
163,142,6
163,143,3
163,144,6
163,145,2
163,147,8
163,148,14
163,149,42
163,150,33
163,152,9
163,153,7
163,154,12
163,155,1
163,156,10
163,157,2
163,158,5
163,159,1
163,160,5
163,162,9
163,165,1
163,166,6
163,168,43
163,169,12
163,170,10
163,171,63
163,172,1
163,174,3
163,175,8
163,178,11
163,180,6
163,181,6
163,182,2
163,187,1
163,189,8
163,190,2
163,191,3
163,193,1
163,194,1
163,195,8
163,196,1
163,197,3
163,198,5
163,199,1
163,200,17
163,202,2
163,203,3
163,204,26
163,206,7
163,207,3
163,209,3
163,210,7
163,211,4
163,212,1
163,213,5
163,214,3
163,215,14
163,216,4
163,217,4
163,218,7
163,219,1
163,220,6
163,221,13
163,222,7
163,223,2
163,224,10
163,225,2
163,226,4
163,227,3
163,228,3
163,229,17
163,230,2
163,235,1
163,237,1
163,238,5
163,239,3
163,241,9
163,245,3
163,247,7
163,250,8
163,251,17
163,252,4
163,253,6
163,255,1
163,256,1
163,257,4
163,258,3
163,259,1
163,262,5
163,263,1
163,264,9
163,269,1
163,270,3
163,271,1
163,273,4
163,275,2
163,276,3
163,277,4
163,280,1
163,281,1
163,282,3
163,284,4
163,285,2
163,286,30
163,287,4
163,289,1
163,291,1
163,295,1
163,296,3
163,299,1
163,300,1
163,301,2
163,302,2
163,304,6
163,307,2
163,308,2
163,309,1
163,310,2
163,313,1
163,315,3
163,317,1
163,320,25
163,321,1
163,323,4
163,328,3
163,331,3
163,332,1
163,333,3
163,334,3
163,337,1
163,340,1
163,342,3
163,345,1
163,346,1
163,350,32
163,351,2
163,353,1
163,356,83
163,362,1
163,365,1
163,366,40
163,367,2
163,368,4
163,369,11
163,371,1
163,372,1
163,375,3
163,376,1
163,378,6
164,7,15
164,8,1
164,10,1
164,11,1
164,14,2
164,15,2
164,18,1
164,19,4
164,24,1
164,29,1
164,37,1
164,40,1
164,41,1
164,42,1
164,47,4
164,50,1
164,52,1
164,54,1
164,61,9
164,62,7
164,63,5
164,64,1
164,73,4
164,77,2
164,78,1
164,79,3
164,81,2
164,82,7
164,83,4
164,94,4
164,96,1
164,97,1
164,98,1
164,104,15
164,105,2
164,106,4
164,107,7
164,108,2
164,111,1
164,113,2
164,114,12
164,115,1
164,116,4
164,117,1
164,123,1
164,125,1
164,135,1
164,142,9
164,143,1
164,147,1
164,148,4
164,149,24
164,150,23
164,152,9
164,154,1
164,156,3
164,157,1
164,158,6
164,159,1
164,162,12
164,166,3
164,168,28
164,169,6
164,170,3
164,171,16
164,173,1
164,174,3
164,175,5
164,177,1
164,178,2
164,179,3
164,180,12
164,181,4
164,189,4
164,190,1
164,191,1
164,192,2
164,195,1
164,196,1
164,198,7
164,200,17
164,203,1
164,204,17
164,206,6
164,207,3
164,210,4
164,213,3
164,214,2
164,215,9
164,216,1
164,217,2
164,218,1
164,220,2
164,221,2
164,223,1
164,224,9
164,227,1
164,229,13
164,233,3
164,239,1
164,240,1
164,241,1
164,244,1
164,248,1
164,249,2
164,250,2
164,251,4
164,252,1
164,257,2
164,259,3
164,260,3
164,262,6
164,264,12
164,269,1
164,270,3
164,271,2
164,273,1
164,275,1
164,276,4
164,277,1
164,278,1
164,281,2
164,284,1
164,285,4
164,286,23
164,287,1
164,289,1
164,291,1
164,301,1
164,302,1
164,308,1
164,310,2
164,316,2
164,320,5
164,323,3
164,324,1
164,325,1
164,328,1
164,329,1
164,331,1
164,332,1
164,333,1
164,334,3
164,335,2
164,336,4
164,337,1
164,340,3
164,342,1
164,343,1
164,345,2
164,346,1
164,350,15
164,351,2
164,352,1
164,354,1
164,356,23
164,359,1
164,364,1
164,366,12
164,368,1
164,369,2
164,373,1
164,374,2
164,376,1
164,377,1
164,378,1
165,3,1
165,7,5
165,10,1
165,15,3
165,19,1
165,22,1
165,40,1
165,41,2
165,43,2
165,44,1
165,61,2
165,62,11
165,63,1
165,72,1
165,73,6
165,74,4
165,75,2
165,77,2
165,80,2
165,81,3
165,82,13
165,83,4
165,86,2
165,94,1
165,98,3
165,104,12
165,105,2
165,106,3
165,107,7
165,112,3
165,113,2
165,114,9
165,116,6
165,117,6
165,119,1
165,123,3
165,125,2
165,130,3
165,131,1
165,132,1
165,133,1
165,142,5
165,143,3
165,144,2
165,148,6
165,149,14
165,150,19
165,151,1
165,152,10
165,154,3
165,155,4
165,162,3
165,166,1
165,168,14
165,169,10
165,170,9
165,171,9
165,174,4
165,175,8
165,177,3
165,178,3
165,179,2
165,180,8
165,181,1
165,186,3
165,189,1
165,191,5
165,192,1
165,193,2
165,195,3
165,196,2
165,197,6
165,199,1
165,200,3
165,201,4
165,204,5
165,206,7
165,209,1
165,210,1
165,212,1
165,214,4
165,215,6
165,216,2
165,218,1
165,220,1
165,221,1
165,223,2
165,224,4
165,225,7
165,227,2
165,229,7
165,231,3
165,235,1
165,236,2
165,241,1
165,247,2
165,249,4
165,250,5
165,251,7
165,255,3
165,256,1
165,257,1
165,264,1
165,266,1
165,267,1
165,270,2
165,271,1
165,273,1
165,274,1
165,275,1
165,276,1
165,284,6
165,286,10
165,287,1
165,288,1
165,290,1
165,293,2
165,299,1
165,302,1
165,304,2
165,305,1
165,307,1
165,309,1
165,311,1
165,312,1
165,313,1
165,320,10
165,328,2
165,337,2
165,342,1
165,349,1
165,350,2
165,352,4
165,354,4
165,356,11
165,359,1
165,361,2
165,366,22
165,367,1
165,369,5
165,375,1
166,7,2
166,9,5
166,10,1
166,11,4
166,14,2
166,15,2
166,16,1
166,17,2
166,18,1
166,19,1
166,24,1
166,31,1
166,32,1
166,34,1
166,39,2
166,40,10
166,41,1
166,42,11
166,43,1
166,44,3
166,46,1
166,47,4
166,49,1
166,53,1
166,54,2
166,56,1
166,59,1
166,61,6
166,62,38
166,63,5
166,64,4
166,70,1
166,73,5
166,74,2
166,80,2
166,81,3
166,82,9
166,83,14
166,84,1
166,86,2
166,88,3
166,92,2
166,94,2
166,95,2
166,97,3
166,98,3
166,101,1
166,104,5
166,105,1
166,106,2
166,107,3
166,110,1
166,111,2
166,113,3
166,114,18
166,116,3
166,117,2
166,118,2
166,120,1
166,123,5
166,125,1
166,128,1
166,130,4
166,132,1
166,139,1
166,142,1
166,143,5
166,145,4
166,148,3
166,149,9
166,150,6
166,151,1
166,152,2
166,154,1
166,155,2
166,156,2
166,162,5
166,168,6
166,169,3
166,170,12
166,171,23
166,173,5
166,174,5
166,175,2
166,178,1
166,179,3
166,180,4
166,182,3
166,186,2
166,190,1
166,195,2
166,196,1
166,197,1
166,198,4
166,199,1
166,200,3
166,203,1
166,204,2
166,205,1
166,206,7
166,211,2
166,213,1
166,214,1
166,215,1
166,217,1
166,218,4
166,220,2
166,221,2
166,224,7
166,225,1
166,229,4
166,236,1
166,239,1
166,241,2
166,245,1
166,247,1
166,250,2
166,251,4
166,252,1
166,262,3
166,270,6
166,273,2
166,274,1
166,286,12
166,287,1
166,289,1
166,291,1
166,292,1
166,305,1
166,308,4
166,310,1
166,311,2
166,315,5
166,316,3
166,319,2
166,320,3
166,321,2
166,323,2
166,324,2
166,325,4
166,331,3
166,332,5
166,333,2
166,335,1
166,340,4
166,341,2
166,342,1
166,343,2
166,344,2
166,345,7
166,347,1
166,349,1
166,352,1
166,354,10
166,356,4
166,362,1
166,365,2
166,366,13
166,368,1
166,369,7
166,376,2
166,378,6
167,2,1
167,6,2
167,7,61
167,8,3
167,10,4
167,11,4
167,12,2
167,14,3
167,15,13
167,18,10
167,19,2
167,20,4
167,21,1
167,22,1
167,24,1
167,26,1
167,27,1
167,29,1
167,30,1
167,31,1
167,34,4
167,36,1
167,37,7
167,39,1
167,40,11
167,41,9
167,42,21
167,43,8
167,44,7
167,46,4
167,47,4
167,49,1
167,52,4
167,53,1
167,56,1
167,59,1
167,61,34
167,62,75
167,64,4
167,65,1
167,68,1
167,72,1
167,73,35
167,74,41
167,75,9
167,76,4
167,77,4
167,79,10
167,80,5
167,81,38
167,82,83
167,83,28
167,86,9
167,87,3
167,90,1
167,94,15
167,95,1
167,97,4
167,98,2
167,102,2
167,103,5
167,104,49
167,105,41
167,106,12
167,107,55
167,108,3
167,110,3
167,111,1
167,112,3
167,113,4
167,114,31
167,115,2
167,116,30
167,117,2
167,118,4
167,119,5
167,121,1
167,123,9
167,125,3
167,126,1
167,128,1
167,129,1
167,130,8
167,132,1
167,133,1
167,135,2
167,139,1
167,142,29
167,143,15
167,144,22
167,146,1
167,147,16
167,148,69
167,149,84
167,150,152
167,151,5
167,152,62
167,153,2
167,154,14
167,155,5
167,156,15
167,158,15
167,161,1
167,162,10
167,163,1
167,165,4
167,166,8
167,168,185
167,169,10
167,170,33
167,171,131
167,172,1
167,173,2
167,174,7
167,175,10
167,177,2
167,178,32
167,179,8
167,180,24
167,181,8
167,182,1
167,183,4
167,184,5
167,186,2
167,187,2
167,189,8
167,190,1
167,191,8
167,193,2
167,194,2
167,195,7
167,196,3
167,197,21
167,198,14
167,199,5
167,200,42
167,201,3
167,202,4
167,203,14
167,204,63
167,205,2
167,206,30
167,207,5
167,210,13
167,211,2
167,212,15
167,213,6
167,214,7
167,215,8
167,216,5
167,217,11
167,218,7
167,219,2
167,220,25
167,221,15
167,222,5
167,223,1
167,224,43
167,225,8
167,227,3
167,228,5
167,229,59
167,230,1
167,231,1
167,235,7
167,236,3
167,237,1
167,238,12
167,239,1
167,241,22
167,244,4
167,247,35
167,249,8
167,250,14
167,251,24
167,252,7
167,253,5
167,254,1
167,257,2
167,259,6
167,260,9
167,262,6
167,263,1
167,264,16
167,265,1
167,266,9
167,267,4
167,269,6
167,270,12
167,271,2
167,272,1
167,273,7
167,274,4
167,276,5
167,277,2
167,278,2
167,281,4
167,282,4
167,284,21
167,285,16
167,286,60
167,287,4
167,288,2
167,289,23
167,290,3
167,291,4
167,295,7
167,296,3
167,302,6
167,304,13
167,305,1
167,307,1
167,308,3
167,309,1
167,310,2
167,311,7
167,312,2
167,314,1
167,315,4
167,317,2
167,319,2
167,320,35
167,321,1
167,322,1
167,323,10
167,324,2
167,325,3
167,328,7
167,330,1
167,331,2
167,332,15
167,333,4
167,334,1
167,336,3
167,337,5
167,339,1
167,340,6
167,341,1
167,342,1
167,343,1
167,345,2
167,347,2
167,348,3
167,350,21
167,351,8
167,352,5
167,353,5
167,354,29
167,355,1
167,356,227
167,358,9
167,359,4
167,361,3
167,362,2
167,363,1
167,365,6
167,366,141
167,367,2
167,368,12
167,369,17
167,372,3
167,375,1
167,376,3
167,378,12
168,3,1
168,7,12
168,8,1
168,10,4
168,12,1
168,13,1
168,15,1
168,18,1
168,19,4
168,21,2
168,27,1
168,31,3
168,36,1
168,37,4
168,40,3
168,41,3
168,42,3
168,43,1
168,47,1
168,49,1
168,51,1
168,53,3
168,56,1
168,57,1
168,61,7
168,62,18
168,63,2
168,64,2
168,65,1
168,69,1
168,72,1
168,73,10
168,74,10
168,75,2
168,76,2
168,77,1
168,78,2
168,79,6
168,80,12
168,81,17
168,82,30
168,83,8
168,86,2
168,89,1
168,90,1
168,92,1
168,94,3
168,98,4
168,99,1
168,103,1
168,104,16
168,105,16
168,106,3
168,107,26
168,111,1
168,112,2
168,113,1
168,114,14
168,116,4
168,117,2
168,123,7
168,128,1
168,129,1
168,130,1
168,135,3
168,136,1
168,140,1
168,142,11
168,143,10
168,144,14
168,147,3
168,148,38
168,149,28
168,150,79
168,151,3
168,152,16
168,154,18
168,155,1
168,157,2
168,158,8
168,160,1
168,161,1
168,162,2
168,165,2
168,166,2
168,169,7
168,170,14
168,171,44
168,172,7
168,173,5
168,174,2
168,175,6
168,178,9
168,179,5
168,180,12
168,181,6
168,186,1
168,189,2
168,190,2
168,191,4
168,194,1
168,195,4
168,196,3
168,197,10
168,198,3
168,199,1
168,200,22
168,202,2
168,203,3
168,204,24
168,206,12
168,207,5
168,210,5
168,211,2
168,212,3
168,213,1
168,214,2
168,215,11
168,216,6
168,217,8
168,218,3
168,220,7
168,221,17
168,222,2
168,224,14
168,225,6
168,226,3
168,227,2
168,228,3
168,229,14
168,235,3
168,238,5
168,241,10
168,242,1
168,244,3
168,245,2
168,247,10
168,249,2
168,250,5
168,251,9
168,252,6
168,253,1
168,254,1
168,255,3
168,256,1
168,258,2
168,262,2
168,263,1
168,264,12
168,267,1
168,270,4
168,271,1
168,273,1
168,276,2
168,280,1
168,281,2
168,282,1
168,284,5
168,285,8
168,286,17
168,287,2
168,288,1
168,289,3
168,290,2
168,292,1
168,296,1
168,300,2
168,304,4
168,305,1
168,307,1
168,310,1
168,313,1
168,314,2
168,315,2
168,317,1
168,319,6
168,320,17
168,321,1
168,323,5
168,326,1
168,328,3
168,331,3
168,333,5
168,334,2
168,336,2
168,337,3
168,338,2
168,340,2
168,345,2
168,350,12
168,351,5
168,354,4
168,356,88
168,361,2
168,362,2
168,363,1
168,366,44
168,367,1
168,368,3
168,369,3
168,370,1
168,372,4
168,373,1
168,375,1
168,376,1
168,378,1
169,5,1
169,6,8
169,7,7
169,9,1
169,11,1
169,18,2
169,37,1
169,39,1
169,40,7
169,41,1
169,42,2
169,44,1
169,47,4
169,49,1
169,54,1
169,56,1
169,61,6
169,62,16
169,63,1
169,64,3
169,67,1
169,69,2
169,73,14
169,74,2
169,75,1
169,77,2
169,79,2
169,80,6
169,81,4
169,82,20
169,83,26
169,86,7
169,90,3
169,92,3
169,97,2
169,98,1
169,104,29
169,105,12
169,106,2
169,107,15
169,108,1
169,110,1
169,112,4
169,113,8
169,114,11
169,116,7
169,117,5
169,118,2
169,119,2
169,123,1
169,125,2
169,130,9
169,141,1
169,142,15
169,143,4
169,144,2
169,146,1
169,148,12
169,149,33
169,150,34
169,151,2
169,152,4
169,153,2
169,154,6
169,155,8
169,156,4
169,158,2
169,161,1
169,162,3
169,165,1
169,166,8
169,168,27
169,170,16
169,171,39
169,172,1
169,173,6
169,174,4
169,175,7
169,178,5
169,179,2
169,180,10
169,181,5
169,184,2
169,186,3
169,188,2
169,189,1
169,190,2
169,191,3
169,193,3
169,196,1
169,198,8
169,199,4
169,200,9
169,201,8
169,203,4
169,204,15
169,206,16
169,207,2
169,210,5
169,212,5
169,213,2
169,214,2
169,215,10
169,216,10
169,217,3
169,218,2
169,219,1
169,220,2
169,221,3
169,222,2
169,223,2
169,224,8
169,225,9
169,226,2
169,227,1
169,228,1
169,229,5
169,231,2
169,233,1
169,234,1
169,236,1
169,237,2
169,238,1
169,239,1
169,241,2
169,244,1
169,245,2
169,247,3
169,249,3
169,250,1
169,251,7
169,252,5
169,255,1
169,256,2
169,257,1
169,258,2
169,262,1
169,264,10
169,266,1
169,267,2
169,268,1
169,270,5
169,271,2
169,273,2
169,276,2
169,277,1
169,281,3
169,284,3
169,285,4
169,286,14
169,287,1
169,289,2
169,293,1
169,295,1
169,299,1
169,302,1
169,310,1
169,311,1
169,313,1
169,315,2
169,316,6
169,317,1
169,319,1
169,320,16
169,321,1
169,323,2
169,325,3
169,330,1
169,331,3
169,332,1
169,333,1
169,335,1
169,339,1
169,340,1
169,342,3
169,345,1
169,349,1
169,350,1
169,351,1
169,354,6
169,356,29
169,358,2
169,359,2
169,361,1
169,365,2
169,366,31
169,367,3
169,368,2
169,369,3
169,371,2
169,374,1
169,375,2
169,376,1
169,378,3
170,3,1
170,7,5
170,9,1
170,10,3
170,15,5
170,18,2
170,26,1
170,30,1
170,37,1
170,40,1
170,41,1
170,44,1
170,52,1
170,56,2
170,61,3
170,62,12
170,73,10
170,74,1
170,77,1
170,79,1
170,80,1
170,81,3
170,82,12
170,83,3
170,86,3
170,88,1
170,90,2
170,94,5
170,97,1
170,104,11
170,105,2
170,106,3
170,107,4
170,110,1
170,113,8
170,114,6
170,118,1
170,120,1
170,123,2
170,129,1
170,142,10
170,148,9
170,149,25
170,150,11
170,152,1
170,154,4
170,155,3
170,156,2
170,158,1
170,162,3
170,165,3
170,166,1
170,167,1
170,168,19
170,169,2
170,171,15
170,173,5
170,174,3
170,175,3
170,178,1
170,179,2
170,180,1
170,181,3
170,189,1
170,191,2
170,194,1
170,195,4
170,196,2
170,197,4
170,198,7
170,199,2
170,200,8
170,202,4
170,204,7
170,206,8
170,207,4
170,209,1
170,210,2
170,211,1
170,214,2
170,215,4
170,217,3
170,219,2
170,221,2
170,222,1
170,224,1
170,225,8
170,229,7
170,232,1
170,235,1
170,236,1
170,238,4
170,244,1
170,247,2
170,250,5
170,253,1
170,259,2
170,262,1
170,264,4
170,268,1
170,270,5
170,271,1
170,273,1
170,281,1
170,284,1
170,285,6
170,287,2
170,288,1
170,291,1
170,308,1
170,315,2
170,316,1
170,320,13
170,321,1
170,322,1
170,323,2
170,329,1
170,331,3
170,333,1
170,336,1
170,340,1
170,342,1
170,350,3
170,356,15
170,358,2
170,365,1
170,366,11
170,368,2
170,369,1
170,376,3
171,7,1
171,12,1
171,13,1
171,18,3
171,19,1
171,37,1
171,40,2
171,44,1
171,46,1
171,47,2
171,53,1
171,56,1
171,61,2
171,62,11
171,64,1
171,73,3
171,74,2
171,79,2
171,80,1
171,81,9
171,82,1
171,83,6
171,94,1
171,98,1
171,101,1
171,102,2
171,104,3
171,105,5
171,107,3
171,108,1
171,113,2
171,116,2
171,117,2
171,123,3
171,128,1
171,135,1
171,139,1
171,142,4
171,143,2
171,144,1
171,148,6
171,149,3
171,150,4
171,151,1
171,152,2
171,159,1
171,160,1
171,162,2
171,165,2
171,168,11
171,170,3
171,172,1
171,173,1
171,174,3
171,175,1
171,178,1
171,179,1
171,180,2
171,186,2
171,190,1
171,191,1
171,195,2
171,197,3
171,198,1
171,200,2
171,203,3
171,204,3
171,206,7
171,207,2
171,212,1
171,214,1
171,221,2
171,224,2
171,229,8
171,230,1
171,236,1
171,239,1
171,245,2
171,247,3
171,249,1
171,250,1
171,251,4
171,257,1
171,260,1
171,266,1
171,268,1
171,274,3
171,275,1
171,280,1
171,284,1
171,286,2
171,289,3
171,291,2
171,301,1
171,304,1
171,315,1
171,316,1
171,323,1
171,325,1
171,328,1
171,330,1
171,332,1
171,340,1
171,342,1
171,343,1
171,353,2
171,354,5
171,356,8
171,365,1
171,366,9
171,368,1
171,370,1
171,371,2
171,375,2
172,2,1
172,3,1
172,5,1
172,7,27
172,9,1
172,10,6
172,13,3
172,15,5
172,18,6
172,20,2
172,21,1
172,22,1
172,25,1
172,26,1
172,27,1
172,31,1
172,36,1
172,37,2
172,39,3
172,40,4
172,41,3
172,42,1
172,43,1
172,44,4
172,47,4
172,52,1
172,53,1
172,54,2
172,56,1
172,57,2
172,61,9
172,62,35
172,63,2
172,64,3
172,72,1
172,73,13
172,74,8
172,75,2
172,77,2
172,81,5
172,82,12
172,83,14
172,86,5
172,87,1
172,92,1
172,94,12
172,95,1
172,97,1
172,98,2
172,101,1
172,102,1
172,104,31
172,105,8
172,106,8
172,107,16
172,109,2
172,110,1
172,112,1
172,113,4
172,114,38
172,115,3
172,116,11
172,117,2
172,118,2
172,120,1
172,121,1
172,123,6
172,125,1
172,130,3
172,135,3
172,139,1
172,142,12
172,143,6
172,144,3
172,148,20
172,149,59
172,150,26
172,152,8
172,153,4
172,154,6
172,155,6
172,156,1
172,159,2
172,160,1
172,162,11
172,165,11
172,166,3
172,168,47
172,169,11
172,170,56
172,171,67
172,173,22
172,174,17
172,175,8
172,177,1
172,178,3
172,179,4
172,180,6
172,181,5
172,182,1
172,184,2
172,186,4
172,189,3
172,190,2
172,191,6
172,192,1
172,193,1
172,194,1
172,195,5
172,196,2
172,197,6
172,198,1
172,199,5
172,200,28
172,201,1
172,202,2
172,203,8
172,204,26
172,206,42
172,207,11
172,208,2
172,210,22
172,211,5
172,212,3
172,213,5
172,214,5
172,215,11
172,217,4
172,218,2
172,219,1
172,220,6
172,221,6
172,223,1
172,224,8
172,225,6
172,226,1
172,227,2
172,228,3
172,229,11
172,231,2
172,232,1
172,235,3
172,238,2
172,241,7
172,244,1
172,247,1
172,249,2
172,250,4
172,251,8
172,252,6
172,253,4
172,255,2
172,257,1
172,258,1
172,259,2
172,260,1
172,262,4
172,263,1
172,264,12
172,267,1
172,268,5
172,270,8
172,271,1
172,273,2
172,274,1
172,276,1
172,277,5
172,278,1
172,279,1
172,281,1
172,284,3
172,285,2
172,286,27
172,287,6
172,289,3
172,290,1
172,291,2
172,293,1
172,296,1
172,299,3
172,304,2
172,306,3
172,307,1
172,308,1
172,311,2
172,315,6
172,317,1
172,320,13
172,323,6
172,325,2
172,328,3
172,329,1
172,331,1
172,332,2
172,333,2
172,335,3
172,336,2
172,337,1
172,340,3
172,341,1
172,342,1
172,345,2
172,348,1
172,350,8
172,351,2
172,352,2
172,354,4
172,355,1
172,356,63
172,358,1
172,359,1
172,363,1
172,364,1
172,365,1
172,366,31
172,368,5
172,369,6
172,371,1
172,372,1
172,374,2
172,375,1
172,376,3
172,378,3
173,6,1
173,7,16
173,8,1
173,9,1
173,10,3
173,13,2
173,14,1
173,15,3
173,17,1
173,18,4
173,19,2
173,21,4
173,24,1
173,26,1
173,27,1
173,31,1
173,34,1
173,37,2
173,40,3
173,41,3
173,42,4
173,44,3
173,47,4
173,49,1
173,52,2
173,61,11
173,62,27
173,64,1
173,71,1
173,73,25
173,74,11
173,75,5
173,77,1
173,79,2
173,80,4
173,81,13
173,82,28
173,83,19
173,86,4
173,88,1
173,94,4
173,97,2
173,98,1
173,104,26
173,105,14
173,106,9
173,107,28
173,108,1
173,110,2
173,113,5
173,114,36
173,116,32
173,117,2
173,118,3
173,123,5
173,128,1
173,130,6
173,131,1
173,135,7
173,142,36
173,143,8
173,144,2
173,148,22
173,149,48
173,150,65
173,151,2
173,152,14
173,153,11
173,154,15
173,155,5
173,156,15
173,157,1
173,158,1
173,159,1
173,161,1
173,162,3
173,165,4
173,166,13
173,168,49
173,169,13
173,170,43
173,171,56
173,174,29
173,175,5
173,177,3
173,178,6
173,179,10
173,180,9
173,181,3
173,186,3
173,187,4
173,189,4
173,190,3
173,191,8
173,193,2
173,194,4
173,195,6
173,196,5
173,197,6
173,198,17
173,199,4
173,200,27
173,201,1
173,203,8
173,204,11
173,205,3
173,206,36
173,207,5
173,208,2
173,210,15
173,211,3
173,212,8
173,213,4
173,214,8
173,215,10
173,216,6
173,217,2
173,218,3
173,220,7
173,221,4
173,222,2
173,224,16
173,225,8
173,227,1
173,228,9
173,229,19
173,230,1
173,231,1
173,235,4
173,237,2
173,238,3
173,241,7
173,244,1
173,245,1
173,247,4
173,250,11
173,251,19
173,252,11
173,253,1
173,255,5
173,256,3
173,258,3
173,259,1
173,260,2
173,262,3
173,264,17
173,266,2
173,267,3
173,270,5
173,272,1
173,273,3
173,274,3
173,277,3
173,279,1
173,280,2
173,281,1
173,282,1
173,284,8
173,285,9
173,286,22
173,287,4
173,289,6
173,291,4
173,292,1
173,295,3
173,297,1
173,302,2
173,304,4
173,305,2
173,307,2
173,310,1
173,311,2
173,315,1
173,316,2
173,317,3
173,320,30
173,321,1
173,323,3
173,325,1
173,328,3
173,330,1
173,331,1
173,332,3
173,334,4
173,335,5
173,336,1
173,337,3
173,339,1
173,340,7
173,342,3
173,343,2
173,345,3
173,346,1
173,350,4
173,351,1
173,354,6
173,356,65
173,358,2
173,361,1
173,362,1
173,364,2
173,366,59
173,368,5
173,369,7
173,371,4
173,372,1
173,373,1
173,375,1
173,376,3
173,378,2
174,6,1
174,7,39
174,8,1
174,9,1
174,10,5
174,11,1
174,12,1
174,13,2
174,14,3
174,15,3
174,17,1
174,18,1
174,19,6
174,20,3
174,22,1
174,24,1
174,25,1
174,26,2
174,40,2
174,41,1
174,42,3
174,43,1
174,47,3
174,51,1
174,53,2
174,56,1
174,61,6
174,62,24
174,64,3
174,69,1
174,71,1
174,72,1
174,73,16
174,74,8
174,75,1
174,77,1
174,78,6
174,79,2
174,80,1
174,81,8
174,82,15
174,83,10
174,86,2
174,92,4
174,97,1
174,98,1
174,103,1
174,104,22
174,105,22
174,106,14
174,107,12
174,110,1
174,113,4
174,114,18
174,116,19
174,117,3
174,119,1
174,122,1
174,123,2
174,128,1
174,130,2
174,135,3
174,139,1
174,142,20
174,143,10
174,147,4
174,148,6
174,149,16
174,150,112
174,151,2
174,152,26
174,153,6
174,154,17
174,155,4
174,156,8
174,162,4
174,165,2
174,166,8
174,168,9
174,169,7
174,170,5
174,171,21
174,173,3
174,175,45
174,176,1
174,177,6
174,178,11
174,179,9
174,180,14
174,181,4
174,185,1
174,186,3
174,187,3
174,188,2
174,189,4
174,190,3
174,191,3
174,192,2
174,193,1
174,194,1
174,195,6
174,196,1
174,197,10
174,198,24
174,199,11
174,200,24
174,201,1
174,202,2
174,203,1
174,204,10
174,206,10
174,210,3
174,211,2
174,212,7
174,213,9
174,214,9
174,215,22
174,216,5
174,217,13
174,218,2
174,219,3
174,220,10
174,221,6
174,222,1
174,224,20
174,225,6
174,226,3
174,228,3
174,229,47
174,230,3
174,231,4
174,236,3
174,237,2
174,238,8
174,241,5
174,245,5
174,247,6
174,249,7
174,250,24
174,251,22
174,252,5
174,253,4
174,254,4
174,255,2
174,260,1
174,262,3
174,263,1
174,264,6
174,270,20
174,271,2
174,273,3
174,274,1
174,277,1
174,281,2
174,284,6
174,285,1
174,286,21
174,287,1
174,288,1
174,289,4
174,290,1
174,291,1
174,295,1
174,296,4
174,302,3
174,304,1
174,305,2
174,307,1
174,308,2
174,310,1
174,311,2
174,315,5
174,316,2
174,317,1
174,320,11
174,321,1
174,323,1
174,330,1
174,331,5
174,332,3
174,333,10
174,335,3
174,336,2
174,337,2
174,339,2
174,340,2
174,342,2
174,343,1
174,345,2
174,347,1
174,348,1
174,350,4
174,351,1
174,353,1
174,354,4
174,356,25
174,358,2
174,359,1
174,360,2
174,361,3
174,362,1
174,363,2
174,364,1
174,365,3
174,366,69
174,367,1
174,368,4
174,369,6
174,371,5
174,378,1
175,7,36
175,9,2
175,10,9
175,13,3
175,14,2
175,15,3
175,18,8
175,19,1
175,20,4
175,21,1
175,22,3
175,29,1
175,30,1
175,40,2
175,41,1
175,42,2
175,43,1
175,44,1
175,45,1
175,46,1
175,47,2
175,61,7
175,62,9
175,71,1
175,73,13
175,74,10
175,80,1
175,81,5
175,82,18
175,83,2
175,86,9
175,94,2
175,98,2
175,100,2
175,104,26
175,105,17
175,106,7
175,107,10
175,108,1
175,114,11
175,116,13
175,117,2
175,119,1
175,123,1
175,128,1
175,130,1
175,132,1
175,136,1
175,140,1
175,142,17
175,143,12
175,146,1
175,148,4
175,149,6
175,150,120
175,151,11
175,152,24
175,153,1
175,154,6
175,168,10
175,169,1
175,170,3
175,171,4
175,172,1
175,176,1
175,177,3
175,178,13
175,179,5
175,180,9
175,181,5
175,186,1
175,187,3
175,189,4
175,190,5
175,191,4
175,193,1
175,195,5
175,196,1
175,197,6
175,198,7
175,199,24
175,200,30
175,203,3
175,204,8
175,206,2
175,212,1
175,213,11
175,214,2
175,215,5
175,216,21
175,217,5
175,221,5
175,224,24
175,225,1
175,227,3
175,229,48
175,231,1
175,236,2
175,238,2
175,240,1
175,241,21
175,244,2
175,247,7
175,249,1
175,250,19
175,251,20
175,252,3
175,253,1
175,255,1
175,260,1
175,262,1
175,264,3
175,270,9
175,273,4
175,276,1
175,277,1
175,281,1
175,282,1
175,284,4
175,285,4
175,286,6
175,287,2
175,290,2
175,291,1
175,293,2
175,296,3
175,299,1
175,300,1
175,304,6
175,305,1
175,308,5
175,311,1
175,313,2
175,315,2
175,316,2
175,319,1
175,320,11
175,321,2
175,323,4
175,325,2
175,327,1
175,331,3
175,332,1
175,333,1
175,337,2
175,342,2
175,343,1
175,345,1
175,354,5
175,356,7
175,358,1
175,359,1
175,362,1
175,365,1
175,366,62
175,368,5
175,369,6
175,375,1
175,376,1
175,378,1
176,4,1
176,6,2
176,7,23
176,9,2
176,10,1
176,13,1
176,14,1
176,15,6
176,18,2
176,19,2
176,27,1
176,31,1
176,40,1
176,41,2
176,42,2
176,46,1
176,47,4
176,54,1
176,61,1
176,62,8
176,63,1
176,64,2
176,71,1
176,73,13
176,74,4
176,75,1
176,76,1
176,77,1
176,80,4
176,81,7
176,82,10
176,83,9
176,86,3
176,90,1
176,94,4
176,98,1
176,101,1
176,103,1
176,104,24
176,105,4
176,106,8
176,107,5
176,109,1
176,110,1
176,111,2
176,113,14
176,114,14
176,116,9
176,117,3
176,121,4
176,125,1
176,130,3
176,133,1
176,139,2
176,142,5
176,143,7
176,147,3
176,148,4
176,149,21
176,150,27
176,151,1
176,152,12
176,153,1
176,154,8
176,155,2
176,157,1
176,158,2
176,162,4
176,165,1
176,166,4
176,168,5
176,170,1
176,171,8
176,172,2
176,173,1
176,174,8
176,175,17
176,177,6
176,178,4
176,179,10
176,180,22
176,181,2
176,183,1
176,184,5
176,186,3
176,189,4
176,191,5
176,192,1
176,194,1
176,195,2
176,196,1
176,197,3
176,198,10
176,199,6
176,200,12
176,202,2
176,204,2
176,206,5
176,210,2
176,211,1
176,212,2
176,213,6
176,214,5
176,215,3
176,216,4
176,217,6
176,218,2
176,220,3
176,221,5
176,223,1
176,224,12
176,225,3
176,226,2
176,228,5
176,229,12
176,231,2
176,238,5
176,239,1
176,241,1
176,244,1
176,245,1
176,246,1
176,247,3
176,250,6
176,251,5
176,252,8
176,254,1
176,262,1
176,264,2
176,265,3
176,268,1
176,270,8
176,271,1
176,273,1
176,276,1
176,281,2
176,284,5
176,285,2
176,286,17
176,287,1
176,288,1
176,289,7
176,293,1
176,295,2
176,305,1
176,315,2
176,320,9
176,322,1
176,323,2
176,332,1
176,333,1
176,335,1
176,337,1
176,340,2
176,342,2
176,345,1
176,348,1
176,352,1
176,354,1
176,356,3
176,360,1
176,365,1
176,366,18
176,367,2
176,368,2
176,369,5
176,372,1
176,376,2
177,7,16
177,11,1
177,12,1
177,13,1
177,14,2
177,18,2
177,19,4
177,20,2
177,22,2
177,37,2
177,42,3
177,43,1
177,46,2
177,53,1
177,54,1
177,61,2
177,62,8
177,64,1
177,68,1
177,73,8
177,74,1
177,77,2
177,82,5
177,83,5
177,86,1
177,100,2
177,104,5
177,105,8
177,106,7
177,107,1
177,108,1
177,110,1
177,113,6
177,114,12
177,116,14
177,117,1
177,123,3
177,125,2
177,129,1
177,135,3
177,139,2
177,141,1
177,142,12
177,143,3
177,144,1
177,147,1
177,148,3
177,149,11
177,150,39
177,151,2
177,152,5
177,153,4
177,154,2
177,156,7
177,158,1
177,159,1
177,161,1
177,165,2
177,166,2
177,168,6
177,169,1
177,170,4
177,171,8
177,172,1
177,173,5
177,174,7
177,175,21
177,176,1
177,178,5
177,179,2
177,180,9
177,181,4
177,186,4
177,189,2
177,191,1
177,192,3
177,194,1
177,197,1
177,198,12
177,199,8
177,200,14
177,201,8
177,202,1
177,204,2
177,205,1
177,206,1
177,210,1
177,212,1
177,213,7
177,214,2
177,215,5
177,217,3
177,218,1
177,223,1
177,224,2
177,225,9
177,229,8
177,231,1
177,235,2
177,237,1
177,238,3
177,241,7
177,244,1
177,245,1
177,249,1
177,250,1
177,251,14
177,252,7
177,255,4
177,259,1
177,260,3
177,262,2
177,265,2
177,268,1
177,270,2
177,271,3
177,273,2
177,274,1
177,275,1
177,279,1
177,281,7
177,283,1
177,284,3
177,285,1
177,286,1
177,288,1
177,289,1
177,292,1
177,296,3
177,304,1
177,305,1
177,310,3
177,315,1
177,316,1
177,319,2
177,320,4
177,323,1
177,333,4
177,337,1
177,339,1
177,340,1
177,342,1
177,345,1
177,349,1
177,353,1
177,354,1
177,356,10
177,360,1
177,365,3
177,366,12
177,368,1
177,369,5
177,371,2
177,373,1
177,376,1
178,7,12
178,12,1
178,15,1
178,17,1
178,18,3
178,19,3
178,20,1
178,21,1
178,24,1
178,31,1
178,39,1
178,40,1
178,53,1
178,56,1
178,61,1
178,62,13
178,63,2
178,73,14
178,74,6
178,75,1
178,79,1
178,80,2
178,82,11
178,83,5
178,84,1
178,86,2
178,88,1
178,90,1
178,94,2
178,97,1
178,98,3
178,100,1
178,104,31
178,105,2
178,106,8
178,107,6
178,110,2
178,112,2
178,113,2
178,114,12
178,115,1
178,116,5
178,117,6
178,118,2
178,123,4
178,125,2
178,128,1
178,130,3
178,132,2
178,139,6
178,140,1
178,142,11
178,143,1
178,144,1
178,148,2
178,149,7
178,150,34
178,151,4
178,152,10
178,153,4
178,154,7
178,160,1
178,163,1
178,166,2
178,168,9
178,169,1
178,171,16
178,173,4
178,174,8
178,175,13
178,176,1
178,179,8
178,180,9
178,181,3
178,184,1
178,186,3
178,187,1
178,189,5
178,190,3
178,191,4
178,192,2
178,194,2
178,195,2
178,196,6
178,197,4
178,198,16
178,199,4
178,200,12
178,202,2
178,203,3
178,204,4
178,206,2
178,210,1
178,211,1
178,213,2
178,214,4
178,215,1
178,216,3
178,217,9
178,221,1
178,222,1
178,224,11
178,225,5
178,226,1
178,227,4
178,228,1
178,229,11
178,230,1
178,231,2
178,235,1
178,236,5
178,237,1
178,238,1
178,239,1
178,240,1
178,241,1
178,244,4
178,247,1
178,249,5
178,250,9
178,251,7
178,252,8
178,253,2
178,256,1
178,260,1
178,262,4
178,270,5
178,271,1
178,273,2
178,274,2
178,275,1
178,276,2
178,277,2
178,281,1
178,284,6
178,286,11
178,287,2
178,289,5
178,291,1
178,293,1
178,299,1
178,307,2
178,308,1
178,310,1
178,311,2
178,313,2
178,314,1
178,315,2
178,319,1
178,320,7
178,321,1
178,323,6
178,328,1
178,330,1
178,333,3
178,337,1
178,338,1
178,340,2
178,342,1
178,343,1
178,346,1
178,348,2
178,354,1
178,356,14
178,357,1
178,361,1
178,366,33
178,367,1
178,369,3
178,371,2
179,6,4
179,7,27
179,10,2
179,11,1
179,12,3
179,13,2
179,14,1
179,15,5
179,16,1
179,18,1
179,19,12
179,20,3
179,22,5
179,24,1
179,27,2
179,31,2
179,34,1
179,37,3
179,40,1
179,41,5
179,42,6
179,43,1
179,45,1
179,46,2
179,52,2
179,56,1
179,59,1
179,61,3
179,62,26
179,63,1
179,64,4
179,69,1
179,72,1
179,73,20
179,74,10
179,75,2
179,76,3
179,79,1
179,80,4
179,81,10
179,82,25
179,83,12
179,84,1
179,86,7
179,87,1
179,88,1
179,90,2
179,91,1
179,92,1
179,94,5
179,95,1
179,101,1
179,102,1
179,104,36
179,105,12
179,106,8
179,107,10
179,108,2
179,112,3
179,113,7
179,114,23
179,116,16
179,117,5
179,118,1
179,119,3
179,120,2
179,123,3
179,125,1
179,130,2
179,132,1
179,133,2
179,135,5
179,140,3
179,142,31
179,143,11
179,148,11
179,149,12
179,150,47
179,151,6
179,152,14
179,153,4
179,154,10
179,155,1
179,156,1
179,162,6
179,165,4
179,168,6
179,169,5
179,170,4
179,171,15
179,173,1
179,174,6
179,175,5
179,178,5
179,180,21
179,181,2
179,182,1
179,183,1
179,184,2
179,185,1
179,186,2
179,187,3
179,189,6
179,190,4
179,191,8
179,192,1
179,195,6
179,196,10
179,197,8
179,198,15
179,199,10
179,200,17
179,201,3
179,203,4
179,204,3
179,205,4
179,206,7
179,208,2
179,209,1
179,210,1
179,212,2
179,213,2
179,214,4
179,215,7
179,216,9
179,217,10
179,218,1
179,220,6
179,222,1
179,223,5
179,224,11
179,227,7
179,228,1
179,229,15
179,230,1
179,231,4
179,235,2
179,236,9
179,237,1
179,238,5
179,241,4
179,244,3
179,247,1
179,249,3
179,250,16
179,251,14
179,252,3
179,255,4
179,258,1
179,259,2
179,260,2
179,262,11
179,263,2
179,264,5
179,265,2
179,269,1
179,270,4
179,271,1
179,273,1
179,274,2
179,276,2
179,279,2
179,281,2
179,284,10
179,285,5
179,286,15
179,287,7
179,289,7
179,290,2
179,291,2
179,295,2
179,299,1
179,302,2
179,304,1
179,307,1
179,309,1
179,310,3
179,311,1
179,313,2
179,314,1
179,315,2
179,316,2
179,319,2
179,320,18
179,321,2
179,323,4
179,325,2
179,328,3
179,331,1
179,332,1
179,333,2
179,335,4
179,339,2
179,340,3
179,342,3
179,345,2
179,348,2
179,351,1
179,352,2
179,354,4
179,356,6
179,359,1
179,361,3
179,362,1
179,365,2
179,366,35
179,368,3
179,369,6
179,371,2
179,375,1
179,376,2
179,378,3
180,2,1
180,7,24
180,9,1
180,10,1
180,15,1
180,18,4
180,19,7
180,22,3
180,40,1
180,42,1
180,46,1
180,47,3
180,61,2
180,62,9
180,63,1
180,64,2
180,71,1
180,73,3
180,74,2
180,75,1
180,79,1
180,80,2
180,81,8
180,82,22
180,83,2
180,86,5
180,94,6
180,97,2
180,98,1
180,104,16
180,105,12
180,106,2
180,107,3
180,112,1
180,113,4
180,114,4
180,116,8
180,117,1
180,118,2
180,119,2
180,120,3
180,123,2
180,125,1
180,130,5
180,135,1
180,142,8
180,143,8
180,144,1
180,145,1
180,147,1
180,148,3
180,149,2
180,150,66
180,151,3
180,152,17
180,154,7
180,155,1
180,160,1
180,166,1
180,168,9
180,170,2
180,171,4
180,174,5
180,175,25
180,177,1
180,178,7
180,179,3
180,181,2
180,189,4
180,191,4
180,194,1
180,195,3
180,196,1
180,197,9
180,198,9
180,200,9
180,201,2
180,204,8
180,206,3
180,211,3
180,213,6
180,215,2
180,216,1
180,217,12
180,218,1
180,219,1
180,221,1
180,222,1
180,224,5
180,225,11
180,226,1
180,227,1
180,228,1
180,229,25
180,231,1
180,239,1
180,240,1
180,241,14
180,244,3
180,245,2
180,247,1
180,249,7
180,250,15
180,251,16
180,252,6
180,259,1
180,260,1
180,264,2
180,270,7
180,271,1
180,273,2
180,274,1
180,276,1
180,277,1
180,284,9
180,286,3
180,289,4
180,291,2
180,295,1
180,296,1
180,302,2
180,304,1
180,310,1
180,315,1
180,316,1
180,319,1
180,320,3
180,321,2
180,323,4
180,328,3
180,330,1
180,331,1
180,332,1
180,333,1
180,335,1
180,342,4
180,345,1
180,350,1
180,353,1
180,356,4
180,366,42
180,368,6
180,369,6
180,372,4
180,375,1
180,378,2
181,4,1
181,7,1
181,10,1
181,18,1
181,19,1
181,40,2
181,42,2
181,61,2
181,62,3
181,64,1
181,73,1
181,74,2
181,77,1
181,83,2
181,87,1
181,94,2
181,97,1
181,98,1
181,104,1
181,106,3
181,112,2
181,113,1
181,115,1
181,116,2
181,125,1
181,135,1
181,139,1
181,140,3
181,148,1
181,150,1
181,152,4
181,153,1
181,154,6
181,171,1
181,173,2
181,175,1
181,178,1
181,212,1
181,224,1
181,225,1
181,227,1
181,228,1
181,229,1
181,238,1
181,239,1
181,241,1
181,252,1
181,264,1
181,265,1
181,273,1
181,287,1
181,289,1
181,307,1
181,308,1
181,323,2
181,329,1
181,346,1
181,354,2
181,355,1
181,366,3
181,369,2
181,376,1
182,6,4
182,7,43
182,8,1
182,9,1
182,10,4
182,14,4
182,15,2
182,18,9
182,19,6
182,20,5
182,21,2
182,22,4
182,27,1
182,31,2
182,37,2
182,39,1
182,40,1
182,41,1
182,42,6
182,46,3
182,47,3
182,50,1
182,51,1
182,52,1
182,53,1
182,61,5
182,62,13
182,64,2
182,73,35
182,74,5
182,77,1
182,79,1
182,80,3
182,81,9
182,82,27
182,83,4
182,86,1
182,87,1
182,90,5
182,94,4
182,97,2
182,98,1
182,100,1
182,103,1
182,104,31
182,105,14
182,106,9
182,107,9
182,108,2
182,110,1
182,112,6
182,113,13
182,114,5
182,116,3
182,117,7
182,118,2
182,119,1
182,120,1
182,123,10
182,127,1
182,130,3
182,135,1
182,136,1
182,142,24
182,143,8
182,149,8
182,150,51
182,151,4
182,152,11
182,153,1
182,154,10
182,155,10
182,156,1
182,166,6
182,168,9
182,169,2
182,170,4
182,171,13
182,173,2
182,174,1
182,175,7
182,177,4
182,178,4
182,179,20
182,180,12
182,181,3
182,183,6
182,184,1
182,185,2
182,186,6
182,187,5
182,189,13
182,190,2
182,191,12
182,192,1
182,193,1
182,194,7
182,195,12
182,196,15
182,197,7
182,198,9
182,199,3
182,200,19
182,201,1
182,203,7
182,204,14
182,207,1
182,209,1
182,210,2
182,211,3
182,212,2
182,213,2
182,214,10
182,215,4
182,216,17
182,217,26
182,220,4
182,221,7
182,223,1
182,224,18
182,225,2
182,227,5
182,228,1
182,229,15
182,230,4
182,231,3
182,233,1
182,237,3
182,239,1
182,241,3
182,242,1
182,244,4
182,245,8
182,249,2
182,250,22
182,251,21
182,252,12
182,253,3
182,257,2
182,262,1
182,264,5
182,266,2
182,267,1
182,269,1
182,270,6
182,271,2
182,274,3
182,275,1
182,276,1
182,281,2
182,284,6
182,285,3
182,286,9
182,287,1
182,288,1
182,289,1
182,290,1
182,301,2
182,304,4
182,305,1
182,306,1
182,308,1
182,310,1
182,311,1
182,315,2
182,316,2
182,317,1
182,319,3
182,320,9
182,321,1
182,323,3
182,325,3
182,328,1
182,330,1
182,331,1
182,333,2
182,334,1
182,335,2
182,337,3
182,340,1
182,342,1
182,343,2
182,345,2
182,346,1
182,349,2
182,351,1
182,352,2
182,354,5
182,356,12
182,360,1
182,361,1
182,365,3
182,366,54
182,367,1
182,368,6
182,369,4
182,371,7
182,372,2
182,378,1
183,5,1
183,7,45
183,10,5
183,11,2
183,12,1
183,13,1
183,14,3
183,18,9
183,19,3
183,20,5
183,31,1
183,34,1
183,37,1
183,40,1
183,41,1
183,42,2
183,46,1
183,47,1
183,60,2
183,61,3
183,62,12
183,65,1
183,73,18
183,74,7
183,76,1
183,77,1
183,80,2
183,81,7
183,82,9
183,83,1
183,86,3
183,90,2
183,94,2
183,102,1
183,104,23
183,105,7
183,106,6
183,107,11
183,111,6
183,112,1
183,113,3
183,114,2
183,116,7
183,117,3
183,120,1
183,125,2
183,139,2
183,142,18
183,143,1
183,147,1
183,148,5
183,149,5
183,150,26
183,152,3
183,153,1
183,154,4
183,155,2
183,156,1
183,161,1
183,162,3
183,168,5
183,169,4
183,170,3
183,171,4
183,174,1
183,175,11
183,177,2
183,178,3
183,179,11
183,180,7
183,181,6
183,182,1
183,186,4
183,189,22
183,191,7
183,192,4
183,194,3
183,195,4
183,196,5
183,197,5
183,198,2
183,199,2
183,200,5
183,203,1
183,204,4
183,205,1
183,206,1
183,207,1
183,210,1
183,211,3
183,213,7
183,214,4
183,215,9
183,216,5
183,217,9
183,218,3
183,220,1
183,222,1
183,223,1
183,224,8
183,225,1
183,228,2
183,229,5
183,230,5
183,231,3
183,236,2
183,238,3
183,241,2
183,244,6
183,245,10
183,249,4
183,250,2
183,251,1
183,252,1
183,253,3
183,254,1
183,257,1
183,259,1
183,262,3
183,264,6
183,266,2
183,270,3
183,274,5
183,281,1
183,285,2
183,286,7
183,287,1
183,289,3
183,302,4
183,304,3
183,305,1
183,307,1
183,308,2
183,315,1
183,319,2
183,320,10
183,323,2
183,325,1
183,332,1
183,337,1
183,340,2
183,347,1
183,350,1
183,354,1
183,355,1
183,356,10
183,359,1
183,360,1
183,361,1
183,365,3
183,366,40
183,368,8
183,369,4
183,370,1
183,374,1
184,6,2
184,7,75
184,9,2
184,10,5
184,11,1
184,12,1
184,14,3
184,15,2
184,18,9
184,19,8
184,20,5
184,21,3
184,22,3
184,24,2
184,26,2
184,40,1
184,41,1
184,42,5
184,44,2
184,46,1
184,61,9
184,62,14
184,63,2
184,64,1
184,73,10
184,74,11
184,75,1
184,77,1
184,79,1
184,80,1
184,81,7
184,82,23
184,83,3
184,86,4
184,88,1
184,90,1
184,94,8
184,98,1
184,103,1
184,104,21
184,105,20
184,106,25
184,107,9
184,110,1
184,112,1
184,113,5
184,114,11
184,115,1
184,116,12
184,119,1
184,123,2
184,124,1
184,128,2
184,130,3
184,135,3
184,139,2
184,140,1
184,142,15
184,143,4
184,147,8
184,148,2
184,149,16
184,150,63
184,152,12
184,153,1
184,154,6
184,155,3
184,156,1
184,165,2
184,166,1
184,168,13
184,169,2
184,170,2
184,171,12
184,173,2
184,175,10
184,178,19
184,179,19
184,180,14
184,181,4
184,186,6
184,187,1
184,189,13
184,190,1
184,191,20
184,192,5
184,193,8
184,194,1
184,195,8
184,197,10
184,198,4
184,199,9
184,200,18
184,201,1
184,202,1
184,204,9
184,206,2
184,210,2
184,211,1
184,212,3
184,213,2
184,214,5
184,215,14
184,216,7
184,217,15
184,218,5
184,219,1
184,220,3
184,221,5
184,222,2
184,223,3
184,224,13
184,225,1
184,226,2
184,227,4
184,229,20
184,231,3
184,233,1
184,235,1
184,236,1
184,238,1
184,239,1
184,240,1
184,241,11
184,244,2
184,245,6
184,247,2
184,249,7
184,250,20
184,251,28
184,252,9
184,253,2
184,256,1
184,257,2
184,270,8
184,271,3
184,273,5
184,274,1
184,276,3
184,277,1
184,279,1
184,280,1
184,281,2
184,284,7
184,285,10
184,286,10
184,287,1
184,289,5
184,290,2
184,291,2
184,293,2
184,295,4
184,296,3
184,297,2
184,299,1
184,303,1
184,304,2
184,305,1
184,307,1
184,309,1
184,311,3
184,313,2
184,316,3
184,317,2
184,319,1
184,320,9
184,321,1
184,323,3
184,325,1
184,327,1
184,333,4
184,337,1
184,340,2
184,341,1
184,346,2
184,347,1
184,349,1
184,354,7
184,356,7
184,361,3
184,362,3
184,365,8
184,366,69
184,367,1
184,368,3
184,369,3
184,370,2
184,371,5
184,372,1
184,376,1
184,378,1
185,3,1
185,7,45
185,12,1
185,13,2
185,14,3
185,15,3
185,17,1
185,18,4
185,19,4
185,20,4
185,21,1
185,22,8
185,30,1
185,41,3
185,42,2
185,44,2
185,47,2
185,52,1
185,53,2
185,61,1
185,62,13
185,63,1
185,64,2
185,73,20
185,74,12
185,76,1
185,77,1
185,80,2
185,81,6
185,82,16
185,83,6
185,84,1
185,86,4
185,88,1
185,94,4
185,97,1
185,98,1
185,101,1
185,104,19
185,105,10
185,106,16
185,107,6
185,110,3
185,111,1
185,112,2
185,113,4
185,114,11
185,116,3
185,117,2
185,118,1
185,123,2
185,125,3
185,130,2
185,139,2
185,142,32
185,143,7
185,148,1
185,149,8
185,150,45
185,151,4
185,152,18
185,153,4
185,154,2
185,156,3
185,158,1
185,162,2
185,166,2
185,168,9
185,169,5
185,170,4
185,171,14
185,174,3
185,175,4
185,177,1
185,178,3
185,179,11
185,180,6
185,181,5
185,182,1
185,183,2
185,184,3
185,186,6
185,187,13
185,189,20
185,190,2
185,191,12
185,192,6
185,193,1
185,194,4
185,195,8
185,196,7
185,197,5
185,198,3
185,199,2
185,200,15
185,201,4
185,203,3
185,204,7
185,206,3
185,207,1
185,210,1
185,211,1
185,212,2
185,213,1
185,214,6
185,215,10
185,216,7
185,217,6
185,218,2
185,219,2
185,220,1
185,221,2
185,224,18
185,225,5
185,226,3
185,227,1
185,228,1
185,229,8
185,230,2
185,231,2
185,235,1
185,237,1
185,238,8
185,239,1
185,241,5
185,244,7
185,245,5
185,246,1
185,247,1
185,249,2
185,250,4
185,251,2
185,252,3
185,255,2
185,262,4
185,264,1
185,270,6
185,272,2
185,273,2
185,275,2
185,277,2
185,280,1
185,281,3
185,284,5
185,285,3
185,286,15
185,288,1
185,290,2
185,292,1
185,293,1
185,295,4
185,302,1
185,304,2
185,305,1
185,307,1
185,308,4
185,309,1
185,310,1
185,313,1
185,315,3
185,316,1
185,319,5
185,320,16
185,322,1
185,323,2
185,331,2
185,333,2
185,335,1
185,340,3
185,342,2
185,344,1
185,345,4
185,350,2
185,351,1
185,352,2
185,354,2
185,356,14
185,359,1
185,361,4
185,366,33
185,368,4
185,371,2
185,372,2
185,378,1
186,5,1
186,6,6
186,7,61
186,10,2
186,11,3
186,14,3
186,15,6
186,18,28
186,19,7
186,20,9
186,21,16
186,22,8
186,24,1
186,25,1
186,27,1
186,36,1
186,37,3
186,41,2
186,42,8
186,44,1
186,46,3
186,47,4
186,51,1
186,52,2
186,54,1
186,59,2
186,61,10
186,62,19
186,64,2
186,67,1
186,72,1
186,73,12
186,74,17
186,75,1
186,76,1
186,79,1
186,80,5
186,81,8
186,82,15
186,83,3
186,86,12
186,88,2
186,89,2
186,94,13
186,95,1
186,98,1
186,99,1
186,101,1
186,102,2
186,103,3
186,104,50
186,105,36
186,106,27
186,107,6
186,109,1
186,110,3
186,112,2
186,113,11
186,114,11
186,116,17
186,117,2
186,119,1
186,121,1
186,123,1
186,125,2
186,127,1
186,130,2
186,131,1
186,132,1
186,135,1
186,139,1
186,141,2
186,142,30
186,143,19
186,148,11
186,149,12
186,150,88
186,151,7
186,152,8
186,153,3
186,154,1
186,155,3
186,156,1
186,165,2
186,166,3
186,168,16
186,169,2
186,171,19
186,172,3
186,174,2
186,175,15
186,176,1
186,177,2
186,178,14
186,179,9
186,180,11
186,181,9
186,182,2
186,184,5
186,187,11
186,189,8
186,190,1
186,191,29
186,192,8
186,193,6
186,194,2
186,195,20
186,196,11
186,197,12
186,198,4
186,199,11
186,200,35
186,201,1
186,203,1
186,204,15
186,206,4
186,208,1
186,210,6
186,211,1
186,212,3
186,213,4
186,214,8
186,215,13
186,216,15
186,217,31
186,218,2
186,220,1
186,221,3
186,224,25
186,225,14
186,226,3
186,227,4
186,228,1
186,229,23
186,230,4
186,231,2
186,235,1
186,236,6
186,238,4
186,239,2
186,240,1
186,241,8
186,244,3
186,245,5
186,247,2
186,249,13
186,250,24
186,251,27
186,252,8
186,254,1
186,260,1
186,264,4
186,266,1
186,270,9
186,273,4
186,275,1
186,276,2
186,281,2
186,282,2
186,284,8
186,285,8
186,286,19
186,287,3
186,288,2
186,289,5
186,290,1
186,293,1
186,295,1
186,296,5
186,304,5
186,308,5
186,309,1
186,311,3
186,313,4
186,314,1
186,315,7
186,316,8
186,319,1
186,320,16
186,321,5
186,323,13
186,325,2
186,326,1
186,328,2
186,331,1
186,332,3
186,333,7
186,334,1
186,335,3
186,337,2
186,340,1
186,342,5
186,343,1
186,345,3
186,348,4
186,350,3
186,354,5
186,356,5
186,358,2
186,359,1
186,360,3
186,361,9
186,365,4
186,366,84
186,367,2
186,368,7
186,369,11
186,370,3
186,371,2
186,372,4
186,373,1
186,378,2
187,6,1
187,7,29
187,9,1
187,14,2
187,15,3
187,16,1
187,17,2
187,18,4
187,19,2
187,20,2
187,21,3
187,22,2
187,41,4
187,42,2
187,47,5
187,61,1
187,62,9
187,63,1
187,69,1
187,72,1
187,73,12
187,74,4
187,75,1
187,77,1
187,80,3
187,81,3
187,82,11
187,83,1
187,84,1
187,86,3
187,92,1
187,93,1
187,94,5
187,98,1
187,104,10
187,105,20
187,106,10
187,107,5
187,111,3
187,113,5
187,114,4
187,116,7
187,117,3
187,119,1
187,123,1
187,125,2
187,130,2
187,141,1
187,142,10
187,143,8
187,147,2
187,148,5
187,149,2
187,150,41
187,151,1
187,152,4
187,154,1
187,155,2
187,156,2
187,166,1
187,168,10
187,169,1
187,170,2
187,171,3
187,172,1
187,173,2
187,175,13
187,178,7
187,179,4
187,180,4
187,181,5
187,184,2
187,186,16
187,189,7
187,190,2
187,191,7
187,192,1
187,193,2
187,194,2
187,196,2
187,197,2
187,198,5
187,199,10
187,200,8
187,204,3
187,206,1
187,212,3
187,213,7
187,215,3
187,216,4
187,217,11
187,218,1
187,220,2
187,221,1
187,224,8
187,225,6
187,226,2
187,227,2
187,229,28
187,230,2
187,231,2
187,236,2
187,238,2
187,239,1
187,240,2
187,241,8
187,244,3
187,245,4
187,249,12
187,250,6
187,251,8
187,252,5
187,253,1
187,264,2
187,266,2
187,270,2
187,271,3
187,273,1
187,276,1
187,280,2
187,281,3
187,284,6
187,285,1
187,286,6
187,287,1
187,288,2
187,289,2
187,290,1
187,295,1
187,307,2
187,313,1
187,315,1
187,316,3
187,319,2
187,320,3
187,322,2
187,323,2
187,326,1
187,333,1
187,335,1
187,337,1
187,340,2
187,342,1
187,350,1
187,354,1
187,356,1
187,358,1
187,359,2
187,360,1
187,361,3
187,365,10
187,366,45
187,367,3
187,368,9
187,369,1
187,372,1
187,373,1
187,375,3
187,376,2
188,5,4
188,6,3
188,7,42
188,9,5
188,10,1
188,12,1
188,15,1
188,18,4
188,19,2
188,30,1
188,37,2
188,42,4
188,55,1
188,61,3
188,62,7
188,64,1
188,67,1
188,73,11
188,74,3
188,80,2
188,81,1
188,82,10
188,83,3
188,86,1
188,94,2
188,97,1
188,98,1
188,104,9
188,105,21
188,106,4
188,107,10
188,110,2
188,112,2
188,113,3
188,114,3
188,116,2
188,119,3
188,120,1
188,123,1
188,125,2
188,130,2
188,138,1
188,142,22
188,143,8
188,144,1
188,148,7
188,149,4
188,150,32
188,151,3
188,152,4
188,154,1
188,155,1
188,156,2
188,160,1
188,168,5
188,170,1
188,171,5
188,174,3
188,175,5
188,178,1
188,179,1
188,183,2
188,186,9
188,187,1
188,189,8
188,190,1
188,191,10
188,195,2
188,196,4
188,198,1
188,199,4
188,200,9
188,204,8
188,206,6
188,213,4
188,215,6
188,216,9
188,217,1
188,218,3
188,219,1
188,220,4
188,224,3
188,225,4
188,227,3
188,229,12
188,230,1
188,231,1
188,238,2
188,241,2
188,245,1
188,247,1
188,249,5
188,250,5
188,251,6
188,252,3
188,255,1
188,262,1
188,264,2
188,266,1
188,270,2
188,271,1
188,273,3
188,274,1
188,276,1
188,282,1
188,284,3
188,286,10
188,287,1
188,288,1
188,289,3
188,291,3
188,300,1
188,301,1
188,304,2
188,307,2
188,308,1
188,310,1
188,311,1
188,315,2
188,316,1
188,319,1
188,320,4
188,321,2
188,333,1
188,335,1
188,342,3
188,345,1
188,352,1
188,356,3
188,366,40
188,367,1
188,368,4
188,369,4
188,371,1
188,372,1
188,375,1
189,5,1
189,6,3
189,7,70
189,9,2
189,10,5
189,11,2
189,14,1
189,15,8
189,18,22
189,19,19
189,20,9
189,21,11
189,22,6
189,26,2
189,31,1
189,32,1
189,39,1
189,41,9
189,42,8
189,43,1
189,44,1
189,46,2
189,47,6
189,49,2
189,52,1
189,53,2
189,56,2
189,57,2
189,61,9
189,62,17
189,64,1
189,68,1
189,73,21
189,74,21
189,75,3
189,78,1
189,80,2
189,81,2
189,82,30
189,83,7
189,84,2
189,86,16
189,94,8
189,98,1
189,103,1
189,104,26
189,105,42
189,106,18
189,107,20
189,108,1
189,110,3
189,113,16
189,114,10
189,116,16
189,117,3
189,121,1
189,123,9
189,127,1
189,129,1
189,130,4
189,131,1
189,132,1
189,133,1
189,135,1
189,142,29
189,143,17
189,144,4
189,147,2
189,148,5
189,149,6
189,150,87
189,151,8
189,152,25
189,153,2
189,154,4
189,159,1
189,162,2
189,166,2
189,168,15
189,170,1
189,171,11
189,173,1
189,174,3
189,175,18
189,178,11
189,179,6
189,180,11
189,181,3
189,183,1
189,184,3
189,186,11
189,187,7
189,188,3
189,190,5
189,191,24
189,192,2
189,193,7
189,194,5
189,195,12
189,196,6
189,197,23
189,198,12
189,199,12
189,200,32
189,201,4
189,203,1
189,204,4
189,206,3
189,210,1
189,211,1
189,212,3
189,213,10
189,214,2
189,215,10
189,216,10
189,217,14
189,220,1
189,221,2
189,222,1
189,224,30
189,225,11
189,226,2
189,227,5
189,228,5
189,229,49
189,230,1
189,231,5
189,233,1
189,236,12
189,237,4
189,238,6
189,240,3
189,241,9
189,244,14
189,245,12
189,247,2
189,249,18
189,250,27
189,251,32
189,252,12
189,253,2
189,255,1
189,258,1
189,260,2
189,262,3
189,264,1
189,265,2
189,266,1
189,267,1
189,270,16
189,271,7
189,273,5
189,276,2
189,284,24
189,285,11
189,286,15
189,287,1
189,289,7
189,290,3
189,291,2
189,294,1
189,295,1
189,296,3
189,299,2
189,302,1
189,304,6
189,306,1
189,308,3
189,311,5
189,315,2
189,316,6
189,319,2
189,320,4
189,321,2
189,323,19
189,324,1
189,325,7
189,328,8
189,333,6
189,334,2
189,335,5
189,336,2
189,337,6
189,340,8
189,341,1
189,342,1
189,343,6
189,345,5
189,347,1
189,348,1
189,350,2
189,354,8
189,356,8
189,358,3
189,359,1
189,360,1
189,361,9
189,365,9
189,366,107
189,367,4
189,368,7
189,369,17
189,371,6
189,372,4
189,373,3
189,375,1
189,378,2
190,4,2
190,6,1
190,7,39
190,10,3
190,14,2
190,15,2
190,18,12
190,19,19
190,20,2
190,21,7
190,22,2
190,24,1
190,37,2
190,40,2
190,41,2
190,42,3
190,47,1
190,53,1
190,58,1
190,61,4
190,62,16
190,64,3
190,67,1
190,71,1
190,73,16
190,74,13
190,79,4
190,81,8
190,82,20
190,83,5
190,84,1
190,86,3
190,87,1
190,94,7
190,98,2
190,102,1
190,103,1
190,104,17
190,105,24
190,106,10
190,107,7
190,110,2
190,111,2
190,112,3
190,113,2
190,114,11
190,116,6
190,117,3
190,118,1
190,120,1
190,123,6
190,125,1
190,128,1
190,129,1
190,130,3
190,133,1
190,140,1
190,142,18
190,143,16
190,146,1
190,147,1
190,148,2
190,149,3
190,150,62
190,151,6
190,152,14
190,154,5
190,155,2
190,156,2
190,159,1
190,160,1
190,166,2
190,168,6
190,170,6
190,171,8
190,173,3
190,174,2
190,175,11
190,177,1
190,178,3
190,179,10
190,180,5
190,181,5
190,183,1
190,184,4
190,186,10
190,187,3
190,189,10
190,191,9
190,192,5
190,193,2
190,194,4
190,195,8
190,196,6
190,197,5
190,198,7
190,199,3
190,200,11
190,201,1
190,203,1
190,204,6
190,206,2
190,212,2
190,213,2
190,214,3
190,215,1
190,216,9
190,217,5
190,218,5
190,220,3
190,221,4
190,222,1
190,223,1
190,224,29
190,225,6
190,226,3
190,227,4
190,228,4
190,229,31
190,230,7
190,231,6
190,238,9
190,239,1
190,241,8
190,244,9
190,245,9
190,247,1
190,249,9
190,250,13
190,251,18
190,252,8
190,254,1
190,260,1
190,264,1
190,266,5
190,267,1
190,270,9
190,271,5
190,273,9
190,281,4
190,284,9
190,285,7
190,286,11
190,287,1
190,288,1
190,289,1
190,291,1
190,297,1
190,302,2
190,304,10
190,308,1
190,311,1
190,313,1
190,314,1
190,315,3
190,316,2
190,317,5
190,319,1
190,320,5
190,323,5
190,325,1
190,328,3
190,333,1
190,335,2
190,337,1
190,340,3
190,341,1
190,342,2
190,345,1
190,350,2
190,352,2
190,354,10
190,355,1
190,356,6
190,359,2
190,361,6
190,362,2
190,366,72
190,367,3
190,368,6
190,369,4
190,371,4
190,372,3
190,375,2
190,376,1
190,378,2
191,6,8
191,7,139
191,10,7
191,11,1
191,12,2
191,14,5
191,15,4
191,16,1
191,17,1
191,18,13
191,19,17
191,20,11
191,21,7
191,22,9
191,24,2
191,25,2
191,30,1
191,31,1
191,34,1
191,36,1
191,37,3
191,40,3
191,41,5
191,42,7
191,43,2
191,44,4
191,46,3
191,47,5
191,50,1
191,53,2
191,56,1
191,57,2
191,61,14
191,62,34
191,63,1
191,64,6
191,65,1
191,73,38
191,74,23
191,75,3
191,76,2
191,77,3
191,78,1
191,79,2
191,80,3
191,81,7
191,82,57
191,83,6
191,86,7
191,87,1
191,90,3
191,94,3
191,95,2
191,97,3
191,98,5
191,100,3
191,104,54
191,105,44
191,106,28
191,107,8
191,109,2
191,110,3
191,112,4
191,113,19
191,114,16
191,115,1
191,116,9
191,117,2
191,118,1
191,119,1
191,120,2
191,123,9
191,125,2
191,128,3
191,129,1
191,130,14
191,132,1
191,135,1
191,136,1
191,139,5
191,142,58
191,143,20
191,144,2
191,148,15
191,149,14
191,150,106
191,151,1
191,152,24
191,153,1
191,154,8
191,156,2
191,158,1
191,162,7
191,165,8
191,166,6
191,168,22
191,169,4
191,170,4
191,171,29
191,172,1
191,173,1
191,174,3
191,175,15
191,177,1
191,178,20
191,179,18
191,180,12
191,181,6
191,182,1
191,183,4
191,186,30
191,187,9
191,188,1
191,189,48
191,190,6
191,192,1
191,193,3
191,194,2
191,195,9
191,196,15
191,197,16
191,198,9
191,199,6
191,200,24
191,201,3
191,204,18
191,206,8
191,207,4
191,211,2
191,212,4
191,213,9
191,214,6
191,215,12
191,216,5
191,217,32
191,218,7
191,219,1
191,220,5
191,221,7
191,222,1
191,223,4
191,224,28
191,225,16
191,226,1
191,227,5
191,228,5
191,229,49
191,230,4
191,231,3
191,232,1
191,234,1
191,236,4
191,238,5
191,239,6
191,241,24
191,244,7
191,245,10
191,247,4
191,249,9
191,250,27
191,251,32
191,252,21
191,254,2
191,259,1
191,262,7
191,263,2
191,264,1
191,265,3
191,266,1
191,270,26
191,273,13
191,274,2
191,275,1
191,277,5
191,279,1
191,281,2
191,284,14
191,285,10
191,286,18
191,287,4
191,289,10
191,291,3
191,295,3
191,296,2
191,300,1
191,302,2
191,304,2
191,305,1
191,307,2
191,308,3
191,310,3
191,311,2
191,313,4
191,315,9
191,316,5
191,317,1
191,319,2
191,320,16
191,322,1
191,323,11
191,325,2
191,328,3
191,329,2
191,332,3
191,333,8
191,334,1
191,335,2
191,336,2
191,340,4
191,341,1
191,342,2
191,343,1
191,344,1
191,345,3
191,346,2
191,350,4
191,352,2
191,354,10
191,355,1
191,356,41
191,358,2
191,359,1
191,361,4
191,362,2
191,365,8
191,366,146
191,367,3
191,368,19
191,369,9
191,371,12
191,376,1
191,377,1
191,378,3
192,3,1
192,7,37
192,9,4
192,10,6
192,11,2
192,12,1
192,13,1
192,14,3
192,15,1
192,18,9
192,19,7
192,20,10
192,21,10
192,22,6
192,30,1
192,31,1
192,39,1
192,40,2
192,41,5
192,42,6
192,44,1
192,46,1
192,47,6
192,56,1
192,57,1
192,59,2
192,60,1
192,61,6
192,62,12
192,63,1
192,64,1
192,69,1
192,71,2
192,73,20
192,74,10
192,75,2
192,77,3
192,80,2
192,81,4
192,82,22
192,83,4
192,86,4
192,90,2
192,94,11
192,97,1
192,104,15
192,105,16
192,106,30
192,107,6
192,110,1
192,113,3
192,114,12
192,115,2
192,116,16
192,117,1
192,123,5
192,128,1
192,130,2
192,132,1
192,135,1
192,139,1
192,141,1
192,142,24
192,143,11
192,144,1
192,148,2
192,149,8
192,150,73
192,151,6
192,152,14
192,153,1
192,154,5
192,156,1
192,159,1
192,168,9
192,169,1
192,170,1
192,171,13
192,173,1
192,174,1
192,175,15
192,178,4
192,179,7
192,180,8
192,181,4
192,186,3
192,187,6
192,189,11
192,190,5
192,191,10
192,193,6
192,194,5
192,195,11
192,196,4
192,197,14
192,198,5
192,199,5
192,200,13
192,202,1
192,204,7
192,205,1
192,206,6
192,209,1
192,210,4
192,211,1
192,212,5
192,213,7
192,214,4
192,215,8
192,216,15
192,217,13
192,220,2
192,222,1
192,223,1
192,224,19
192,225,8
192,227,3
192,228,4
192,229,34
192,230,3
192,231,5
192,236,14
192,238,5
192,239,1
192,241,7
192,244,5
192,245,20
192,247,4
192,249,10
192,250,27
192,251,15
192,252,2
192,253,4
192,264,3
192,266,1
192,270,7
192,271,1
192,273,8
192,275,1
192,276,1
192,281,1
192,284,6
192,285,1
192,286,12
192,287,1
192,288,2
192,289,6
192,291,5
192,293,2
192,295,2
192,304,3
192,307,1
192,308,2
192,309,1
192,310,2
192,311,5
192,316,4
192,317,3
192,319,1
192,320,6
192,323,14
192,324,1
192,326,1
192,328,5
192,331,1
192,332,1
192,333,6
192,335,5
192,337,2
192,338,1
192,340,5
192,342,1
192,345,5
192,347,2
192,352,1
192,354,1
192,356,4
192,359,2
192,360,7
192,361,3
192,365,1
192,366,69
192,367,4
192,368,4
192,369,14
192,371,2
192,372,4
192,374,1
193,1,1
193,5,2
193,6,3
193,7,25
193,8,1
193,10,5
193,11,2
193,12,4
193,15,3
193,16,1
193,17,3
193,18,21
193,19,8
193,21,5
193,22,2
193,26,2
193,27,1
193,40,3
193,41,6
193,42,6
193,46,1
193,54,1
193,57,1
193,61,6
193,62,16
193,63,2
193,64,4
193,66,1
193,72,1
193,73,16
193,74,6
193,77,1
193,78,1
193,79,1
193,80,4
193,81,14
193,82,19
193,83,1
193,86,5
193,90,3
193,94,7
193,95,2
193,98,2
193,100,1
193,104,30
193,105,9
193,106,17
193,107,6
193,109,3
193,110,2
193,113,3
193,114,14
193,116,15
193,117,1
193,123,7
193,125,5
193,126,2
193,128,1
193,129,1
193,130,2
193,132,1
193,139,1
193,142,29
193,143,10
193,144,2
193,147,1
193,148,5
193,149,12
193,150,56
193,152,18
193,154,6
193,155,2
193,156,1
193,166,3
193,168,19
193,169,6
193,170,4
193,171,15
193,174,5
193,175,9
193,178,8
193,179,11
193,180,20
193,183,2
193,184,3
193,185,1
193,186,7
193,188,4
193,189,9
193,190,8
193,191,7
193,192,5
193,194,7
193,195,6
193,196,9
193,197,14
193,198,9
193,199,6
193,200,14
193,203,1
193,204,13
193,205,1
193,206,5
193,207,2
193,208,1
193,210,3
193,211,1
193,212,6
193,213,9
193,214,11
193,215,5
193,216,8
193,217,12
193,218,2
193,221,4
193,222,2
193,224,20
193,225,6
193,226,1
193,227,9
193,228,2
193,229,20
193,230,4
193,231,4
193,236,3
193,238,3
193,239,3
193,240,1
193,241,5
193,244,8
193,245,12
193,249,12
193,250,18
193,251,11
193,252,5
193,253,2
193,255,2
193,256,1
193,259,1
193,260,2
193,262,2
193,264,5
193,266,2
193,270,12
193,271,1
193,272,1
193,273,3
193,275,1
193,276,1
193,281,7
193,284,10
193,285,7
193,286,10
193,287,4
193,288,2
193,289,3
193,290,1
193,291,3
193,295,2
193,299,1
193,301,1
193,302,5
193,303,2
193,304,3
193,305,1
193,307,1
193,308,9
193,311,4
193,312,3
193,313,3
193,315,2
193,316,5
193,319,6
193,320,6
193,321,2
193,323,7
193,325,5
193,327,1
193,328,6
193,332,1
193,333,6
193,335,2
193,339,1
193,340,2
193,341,1
193,342,5
193,343,4
193,345,4
193,348,1
193,351,1
193,354,1
193,355,2
193,356,4
193,359,1
193,360,4
193,361,2
193,362,2
193,363,1
193,365,6
193,366,68
193,367,2
193,368,10
193,369,8
193,371,9
194,6,4
194,7,10
194,10,3
194,15,3
194,18,1
194,19,5
194,20,1
194,21,6
194,22,2
194,26,2
194,34,1
194,40,1
194,41,1
194,42,1
194,43,1
194,47,3
194,59,1
194,60,1
194,62,8
194,64,1
194,72,1
194,73,12
194,74,3
194,75,1
194,81,2
194,82,13
194,83,4
194,86,3
194,87,1
194,94,5
194,100,1
194,104,9
194,105,5
194,106,4
194,107,5
194,110,1
194,112,3
194,113,1
194,114,12
194,116,2
194,117,1
194,118,1
194,121,1
194,122,1
194,123,4
194,133,1
194,134,1
194,135,1
194,140,1
194,142,2
194,143,2
194,148,3
194,149,11
194,150,21
194,151,6
194,152,1
194,154,2
194,166,1
194,168,13
194,169,1
194,170,2
194,171,11
194,173,2
194,174,1
194,175,3
194,178,1
194,179,4
194,180,3
194,181,5
194,182,1
194,184,1
194,187,1
194,189,5
194,190,3
194,191,7
194,193,1
194,195,1
194,196,5
194,197,3
194,198,6
194,200,21
194,202,2
194,203,1
194,204,3
194,206,2
194,210,1
194,211,3
194,212,2
194,213,4
194,214,1
194,215,5
194,216,8
194,217,11
194,218,3
194,221,1
194,224,6
194,225,2
194,226,1
194,227,3
194,228,1
194,229,5
194,230,4
194,231,2
194,232,1
194,236,3
194,238,1
194,241,7
194,244,1
194,245,6
194,246,1
194,247,1
194,249,3
194,250,2
194,251,16
194,252,3
194,255,1
194,262,7
194,264,3
194,268,1
194,269,1
194,270,3
194,271,3
194,273,6
194,274,1
194,275,1
194,276,1
194,280,2
194,281,2
194,284,2
194,285,3
194,286,11
194,287,7
194,289,2
194,291,1
194,311,1
194,315,1
194,316,2
194,319,3
194,320,3
194,322,1
194,323,6
194,325,2
194,328,1
194,332,1
194,333,4
194,335,1
194,336,1
194,337,1
194,340,1
194,345,4
194,346,1
194,352,1
194,354,4
194,356,3
194,358,1
194,359,1
194,365,6
194,366,27
194,367,1
194,368,6
194,369,3
194,371,1
194,378,2
195,1,1
195,6,5
195,7,41
195,10,3
195,11,3
195,13,1
195,14,2
195,15,10
195,16,1
195,18,11
195,19,11
195,20,5
195,21,6
195,22,8
195,28,1
195,29,1
195,32,1
195,37,5
195,39,1
195,40,2
195,41,4
195,42,7
195,43,1
195,44,2
195,46,2
195,51,1
195,61,5
195,62,23
195,63,3
195,64,1
195,66,1
195,67,2
195,69,1
195,71,1
195,72,3
195,73,23
195,74,21
195,75,1
195,77,1
195,78,2
195,79,1
195,80,5
195,81,5
195,82,25
195,83,9
195,85,1
195,86,10
195,93,1
195,94,8
195,95,3
195,96,1
195,98,1
195,100,1
195,102,1
195,104,49
195,105,23
195,106,17
195,107,15
195,109,1
195,110,5
195,112,6
195,113,9
195,114,12
195,116,17
195,117,3
195,119,1
195,123,1
195,126,1
195,128,1
195,129,3
195,130,3
195,133,1
195,135,1
195,139,3
195,140,1
195,142,21
195,143,4
195,148,5
195,149,15
195,150,54
195,151,2
195,152,20
195,153,2
195,154,5
195,155,1
195,156,1
195,162,1
195,166,1
195,168,25
195,169,7
195,170,2
195,171,25
195,173,4
195,174,6
195,175,18
195,177,1
195,178,15
195,179,13
195,180,8
195,181,8
195,183,1
195,184,7
195,185,2
195,186,6
195,187,1
195,188,1
195,189,20
195,190,9
195,191,6
195,193,5
195,194,12
195,196,18
195,197,16
195,198,9
195,199,9
195,200,25
195,201,5
195,203,2
195,204,9
195,205,2
195,206,9
195,207,1
195,210,4
195,211,6
195,212,1
195,213,6
195,214,12
195,215,10
195,216,14
195,217,22
195,220,4
195,221,6
195,223,1
195,224,25
195,225,4
195,226,5
195,227,11
195,228,2
195,229,30
195,230,15
195,231,6
195,236,3
195,238,3
195,239,2
195,240,1
195,241,11
195,244,14
195,245,11
195,246,1
195,247,2
195,249,8
195,250,21
195,251,22
195,252,10
195,253,2
195,255,1
195,256,1
195,260,3
195,262,8
195,264,2
195,266,3
195,270,3
195,271,2
195,273,5
195,274,1
195,276,4
195,277,6
195,281,4
195,284,10
195,285,7
195,286,16
195,287,4
195,289,2
195,291,3
195,295,1
195,296,2
195,299,1
195,302,1
195,304,1
195,309,1
195,310,5
195,312,1
195,313,2
195,314,1
195,315,3
195,316,2
195,317,1
195,319,4
195,320,10
195,321,1
195,322,1
195,323,13
195,325,4
195,327,1
195,328,1
195,331,1
195,332,1
195,333,7
195,334,1
195,335,4
195,336,1
195,337,6
195,339,1
195,340,4
195,342,5
195,343,3
195,344,1
195,345,5
195,351,3
195,352,2
195,353,1
195,354,7
195,355,1
195,356,9
195,357,1
195,358,1
195,359,1
195,360,2
195,361,4
195,362,5
195,365,13
195,366,81
195,367,7
195,368,10
195,369,13
195,371,8
195,372,2
195,375,2
195,376,1
195,377,1
196,6,5
196,7,27
196,15,3
196,16,1
196,18,2
196,19,10
196,20,6
196,21,5
196,22,2
196,31,1
196,40,1
196,41,2
196,42,5
196,44,1
196,46,1
196,49,2
196,53,1
196,61,6
196,62,7
196,63,1
196,64,3
196,67,1
196,73,20
196,74,3
196,77,1
196,78,1
196,79,2
196,80,1
196,81,2
196,82,22
196,83,5
196,86,6
196,87,1
196,90,1
196,94,4
196,104,15
196,105,8
196,106,3
196,107,6
196,112,2
196,113,3
196,114,14
196,116,5
196,117,4
196,118,2
196,119,2
196,123,9
196,125,2
196,128,1
196,130,3
196,132,1
196,135,1
196,139,2
196,142,12
196,143,4
196,148,6
196,149,9
196,150,34
196,151,6
196,152,16
196,153,3
196,154,7
196,156,5
196,162,1
196,165,2
196,166,3
196,168,3
196,170,4
196,171,11
196,173,1
196,174,1
196,175,6
196,176,1
196,178,4
196,179,6
196,180,11
196,181,8
196,182,3
196,183,6
196,184,2
196,186,3
196,187,3
196,189,5
196,190,4
196,191,3
196,192,3
196,194,4
196,195,9
196,197,11
196,198,5
196,199,9
196,200,20
196,203,1
196,204,14
196,205,2
196,206,8
196,208,1
196,209,1
196,210,1
196,211,1
196,212,2
196,213,15
196,214,3
196,215,2
196,216,4
196,217,7
196,218,8
196,219,1
196,221,2
196,224,19
196,225,4
196,226,1
196,227,1
196,228,1
196,229,10
196,231,7
196,232,1
196,235,1
196,236,9
196,237,1
196,238,10
196,241,1
196,244,5
196,245,2
196,247,1
196,249,9
196,250,27
196,251,10
196,252,12
196,262,3
196,264,3
196,266,1
196,270,5
196,272,1
196,276,5
196,284,7
196,285,6
196,286,11
196,288,1
196,289,4
196,290,1
196,295,4
196,296,2
196,304,1
196,307,1
196,308,6
196,311,2
196,313,1
196,315,2
196,316,1
196,317,2
196,319,2
196,320,3
196,323,5
196,328,1
196,329,1
196,333,2
196,334,1
196,335,2
196,337,2
196,339,1
196,340,3
196,342,1
196,345,1
196,347,1
196,349,1
196,350,1
196,351,2
196,353,1
196,354,4
196,355,1
196,356,9
196,358,1
196,359,1
196,360,1
196,361,1
196,362,1
196,365,1
196,366,48
196,368,7
196,369,6
196,370,1
196,371,3
196,372,5
196,375,1
196,378,1
197,3,1
197,6,4
197,7,21
197,9,1
197,10,7
197,11,1
197,12,1
197,15,5
197,17,1
197,18,3
197,19,9
197,20,3
197,21,1
197,22,3
197,24,1
197,29,1
197,31,1
197,37,2
197,39,1
197,40,3
197,42,2
197,44,1
197,46,1
197,47,4
197,54,1
197,61,6
197,62,12
197,63,1
197,64,2
197,65,1
197,72,3
197,73,17
197,74,12
197,76,1
197,77,1
197,80,6
197,81,12
197,82,22
197,83,13
197,84,1
197,86,7
197,90,2
197,94,3
197,95,1
197,97,2
197,98,1
197,102,2
197,103,2
197,104,28
197,105,18
197,106,8
197,107,20
197,108,1
197,110,1
197,112,1
197,113,12
197,114,20
197,116,16
197,117,4
197,119,4
197,123,4
197,125,1
197,130,1
197,131,1
197,132,1
197,135,2
197,142,21
197,143,15
197,144,1
197,148,2
197,149,13
197,150,60
197,151,5
197,152,10
197,153,4
197,154,6
197,155,2
197,156,3
197,159,1
197,162,4
197,165,2
197,168,17
197,169,10
197,170,2
197,171,24
197,173,4
197,174,7
197,175,21
197,177,3
197,178,7
197,179,7
197,180,6
197,181,5
197,184,4
197,186,6
197,187,2
197,189,11
197,190,4
197,191,3
197,192,2
197,193,3
197,194,1
197,195,7
197,196,7
197,198,19
197,199,6
197,200,34
197,204,15
197,205,2
197,206,2
197,210,1
197,211,1
197,212,5
197,213,9
197,214,7
197,215,13
197,216,15
197,217,10
197,218,5
197,221,3
197,222,2
197,224,18
197,225,9
197,226,4
197,227,7
197,228,1
197,229,41
197,230,6
197,231,3
197,235,1
197,236,1
197,237,2
197,238,5
197,239,1
197,241,7
197,242,1
197,244,1
197,245,7
197,249,11
197,250,12
197,251,8
197,252,7
197,253,3
197,255,1
197,256,3
197,258,1
197,259,1
197,260,2
197,262,3
197,264,4
197,266,1
197,270,7
197,271,1
197,273,4
197,275,1
197,276,1
197,278,1
197,280,3
197,281,3
197,283,1
197,284,6
197,285,5
197,286,17
197,287,1
197,289,4
197,291,1
197,296,1
197,304,3
197,305,1
197,307,2
197,310,4
197,315,3
197,316,2
197,319,1
197,320,14
197,322,1
197,323,3
197,324,1
197,328,1
197,331,2
197,332,1
197,333,5
197,334,1
197,335,3
197,336,1
197,337,2
197,342,3
197,344,1
197,345,3
197,349,1
197,350,1
197,351,2
197,352,1
197,353,1
197,354,7
197,356,11
197,359,2
197,361,5
197,362,2
197,365,3
197,366,42
197,367,1
197,368,12
197,369,5
197,371,3
197,376,1
197,378,4
198,5,1
198,6,7
198,7,47
198,8,1
198,11,2
198,12,3
198,15,3
198,17,1
198,18,14
198,19,8
198,20,3
198,21,8
198,22,5
198,23,2
198,24,2
198,29,1
198,30,1
198,37,1
198,39,1
198,40,2
198,41,1
198,42,9
198,44,2
198,45,1
198,46,5
198,47,4
198,52,1
198,54,1
198,55,1
198,56,1
198,57,1
198,61,7
198,62,17
198,64,2
198,72,1
198,73,28
198,74,7
198,75,1
198,77,1
198,79,1
198,80,4
198,81,9
198,82,17
198,83,4
198,85,3
198,86,8
198,87,1
198,88,1
198,94,4
198,95,1
198,97,3
198,98,2
198,100,1
198,103,1
198,104,22
198,105,25
198,106,8
198,107,19
198,110,1
198,113,2
198,114,23
198,116,41
198,117,3
198,123,4
198,125,1
198,128,3
198,130,3
198,135,3
198,139,2
198,142,21
198,143,10
198,144,3
198,145,1
198,148,12
198,149,19
198,150,125
198,151,11
198,152,46
198,153,6
198,154,7
198,156,3
198,161,1
198,166,1
198,168,15
198,169,2
198,170,4
198,171,20
198,172,2
198,174,7
198,175,51
198,176,1
198,177,7
198,178,34
198,179,4
198,180,31
198,181,13
198,184,4
198,185,1
198,186,3
198,189,6
198,191,11
198,193,3
198,195,11
198,196,1
198,197,32
198,199,21
198,200,50
198,201,4
198,203,2
198,204,5
198,206,10
198,208,1
198,210,1
198,211,6
198,212,3
198,213,27
198,214,16
198,215,12
198,216,18
198,217,17
198,218,3
198,220,3
198,221,2
198,222,1
198,224,53
198,225,17
198,226,7
198,227,2
198,228,3
198,229,70
198,230,5
198,231,5
198,232,1
198,233,1
198,236,7
198,237,4
198,238,3
198,239,1
198,241,9
198,244,6
198,245,10
198,247,5
198,249,12
198,250,26
198,251,29
198,252,16
198,253,5
198,254,4
198,255,3
198,256,1
198,259,1
198,260,2
198,262,4
198,264,4
198,265,1
198,266,5
198,267,1
198,270,6
198,273,8
198,275,1
198,276,1
198,278,1
198,281,2
198,283,1
198,284,12
198,285,14
198,286,15
198,287,1
198,289,9
198,291,5
198,296,1
198,299,1
198,303,1
198,304,6
198,311,1
198,313,1
198,315,3
198,316,7
198,317,2
198,319,3
198,320,2
198,323,5
198,324,1
198,325,4
198,328,1
198,330,1
198,331,2
198,332,2
198,333,8
198,335,3
198,337,3
198,340,5
198,342,2
198,343,1
198,345,3
198,346,1
198,347,1
198,350,1
198,351,1
198,352,2
198,354,6
198,356,12
198,360,1
198,361,4
198,362,1
198,365,1
198,366,87
198,367,8
198,368,4
198,369,20
198,371,4
198,372,1
198,375,3
198,376,1
198,378,2
199,7,30
199,8,1
199,10,2
199,12,2
199,13,1
199,15,1
199,18,3
199,19,3
199,20,7
199,21,5
199,22,2
199,37,1
199,41,4
199,42,4
199,46,2
199,51,1
199,61,5
199,62,10
199,71,1
199,73,2
199,74,9
199,80,1
199,81,3
199,82,13
199,83,2
199,86,8
199,88,1
199,94,1
199,97,1
199,103,1
199,104,11
199,105,9
199,106,16
199,107,4
199,110,1
199,112,1
199,113,7
199,114,15
199,116,12
199,117,3
199,119,1
199,123,8
199,128,2
199,129,3
199,130,2
199,142,10
199,143,4
199,144,2
199,148,4
199,149,4
199,150,123
199,151,6
199,152,28
199,154,3
199,156,1
199,162,2
199,165,2
199,168,3
199,171,8
199,173,1
199,174,5
199,175,33
199,177,2
199,178,23
199,179,9
199,180,18
199,181,7
199,183,1
199,184,2
199,186,1
199,189,5
199,191,11
199,192,1
199,194,1
199,195,1
199,197,9
199,198,13
199,200,39
199,201,5
199,206,2
199,209,5
199,211,2
199,213,7
199,214,7
199,215,1
199,216,10
199,217,10
199,218,1
199,220,1
199,224,38
199,225,1
199,227,1
199,229,56
199,231,2
199,235,1
199,236,3
199,237,1
199,238,1
199,239,4
199,241,6
199,247,2
199,249,7
199,250,11
199,251,16
199,252,3
199,253,1
199,254,1
199,255,3
199,259,1
199,264,2
199,265,1
199,266,3
199,270,4
199,273,5
199,276,3
199,278,1
199,280,1
199,284,7
199,286,12
199,288,1
199,289,5
199,293,2
199,295,2
199,300,1
199,301,1
199,304,5
199,308,2
199,313,1
199,314,1
199,315,1
199,316,1
199,320,8
199,323,2
199,325,1
199,330,1
199,333,3
199,340,2
199,343,1
199,345,1
199,348,1
199,350,6
199,354,10
199,356,10
199,361,6
199,362,2
199,365,1
199,366,53
199,367,2
199,368,7
199,369,4
199,371,1
199,378,1
200,6,5
200,7,46
200,14,1
200,15,8
200,18,1
200,19,5
200,20,8
200,22,4
200,23,2
200,24,1
200,27,1
200,40,1
200,42,2
200,43,4
200,44,3
200,46,1
200,47,2
200,49,1
200,53,2
200,57,1
200,61,5
200,62,7
200,63,1
200,64,5
200,67,1
200,71,1
200,73,12
200,74,10
200,79,2
200,80,1
200,81,8
200,82,24
200,83,7
200,86,11
200,90,2
200,94,4
200,95,1
200,98,2
200,101,1
200,102,1
200,103,1
200,104,24
200,105,27
200,106,17
200,107,15
200,113,9
200,114,11
200,116,21
200,118,1
200,121,3
200,123,5
200,128,1
200,139,2
200,140,1
200,142,16
200,143,10
200,147,2
200,148,6
200,149,4
200,150,127
200,151,4
200,152,41
200,153,1
200,154,8
200,155,4
200,156,6
200,162,2
200,166,1
200,168,11
200,169,2
200,170,1
200,171,13
200,173,5
200,174,5
200,175,40
200,177,2
200,178,30
200,179,7
200,180,20
200,181,6
200,183,2
200,184,1
200,186,1
200,187,3
200,189,5
200,191,12
200,192,3
200,193,3
200,195,8
200,196,5
200,197,11
200,198,23
200,199,22
200,201,5
200,203,7
200,206,12
200,208,1
200,209,2
200,212,4
200,213,17
200,214,5
200,215,13
200,216,20
200,217,13
200,218,2
200,220,2
200,221,1
200,224,58
200,225,18
200,226,1
200,227,3
200,228,3
200,229,87
200,230,6
200,231,1
200,236,1
200,238,7
200,239,2
200,241,8
200,244,4
200,245,3
200,247,4
200,249,9
200,250,29
200,251,24
200,252,7
200,253,3
200,255,2
200,264,3
200,265,1
200,266,2
200,270,6
200,271,1
200,273,12
200,274,1
200,276,2
200,277,1
200,284,7
200,285,4
200,286,11
200,287,2
200,289,7
200,290,2
200,291,1
200,293,4
200,296,3
200,304,3
200,307,3
200,310,1
200,311,1
200,313,4
200,315,5
200,316,2
200,319,2
200,320,12
200,323,4
200,324,2
200,325,2
200,328,3
200,329,1
200,330,1
200,333,5
200,335,1
200,337,1
200,340,2
200,342,1
200,343,2
200,345,1
200,346,1
200,347,1
200,348,1
200,350,6
200,351,2
200,354,8
200,356,16
200,357,1
200,358,1
200,359,1
200,360,1
200,361,5
200,362,1
200,365,1
200,366,81
200,367,8
200,368,1
200,369,3
200,371,1
200,376,1
200,378,4
201,6,2
201,7,34
201,14,1
201,17,1
201,18,5
201,19,9
201,20,1
201,21,1
201,25,1
201,28,1
201,31,1
201,40,1
201,41,3
201,42,2
201,46,5
201,47,3
201,60,1
201,61,9
201,62,18
201,63,4
201,73,6
201,74,10
201,76,2
201,79,3
201,81,1
201,82,14
201,83,2
201,86,2
201,94,5
201,95,1
201,98,1
201,102,1
201,103,1
201,104,6
201,105,14
201,106,10
201,107,11
201,111,1
201,112,2
201,114,9
201,116,16
201,123,5
201,128,1
201,140,1
201,142,4
201,143,8
201,144,1
201,147,1
201,148,2
201,149,4
201,150,90
201,151,3
201,152,29
201,153,2
201,156,5
201,162,1
201,165,1
201,168,1
201,169,2
201,170,2
201,171,7
201,173,2
201,174,5
201,175,24
201,177,2
201,178,14
201,179,1
201,180,14
201,181,2
201,187,1
201,189,3
201,191,9
201,195,1
201,196,1
201,197,2
201,198,6
201,199,13
201,200,17
201,204,4
201,206,3
201,210,1
201,211,1
201,212,2
201,213,11
201,214,5
201,215,1
201,216,10
201,217,3
201,220,5
201,221,3
201,222,1
201,224,29
201,225,10
201,227,1
201,228,3
201,229,36
201,230,2
201,231,4
201,236,3
201,239,2
201,241,6
201,249,3
201,250,9
201,251,21
201,252,3
201,254,1
201,260,3
201,262,1
201,263,3
201,264,3
201,265,1
201,270,3
201,271,1
201,273,1
201,276,6
201,278,1
201,280,1
201,281,1
201,284,13
201,285,3
201,286,6
201,289,2
201,290,1
201,291,1
201,296,1
201,300,3
201,302,1
201,304,6
201,305,1
201,308,1
201,309,1
201,311,1
201,315,1
201,317,1
201,320,4
201,322,2
201,323,5
201,325,4
201,330,2
201,331,1
201,333,2
201,336,1
201,337,4
201,339,1
201,342,2
201,343,3
201,344,1
201,350,1
201,351,2
201,354,2
201,356,4
201,359,1
201,360,1
201,361,1
201,366,44
201,369,3
201,371,2
201,378,1
202,2,1
202,6,1
202,7,23
202,9,2
202,13,2
202,14,4
202,15,4
202,16,1
202,17,1
202,19,4
202,20,3
202,21,1
202,27,2
202,31,2
202,32,1
202,37,3
202,39,1
202,40,7
202,42,4
202,46,4
202,47,9
202,51,1
202,54,1
202,56,3
202,61,11
202,62,46
202,63,1
202,65,1
202,73,15
202,74,13
202,75,6
202,76,1
202,77,1
202,78,1
202,80,8
202,81,9
202,82,29
202,83,12
202,84,1
202,86,3
202,87,1
202,88,5
202,90,4
202,93,1
202,94,3
202,98,3
202,101,1
202,104,46
202,105,12
202,106,10
202,107,27
202,108,1
202,109,1
202,110,5
202,112,3
202,113,7
202,114,40
202,115,1
202,116,13
202,117,1
202,120,5
202,121,1
202,123,6
202,129,1
202,130,4
202,135,2
202,139,1
202,140,1
202,142,21
202,143,7
202,144,5
202,146,1
202,147,4
202,148,44
202,149,61
202,150,37
202,151,11
202,152,25
202,153,8
202,154,7
202,155,2
202,156,6
202,157,1
202,158,4
202,161,3
202,162,16
202,165,5
202,166,4
202,168,98
202,169,2
202,170,10
202,171,94
202,172,4
202,173,8
202,174,18
202,175,8
202,178,8
202,179,3
202,180,6
202,181,6
202,184,1
202,186,6
202,187,2
202,189,4
202,190,1
202,191,6
202,192,1
202,194,3
202,195,7
202,196,4
202,197,3
202,198,8
202,199,4
202,200,22
202,201,1
202,203,13
202,204,49
202,205,2
202,206,19
202,208,4
202,209,3
202,210,8
202,211,4
202,212,4
202,214,2
202,215,11
202,216,18
202,217,3
202,218,3
202,220,8
202,221,13
202,222,3
202,223,7
202,224,15
202,225,12
202,228,7
202,229,15
202,230,4
202,231,1
202,235,5
202,237,1
202,238,6
202,239,4
202,240,1
202,241,3
202,244,1
202,245,2
202,246,2
202,247,6
202,249,3
202,250,6
202,251,17
202,252,7
202,253,4
202,255,3
202,256,1
202,258,3
202,259,1
202,260,3
202,262,9
202,264,11
202,265,5
202,266,4
202,270,6
202,273,7
202,274,1
202,275,2
202,276,7
202,277,1
202,278,1
202,279,1
202,281,1
202,284,5
202,285,5
202,286,58
202,289,1
202,291,4
202,293,3
202,296,2
202,302,3
202,304,6
202,306,1
202,308,3
202,309,1
202,310,2
202,311,1
202,312,1
202,313,2
202,315,1
202,316,1
202,317,3
202,318,1
202,319,8
202,320,13
202,321,1
202,323,1
202,325,2
202,328,13
202,331,3
202,332,5
202,333,11
202,334,1
202,335,3
202,336,1
202,337,3
202,339,1
202,340,5
202,342,2
202,345,4
202,346,1
202,348,1
202,350,16
202,351,6
202,352,5
202,353,2
202,354,10
202,356,82
202,363,1
202,364,2
202,365,2
202,366,50
202,367,2
202,368,15
202,369,9
202,371,1
202,373,2
202,375,1
202,376,2
202,377,2
202,378,4
203,2,1
203,4,1
203,7,5
203,8,2
203,9,1
203,10,2
203,16,1
203,18,1
203,19,3
203,22,1
203,30,1
203,37,2
203,42,1
203,47,2
203,51,1
203,54,1
203,61,1
203,62,9
203,64,1
203,68,1
203,72,1
203,73,7
203,74,3
203,75,1
203,80,1
203,81,6
203,82,6
203,83,5
203,86,4
203,89,1
203,91,1
203,94,2
203,97,1
203,98,1
203,103,1
203,104,9
203,105,3
203,106,3
203,107,5
203,112,3
203,113,2
203,114,10
203,115,2
203,116,4
203,123,1
203,125,2
203,130,2
203,142,1
203,143,6
203,144,2
203,147,1
203,148,16
203,149,30
203,150,33
203,151,2
203,152,10
203,154,6
203,155,1
203,156,1
203,158,4
203,161,1
203,162,8
203,165,3
203,166,2
203,168,38
203,169,2
203,170,5
203,171,29
203,172,2
203,175,1
203,178,3
203,179,2
203,180,8
203,183,2
203,186,4
203,189,3
203,190,1
203,191,2
203,193,3
203,195,1
203,196,1
203,197,4
203,198,1
203,199,2
203,200,15
203,204,14
203,206,4
203,207,1
203,209,1
203,210,2
203,212,1
203,214,2
203,215,5
203,216,2
203,217,1
203,218,8
203,220,5
203,221,3
203,222,1
203,223,7
203,224,2
203,225,2
203,228,1
203,229,12
203,230,1
203,231,1
203,238,2
203,239,1
203,245,1
203,247,1
203,250,5
203,251,6
203,252,2
203,253,1
203,255,2
203,258,3
203,260,2
203,262,2
203,263,1
203,264,1
203,265,2
203,266,1
203,267,1
203,270,2
203,277,1
203,281,1
203,285,2
203,286,10
203,299,2
203,308,1
203,311,1
203,320,3
203,323,4
203,324,1
203,328,2
203,330,1
203,331,1
203,333,1
203,340,2
203,342,1
203,345,1
203,349,1
203,350,3
203,351,1
203,352,2
203,354,1
203,356,42
203,359,2
203,362,2
203,363,1
203,365,1
203,366,18
203,367,1
203,368,2
203,369,1
203,373,1
204,2,1
204,3,6
204,5,1
204,6,1
204,7,57
204,9,2
204,10,2
204,13,2
204,14,3
204,15,8
204,17,1
204,18,1
204,19,9
204,22,1
204,23,1
204,26,2
204,27,2
204,31,2
204,40,2
204,41,4
204,42,6
204,43,2
204,44,5
204,46,3
204,47,6
204,51,1
204,53,1
204,56,1
204,61,9
204,62,46
204,63,1
204,64,1
204,67,1
204,73,32
204,74,21
204,75,3
204,77,4
204,78,2
204,79,8
204,80,4
204,81,23
204,82,32
204,83,20
204,84,1
204,86,9
204,88,5
204,89,5
204,90,2
204,94,5
204,95,1
204,97,2
204,98,1
204,101,1
204,102,1
204,104,44
204,105,20
204,106,16
204,107,30
204,109,1
204,110,2
204,111,4
204,112,4
204,113,10
204,114,38
204,116,32
204,117,4
204,118,2
204,120,2
204,123,1
204,125,3
204,126,1
204,127,1
204,128,1
204,129,1
204,130,5
204,133,1
204,135,2
204,142,21
204,143,14
204,144,17
204,147,3
204,148,35
204,149,65
204,150,102
204,151,7
204,152,51
204,153,6
204,154,7
204,155,1
204,156,7
204,157,1
204,158,14
204,159,1
204,160,1
204,161,4
204,162,19
204,165,8
204,166,6
204,168,136
204,169,8
204,170,22
204,171,94
204,172,2
204,173,5
204,174,6
204,175,12
204,176,1
204,177,2
204,178,11
204,179,9
204,180,22
204,181,5
204,184,1
204,185,1
204,186,1
204,187,2
204,189,14
204,190,4
204,191,18
204,194,2
204,195,21
204,196,5
204,197,14
204,198,7
204,199,10
204,200,49
204,202,8
204,203,23
204,205,2
204,206,15
204,207,5
204,208,1
204,210,11
204,211,1
204,212,5
204,213,16
204,214,3
204,215,10
204,216,12
204,217,20
204,218,11
204,220,10
204,221,12
204,222,4
204,223,2
204,224,52
204,225,4
204,226,3
204,227,8
204,228,2
204,229,48
204,230,4
204,231,2
204,232,1
204,233,2
204,236,2
204,238,4
204,239,6
204,241,29
204,245,7
204,247,13
204,248,1
204,249,2
204,250,27
204,251,39
204,252,14
204,253,4
204,254,1
204,255,4
204,256,2
204,257,1
204,259,5
204,260,2
204,262,16
204,264,3
204,265,1
204,266,4
204,267,4
204,268,3
204,270,6
204,271,1
204,273,7
204,275,1
204,276,2
204,277,8
204,278,1
204,281,5
204,284,12
204,285,9
204,286,46
204,287,3
204,288,1
204,289,7
204,290,1
204,291,2
204,293,2
204,295,8
204,296,1
204,299,2
204,300,1
204,302,5
204,304,10
204,307,1
204,308,1
204,310,2
204,311,2
204,313,1
204,315,1
204,316,5
204,317,2
204,318,3
204,319,9
204,320,30
204,323,4
204,325,2
204,328,7
204,329,2
204,330,2
204,331,4
204,332,3
204,333,8
204,334,3
204,336,2
204,337,5
204,340,1
204,342,2
204,343,3
204,344,1
204,345,6
204,349,2
204,350,13
204,351,2
204,352,6
204,353,3
204,354,1
204,356,164
204,358,6
204,359,3
204,361,2
204,362,1
204,363,1
204,364,2
204,365,4
204,366,88
204,367,2
204,368,13
204,369,7
204,371,1
204,372,2
204,375,1
204,376,4
204,378,4
205,7,11
205,10,1
205,12,3
205,20,3
205,21,1
205,26,1
205,27,1
205,31,1
205,39,1
205,41,2
205,42,4
205,46,1
205,47,2
205,49,1
205,61,4
205,62,18
205,64,1
205,73,7
205,76,1
205,81,2
205,82,6
205,83,9
205,84,1
205,86,1
205,94,4
205,95,1
205,98,3
205,104,17
205,105,7
205,106,2
205,107,6
205,110,1
205,112,3
205,113,6
205,114,6
205,116,3
205,117,2
205,119,1
205,120,2
205,123,4
205,125,1
205,126,1
205,130,1
205,131,1
205,135,1
205,142,15
205,145,1
205,148,13
205,149,22
205,150,22
205,151,1
205,152,8
205,154,3
205,155,2
205,156,1
205,158,3
205,160,1
205,161,1
205,162,8
205,165,8
205,168,24
205,169,6
205,170,19
205,171,26
205,172,3
205,173,3
205,174,2
205,175,15
205,177,2
205,178,5
205,179,5
205,180,8
205,181,1
205,184,2
205,186,2
205,189,4
205,191,1
205,193,1
205,195,3
205,196,1
205,197,2
205,198,1
205,200,11
205,202,1
205,203,2
205,204,12
205,206,13
205,207,2
205,208,1
205,209,1
205,210,3
205,212,7
205,213,2
205,215,2
205,216,2
205,218,2
205,220,6
205,221,4
205,224,17
205,229,9
205,231,1
205,232,1
205,235,1
205,236,1
205,245,3
205,247,3
205,249,5
205,250,1
205,251,4
205,252,6
205,258,1
205,260,1
205,262,2
205,263,1
205,264,9
205,266,3
205,267,2
205,270,6
205,273,2
205,276,2
205,281,1
205,282,1
205,284,2
205,285,3
205,286,10
205,287,2
205,289,2
205,292,1
205,296,1
205,300,2
205,302,3
205,305,1
205,310,1
205,315,2
205,316,2
205,317,1
205,319,1
205,320,5
205,323,3
205,333,4
205,336,3
205,340,2
205,342,1
205,343,1
205,345,3
205,350,6
205,351,1
205,354,3
205,356,33
205,358,1
205,362,1
205,366,34
205,367,1
205,368,2
205,369,3
205,371,1
205,373,1
205,378,2
206,2,2
206,6,2
206,7,17
206,9,1
206,10,4
206,11,1
206,13,1
206,15,1
206,18,4
206,19,2
206,20,1
206,22,6
206,25,1
206,26,1
206,27,1
206,37,3
206,39,1
206,40,5
206,42,1
206,44,1
206,47,1
206,51,1
206,53,1
206,61,6
206,62,14
206,64,1
206,67,1
206,68,1
206,69,2
206,73,25
206,74,11
206,75,1
206,77,2
206,78,1
206,79,2
206,80,6
206,81,8
206,82,20
206,83,18
206,86,4
206,87,1
206,90,2
206,91,2
206,94,5
206,97,1
206,98,2
206,104,23
206,105,8
206,106,10
206,107,19
206,108,1
206,110,1
206,112,1
206,113,11
206,114,29
206,115,7
206,116,9
206,117,1
206,119,1
206,123,5
206,129,1
206,130,2
206,135,2
206,139,1
206,140,1
206,142,6
206,143,3
206,147,1
206,148,8
206,149,25
206,150,30
206,151,2
206,152,7
206,153,8
206,154,9
206,155,2
206,156,7
206,162,1
206,165,2
206,166,4
206,168,20
206,169,13
206,170,4
206,171,21
206,173,7
206,174,8
206,175,6
206,178,4
206,179,3
206,180,6
206,183,2
206,186,2
206,189,7
206,191,3
206,192,1
206,193,1
206,195,6
206,196,1
206,198,8
206,200,7
206,203,5
206,204,9
206,205,1
206,207,6
206,208,1
206,210,7
206,211,1
206,212,4
206,213,3
206,214,1
206,215,4
206,216,4
206,217,7
206,218,3
206,219,3
206,220,4
206,221,1
206,222,3
206,223,1
206,224,10
206,225,1
206,226,1
206,227,1
206,228,1
206,229,10
206,230,2
206,234,3
206,237,1
206,241,9
206,247,2
206,249,2
206,250,9
206,251,8
206,252,9
206,253,1
206,255,3
206,257,1
206,259,2
206,262,1
206,264,8
206,265,1
206,269,1
206,270,4
206,271,2
206,273,2
206,274,5
206,275,4
206,281,3
206,285,5
206,286,23
206,287,1
206,288,2
206,289,6
206,290,1
206,291,3
206,293,1
206,299,1
206,302,2
206,304,1
206,305,1
206,311,1
206,315,1
206,319,1
206,320,10
206,328,4
206,329,1
206,331,3
206,333,1
206,334,2
206,335,6
206,336,4
206,338,1
206,340,2
206,342,1
206,343,1
206,344,1
206,345,3
206,350,9
206,352,1
206,353,2
206,354,1
206,355,1
206,356,10
206,362,1
206,365,1
206,366,39
206,368,6
206,369,3
206,371,2
206,372,1
206,373,1
206,378,4
207,5,2
207,7,17
207,10,4
207,12,2
207,15,5
207,18,1
207,19,2
207,37,1
207,40,2
207,42,2
207,44,1
207,47,2
207,49,1
207,51,1
207,61,3
207,62,25
207,63,2
207,64,4
207,71,1
207,73,8
207,74,2
207,75,2
207,77,1
207,78,3
207,79,1
207,81,5
207,82,14
207,83,12
207,86,4
207,87,2
207,90,2
207,94,2
207,95,1
207,97,1
207,98,3
207,103,2
207,104,19
207,105,10
207,106,5
207,107,21
207,112,3
207,113,6
207,114,18
207,116,13
207,117,2
207,118,1
207,120,1
207,123,4
207,128,1
207,130,2
207,133,1
207,135,2
207,139,2
207,142,11
207,143,4
207,144,1
207,147,1
207,148,12
207,149,22
207,150,56
207,151,1
207,152,8
207,153,4
207,154,12
207,155,1
207,156,8
207,157,2
207,159,1
207,162,2
207,165,4
207,166,8
207,168,29
207,169,4
207,170,15
207,171,44
207,172,3
207,173,11
207,174,4
207,175,7
207,178,9
207,179,5
207,180,2
207,181,4
207,186,4
207,189,4
207,190,2
207,191,1
207,195,4
207,196,1
207,197,4
207,198,5
207,199,5
207,200,19
207,202,2
207,203,2
207,204,11
207,205,2
207,206,25
207,210,2
207,211,1
207,212,4
207,213,4
207,215,9
207,216,8
207,217,6
207,218,5
207,220,9
207,221,11
207,222,1
207,224,8
207,226,2
207,227,2
207,228,2
207,229,10
207,230,3
207,231,1
207,238,5
207,241,6
207,244,1
207,247,4
207,249,2
207,250,1
207,251,6
207,252,3
207,253,1
207,254,2
207,255,1
207,256,2
207,258,1
207,259,1
207,260,2
207,262,6
207,264,5
207,265,2
207,266,2
207,269,2
207,270,3
207,273,2
207,274,2
207,275,1
207,276,1
207,281,4
207,282,1
207,284,2
207,285,4
207,286,20
207,287,4
207,288,1
207,289,2
207,293,2
207,295,3
207,296,3
207,297,1
207,300,1
207,301,1
207,302,4
207,304,3
207,308,1
207,310,1
207,313,1
207,315,1
207,316,2
207,320,18
207,321,1
207,323,3
207,328,2
207,330,1
207,333,4
207,335,5
207,336,3
207,337,1
207,340,2
207,342,1
207,343,1
207,344,1
207,345,3
207,347,1
207,348,4
207,350,6
207,352,1
207,353,1
207,354,2
207,356,31
207,358,2
207,359,2
207,362,1
207,365,1
207,366,38
207,367,6
207,368,4
207,369,4
207,373,1
207,377,1
207,378,5
208,1,2
208,6,1
208,7,14
208,8,1
208,9,2
208,13,1
208,15,4
208,18,4
208,19,2
208,22,5
208,23,1
208,24,2
208,35,1
208,39,1
208,40,2
208,41,2
208,42,3
208,44,2
208,47,2
208,53,1
208,61,8
208,62,16
208,63,2
208,64,2
208,65,1
208,73,14
208,74,6
208,75,2
208,77,1
208,79,3
208,80,6
208,81,14
208,82,26
208,83,15
208,84,1
208,86,2
208,88,1
208,90,3
208,98,1
208,104,18
208,105,8
208,106,5
208,107,21
208,108,1
208,110,1
208,112,5
208,113,4
208,114,23
208,115,1
208,116,15
208,117,2
208,119,1
208,120,2
208,123,1
208,125,1
208,128,1
208,130,4
208,131,1
208,135,3
208,139,2
208,142,17
208,143,1
208,144,6
208,147,5
208,148,12
208,149,30
208,150,43
208,151,7
208,152,15
208,153,1
208,154,3
208,155,7
208,156,5
208,157,1
208,158,1
208,162,4
208,165,5
208,166,3
208,168,11
208,169,12
208,170,34
208,171,46
208,172,1
208,173,2
208,174,9
208,175,8
208,178,3
208,179,2
208,180,11
208,182,1
208,183,1
208,184,4
208,186,1
208,189,3
208,190,2
208,191,2
208,192,2
208,193,3
208,194,1
208,195,1
208,196,1
208,197,3
208,198,7
208,199,2
208,200,9
208,202,4
208,203,16
208,204,12
208,205,1
208,206,35
208,207,8
208,209,3
208,210,7
208,211,1
208,212,1
208,213,3
208,214,7
208,215,7
208,216,3
208,217,16
208,218,4
208,219,3
208,220,9
208,221,7
208,222,3
208,223,1
208,224,15
208,225,9
208,227,3
208,228,2
208,229,15
208,230,2
208,231,1
208,234,1
208,235,5
208,236,1
208,237,1
208,238,2
208,239,1
208,241,6
208,244,1
208,245,2
208,246,1
208,247,2
208,249,2
208,250,3
208,251,12
208,252,3
208,260,2
208,262,3
208,264,5
208,266,3
208,268,1
208,269,6
208,270,1
208,271,2
208,273,2
208,275,1
208,276,1
208,277,2
208,283,1
208,284,4
208,285,2
208,286,31
208,287,2
208,289,6
208,295,1
208,296,1
208,300,1
208,304,1
208,306,2
208,307,1
208,311,2
208,313,2
208,315,3
208,316,2
208,320,23
208,323,5
208,324,1
208,328,4
208,331,2
208,332,1
208,333,5
208,335,5
208,336,6
208,339,1
208,344,1
208,345,2
208,348,1
208,350,4
208,351,3
208,352,1
208,354,2
208,356,43
208,358,6
208,359,2
208,360,1
208,363,1
208,366,24
208,367,1
208,368,2
208,369,6
208,371,1
208,376,2
208,378,2
209,2,1
209,7,27
209,10,5
209,12,2
209,13,3
209,14,1
209,15,1
209,18,7
209,19,8
209,21,2
209,22,3
209,26,1
209,30,1
209,37,3
209,39,2
209,40,1
209,41,5
209,42,5
209,43,2
209,44,2
209,47,4
209,52,1
209,53,2
209,54,1
209,57,1
209,61,3
209,62,22
209,63,7
209,64,1
209,73,22
209,74,11
209,75,2
209,76,4
209,77,1
209,79,6
209,81,13
209,82,30
209,83,15
209,86,4
209,88,3
209,90,1
209,92,1
209,94,2
209,97,2
209,98,1
209,104,23
209,105,14
209,106,6
209,107,18
209,110,1
209,111,3
209,112,1
209,113,2
209,114,33
209,116,5
209,117,2
209,118,1
209,119,2
209,123,7
209,125,5
209,126,1
209,127,1
209,130,5
209,135,1
209,142,13
209,143,3
209,144,1
209,148,15
209,149,42
209,150,33
209,151,2
209,152,16
209,153,6
209,154,15
209,156,6
209,157,3
209,158,6
209,162,5
209,165,3
209,166,2
209,168,31
209,169,6
209,170,21
209,171,65
209,172,2
209,173,3
209,174,11
209,175,9
209,178,4
209,179,5
209,180,10
209,181,2
209,186,3
209,189,7
209,190,1
209,191,11
209,192,1
209,195,3
209,196,1
209,197,1
209,198,13
209,199,6
209,200,22
209,201,2
209,202,2
209,203,1
209,204,25
209,205,3
209,206,15
209,207,1
209,208,1
209,210,4
209,212,3
209,213,5
209,214,2
209,215,10
209,216,3
209,217,1
209,218,6
209,219,1
209,220,11
209,221,11
209,222,2
209,223,1
209,224,14
209,225,7
209,226,2
209,227,5
209,229,19
209,230,1
209,231,2
209,235,1
209,236,3
209,237,3
209,238,7
209,241,5
209,244,1
209,245,1
209,246,1
209,247,3
209,249,2
209,250,2
209,251,6
209,252,4
209,253,3
209,254,1
209,257,2
209,258,3
209,259,2
209,260,1
209,262,3
209,264,16
209,265,1
209,267,2
209,270,4
209,273,2
209,275,3
209,276,1
209,277,2
209,279,3
209,284,6
209,285,2
209,286,26
209,287,3
209,288,1
209,289,3
209,290,1
209,291,1
209,293,3
209,295,1
209,296,2
209,302,1
209,304,3
209,305,4
209,306,1
209,308,1
209,310,1
209,315,1
209,316,3
209,317,3
209,319,1
209,320,23
209,321,1
209,323,6
209,328,1
209,329,1
209,330,1
209,331,3
209,332,1
209,333,3
209,336,2
209,337,3
209,342,1
209,345,2
209,346,1
209,348,1
209,350,5
209,351,1
209,353,1
209,354,3
209,356,65
209,358,1
209,359,1
209,360,1
209,361,1
209,366,52
209,369,4
209,371,2
209,373,1
209,377,3
209,378,2
210,2,1
210,7,13
210,10,1
210,14,2
210,27,1
210,31,1
210,37,3
210,40,1
210,42,1
210,43,1
210,47,1
210,56,2
210,61,5
210,62,10
210,63,1
210,73,9
210,74,4
210,75,2
210,80,1
210,81,3
210,82,8
210,83,5
210,86,2
210,88,2
210,90,1
210,94,2
210,97,1
210,98,1
210,100,1
210,104,6
210,105,4
210,106,2
210,107,10
210,112,3
210,113,1
210,114,15
210,115,3
210,116,6
210,117,4
210,123,1
210,127,1
210,129,1
210,130,1
210,131,2
210,138,1
210,142,1
210,143,3
210,144,4
210,148,6
210,149,19
210,150,7
210,152,7
210,153,1
210,154,1
210,155,1
210,156,1
210,160,1
210,162,5
210,165,5
210,168,36
210,169,1
210,170,4
210,171,29
210,172,1
210,173,2
210,174,3
210,175,1
210,177,1
210,178,2
210,179,3
210,180,7
210,181,7
210,186,2
210,189,2
210,190,2
210,191,1
210,195,2
210,197,6
210,198,3
210,200,8
210,202,2
210,203,6
210,204,8
210,205,1
210,206,7
210,207,6
210,211,1
210,213,3
210,214,1
210,215,1
210,216,1
210,217,6
210,220,3
210,221,1
210,222,3
210,224,2
210,225,2
210,227,1
210,228,1
210,229,7
210,231,2
210,232,2
210,247,1
210,249,3
210,250,2
210,251,4
210,252,8
210,253,3
210,255,1
210,258,1
210,260,3
210,264,2
210,266,3
210,267,1
210,268,1
210,270,4
210,271,1
210,273,1
210,281,2
210,285,3
210,286,17
210,287,1
210,295,1
210,299,2
210,301,1
210,304,3
210,310,2
210,311,1
210,312,1
210,315,3
210,320,9
210,323,4
210,325,1
210,331,2
210,334,1
210,336,1
210,337,2
210,340,2
210,343,1
210,345,1
210,350,2
210,351,1
210,353,1
210,354,1
210,356,25
210,358,3
210,362,1
210,363,2
210,365,1
210,366,11
210,367,1
210,368,1
211,5,2
211,6,2
211,7,37
211,10,5
211,11,2
211,12,1
211,13,1
211,14,3
211,15,8
211,18,6
211,19,10
211,20,1
211,21,1
211,22,2
211,26,2
211,27,1
211,31,3
211,35,2
211,37,3
211,39,5
211,40,3
211,41,5
211,42,7
211,44,3
211,46,4
211,47,5
211,51,1
211,52,1
211,53,1
211,56,1
211,59,1
211,60,2
211,61,17
211,62,52
211,63,1
211,64,4
211,65,1
211,67,1
211,69,1
211,71,1
211,72,1
211,73,16
211,74,10
211,75,4
211,77,3
211,78,1
211,79,1
211,80,4
211,81,6
211,82,26
211,83,15
211,84,1
211,92,3
211,94,10
211,95,3
211,97,1
211,101,1
211,102,1
211,104,17
211,105,14
211,106,10
211,107,18
211,110,2
211,111,4
211,112,3
211,113,5
211,114,30
211,116,18
211,117,6
211,119,1
211,123,3
211,125,1
211,128,1
211,129,1
211,130,3
211,131,1
211,135,2
211,139,1
211,142,9
211,143,12
211,147,2
211,148,9
211,149,21
211,150,75
211,151,6
211,152,34
211,153,7
211,154,13
211,155,8
211,156,2
211,162,3
211,165,2
211,166,2
211,168,25
211,169,14
211,170,3
211,171,24
211,172,1
211,173,6
211,174,8
211,175,14
211,177,1
211,178,4
211,179,8
211,180,11
211,181,1
211,182,1
211,183,1
211,186,4
211,187,1
211,188,1
211,189,20
211,190,3
211,191,4
211,194,1
211,195,12
211,196,2
211,197,12
211,198,4
211,199,9
211,200,23
211,201,1
211,203,5
211,204,12
211,206,5
211,207,5
211,210,1
211,212,10
211,213,15
211,214,4
211,215,17
211,216,22
211,217,18
211,218,8
211,219,1
211,220,30
211,221,5
211,222,2
211,223,2
211,224,47
211,225,12
211,226,4
211,227,4
211,228,10
211,229,49
211,231,1
211,235,2
211,236,5
211,238,16
211,239,4
211,241,23
211,242,1
211,244,3
211,245,3
211,247,5
211,249,3
211,250,13
211,251,13
211,252,9
211,255,9
211,257,4
211,260,2
211,262,14
211,263,1
211,264,7
211,265,3
211,266,8
211,267,1
211,268,2
211,270,16
211,271,2
211,274,3
211,275,1
211,276,10
211,277,2
211,278,3
211,279,2
211,281,11
211,282,1
211,284,9
211,285,11
211,286,26
211,287,6
211,289,12
211,290,3
211,291,5
211,293,3
211,295,5
211,296,5
211,302,1
211,304,12
211,305,1
211,307,1
211,308,5
211,310,1
211,311,5
211,315,6
211,316,6
211,317,11
211,319,7
211,320,19
211,321,1
211,323,12
211,324,2
211,325,4
211,328,2
211,329,1
211,330,1
211,331,8
211,332,2
211,333,3
211,334,2
211,335,4
211,336,5
211,337,2
211,340,4
211,342,4
211,343,1
211,344,2
211,345,1
211,346,2
211,348,2
211,349,2
211,350,9
211,351,3
211,352,2
211,354,3
211,356,22
211,358,1
211,359,2
211,360,1
211,361,3
211,362,2
211,363,1
211,365,4
211,366,56
211,368,1
211,369,14
211,373,1
211,376,2
211,377,1
211,378,9
212,5,2
212,7,79
212,10,8
212,11,1
212,12,1
212,13,1
212,14,4
212,15,9
212,18,7
212,19,2
212,20,5
212,21,1
212,22,2
212,26,3
212,30,1
212,31,2
212,32,1
212,36,1
212,37,9
212,38,1
212,39,3
212,40,6
212,41,5
212,42,14
212,43,2
212,44,5
212,45,1
212,46,4
212,47,3
212,55,1
212,56,1
212,61,17
212,62,35
212,63,2
212,64,4
212,69,2
212,71,1
212,72,1
212,73,15
212,74,10
212,75,1
212,76,1
212,77,1
212,80,5
212,81,9
212,82,29
212,83,5
212,84,2
212,86,13
212,88,4
212,90,1
212,91,1
212,92,1
212,94,11
212,97,2
212,98,7
212,101,1
212,102,1
212,104,5
212,105,20
212,106,17
212,107,18
212,108,1
212,110,1
212,111,1
212,112,4
212,113,3
212,114,22
212,116,54
212,117,2
212,123,5
212,125,5
212,129,2
212,130,3
212,134,1
212,135,2
212,142,14
212,143,15
212,144,3
212,147,1
212,148,23
212,149,27
212,150,113
212,151,9
212,152,20
212,154,15
212,156,3
212,157,1
212,162,6
212,163,1
212,165,2
212,166,6
212,168,24
212,169,1
212,170,3
212,171,16
212,173,4
212,174,11
212,175,45
212,177,2
212,178,15
212,179,5
212,180,17
212,181,5
212,185,2
212,186,5
212,187,1
212,189,17
212,190,5
212,191,6
212,194,1
212,195,11
212,196,6
212,197,19
212,198,5
212,199,7
212,200,40
212,201,3
212,202,2
212,203,2
212,204,15
212,205,1
212,206,12
212,207,1
212,210,1
212,211,9
212,213,21
212,214,17
212,215,17
212,216,23
212,217,22
212,218,10
212,219,1
212,220,8
212,221,8
212,224,57
212,225,14
212,226,1
212,227,5
212,228,11
212,229,79
212,230,3
212,231,1
212,235,1
212,236,10
212,237,1
212,238,15
212,239,8
212,241,14
212,244,5
212,245,3
212,247,9
212,249,13
212,250,12
212,251,18
212,252,17
212,253,5
212,255,4
212,257,1
212,258,5
212,262,2
212,263,1
212,264,3
212,265,1
212,266,4
212,267,1
212,270,15
212,271,6
212,273,9
212,274,2
212,275,2
212,276,11
212,277,1
212,278,1
212,279,1
212,281,4
212,282,1
212,283,1
212,284,29
212,285,12
212,286,14
212,287,12
212,288,1
212,289,14
212,290,1
212,291,2
212,292,2
212,293,1
212,294,1
212,295,14
212,296,1
212,299,4
212,304,7
212,306,1
212,307,3
212,308,5
212,310,2
212,311,2
212,314,3
212,315,12
212,317,5
212,319,1
212,320,34
212,321,2
212,323,10
212,324,1
212,325,11
212,328,4
212,329,2
212,330,3
212,331,7
212,332,5
212,333,11
212,334,2
212,335,20
212,336,3
212,337,8
212,340,6
212,342,3
212,343,1
212,344,2
212,345,2
212,346,4
212,347,3
212,348,2
212,350,16
212,351,2
212,352,4
212,356,24
212,357,1
212,358,3
212,360,5
212,361,7
212,362,3
212,363,1
212,364,1
212,365,1
212,366,79
212,368,4
212,369,4
212,370,1
212,373,2
212,375,4
212,376,2
212,378,5
213,6,4
213,7,12
213,9,1
213,10,1
213,12,4
213,13,1
213,18,8
213,19,9
213,20,5
213,21,5
213,22,3
213,27,1
213,29,2
213,30,3
213,32,1
213,40,5
213,41,9
213,42,13
213,43,3
213,44,1
213,46,1
213,47,2
213,52,2
213,54,1
213,56,2
213,61,11
213,62,14
213,67,1
213,72,1
213,73,9
213,74,9
213,80,2
213,81,15
213,82,10
213,83,3
213,86,2
213,87,1
213,94,5
213,98,2
213,100,1
213,104,12
213,105,13
213,106,24
213,107,14
213,112,3
213,113,8
213,114,8
213,116,26
213,117,2
213,118,1
213,123,2
213,128,2
213,130,1
213,139,1
213,142,4
213,143,8
213,144,1
213,147,2
213,148,4
213,149,7
213,150,106
213,151,4
213,152,33
213,154,7
213,155,1
213,162,1
213,165,6
213,168,15
213,169,4
213,171,21
213,173,1
213,174,2
213,175,22
213,178,12
213,179,2
213,180,11
213,181,2
213,187,5
213,189,1
213,190,1
213,191,4
213,195,11
213,196,1
213,197,16
213,198,4
213,199,5
213,200,54
213,201,4
213,202,1
213,204,2
213,206,6
213,211,5
213,212,9
213,214,9
213,215,18
213,216,36
213,217,15
213,218,1
213,220,2
213,221,3
213,222,3
213,223,1
213,224,29
213,225,22
213,227,2
213,228,3
213,229,60
213,230,4
213,231,5
213,236,4
213,237,1
213,238,4
213,239,6
213,241,10
213,245,3
213,246,2
213,247,2
213,249,9
213,250,24
213,251,25
213,252,16
213,253,12
213,258,2
213,260,1
213,263,3
213,264,3
213,265,2
213,266,2
213,270,7
213,273,5
213,274,1
213,275,4
213,276,8
213,281,3
213,282,1
213,283,1
213,284,9
213,285,7
213,286,8
213,287,4
213,289,11
213,296,3
213,297,1
213,302,1
213,304,7
213,305,2
213,308,3
213,310,1
213,311,2
213,312,3
213,315,6
213,317,1
213,319,1
213,320,7
213,323,7
213,325,4
213,328,1
213,331,3
213,332,2
213,333,1
213,335,5
213,337,4
213,340,2
213,343,1
213,348,1
213,349,1
213,350,2
213,352,3
213,354,2
213,356,3
213,358,1
213,360,5
213,361,1
213,362,2
213,365,1
213,366,47
213,367,1
213,368,2
213,369,19
213,371,1
213,378,1
214,2,1
214,5,1
214,7,21
214,9,2
214,10,6
214,13,2
214,14,2
214,15,5
214,17,1
214,18,13
214,19,7
214,20,9
214,22,1
214,25,2
214,26,1
214,27,2
214,37,2
214,39,1
214,41,2
214,42,10
214,47,2
214,51,1
214,53,1
214,54,1
214,61,12
214,62,17
214,63,2
214,64,1
214,67,1
214,71,1
214,73,6
214,74,3
214,75,3
214,76,1
214,81,11
214,82,19
214,83,6
214,86,3
214,90,1
214,94,4
214,95,1
214,96,4
214,97,1
214,98,1
214,102,1
214,104,20
214,105,17
214,106,6
214,107,3
214,112,1
214,113,6
214,114,6
214,115,3
214,116,21
214,117,7
214,119,1
214,123,3
214,128,1
214,130,3
214,141,1
214,142,10
214,143,10
214,144,1
214,148,4
214,149,10
214,150,74
214,151,5
214,152,21
214,154,1
214,155,1
214,156,2
214,158,1
214,161,2
214,168,8
214,169,2
214,170,4
214,171,8
214,174,1
214,175,16
214,178,21
214,179,7
214,180,4
214,181,5
214,184,4
214,186,2
214,187,2
214,189,5
214,191,9
214,192,2
214,195,6
214,196,3
214,197,14
214,198,5
214,199,4
214,200,25
214,203,2
214,204,4
214,206,5
214,207,1
214,210,4
214,211,4
214,212,10
214,213,20
214,215,20
214,216,27
214,217,13
214,218,1
214,219,1
214,220,4
214,222,2
214,224,27
214,225,3
214,227,3
214,228,3
214,229,30
214,231,2
214,236,9
214,237,8
214,238,1
214,239,2
214,241,13
214,244,2
214,245,1
214,247,2
214,249,13
214,250,11
214,251,29
214,252,21
214,253,5
214,255,3
214,257,2
214,262,2
214,265,8
214,266,2
214,267,1
214,270,19
214,271,1
214,273,6
214,274,1
214,275,1
214,276,5
214,277,2
214,281,1
214,283,2
214,284,9
214,285,6
214,286,12
214,287,4
214,288,2
214,289,6
214,293,4
214,295,2
214,296,6
214,301,1
214,303,1
214,304,4
214,305,1
214,307,4
214,308,2
214,311,3
214,313,1
214,315,1
214,316,4
214,319,1
214,320,1
214,323,2
214,325,5
214,333,2
214,334,3
214,335,8
214,336,1
214,340,2
214,341,1
214,342,5
214,345,1
214,350,2
214,352,2
214,354,1
214,356,3
214,358,1
214,359,1
214,360,2
214,365,3
214,366,51
214,367,1
214,368,2
214,369,3
214,373,2
214,376,2
214,378,2
215,7,15
215,9,2
215,10,1
215,12,2
215,14,6
215,15,3
215,17,1
215,18,3
215,19,11
215,21,4
215,22,5
215,25,1
215,31,1
215,40,2
215,41,6
215,42,4
215,44,4
215,45,1
215,47,1
215,61,15
215,62,25
215,64,2
215,71,2
215,72,1
215,73,2
215,74,8
215,75,1
215,79,3
215,80,2
215,81,10
215,82,14
215,86,3
215,88,3
215,90,4
215,93,1
215,94,1
215,96,3
215,104,26
215,105,9
215,106,21
215,107,8
215,109,1
215,110,1
215,111,1
215,112,3
215,113,4
215,114,11
215,115,1
215,116,21
215,117,1
215,125,1
215,132,1
215,135,1
215,142,11
215,143,3
215,146,1
215,148,2
215,149,9
215,150,68
215,151,1
215,152,12
215,154,1
215,156,6
215,162,4
215,168,8
215,170,5
215,171,3
215,174,1
215,175,23
215,178,11
215,179,9
215,180,7
215,181,4
215,182,2
215,184,2
215,185,1
215,186,2
215,187,1
215,189,3
215,191,12
215,192,3
215,193,1
215,194,1
215,195,1
215,196,6
215,197,6
215,198,4
215,199,6
215,200,15
215,201,1
215,204,7
215,205,1
215,206,1
215,208,1
215,209,1
215,211,3
215,212,3
215,213,14
215,214,6
215,216,23
215,217,25
215,218,1
215,220,9
215,221,1
215,224,26
215,225,8
215,226,2
215,227,1
215,228,1
215,229,19
215,231,2
215,236,5
215,237,2
215,238,12
215,239,3
215,241,15
215,244,6
215,247,2
215,248,1
215,249,6
215,250,35
215,251,24
215,252,20
215,253,3
215,264,2
215,265,1
215,267,1
215,270,11
215,273,6
215,276,4
215,279,2
215,284,17
215,285,7
215,286,4
215,289,1
215,291,4
215,293,1
215,295,3
215,296,1
215,304,3
215,305,2
215,307,1
215,308,1
215,311,3
215,315,3
215,316,1
215,320,2
215,323,5
215,325,9
215,328,1
215,333,6
215,334,1
215,335,6
215,336,2
215,337,2
215,340,3
215,342,2
215,348,1
215,354,1
215,356,6
215,360,1
215,361,3
215,363,1
215,365,2
215,366,43
215,367,3
215,368,1
215,369,6
215,371,6
215,372,1
215,375,2
216,6,4
216,7,48
216,9,5
216,10,3
216,12,1
216,13,3
216,14,4
216,15,15
216,18,13
216,19,5
216,20,7
216,21,3
216,22,4
216,30,1
216,31,1
216,34,1
216,41,4
216,42,4
216,43,1
216,44,1
216,46,1
216,47,3
216,52,1
216,53,1
216,56,1
216,60,1
216,61,4
216,62,14
216,73,9
216,74,27
216,76,2
216,80,1
216,81,10
216,82,14
216,83,6
216,86,17
216,94,5
216,97,2
216,98,1
216,103,2
216,104,20
216,105,18
216,106,17
216,107,7
216,110,1
216,113,1
216,114,3
216,115,1
216,116,29
216,117,1
216,123,9
216,125,2
216,128,1
216,129,2
216,131,1
216,133,1
216,139,1
216,142,7
216,143,2
216,144,1
216,148,2
216,149,8
216,150,111
216,151,8
216,152,27
216,153,4
216,154,7
216,159,1
216,168,14
216,169,3
216,170,3
216,171,5
216,174,5
216,175,33
216,176,1
216,178,32
216,179,4
216,180,14
216,181,2
216,184,1
216,185,1
216,186,7
216,187,2
216,189,3
216,191,22
216,193,5
216,195,6
216,196,3
216,197,41
216,198,5
216,199,14
216,200,47
216,201,2
216,203,2
216,204,6
216,206,6
216,207,5
216,210,2
216,211,2
216,213,20
216,214,13
216,215,5
216,217,33
216,218,4
216,219,1
216,220,5
216,221,7
216,222,1
216,223,1
216,224,25
216,225,5
216,226,7
216,227,1
216,228,3
216,229,39
216,230,5
216,231,1
216,236,13
216,237,3
216,238,11
216,239,1
216,241,25
216,244,1
216,245,2
216,247,5
216,249,12
216,250,51
216,251,56
216,252,23
216,253,1
216,254,1
216,262,1
216,264,2
216,265,1
216,266,1
216,267,1
216,270,22
216,271,4
216,273,12
216,274,1
216,276,2
216,278,1
216,280,3
216,281,1
216,282,1
216,284,14
216,285,2
216,286,1
216,287,2
216,288,4
216,289,8
216,291,5
216,293,2
216,295,5
216,296,2
216,297,1
216,299,1
216,304,8
216,305,2
216,307,2
216,308,4
216,310,1
216,311,5
216,315,15
216,316,3
216,317,1
216,320,4
216,321,2
216,323,17
216,325,5
216,328,5
216,332,2
216,333,5
216,335,2
216,337,5
216,340,5
216,341,1
216,342,5
216,344,1
216,345,2
216,346,1
216,348,2
216,350,6
216,351,1
216,354,8
216,356,4
216,358,1
216,359,1
216,360,3
216,361,3
216,362,1
216,365,6
216,366,87
216,367,4
216,368,6
216,369,8
216,372,2
216,375,2
216,376,1
216,377,1
216,378,1
217,6,2
217,7,21
217,9,1
217,10,1
217,13,6
217,15,4
217,18,10
217,19,4
217,20,7
217,22,1
217,30,3
217,31,1
217,41,5
217,42,4
217,43,2
217,46,1
217,47,2
217,54,1
217,56,1
217,61,5
217,62,9
217,64,1
217,70,1
217,72,2
217,73,6
217,74,4
217,77,4
217,78,3
217,79,1
217,80,3
217,82,10
217,83,1
217,86,3
217,93,1
217,94,2
217,101,1
217,102,1
217,103,3
217,104,5
217,105,7
217,106,12
217,111,1
217,113,1
217,114,3
217,116,12
217,117,1
217,118,1
217,123,1
217,130,2
217,132,1
217,133,3
217,134,1
217,139,2
217,141,2
217,142,6
217,143,1
217,148,1
217,149,1
217,150,51
217,151,1
217,152,14
217,154,4
217,165,1
217,166,1
217,168,1
217,170,1
217,171,3
217,173,1
217,175,14
217,178,6
217,179,2
217,180,5
217,181,1
217,187,3
217,189,5
217,191,3
217,192,3
217,193,4
217,195,2
217,197,13
217,198,2
217,199,1
217,200,24
217,203,1
217,204,1
217,206,2
217,210,5
217,213,7
217,214,1
217,215,1
217,216,20
217,220,2
217,221,1
217,224,20
217,225,10
217,227,5
217,228,1
217,229,18
217,230,5
217,231,1
217,233,1
217,236,3
217,237,1
217,238,1
217,239,1
217,241,3
217,244,4
217,245,4
217,249,3
217,250,14
217,251,16
217,252,8
217,258,1
217,260,1
217,264,4
217,270,3
217,271,1
217,273,7
217,274,1
217,281,1
217,284,7
217,286,3
217,289,7
217,290,1
217,291,1
217,304,3
217,315,11
217,316,1
217,319,1
217,320,2
217,321,1
217,322,2
217,323,5
217,325,4
217,329,1
217,333,1
217,335,1
217,337,2
217,340,3
217,344,1
217,345,3
217,347,2
217,348,1
217,350,2
217,354,1
217,356,2
217,360,5
217,362,1
217,365,1
217,366,22
217,367,2
217,369,10
218,5,4
218,6,2
218,7,16
218,10,1
218,11,1
218,12,2
218,13,1
218,14,2
218,15,3
218,16,1
218,17,2
218,18,2
218,20,1
218,22,3
218,24,2
218,31,1
218,38,1
218,40,1
218,41,1
218,42,5
218,44,1
218,46,1
218,47,3
218,49,1
218,52,1
218,53,1
218,56,1
218,61,7
218,62,17
218,63,1
218,64,1
218,72,1
218,73,19
218,74,2
218,75,1
218,79,1
218,80,1
218,81,6
218,82,10
218,83,8
218,86,4
218,88,5
218,90,1
218,94,6
218,95,1
218,97,4
218,98,2
218,101,2
218,104,17
218,105,10
218,106,4
218,107,15
218,108,4
218,113,11
218,114,32
218,115,2
218,116,6
218,117,2
218,123,3
218,128,2
218,130,2
218,139,1
218,142,7
218,143,6
218,147,1
218,148,9
218,149,12
218,150,18
218,151,5
218,152,6
218,153,3
218,154,8
218,155,1
218,156,3
218,160,2
218,161,3
218,162,11
218,168,20
218,169,7
218,170,6
218,171,18
218,173,2
218,174,10
218,175,7
218,178,4
218,179,4
218,180,9
218,181,2
218,186,2
218,189,11
218,191,2
218,192,1
218,193,1
218,195,11
218,196,1
218,197,2
218,198,4
218,199,2
218,200,12
218,201,2
218,202,2
218,203,5
218,204,7
218,206,22
218,207,1
218,210,7
218,211,4
218,212,4
218,213,3
218,214,1
218,215,7
218,216,8
218,217,9
218,220,9
218,221,11
218,224,26
218,225,7
218,227,3
218,228,3
218,229,10
218,230,1
218,235,1
218,237,1
218,238,11
218,241,6
218,247,8
218,249,2
218,250,2
218,251,8
218,252,11
218,254,1
218,260,1
218,261,1
218,262,3
218,264,11
218,265,3
218,266,1
218,267,2
218,270,5
218,271,1
218,273,1
218,274,2
218,275,1
218,276,4
218,277,1
218,281,6
218,284,5
218,285,2
218,286,21
218,287,4
218,288,1
218,289,1
218,291,2
218,293,3
218,295,1
218,299,3
218,305,1
218,307,1
218,308,3
218,310,1
218,311,1
218,315,6
218,316,2
218,317,1
218,319,3
218,320,7
218,321,1
218,323,1
218,325,4
218,328,1
218,331,4
218,332,3
218,333,3
218,335,1
218,336,1
218,337,1
218,339,1
218,340,1
218,343,1
218,344,1
218,346,2
218,350,4
218,351,2
218,353,1
218,354,2
218,355,1
218,356,44
218,357,1
218,359,1
218,360,2
218,361,1
218,362,1
218,366,34
218,367,1
218,368,2
218,369,3
218,371,1
218,376,4
219,5,1
219,7,5
219,13,1
219,14,1
219,15,1
219,16,2
219,18,4
219,19,2
219,22,1
219,26,1
219,31,1
219,38,1
219,39,1
219,40,1
219,41,1
219,42,1
219,43,3
219,44,1
219,46,1
219,51,1
219,52,1
219,54,1
219,55,3
219,56,2
219,57,1
219,61,10
219,62,34
219,63,2
219,64,6
219,65,1
219,73,4
219,74,3
219,77,1
219,80,5
219,81,5
219,82,12
219,83,3
219,86,1
219,94,2
219,97,4
219,98,1
219,102,1
219,104,25
219,105,6
219,106,7
219,107,14
219,110,2
219,111,1
219,112,1
219,113,10
219,114,39
219,115,2
219,116,2
219,117,4
219,119,2
219,123,1
219,128,1
219,129,1
219,130,1
219,140,1
219,142,11
219,144,2
219,148,7
219,149,15
219,150,22
219,152,10
219,153,1
219,154,4
219,156,2
219,158,2
219,160,1
219,162,1
219,165,7
219,166,2
219,168,21
219,170,1
219,171,30
219,172,1
219,173,2
219,174,4
219,175,17
219,177,2
219,178,2
219,179,7
219,180,7
219,181,6
219,189,7
219,190,1
219,191,3
219,195,6
219,196,1
219,197,6
219,198,4
219,199,2
219,200,14
219,201,3
219,203,1
219,204,9
219,205,1
219,206,5
219,207,1
219,210,2
219,211,1
219,212,3
219,213,12
219,214,1
219,215,12
219,216,1
219,217,15
219,218,6
219,220,21
219,221,7
219,222,2
219,223,2
219,224,14
219,225,6
219,228,3
219,229,15
219,230,3
219,231,3
219,236,4
219,237,3
219,241,14
219,244,11
219,245,2
219,246,2
219,249,4
219,250,15
219,251,22
219,252,19
219,253,2
219,254,1
219,255,1
219,256,1
219,259,1
219,260,1
219,262,5
219,263,1
219,264,3
219,265,1
219,266,2
219,270,5
219,271,5
219,272,1
219,273,3
219,276,2
219,279,2
219,280,5
219,281,3
219,284,3
219,285,6
219,286,21
219,287,2
219,289,4
219,291,1
219,295,3
219,296,1
219,304,4
219,308,1
219,309,1
219,310,3
219,313,1
219,316,1
219,317,1
219,320,2
219,323,2
219,325,1
219,327,1
219,328,5
219,329,1
219,331,2
219,333,6
219,335,2
219,336,1
219,337,5
219,340,3
219,343,1
219,345,1
219,346,1
219,350,3
219,351,2
219,352,1
219,354,1
219,356,17
219,358,1
219,359,2
219,361,1
219,362,1
219,363,1
219,365,1
219,366,36
219,368,1
219,369,4
219,373,1
219,376,1
219,378,2
220,3,1
220,5,2
220,7,27
220,10,3
220,11,1
220,12,1
220,15,2
220,17,2
220,18,5
220,19,4
220,20,2
220,22,1
220,24,1
220,27,1
220,31,2
220,37,2
220,40,2
220,41,1
220,42,5
220,44,1
220,47,1
220,53,1
220,54,1
220,55,1
220,56,1
220,57,1
220,59,1
220,61,9
220,62,31
220,63,1
220,64,5
220,65,1
220,69,1
220,73,16
220,74,4
220,76,1
220,77,3
220,80,4
220,81,7
220,82,15
220,83,9
220,84,1
220,86,3
220,87,2
220,88,1
220,90,1
220,92,1
220,94,5
220,97,1
220,98,3
220,104,31
220,105,2
220,106,3
220,107,18
220,108,1
220,112,5
220,113,3
220,114,26
220,115,2
220,116,6
220,117,5
220,118,1
220,120,1
220,121,1
220,123,2
220,125,1
220,130,1
220,135,1
220,140,1
220,142,5
220,143,7
220,144,1
220,147,2
220,148,17
220,149,8
220,150,43
220,151,2
220,152,11
220,153,3
220,154,2
220,155,1
220,156,1
220,158,2
220,161,2
220,162,3
220,163,1
220,166,2
220,168,22
220,169,1
220,170,4
220,171,36
220,173,8
220,174,8
220,175,9
220,178,1
220,179,2
220,180,5
220,181,6
220,186,1
220,189,7
220,191,2
220,193,1
220,195,4
220,196,1
220,197,7
220,198,8
220,199,4
220,200,9
220,201,1
220,203,1
220,204,16
220,205,1
220,206,10
220,210,2
220,211,2
220,212,2
220,213,10
220,214,2
220,215,10
220,216,7
220,217,7
220,218,5
220,221,11
220,222,2
220,224,19
220,225,3
220,226,1
220,228,1
220,229,12
220,231,2
220,232,1
220,235,2
220,236,3
220,241,24
220,243,1
220,244,2
220,246,1
220,247,5
220,249,3
220,251,16
220,252,2
220,253,1
220,255,1
220,257,1
220,259,2
220,260,1
220,262,4
220,264,5
220,265,1
220,266,2
220,267,1
220,269,1
220,270,3
220,271,5
220,273,1
220,274,1
220,275,3
220,277,5
220,280,5
220,281,4
220,282,1
220,284,7
220,285,5
220,286,20
220,287,2
220,288,1
220,289,6
220,291,1
220,292,5
220,293,4
220,295,3
220,297,1
220,304,3
220,310,1
220,311,1
220,315,4
220,316,2
220,317,4
220,319,1
220,320,7
220,323,1
220,325,2
220,328,4
220,329,1
220,331,2
220,333,4
220,340,1
220,342,2
220,344,1
220,345,1
220,346,1
220,350,1
220,351,2
220,352,5
220,353,1
220,354,1
220,356,17
220,358,2
220,359,1
220,364,1
220,365,1
220,366,24
220,368,3
220,369,3
220,371,2
220,373,3
220,375,1
220,376,6
220,378,2
221,7,24
221,10,4
221,11,4
221,12,1
221,14,2
221,15,3
221,17,3
221,18,2
221,19,2
221,20,1
221,22,2
221,25,1
221,27,1
221,31,2
221,36,1
221,39,1
221,40,2
221,41,1
221,42,1
221,44,4
221,47,2
221,51,1
221,52,1
221,54,2
221,56,1
221,58,1
221,59,1
221,61,8
221,62,47
221,63,2
221,64,2
221,67,1
221,69,1
221,73,10
221,74,8
221,79,1
221,81,4
221,82,27
221,83,6
221,84,2
221,86,8
221,90,2
221,91,1
221,94,5
221,97,1
221,98,1
221,100,1
221,101,1
221,103,4
221,104,35
221,105,5
221,106,7
221,107,7
221,108,1
221,110,3
221,111,1
221,112,2
221,113,12
221,114,31
221,116,8
221,117,3
221,123,5
221,125,2
221,135,2
221,140,1
221,142,16
221,143,6
221,144,2
221,145,2
221,147,1
221,148,20
221,149,33
221,150,37
221,152,12
221,153,3
221,154,5
221,155,1
221,156,4
221,157,1
221,158,3
221,161,2
221,162,10
221,168,28
221,169,8
221,170,10
221,171,50
221,172,3
221,173,3
221,174,13
221,175,6
221,176,1
221,178,4
221,179,6
221,180,13
221,181,2
221,182,1
221,186,3
221,189,7
221,190,2
221,191,3
221,193,1
221,194,1
221,195,5
221,196,4
221,197,3
221,198,1
221,199,6
221,200,15
221,201,2
221,203,2
221,204,16
221,205,1
221,206,12
221,207,5
221,210,4
221,211,2
221,212,3
221,213,4
221,215,18
221,216,5
221,217,9
221,218,1
221,220,38
221,222,1
221,223,4
221,224,15
221,225,2
221,226,1
221,227,1
221,228,2
221,229,19
221,230,3
221,231,1
221,235,2
221,238,4
221,239,2
221,241,8
221,242,1
221,244,2
221,246,1
221,247,1
221,248,1
221,249,5
221,250,6
221,251,8
221,252,9
221,253,1
221,254,3
221,255,2
221,256,1
221,258,1
221,259,2
221,260,3
221,262,4
221,263,2
221,264,8
221,266,2
221,267,3
221,270,9
221,271,2
221,273,1
221,274,2
221,275,1
221,276,2
221,277,2
221,281,1
221,284,8
221,285,6
221,286,28
221,287,4
221,288,2
221,289,5
221,301,1
221,302,2
221,306,2
221,311,1
221,315,2
221,317,2
221,320,11
221,321,1
221,323,4
221,324,1
221,325,4
221,329,1
221,331,1
221,332,3
221,333,3
221,335,5
221,336,2
221,337,3
221,339,2
221,340,2
221,342,1
221,346,1
221,350,10
221,351,3
221,353,1
221,354,8
221,356,43
221,358,3
221,359,2
221,362,1
221,363,1
221,365,2
221,366,52
221,367,1
221,368,3
221,369,6
221,373,2
221,374,2
221,375,2
221,376,5
221,377,1
221,378,9
222,7,16
222,8,3
222,9,2
222,10,15
222,11,1
222,12,2
222,14,1
222,15,8
222,16,1
222,18,4
222,19,4
222,22,2
222,26,1
222,27,2
222,28,2
222,29,3
222,31,4
222,34,1
222,36,1
222,37,8
222,40,2
222,41,2
222,42,6
222,44,6
222,46,3
222,47,4
222,52,1
222,53,2
222,54,2
222,56,8
222,58,1
222,59,1
222,61,9
222,62,51
222,63,3
222,64,4
222,67,1
222,71,1
222,73,23
222,74,7
222,75,3
222,76,1
222,77,3
222,79,2
222,80,3
222,81,13
222,82,37
222,83,20
222,84,1
222,86,3
222,88,2
222,90,1
222,91,1
222,94,8
222,95,1
222,97,1
222,98,2
222,100,1
222,103,1
222,104,29
222,105,9
222,106,12
222,107,28
222,108,1
222,112,7
222,113,7
222,114,42
222,115,3
222,116,29
222,117,5
222,118,1
222,120,2
222,123,5
222,125,3
222,128,2
222,130,1
222,135,5
222,139,1
222,140,1
222,141,1
222,142,22
222,143,6
222,144,3
222,147,2
222,148,26
222,149,58
222,150,69
222,151,4
222,152,19
222,153,5
222,154,9
222,155,2
222,156,9
222,157,4
222,158,2
222,160,1
222,162,13
222,163,2
222,164,3
222,165,7
222,166,5
222,168,55
222,169,10
222,170,15
222,171,41
222,173,16
222,174,15
222,175,6
222,178,11
222,179,9
222,180,16
222,181,8
222,182,2
222,183,2
222,184,2
222,187,1
222,189,14
222,190,2
222,191,11
222,193,4
222,194,2
222,195,8
222,196,7
222,197,8
222,198,5
222,199,6
222,200,31
222,202,5
222,203,10
222,204,42
222,205,2
222,206,14
222,207,3
222,208,2
222,210,14
222,211,8
222,212,4
222,213,12
222,214,3
222,215,15
222,216,10
222,217,11
222,218,7
222,220,19
222,221,26
222,223,10
222,224,25
222,225,10
222,226,1
222,227,4
222,228,3
222,229,39
222,230,5
222,231,2
222,233,3
222,234,1
222,235,1
222,237,1
222,238,2
222,239,1
222,241,11
222,244,3
222,245,2
222,246,1
222,247,3
222,249,2
222,250,16
222,251,17
222,252,7
222,253,9
222,254,2
222,255,3
222,256,4
222,257,1
222,258,1
222,259,1
222,260,2
222,262,16
222,263,2
222,264,28
222,265,2
222,266,1
222,267,1
222,268,1
222,269,1
222,270,6
222,271,3
222,273,8
222,274,1
222,275,6
222,276,1
222,277,1
222,278,1
222,281,6
222,284,11
222,285,21
222,286,50
222,287,3
222,288,1
222,289,1
222,291,1
222,294,2
222,295,4
222,296,1
222,297,1
222,299,2
222,300,1
222,302,5
222,303,1
222,304,3
222,305,3
222,306,1
222,308,1
222,310,3
222,311,1
222,313,2
222,315,5
222,316,5
222,317,1
222,319,3
222,320,29
222,323,5
222,324,1
222,325,4
222,328,3
222,330,1
222,331,1
222,333,6
222,334,4
222,335,4
222,336,7
222,337,2
222,338,3
222,340,6
222,341,2
222,342,4
222,343,2
222,345,3
222,347,1
222,348,5
222,350,34
222,351,10
222,353,2
222,354,3
222,356,91
222,358,5
222,359,1
222,364,1
222,365,5
222,366,67
222,368,4
222,369,6
222,370,1
222,373,1
222,375,4
222,376,4
222,378,10
223,4,1
223,6,2
223,7,30
223,8,1
223,9,1
223,10,7
223,13,1
223,14,7
223,15,7
223,18,5
223,19,6
223,20,2
223,21,3
223,23,2
223,31,4
223,36,1
223,37,5
223,39,2
223,40,2
223,41,3
223,42,6
223,44,7
223,46,3
223,47,4
223,54,1
223,57,2
223,60,1
223,61,11
223,62,37
223,63,4
223,64,5
223,71,1
223,73,16
223,74,7
223,75,1
223,77,3
223,79,3
223,80,4
223,81,6
223,82,27
223,83,7
223,88,1
223,90,1
223,91,1
223,94,5
223,97,1
223,98,1
223,101,1
223,102,1
223,103,1
223,104,34
223,105,11
223,106,6
223,107,19
223,108,1
223,110,2
223,112,1
223,113,1
223,114,19
223,115,1
223,116,31
223,117,1
223,118,1
223,120,1
223,123,3
223,125,2
223,130,1
223,132,1
223,133,1
223,135,3
223,137,1
223,140,1
223,142,16
223,143,7
223,144,6
223,147,2
223,148,15
223,149,19
223,150,68
223,151,2
223,152,23
223,153,3
223,154,14
223,155,1
223,156,13
223,157,1
223,158,1
223,159,3
223,160,1
223,162,12
223,163,2
223,165,3
223,166,1
223,168,45
223,169,9
223,170,12
223,171,62
223,172,5
223,174,8
223,175,9
223,177,1
223,178,6
223,179,3
223,180,5
223,181,4
223,183,2
223,184,1
223,186,5
223,189,5
223,190,1
223,191,7
223,194,1
223,195,21
223,196,4
223,197,5
223,198,2
223,199,3
223,200,8
223,202,2
223,203,2
223,204,16
223,205,1
223,206,19
223,207,2
223,209,1
223,210,3
223,212,5
223,213,4
223,214,5
223,215,6
223,216,4
223,217,14
223,218,6
223,220,15
223,221,12
223,222,2
223,224,24
223,225,3
223,226,2
223,228,1
223,229,21
223,230,5
223,231,3
223,232,1
223,235,1
223,237,2
223,239,2
223,240,1
223,241,6
223,244,1
223,245,1
223,246,1
223,247,3
223,249,4
223,250,2
223,251,15
223,252,12
223,253,8
223,257,2
223,258,4
223,260,1
223,261,1
223,262,4
223,264,12
223,266,10
223,267,1
223,268,4
223,269,2
223,270,6
223,271,2
223,273,3
223,274,8
223,275,4
223,276,5
223,277,1
223,279,1
223,282,1
223,284,6
223,285,6
223,286,30
223,287,2
223,300,1
223,303,3
223,304,7
223,308,1
223,310,3
223,311,1
223,315,2
223,316,2
223,317,1
223,319,4
223,320,20
223,322,1
223,323,4
223,324,1
223,325,2
223,328,2
223,330,7
223,331,2
223,333,5
223,335,2
223,336,2
223,337,2
223,340,6
223,341,1
223,342,4
223,344,1
223,346,1
223,348,2
223,350,19
223,351,8
223,352,1
223,354,8
223,355,1
223,356,44
223,358,1
223,362,1
223,365,2
223,366,49
223,367,1
223,369,5
223,371,5
223,373,2
223,378,12
224,5,2
224,6,1
224,7,33
224,9,1
224,11,3
224,13,3
224,14,1
224,15,8
224,16,1
224,18,11
224,19,6
224,20,6
224,21,2
224,22,5
224,24,1
224,31,1
224,36,1
224,37,5
224,40,3
224,41,2
224,42,10
224,43,1
224,44,1
224,45,1
224,46,1
224,47,5
224,52,1
224,61,9
224,62,14
224,64,4
224,66,1
224,72,1
224,73,8
224,74,4
224,75,1
224,76,3
224,79,3
224,80,1
224,81,8
224,82,15
224,83,3
224,86,5
224,88,1
224,89,1
224,90,1
224,94,3
224,97,1
224,98,1
224,103,2
224,104,14
224,105,13
224,106,13
224,107,5
224,110,4
224,113,4
224,114,10
224,116,36
224,117,1
224,121,1
224,123,2
224,128,2
224,130,1
224,132,1
224,135,2
224,142,12
224,143,7
224,146,1
224,148,5
224,149,2
224,150,84
224,151,4
224,152,24
224,153,2
224,154,2
224,155,1
224,156,1
224,157,1
224,162,4
224,163,1
224,165,1
224,168,8
224,171,14
224,174,3
224,175,48
224,178,23
224,179,4
224,180,15
224,181,8
224,182,1
224,186,1
224,187,2
224,189,7
224,191,10
224,192,1
224,194,2
224,195,3
224,197,16
224,198,9
224,199,18
224,200,45
224,201,2
224,202,1
224,204,5
224,206,3
224,207,3
224,210,2
224,211,1
224,212,2
224,213,20
224,214,12
224,215,9
224,216,3
224,217,12
224,220,1
224,221,2
224,223,4
224,225,6
224,226,2
224,227,2
224,229,66
224,230,1
224,231,1
224,233,1
224,237,3
224,238,8
224,239,1
224,241,8
224,244,1
224,245,1
224,247,6
224,249,5
224,250,14
224,251,19
224,252,3
224,253,3
224,254,2
224,255,1
224,258,1
224,260,1
224,262,2
224,264,5
224,267,1
224,270,6
224,271,3
224,272,1
224,273,7
224,276,2
224,281,1
224,283,2
224,284,12
224,285,4
224,286,3
224,287,2
224,289,9
224,291,1
224,293,1
224,301,1
224,304,1
224,307,1
224,308,6
224,309,1
224,310,1
224,311,2
224,316,3
224,317,3
224,319,1
224,320,5
224,321,4
224,323,5
224,328,2
224,329,1
224,330,1
224,333,5
224,334,1
224,335,5
224,336,4
224,337,2
224,340,2
224,341,1
224,343,4
224,345,2
224,347,1
224,350,6
224,354,1
224,356,6
224,357,1
224,361,2
224,365,2
224,366,54
224,367,1
224,368,5
224,369,1
224,371,11
224,373,1
224,378,1
225,2,1
225,5,3
225,6,1
225,7,27
225,9,3
225,10,1
225,11,3
225,12,1
225,14,6
225,15,1
225,17,1
225,18,10
225,19,12
225,20,5
225,21,1
225,22,3
225,23,1
225,27,1
225,30,1
225,37,8
225,40,5
225,41,3
225,42,20
225,43,2
225,44,3
225,46,2
225,47,5
225,51,1
225,53,3
225,55,2
225,59,1
225,61,20
225,62,33
225,63,5
225,64,1
225,68,1
225,72,3
225,73,18
225,74,10
225,75,2
225,77,1
225,78,1
225,81,14
225,82,21
225,83,2
225,86,8
225,88,1
225,90,1
225,91,1
225,94,5
225,95,1
225,98,2
225,104,27
225,105,21
225,106,14
225,107,6
225,108,1
225,109,1
225,110,1
225,112,1
225,113,4
225,114,9
225,115,1
225,116,25
225,117,2
225,121,1
225,123,5
225,125,1
225,128,1
225,130,1
225,132,1
225,133,1
225,137,1
225,139,3
225,141,1
225,142,13
225,143,5
225,144,3
225,148,2
225,149,15
225,150,84
225,151,5
225,152,28
225,154,11
225,156,7
225,157,1
225,158,4
225,159,1
225,165,2
225,166,1
225,168,19
225,171,25
225,174,6
225,175,34
225,176,1
225,178,22
225,179,4
225,180,24
225,181,1
225,183,3
225,186,2
225,187,4
225,189,10
225,190,2
225,191,12
225,192,2
225,193,2
225,194,6
225,195,14
225,196,6
225,197,19
225,198,20
225,199,18
225,200,34
225,204,2
225,205,2
225,206,3
225,210,4
225,211,2
225,212,4
225,213,17
225,214,16
225,215,9
225,216,22
225,217,17
225,218,1
225,220,6
225,221,3
225,222,1
225,224,65
225,226,4
225,227,4
225,228,9
225,229,67
225,230,2
225,231,2
225,232,1
225,233,1
225,235,1
225,236,5
225,237,7
225,238,13
225,239,1
225,240,2
225,241,19
225,244,3
225,245,6
225,247,3
225,249,13
225,250,19
225,251,20
225,252,19
225,253,9
225,254,2
225,255,3
225,257,1
225,258,1
225,263,1
225,264,2
225,265,1
225,269,1
225,270,16
225,271,5
225,273,7
225,275,2
225,276,4
225,278,1
225,280,3
225,281,1
225,284,16
225,285,6
225,286,24
225,289,4
225,291,2
225,296,2
225,297,1
225,299,1
225,302,1
225,304,4
225,305,2
225,306,2
225,307,3
225,310,4
225,311,3
225,312,1
225,314,1
225,315,6
225,316,3
225,320,15
225,321,2
225,323,13
225,325,3
225,328,2
225,331,3
225,333,5
225,334,2
225,335,5
225,337,5
225,338,1
225,340,1
225,341,1
225,342,2
225,343,2
225,344,1
225,345,1
225,348,1
225,350,3
225,351,1
225,352,1
225,356,8
225,357,1
225,358,3
225,360,1
225,361,6
225,362,1
225,365,4
225,366,69
225,367,3
225,368,3
225,369,4
225,370,3
225,371,3
225,373,1
225,375,2
225,378,4
226,6,2
226,7,15
226,9,1
226,10,3
226,11,1
226,18,5
226,19,3
226,20,2
226,21,1
226,22,1
226,26,2
226,28,1
226,30,1
226,34,1
226,41,5
226,42,4
226,51,1
226,53,1
226,54,1
226,58,1
226,61,4
226,62,1
226,63,1
226,64,1
226,73,5
226,74,6
226,75,1
226,80,1
226,81,2
226,82,13
226,83,2
226,84,1
226,86,4
226,91,1
226,92,1
226,94,5
226,98,1
226,99,1
226,103,1
226,104,19
226,105,14
226,106,12
226,107,9
226,113,3
226,114,11
226,116,10
226,117,5
226,119,1
226,121,2
226,123,3
226,130,1
226,132,1
226,142,15
226,143,7
226,144,1
226,148,5
226,149,1
226,150,47
226,152,20
226,154,3
226,167,1
226,168,8
226,170,8
226,171,8
226,173,1
226,174,4
226,175,10
226,176,1
226,178,7
226,179,4
226,180,5
226,182,1
226,188,1
226,189,2
226,190,1
226,191,6
226,194,1
226,195,10
226,196,7
226,197,12
226,198,16
226,199,15
226,200,6
226,201,2
226,203,3
226,204,5
226,206,1
226,207,2
226,208,1
226,210,1
226,211,2
226,212,2
226,213,5
226,214,3
226,215,5
226,216,10
226,217,15
226,218,1
226,220,1
226,221,2
226,224,27
226,225,7
226,227,5
226,228,4
226,229,28
226,230,1
226,231,3
226,238,9
226,241,14
226,244,3
226,245,6
226,247,1
226,249,5
226,250,5
226,251,10
226,252,20
226,253,4
226,255,1
226,257,1
226,259,1
226,260,2
226,261,1
226,262,7
226,264,2
226,270,8
226,271,2
226,276,3
226,281,2
226,282,1
226,284,10
226,285,5
226,286,13
226,287,1
226,289,2
226,291,5
226,300,1
226,301,1
226,302,1
226,306,2
226,307,6
226,308,1
226,319,1
226,320,3
226,321,3
226,322,2
226,323,11
226,326,1
226,331,1
226,334,1
226,335,1
226,337,2
226,340,2
226,345,1
226,347,2
226,348,2
226,354,5
226,355,1
226,356,2
226,360,3
226,361,2
226,362,2
226,366,35
226,368,8
226,369,10
226,371,3
226,372,2
227,7,24
227,10,1
227,11,4
227,13,2
227,14,5
227,15,2
227,16,1
227,17,2
227,18,7
227,19,10
227,20,5
227,21,4
227,22,1
227,23,1
227,29,1
227,36,1
227,37,1
227,40,5
227,41,2
227,42,3
227,44,1
227,46,1
227,47,3
227,51,1
227,61,7
227,62,18
227,64,2
227,69,1
227,72,1
227,73,10
227,74,12
227,75,2
227,80,2
227,81,7
227,82,9
227,83,2
227,84,2
227,86,10
227,88,1
227,94,8
227,97,1
227,98,2
227,102,1
227,104,35
227,105,37
227,106,19
227,107,2
227,108,2
227,110,2
227,112,1
227,113,5
227,114,14
227,116,20
227,117,2
227,120,1
227,123,6
227,125,2
227,127,2
227,128,1
227,130,1
227,133,1
227,135,1
227,139,1
227,142,19
227,143,8
227,147,1
227,148,9
227,149,10
227,150,67
227,151,7
227,152,32
227,153,4
227,154,7
227,156,2
227,166,1
227,168,8
227,169,7
227,170,4
227,171,15
227,172,1
227,173,3
227,174,6
227,175,19
227,177,2
227,178,19
227,179,7
227,180,8
227,181,7
227,182,1
227,184,1
227,185,1
227,186,3
227,187,1
227,189,7
227,190,3
227,191,10
227,192,2
227,193,6
227,194,6
227,195,3
227,196,7
227,197,24
227,198,7
227,199,7
227,200,16
227,202,4
227,203,1
227,204,5
227,205,1
227,206,6
227,207,2
227,210,2
227,211,2
227,212,4
227,213,10
227,214,5
227,215,13
227,216,9
227,217,22
227,219,1
227,220,5
227,221,2
227,222,1
227,223,1
227,224,38
227,225,8
227,226,5
227,229,40
227,230,8
227,231,3
227,232,1
227,236,9
227,238,2
227,241,14
227,242,1
227,244,5
227,245,6
227,247,3
227,249,15
227,250,20
227,251,23
227,252,15
227,253,5
227,255,2
227,259,1
227,262,2
227,264,5
227,266,2
227,267,1
227,268,1
227,269,1
227,270,11
227,273,4
227,275,1
227,276,8
227,277,1
227,278,1
227,281,3
227,282,5
227,284,11
227,285,3
227,286,9
227,288,3
227,289,5
227,291,4
227,296,2
227,301,1
227,302,2
227,303,3
227,304,3
227,305,1
227,308,7
227,310,1
227,313,1
227,314,2
227,315,7
227,316,7
227,319,1
227,320,8
227,321,1
227,323,7
227,329,1
227,331,1
227,333,5
227,335,1
227,337,2
227,340,3
227,342,3
227,345,1
227,346,1
227,350,3
227,352,2
227,354,5
227,356,6
227,360,2
227,365,4
227,366,80
227,367,4
227,368,5
227,369,22
227,370,2
227,371,2
227,376,1
227,378,1
228,2,1
228,6,4
228,7,34
228,9,2
228,11,1
228,14,2
228,15,4
228,17,1
228,18,6
228,19,6
228,21,3
228,22,1
228,26,1
228,29,1
228,31,1
228,37,2
228,40,5
228,41,6
228,42,15
228,43,2
228,44,1
228,47,3
228,52,1
228,53,2
228,55,2
228,61,13
228,62,25
228,63,5
228,64,1
228,65,1
228,66,1
228,67,1
228,69,1
228,70,1
228,71,1
228,72,1
228,73,18
228,74,11
228,77,1
228,78,1
228,79,6
228,80,4
228,81,8
228,82,13
228,83,9
228,86,7
228,88,2
228,90,2
228,94,13
228,98,5
228,101,1
228,102,2
228,104,16
228,105,14
228,106,12
228,107,15
228,109,3
228,110,2
228,111,1
228,112,2
228,113,8
228,114,24
228,115,2
228,116,45
228,121,1
228,123,2
228,128,1
228,130,3
228,131,1
228,138,1
228,139,1
228,140,1
228,142,17
228,143,6
228,147,3
228,148,10
228,149,15
228,150,131
228,151,2
228,152,54
228,153,7
228,154,7
228,155,5
228,156,5
228,160,1
228,162,1
228,163,1
228,165,1
228,166,6
228,168,15
228,169,3
228,170,11
228,171,15
228,172,3
228,174,8
228,175,27
228,176,1
228,177,1
228,178,33
228,179,8
228,180,24
228,181,8
228,182,1
228,184,2
228,185,1
228,186,1
228,187,3
228,188,2
228,189,8
228,190,2
228,191,9
228,192,6
228,193,1
228,194,1
228,195,6
228,196,5
228,197,22
228,198,16
228,199,16
228,200,28
228,201,5
228,203,1
228,204,7
228,206,4
228,207,2
228,208,1
228,211,1
228,212,3
228,213,22
228,214,11
228,215,19
228,216,10
228,217,19
228,218,2
228,219,1
228,220,5
228,221,4
228,222,1
228,224,50
228,225,17
228,229,97
228,230,2
228,231,1
228,236,3
228,237,2
228,238,3
228,239,7
228,240,2
228,241,33
228,242,1
228,244,3
228,245,6
228,247,2
228,249,12
228,250,20
228,251,36
228,252,5
228,253,4
228,254,3
228,255,4
228,258,1
228,260,2
228,262,1
228,264,6
228,265,5
228,266,2
228,267,2
228,270,22
228,271,4
228,273,8
228,275,1
228,276,10
228,280,2
228,281,2
228,284,9
228,285,9
228,286,22
228,287,1
228,288,1
228,289,1
228,290,1
228,291,2
228,293,3
228,295,3
228,296,5
228,299,1
228,302,1
228,307,3
228,310,4
228,311,3
228,315,4
228,316,6
228,317,2
228,318,1
228,319,1
228,320,18
228,322,1
228,323,6
228,325,3
228,328,2
228,331,1
228,332,2
228,333,3
228,335,10
228,336,2
228,337,5
228,340,5
228,344,1
228,345,2
228,346,3
228,348,3
228,350,6
228,351,1
228,352,1
228,354,5
228,356,7
228,358,4
228,359,4
228,360,2
228,361,2
228,365,4
228,366,101
228,367,3
228,368,2
228,369,7
228,370,1
228,372,1
228,374,1
228,375,3
228,378,1
229,5,1
229,7,40
229,10,12
229,12,2
229,14,1
229,15,2
229,18,4
229,19,5
229,20,4
229,21,1
229,24,1
229,27,2
229,29,1
229,31,1
229,37,2
229,40,9
229,41,6
229,42,12
229,43,4
229,45,1
229,46,2
229,47,3
229,59,1
229,61,13
229,62,23
229,63,5
229,64,4
229,71,1
229,73,4
229,74,8
229,76,6
229,77,1
229,78,2
229,79,1
229,80,2
229,81,9
229,82,25
229,83,6
229,86,8
229,90,1
229,92,1
229,94,6
229,97,1
229,98,2
229,100,1
229,102,1
229,104,9
229,105,15
229,106,19
229,107,11
229,110,1
229,111,1
229,112,2
229,113,1
229,114,14
229,116,30
229,123,3
229,125,1
229,128,3
229,135,1
229,137,2
229,139,1
229,142,4
229,143,8
229,144,1
229,147,1
229,148,8
229,149,17
229,150,99
229,151,13
229,152,32
229,154,10
229,155,3
229,156,1
229,160,1
229,162,4
229,165,1
229,166,2
229,168,16
229,169,3
229,170,2
229,171,10
229,172,2
229,173,1
229,175,27
229,178,20
229,179,3
229,180,7
229,181,9
229,184,1
229,185,2
229,186,5
229,187,1
229,189,10
229,190,3
229,191,9
229,192,3
229,195,3
229,196,1
229,197,8
229,198,10
229,199,10
229,200,35
229,201,1
229,202,1
229,204,13
229,205,1
229,206,2
229,209,1
229,211,2
229,212,3
229,213,9
229,214,15
229,215,6
229,216,20
229,217,10
229,218,4
229,219,1
229,220,7
229,222,1
229,224,42
229,225,3
229,226,2
229,227,4
229,228,6
229,230,1
229,231,3
229,235,1
229,236,3
229,238,5
229,240,2
229,241,20
229,242,1
229,244,1
229,245,2
229,247,2
229,249,5
229,250,13
229,251,21
229,252,6
229,253,1
229,254,1
229,256,2
229,260,3
229,262,4
229,264,1
229,265,6
229,266,2
229,270,11
229,271,5
229,273,6
229,274,4
229,276,1
229,277,2
229,284,13
229,285,4
229,286,26
229,289,5
229,290,2
229,291,3
229,295,1
229,296,1
229,304,1
229,307,1
229,308,4
229,311,1
229,312,3
229,313,5
229,315,1
229,316,2
229,319,1
229,320,12
229,323,4
229,325,6
229,330,1
229,331,1
229,332,2
229,333,2
229,335,5
229,337,6
229,340,2
229,342,1
229,343,2
229,345,1
229,350,3
229,351,1
229,352,2
229,353,1
229,354,1
229,355,1
229,356,13
229,358,2
229,359,1
229,361,5
229,362,1
229,363,1
229,366,57
229,367,1
229,369,13
229,370,1
229,371,3
229,373,1
229,375,2
229,376,2
229,377,3
230,6,3
230,7,41
230,10,6
230,11,5
230,12,2
230,13,1
230,14,4
230,15,5
230,16,1
230,18,7
230,19,12
230,20,2
230,21,3
230,22,2
230,26,1
230,33,1
230,37,1
230,40,1
230,41,5
230,42,4
230,43,1
230,44,2
230,46,3
230,47,3
230,52,1
230,53,1
230,54,1
230,60,1
230,61,4
230,62,18
230,64,1
230,66,1
230,67,1
230,72,3
230,73,16
230,74,12
230,79,1
230,80,1
230,81,10
230,82,19
230,83,4
230,86,8
230,88,1
230,89,2
230,91,1
230,94,14
230,96,1
230,97,3
230,99,1
230,102,2
230,104,20
230,105,27
230,106,28
230,107,9
230,112,6
230,113,3
230,114,11
230,116,20
230,117,5
230,118,1
230,119,1
230,123,7
230,125,2
230,126,1
230,128,1
230,129,1
230,130,6
230,133,1
230,135,1
230,138,1
230,139,3
230,142,16
230,143,7
230,144,1
230,147,2
230,148,6
230,149,13
230,150,72
230,151,4
230,152,21
230,154,11
230,155,1
230,156,8
230,158,1
230,160,1
230,165,1
230,168,16
230,169,2
230,170,2
230,171,17
230,173,2
230,174,5
230,175,20
230,177,2
230,178,14
230,179,2
230,180,8
230,181,5
230,182,2
230,183,4
230,184,1
230,186,4
230,187,3
230,189,6
230,190,3
230,191,19
230,192,6
230,193,1
230,194,1
230,195,11
230,196,3
230,197,11
230,198,2
230,199,10
230,200,30
230,201,1
230,203,6
230,204,5
230,206,1
230,207,1
230,208,1
230,210,1
230,211,1
230,212,3
230,213,11
230,214,5
230,215,7
230,216,22
230,217,33
230,218,1
230,220,3
230,221,1
230,222,2
230,224,30
230,225,9
230,226,1
230,227,7
230,228,2
230,229,35
230,231,10
230,236,4
230,237,2
230,239,2
230,241,11
230,244,3
230,245,10
230,249,15
230,250,42
230,251,26
230,252,7
230,253,4
230,254,1
230,255,1
230,259,1
230,260,1
230,264,8
230,265,2
230,270,15
230,271,3
230,273,5
230,284,11
230,285,3
230,286,15
230,287,7
230,288,1
230,289,5
230,291,3
230,293,1
230,295,3
230,305,1
230,307,2
230,308,4
230,311,6
230,313,4
230,314,1
230,315,7
230,316,5
230,320,6
230,321,5
230,322,1
230,323,9
230,325,8
230,327,1
230,328,2
230,330,1
230,332,3
230,333,1
230,334,1
230,335,3
230,336,1
230,337,4
230,338,1
230,340,4
230,341,2
230,342,10
230,343,2
230,344,1
230,346,1
230,348,2
230,350,1
230,354,11
230,356,14
230,359,1
230,360,7
230,361,7
230,362,1
230,365,6
230,366,69
230,367,3
230,368,5
230,369,16
230,371,5
230,378,2
231,6,5
231,7,25
231,9,1
231,10,2
231,11,1
231,12,2
231,17,1
231,18,5
231,19,12
231,20,5
231,21,9
231,22,6
231,23,2
231,37,2
231,40,2
231,41,3
231,42,7
231,44,1
231,46,2
231,52,1
231,53,2
231,61,10
231,62,13
231,63,1
231,72,1
231,73,7
231,74,10
231,75,1
231,77,1
231,78,2
231,80,2
231,81,1
231,82,3
231,83,4
231,86,13
231,88,1
231,92,1
231,93,1
231,94,8
231,97,2
231,104,21
231,105,15
231,106,14
231,107,9
231,112,1
231,114,8
231,116,13
231,117,2
231,123,5
231,125,2
231,128,1
231,130,3
231,133,2
231,139,5
231,142,20
231,143,3
231,144,1
231,148,3
231,149,6
231,150,62
231,151,8
231,152,13
231,153,1
231,154,1
231,156,3
231,165,1
231,166,1
231,168,2
231,169,1
231,171,13
231,173,3
231,174,5
231,175,11
231,176,1
231,178,11
231,179,3
231,180,3
231,181,8
231,182,1
231,183,2
231,184,2
231,186,1
231,187,3
231,188,1
231,189,11
231,190,2
231,191,9
231,192,1
231,193,3
231,194,2
231,195,7
231,197,7
231,198,3
231,199,6
231,200,9
231,203,1
231,204,3
231,206,4
231,207,1
231,211,1
231,212,1
231,213,9
231,214,10
231,215,6
231,216,8
231,217,14
231,220,7
231,221,5
231,224,24
231,225,3
231,228,5
231,229,36
231,230,3
231,236,5
231,238,2
231,241,7
231,244,1
231,245,28
231,249,11
231,250,29
231,251,15
231,252,3
231,255,1
231,259,2
231,262,1
231,265,2
231,270,16
231,271,1
231,273,3
231,277,1
231,279,1
231,281,2
231,284,10
231,285,4
231,286,14
231,287,1
231,288,5
231,289,3
231,293,1
231,295,2
231,296,1
231,302,1
231,304,1
231,305,1
231,307,2
231,308,2
231,309,1
231,311,2
231,313,1
231,315,5
231,316,1
231,317,1
231,320,1
231,321,3
231,322,2
231,323,9
231,333,4
231,335,1
231,337,2
231,340,1
231,342,2
231,345,1
231,351,1
231,354,4
231,356,12
231,358,2
231,359,1
231,360,2
231,361,3
231,362,2
231,365,4
231,366,37
231,367,3
231,368,4
231,369,4
231,371,2
231,375,2
231,378,3
232,3,1
232,6,1
232,7,12
232,8,1
232,10,1
232,11,1
232,14,1
232,15,1
232,16,1
232,18,4
232,19,2
232,20,1
232,26,2
232,29,1
232,31,1
232,37,3
232,38,1
232,39,2
232,40,7
232,41,4
232,43,1
232,47,6
232,53,1
232,54,2
232,61,4
232,62,30
232,63,3
232,64,1
232,65,1
232,73,23
232,74,5
232,75,1
232,76,2
232,77,1
232,79,1
232,80,4
232,81,12
232,82,23
232,83,12
232,86,6
232,87,1
232,88,3
232,90,1
232,94,2
232,97,1
232,102,1
232,104,19
232,105,6
232,106,7
232,107,32
232,110,1
232,112,4
232,113,11
232,114,36
232,115,2
232,116,15
232,118,2
232,119,1
232,120,1
232,123,3
232,125,1
232,128,1
232,130,1
232,140,1
232,142,21
232,143,7
232,144,6
232,148,18
232,149,45
232,150,45
232,151,3
232,152,15
232,153,4
232,154,14
232,155,2
232,156,1
232,160,2
232,162,8
232,165,5
232,168,44
232,169,4
232,170,16
232,171,61
232,173,4
232,174,7
232,175,8
232,178,13
232,179,6
232,180,16
232,181,8
232,184,1
232,187,3
232,188,1
232,189,13
232,191,7
232,192,2
232,195,6
232,196,1
232,197,14
232,198,4
232,199,7
232,200,10
232,203,3
232,204,20
232,205,1
232,206,14
232,207,10
232,208,2
232,209,1
232,210,13
232,211,2
232,212,2
232,213,9
232,214,6
232,215,15
232,216,2
232,217,3
232,218,7
232,219,1
232,220,16
232,221,10
232,222,5
232,223,6
232,224,11
232,225,2
232,228,6
232,229,23
232,230,4
232,233,1
232,234,1
232,235,4
232,236,1
232,237,3
232,238,2
232,240,3
232,241,8
232,246,1
232,247,5
232,249,3
232,250,8
232,251,12
232,252,5
232,253,1
232,258,2
232,259,1
232,260,2
232,262,6
232,263,5
232,264,9
232,265,1
232,266,1
232,267,6
232,269,2
232,270,5
232,273,4
232,274,1
232,275,2
232,276,1
232,281,4
232,284,1
232,285,7
232,286,17
232,287,3
232,288,4
232,289,4
232,291,3
232,292,1
232,295,2
232,296,2
232,297,2
232,301,4
232,302,2
232,306,2
232,307,1
232,310,4
232,315,3
232,316,1
232,317,1
232,319,2
232,320,17
232,323,4
232,324,1
232,325,1
232,328,5
232,332,2
232,333,7
232,335,3
232,337,3
232,340,2
232,342,3
232,343,1
232,345,3
232,349,1
232,350,17
232,351,4
232,352,2
232,354,3
232,356,48
232,357,1
232,358,3
232,359,1
232,361,1
232,364,1
232,365,2
232,366,34
232,367,2
232,368,5
232,369,3
232,370,1
232,373,1
232,374,1
232,376,6
232,378,5
233,2,3
233,7,11
233,9,2
233,10,4
233,12,2
233,13,2
233,15,2
233,18,4
233,19,3
233,20,1
233,22,3
233,26,1
233,28,1
233,29,1
233,35,2
233,37,3
233,39,2
233,41,1
233,42,7
233,44,3
233,47,3
233,51,1
233,52,1
233,54,1
233,56,1
233,61,7
233,62,32
233,63,1
233,64,3
233,67,1
233,68,1
233,72,1
233,73,9
233,74,6
233,75,2
233,78,1
233,79,1
233,80,2
233,81,11
233,82,18
233,83,17
233,86,3
233,88,1
233,90,1
233,91,1
233,94,6
233,95,1
233,97,4
233,100,2
233,103,1
233,104,20
233,105,15
233,106,12
233,107,24
233,108,4
233,112,1
233,113,15
233,114,25
233,115,2
233,116,3
233,117,5
233,118,2
233,123,6
233,124,1
233,125,1
233,130,7
233,139,1
233,142,13
233,143,3
233,144,9
233,147,1
233,148,32
233,149,31
233,150,41
233,151,1
233,152,12
233,153,4
233,154,4
233,155,8
233,158,3
233,159,1
233,160,2
233,162,1
233,163,1
233,165,5
233,166,2
233,167,1
233,168,55
233,169,10
233,170,14
233,171,64
233,172,1
233,173,10
233,174,8
233,175,6
233,177,4
233,178,4
233,179,7
233,180,8
233,181,9
233,184,3
233,185,1
233,186,1
233,189,3
233,190,1
233,191,3
233,193,6
233,195,6
233,196,1
233,197,2
233,198,3
233,199,2
233,200,15
233,201,1
233,203,5
233,204,29
233,205,2
233,206,19
233,209,1
233,210,8
233,211,9
233,212,3
233,213,2
233,214,2
233,215,13
233,216,4
233,217,7
233,218,7
233,220,11
233,221,9
233,223,6
233,224,21
233,225,8
233,228,6
233,229,18
233,230,4
233,238,2
233,239,2
233,240,1
233,241,4
233,243,1
233,244,1
233,246,2
233,247,2
233,249,3
233,250,8
233,251,14
233,252,5
233,254,2
233,255,2
233,257,1
233,258,1
233,260,2
233,262,7
233,264,7
233,265,1
233,266,2
233,269,2
233,270,2
233,273,3
233,274,1
233,276,5
233,277,3
233,278,1
233,279,1
233,281,3
233,282,5
233,285,4
233,286,35
233,287,2
233,297,3
233,299,1
233,302,2
233,304,3
233,309,1
233,310,1
233,315,1
233,316,2
233,319,2
233,320,33
233,321,1
233,323,1
233,328,1
233,330,1
233,331,1
233,333,6
233,334,2
233,336,8
233,339,2
233,340,1
233,342,1
233,344,1
233,345,2
233,346,2
233,348,2
233,350,34
233,351,2
233,352,2
233,354,1
233,356,59
233,358,3
233,359,1
233,361,1
233,363,1
233,365,4
233,366,47
233,367,1
233,368,5
233,369,3
233,373,4
233,376,1
233,377,1
233,378,3
234,1,1
234,5,1
234,7,18
234,9,2
234,11,1
234,12,3
234,14,2
234,18,2
234,19,1
234,20,3
234,23,1
234,24,2
234,27,1
234,31,3
234,34,1
234,37,1
234,38,2
234,39,1
234,40,3
234,41,5
234,42,6
234,44,1
234,46,1
234,47,4
234,52,1
234,53,1
234,54,1
234,56,3
234,61,8
234,62,47
234,63,1
234,64,6
234,73,11
234,74,7
234,75,2
234,76,2
234,77,3
234,79,2
234,80,3
234,81,12
234,82,15
234,83,13
234,90,2
234,94,5
234,95,1
234,97,4
234,98,3
234,104,28
234,105,7
234,106,5
234,107,17
234,108,1
234,110,1
234,112,2
234,113,2
234,114,27
234,116,11
234,119,1
234,120,1
234,123,4
234,128,3
234,129,1
234,130,2
234,132,1
234,139,3
234,140,1
234,142,5
234,143,4
234,147,2
234,148,13
234,149,34
234,150,37
234,152,12
234,154,6
234,156,5
234,158,14
234,160,3
234,162,7
234,163,2
234,165,1
234,166,5
234,168,41
234,169,5
234,170,18
234,171,32
234,172,1
234,174,2
234,175,3
234,178,7
234,179,2
234,180,11
234,181,3
234,189,3
234,190,1
234,195,2
234,196,1
234,197,2
234,198,5
234,199,4
234,200,17
234,201,3
234,202,1
234,203,8
234,204,24
234,205,3
234,206,15
234,207,2
234,210,2
234,211,5
234,212,5
234,213,8
234,214,3
234,215,5
234,216,8
234,217,6
234,218,9
234,220,15
234,221,4
234,222,5
234,223,2
234,224,29
234,225,8
234,227,2
234,229,28
234,231,2
234,235,6
234,236,1
234,237,1
234,241,5
234,244,1
234,245,1
234,247,9
234,248,2
234,249,3
234,250,9
234,251,8
234,252,4
234,253,4
234,254,1
234,255,2
234,258,1
234,259,2
234,263,2
234,264,5
234,266,3
234,268,2
234,270,5
234,272,1
234,274,1
234,275,1
234,276,4
234,277,3
234,278,1
234,279,1
234,281,2
234,284,1
234,285,8
234,286,17
234,287,5
234,289,2
234,293,1
234,299,1
234,301,1
234,302,1
234,304,8
234,308,1
234,310,2
234,313,1
234,314,2
234,315,1
234,316,1
234,319,1
234,320,24
234,322,1
234,323,8
234,325,1
234,326,1
234,328,2
234,329,1
234,331,3
234,332,1
234,333,5
234,336,1
234,337,7
234,340,1
234,342,2
234,345,5
234,348,1
234,350,7
234,351,4
234,352,1
234,353,4
234,354,3
234,356,80
234,358,1
234,359,2
234,361,1
234,363,2
234,366,32
234,368,4
234,369,4
234,371,1
234,373,1
234,374,1
234,377,3
234,378,11
235,7,14
235,8,2
235,10,1
235,14,5
235,15,2
235,17,2
235,18,1
235,19,2
235,22,3
235,27,1
235,30,1
235,31,1
235,37,1
235,40,2
235,41,7
235,42,10
235,43,1
235,46,3
235,61,6
235,62,39
235,63,2
235,64,3
235,71,1
235,73,4
235,74,9
235,80,2
235,81,5
235,82,8
235,83,11
235,86,6
235,90,2
235,91,1
235,94,2
235,96,1
235,97,1
235,104,19
235,105,9
235,106,6
235,107,5
235,111,1
235,112,1
235,113,7
235,114,12
235,115,1
235,116,11
235,118,1
235,120,1
235,121,3
235,123,2
235,133,1
235,135,1
235,142,13
235,143,5
235,144,2
235,148,11
235,149,15
235,150,50
235,151,1
235,152,9
235,154,3
235,156,2
235,158,4
235,162,2
235,163,3
235,166,2
235,168,23
235,170,2
235,171,27
235,173,3
235,174,2
235,175,9
235,178,8
235,179,9
235,180,4
235,181,3
235,182,2
235,183,1
235,184,1
235,189,4
235,190,2
235,191,2
235,195,1
235,197,3
235,198,5
235,200,16
235,203,2
235,204,12
235,206,9
235,209,1
235,210,1
235,211,3
235,212,3
235,213,6
235,214,1
235,215,3
235,216,5
235,217,5
235,220,9
235,221,1
235,222,1
235,224,6
235,225,4
235,227,1
235,229,27
235,231,1
235,241,8
235,244,2
235,247,2
235,248,1
235,250,3
235,251,11
235,252,1
235,253,1
235,255,1
235,259,1
235,260,1
235,262,1
235,264,11
235,267,1
235,270,3
235,271,1
235,273,2
235,274,2
235,275,1
235,276,1
235,281,5
235,284,1
235,285,8
235,286,13
235,287,1
235,288,1
235,289,10
235,291,2
235,293,1
235,295,1
235,297,2
235,302,1
235,304,8
235,307,1
235,308,4
235,310,2
235,311,2
235,315,1
235,316,1
235,317,3
235,319,1
235,320,8
235,323,3
235,328,1
235,331,6
235,332,4
235,333,4
235,334,2
235,335,3
235,336,2
235,337,7
235,340,4
235,341,3
235,345,1
235,350,1
235,353,2
235,354,1
235,356,18
235,358,2
235,359,2
235,363,4
235,366,20
235,367,3
235,368,1
235,369,1
235,371,1
235,373,1
235,375,2
235,376,2
235,377,1
235,378,1
236,2,1
236,6,4
236,7,26
236,9,2
236,10,2
236,12,3
236,15,5
236,17,2
236,18,8
236,19,4
236,20,4
236,21,4
236,22,2
236,37,4
236,39,2
236,40,2
236,41,6
236,42,4
236,44,3
236,45,2
236,46,1
236,47,1
236,52,1
236,53,1
236,58,1
236,61,17
236,62,13
236,63,1
236,64,1
236,71,3
236,72,4
236,73,8
236,74,9
236,75,1
236,79,1
236,82,18
236,83,3
236,86,3
236,94,8
236,95,1
236,97,4
236,99,1
236,100,1
236,102,1
236,104,14
236,105,9
236,106,11
236,107,8
236,110,2
236,114,4
236,116,12
236,117,1
236,125,1
236,128,1
236,130,1
236,139,1
236,142,12
236,143,7
236,144,1
236,146,1
236,148,4
236,149,4
236,150,58
236,151,4
236,152,21
236,154,2
236,159,1
236,160,1
236,168,8
236,169,3
236,170,5
236,171,5
236,174,1
236,175,21
236,178,15
236,179,4
236,180,11
236,182,2
236,187,1
236,188,2
236,189,1
236,190,1
236,191,4
236,192,2
236,195,1
236,197,17
236,198,9
236,199,9
236,200,10
236,201,1
236,203,2
236,204,3
236,206,3
236,209,1
236,210,1
236,212,1
236,213,12
236,214,11
236,215,21
236,216,47
236,217,11
236,218,1
236,219,1
236,220,2
236,221,1
236,224,23
236,225,1
236,226,4
236,227,4
236,228,6
236,229,40
236,230,7
236,231,3
236,232,1
236,237,7
236,238,7
236,239,1
236,241,9
236,244,2
236,245,11
236,247,2
236,249,15
236,250,20
236,251,25
236,252,4
236,253,8
236,255,1
236,270,20
236,272,1
236,273,5
236,275,1
236,276,7
236,280,1
236,283,1
236,284,18
236,285,6
236,286,13
236,287,1
236,289,5
236,291,3
236,294,2
236,295,1
236,296,1
236,298,1
236,299,1
236,300,1
236,302,1
236,304,6
236,308,3
236,310,1
236,311,2
236,315,3
236,316,3
236,319,1
236,320,17
236,321,2
236,322,2
236,323,8
236,324,1
236,325,3
236,328,3
236,331,3
236,332,1
236,333,2
236,335,6
236,336,1
236,337,5
236,340,2
236,342,5
236,344,4
236,345,1
236,350,5
236,351,1
236,354,1
236,356,2
236,358,2
236,359,2
236,360,1
236,361,2
236,362,1
236,365,4
236,366,38
236,368,2
236,369,15
236,370,1
236,371,3
236,373,1
236,375,1
236,376,2
236,378,2
237,7,18
237,9,1
237,10,2
237,12,2
237,13,2
237,14,1
237,15,1
237,16,1
237,18,4
237,19,6
237,20,6
237,21,2
237,22,3
237,26,2
237,34,1
237,37,2
237,40,1
237,41,13
237,42,13
237,44,3
237,46,3
237,47,7
237,59,1
237,61,6
237,62,28
237,72,1
237,73,8
237,74,10
237,80,1
237,81,6
237,82,12
237,83,1
237,86,2
237,87,1
237,94,7
237,97,2
237,98,1
237,100,2
237,103,1
237,104,18
237,105,11
237,106,5
237,107,14
237,110,1
237,113,2
237,114,9
237,116,22
237,123,1
237,125,1
237,130,1
237,132,1
237,133,1
237,136,1
237,137,1
237,142,8
237,143,4
237,144,2
237,148,3
237,149,8
237,150,63
237,151,1
237,152,15
237,154,3
237,156,2
237,159,1
237,165,1
237,168,6
237,169,3
237,171,9
237,173,2
237,174,7
237,175,30
237,178,5
237,179,4
237,180,10
237,181,5
237,187,1
237,189,5
237,191,6
237,192,1
237,193,3
237,194,1
237,195,2
237,196,4
237,197,13
237,198,7
237,199,1
237,200,34
237,204,5
237,206,3
237,211,1
237,212,5
237,213,20
237,214,7
237,215,13
237,216,20
237,217,8
237,218,1
237,219,1
237,220,1
237,221,2
237,222,2
237,224,30
237,225,5
237,226,3
237,227,1
237,228,5
237,229,42
237,230,2
237,231,2
237,236,5
237,238,7
237,239,25
237,240,1
237,241,3
237,244,5
237,245,4
237,249,9
237,250,26
237,251,18
237,252,17
237,253,2
237,260,2
237,270,8
237,271,3
237,273,6
237,274,1
237,276,3
237,280,1
237,283,1
237,284,18
237,285,10
237,286,13
237,287,4
237,289,6
237,290,2
237,291,2
237,293,1
237,294,1
237,295,5
237,296,3
237,297,1
237,304,7
237,305,1
237,306,1
237,307,1
237,308,3
237,310,1
237,311,6
237,313,1
237,314,1
237,315,1
237,316,1
237,317,2
237,320,7
237,321,3
237,323,9
237,325,2
237,333,2
237,334,1
237,335,6
237,336,2
237,337,3
237,340,7
237,343,4
237,346,1
237,348,5
237,351,1
237,356,4
237,358,2
237,359,1
237,361,3
237,362,1
237,363,1
237,365,1
237,366,33
237,367,1
237,368,1
237,369,11
237,371,2
237,375,2
237,378,6
238,6,2
238,7,25
238,9,4
238,10,1
238,11,3
238,12,1
238,15,11
238,16,1
238,18,8
238,19,3
238,20,2
238,22,6
238,24,1
238,29,1
238,31,1
238,35,4
238,37,1
238,38,1
238,40,5
238,41,4
238,42,11
238,43,6
238,44,1
238,46,7
238,47,9
238,51,1
238,52,1
238,54,1
238,56,1
238,61,13
238,62,31
238,63,4
238,64,1
238,66,1
238,73,15
238,74,9
238,75,1
238,78,1
238,81,8
238,82,13
238,83,6
238,86,6
238,87,1
238,94,10
238,98,3
238,104,22
238,105,25
238,106,16
238,107,4
238,111,1
238,112,1
238,113,4
238,114,17
238,115,2
238,116,13
238,117,2
238,119,2
238,123,1
238,129,1
238,130,1
238,140,1
238,142,12
238,143,6
238,144,1
238,148,3
238,149,3
238,150,59
238,151,3
238,152,21
238,153,1
238,154,5
238,156,1
238,160,1
238,165,1
238,166,2
238,168,9
238,170,5
238,171,9
238,174,4
238,175,22
238,177,1
238,178,11
238,179,4
238,180,2
238,181,2
238,183,1
238,187,2
238,189,5
238,190,1
238,191,5
238,193,3
238,195,12
238,197,14
238,198,6
238,199,4
238,200,27
238,203,1
238,204,6
238,206,5
238,207,1
238,210,2
238,212,3
238,213,13
238,214,13
238,215,16
238,216,35
238,217,31
238,219,1
238,220,3
238,224,27
238,225,13
238,226,2
238,227,2
238,228,3
238,229,26
238,230,2
238,231,3
238,235,1
238,236,15
238,237,8
238,239,14
238,241,13
238,245,1
238,247,1
238,249,5
238,250,32
238,251,34
238,252,19
238,253,1
238,255,1
238,259,1
238,263,1
238,264,2
238,270,3
238,273,4
238,276,3
238,278,1
238,281,1
238,284,33
238,285,3
238,286,12
238,287,1
238,289,3
238,291,1
238,292,1
238,293,2
238,294,1
238,295,1
238,296,5
238,306,1
238,308,5
238,309,1
238,310,1
238,311,4
238,313,4
238,314,1
238,315,7
238,316,16
238,317,4
238,320,7
238,321,2
238,323,10
238,324,4
238,325,5
238,328,4
238,330,2
238,331,1
238,332,3
238,333,3
238,334,1
238,335,11
238,337,1
238,340,1
238,342,2
238,345,3
238,346,2
238,348,3
238,350,2
238,354,3
238,356,6
238,361,1
238,365,2
238,366,63
238,367,6
238,369,11
238,370,1
238,372,1
238,376,1
238,378,5
239,6,1
239,7,19
239,9,6
239,14,2
239,15,11
239,16,1
239,17,1
239,18,4
239,19,3
239,20,5
239,27,1
239,29,2
239,31,1
239,35,1
239,37,3
239,41,5
239,42,11
239,44,2
239,46,4
239,50,1
239,52,1
239,54,1
239,61,10
239,62,14
239,64,1
239,68,1
239,69,1
239,70,1
239,71,1
239,72,2
239,73,12
239,74,5
239,80,7
239,81,5
239,82,6
239,83,1
239,86,4
239,90,2
239,94,2
239,95,1
239,97,1
239,100,1
239,103,1
239,104,15
239,105,18
239,106,11
239,107,10
239,112,1
239,114,5
239,115,1
239,116,11
239,119,1
239,128,1
239,129,1
239,133,1
239,142,9
239,143,2
239,144,1
239,147,1
239,148,4
239,149,2
239,150,67
239,151,7
239,152,17
239,153,4
239,154,1
239,162,1
239,168,4
239,170,5
239,171,2
239,173,2
239,175,11
239,178,11
239,179,6
239,180,10
239,181,5
239,183,1
239,184,1
239,186,2
239,187,2
239,191,6
239,192,1
239,195,4
239,197,13
239,198,2
239,199,3
239,200,26
239,202,1
239,204,2
239,206,1
239,207,2
239,211,2
239,212,6
239,213,27
239,214,8
239,215,9
239,216,26
239,217,10
239,220,12
239,221,3
239,224,36
239,225,7
239,226,1
239,228,4
239,229,33
239,230,2
239,236,8
239,237,9
239,238,2
239,241,8
239,245,1
239,247,4
239,249,20
239,250,34
239,251,20
239,252,11
239,253,14
239,255,2
239,262,1
239,264,5
239,266,3
239,270,3
239,271,2
239,273,11
239,274,1
239,276,8
239,284,25
239,285,3
239,286,23
239,287,4
239,289,11
239,290,5
239,291,3
239,294,1
239,295,1
239,296,6
239,297,2
239,302,1
239,304,7
239,308,1
239,310,2
239,311,3
239,313,1
239,314,1
239,315,5
239,316,2
239,319,2
239,320,9
239,323,5
239,325,1
239,328,3
239,331,1
239,333,3
239,334,1
239,335,6
239,337,3
239,338,1
239,340,1
239,348,2
239,350,4
239,354,1
239,356,1
239,358,1
239,359,2
239,361,1
239,365,4
239,366,30
239,367,1
239,369,10
239,375,2
239,377,1
239,378,1
240,4,1
240,6,1
240,7,26
240,9,3
240,10,3
240,11,1
240,12,2
240,15,11
240,16,1
240,17,1
240,18,9
240,19,2
240,21,1
240,22,2
240,24,1
240,25,1
240,26,1
240,30,4
240,34,2
240,36,3
240,37,5
240,39,5
240,40,6
240,41,3
240,42,4
240,43,3
240,44,5
240,45,1
240,46,1
240,47,4
240,51,1
240,56,1
240,57,1
240,61,5
240,62,31
240,63,1
240,64,5
240,65,1
240,66,1
240,69,1
240,71,1
240,73,19
240,74,5
240,76,1
240,77,1
240,78,2
240,80,1
240,81,11
240,82,20
240,83,13
240,86,1
240,89,1
240,92,2
240,94,5
240,96,1
240,97,5
240,98,3
240,102,2
240,103,1
240,104,14
240,105,9
240,106,19
240,107,17
240,110,1
240,113,12
240,114,42
240,115,1
240,116,27
240,117,3
240,123,3
240,124,1
240,125,1
240,127,1
240,130,1
240,135,1
240,139,2
240,142,23
240,143,5
240,147,1
240,148,18
240,149,34
240,150,54
240,151,2
240,152,19
240,153,6
240,154,4
240,155,4
240,156,6
240,158,1
240,162,1
240,163,1
240,165,2
240,166,14
240,168,31
240,169,8
240,170,10
240,171,40
240,173,3
240,174,11
240,175,6
240,178,11
240,180,3
240,181,1
240,186,1
240,187,2
240,188,1
240,189,9
240,191,6
240,193,1
240,194,1
240,195,7
240,196,5
240,197,4
240,198,6
240,199,2
240,200,20
240,201,1
240,203,1
240,204,19
240,205,3
240,206,6
240,207,4
240,208,1
240,210,11
240,211,3
240,212,6
240,213,11
240,214,11
240,215,15
240,216,9
240,217,6
240,218,3
240,219,2
240,220,31
240,221,18
240,224,20
240,225,1
240,226,2
240,227,3
240,229,18
240,230,1
240,231,6
240,233,1
240,236,1
240,238,3
240,239,4
240,241,30
240,244,1
240,245,2
240,247,2
240,249,2
240,250,6
240,251,8
240,252,14
240,253,1
240,254,1
240,255,2
240,256,1
240,257,3
240,258,2
240,259,2
240,262,10
240,263,5
240,264,5
240,266,2
240,267,1
240,268,1
240,270,4
240,271,1
240,272,3
240,273,1
240,275,1
240,276,12
240,278,2
240,279,1
240,280,2
240,281,5
240,283,1
240,284,8
240,285,8
240,286,34
240,287,5
240,289,8
240,290,1
240,291,5
240,293,3
240,294,1
240,296,4
240,299,1
240,302,2
240,304,7
240,308,6
240,309,1
240,310,3
240,311,1
240,315,2
240,316,2
240,317,3
240,318,1
240,319,8
240,320,15
240,321,1
240,323,1
240,325,1
240,330,4
240,331,2
240,332,9
240,333,3
240,334,3
240,335,2
240,336,3
240,337,5
240,339,2
240,340,5
240,342,2
240,343,1
240,345,1
240,348,3
240,350,4
240,353,1
240,354,4
240,355,2
240,356,35
240,359,4
240,360,3
240,361,1
240,363,1
240,364,1
240,365,4
240,366,54
240,368,4
240,369,5
240,371,4
240,373,1
240,376,3
240,377,3
240,378,3
241,7,6
241,10,3
241,11,2
241,14,3
241,18,1
241,19,2
241,22,3
241,26,2
241,27,1
241,29,1
241,30,1
241,37,3
241,40,4
241,41,1
241,42,2
241,43,2
241,46,2
241,47,7
241,53,1
241,54,1
241,60,1
241,61,2
241,62,6
241,64,3
241,67,1
241,69,2
241,71,1
241,73,3
241,74,5
241,75,1
241,77,1
241,79,1
241,80,1
241,81,1
241,82,3
241,83,1
241,86,1
241,94,3
241,95,2
241,96,2
241,97,1
241,98,1
241,101,3
241,102,1
241,103,1
241,104,9
241,105,3
241,106,6
241,107,5
241,113,1
241,114,3
241,118,1
241,123,5
241,125,3
241,126,1
241,128,1
241,129,1
241,139,2
241,140,1
241,142,4
241,143,2
241,144,2
241,147,3
241,148,3
241,149,2
241,150,5
241,153,4
241,168,2
241,170,3
241,171,6
241,173,2
241,174,2
241,175,2
241,178,1
241,179,2
241,180,4
241,184,1
241,187,1
241,189,8
241,191,1
241,195,1
241,197,1
241,198,1
241,199,5
241,200,4
241,204,2
241,206,1
241,210,2
241,211,1
241,212,2
241,213,12
241,214,2
241,215,3
241,216,3
241,217,2
241,218,1
241,219,1
241,220,1
241,222,1
241,224,3
241,225,4
241,226,1
241,227,4
241,228,1
241,229,3
241,230,1
241,235,1
241,238,4
241,245,2
241,249,1
241,251,8
241,253,5
241,254,1
241,255,1
241,260,1
241,262,3
241,264,2
241,265,1
241,268,1
241,270,6
241,273,3
241,274,1
241,276,1
241,277,1
241,279,1
241,281,4
241,284,9
241,285,4
241,286,3
241,287,3
241,289,3
241,292,2
241,300,1
241,308,1
241,309,1
241,311,3
241,315,1
241,316,3
241,317,1
241,320,2
241,321,1
241,323,5
241,324,1
241,330,1
241,331,1
241,335,1
241,337,4
241,340,2
241,342,3
241,345,3
241,346,1
241,349,1
241,351,1
241,354,5
241,356,4
241,358,1
241,359,1
241,361,2
241,362,1
241,366,16
241,368,2
241,369,6
241,376,2
241,377,1
241,378,1
242,7,31
242,9,4
242,10,5
242,12,2
242,13,2
242,14,3
242,15,5
242,16,1
242,18,7
242,19,2
242,20,1
242,21,1
242,24,1
242,30,3
242,31,1
242,35,1
242,37,1
242,39,1
242,40,1
242,41,8
242,42,2
242,44,6
242,46,2
242,47,7
242,53,1
242,54,1
242,61,17
242,62,62
242,63,3
242,65,1
242,67,3
242,69,1
242,73,11
242,74,8
242,80,7
242,81,14
242,82,19
242,83,18
242,86,6
242,87,2
242,88,1
242,90,3
242,94,5
242,97,1
242,98,2
242,101,2
242,102,1
242,103,1
242,104,10
242,105,17
242,106,8
242,107,9
242,108,2
242,110,1
242,111,1
242,112,1
242,113,2
242,114,18
242,115,1
242,116,12
242,117,6
242,123,5
242,125,3
242,128,1
242,129,2
242,142,10
242,143,15
242,148,15
242,149,19
242,150,67
242,152,17
242,154,7
242,155,3
242,156,2
242,158,1
242,159,1
242,160,3
242,161,1
242,163,1
242,165,4
242,166,2
242,168,27
242,169,3
242,170,5
242,171,44
242,173,1
242,174,10
242,175,13
242,176,1
242,178,5
242,179,2
242,180,17
242,183,2
242,184,1
242,185,1
242,189,2
242,190,1
242,191,8
242,192,3
242,193,1
242,194,1
242,195,5
242,196,4
242,197,5
242,198,6
242,199,3
242,200,22
242,203,2
242,204,16
242,205,1
242,206,4
242,207,3
242,208,1
242,210,5
242,211,6
242,212,7
242,213,4
242,214,7
242,215,9
242,216,3
242,217,15
242,218,9
242,219,2
242,220,21
242,221,4
242,222,2
242,223,2
242,224,18
242,225,7
242,227,4
242,228,1
242,229,23
242,230,2
242,231,1
242,235,2
242,236,3
242,238,5
242,239,4
242,240,2
242,241,26
242,247,3
242,249,5
242,250,4
242,251,22
242,252,13
242,253,2
242,256,1
242,259,1
242,260,1
242,262,5
242,264,5
242,265,1
242,266,4
242,267,1
242,268,2
242,270,3
242,271,2
242,273,5
242,274,2
242,276,5
242,279,1
242,280,1
242,281,4
242,283,1
242,284,6
242,285,13
242,286,34
242,287,4
242,288,2
242,289,7
242,291,3
242,293,4
242,295,7
242,302,1
242,303,1
242,304,12
242,305,3
242,308,1
242,311,1
242,315,2
242,316,5
242,317,6
242,319,3
242,320,22
242,322,1
242,323,4
242,325,4
242,328,2
242,331,4
242,332,1
242,333,13
242,334,4
242,335,16
242,336,7
242,337,3
242,338,1
242,340,6
242,342,4
242,345,4
242,348,2
242,349,1
242,350,2
242,351,1
242,352,1
242,353,1
242,354,6
242,355,1
242,356,38
242,358,4
242,359,3
242,362,1
242,363,1
242,365,3
242,366,47
242,368,10
242,369,8
242,371,4
242,374,1
242,376,2
242,377,1
242,378,7
243,2,1
243,7,9
243,10,2
243,11,3
243,12,1
243,15,4
243,16,2
243,17,1
243,18,4
243,19,1
243,22,1
243,27,1
243,31,2
243,37,2
243,40,3
243,41,3
243,42,3
243,43,1
243,44,2
243,47,4
243,54,2
243,57,1
243,61,12
243,62,33
243,63,4
243,64,3
243,65,1
243,69,1
243,73,3
243,74,5
243,76,1
243,79,1
243,80,3
243,81,4
243,82,11
243,83,4
243,86,1
243,90,2
243,94,3
243,97,2
243,98,3
243,104,10
243,105,2
243,106,7
243,107,9
243,110,1
243,111,1
243,113,4
243,114,13
243,115,3
243,116,9
243,117,1
243,118,3
243,123,3
243,128,2
243,133,1
243,142,6
243,143,5
243,147,1
243,148,3
243,149,20
243,150,18
243,151,1
243,152,3
243,153,1
243,154,2
243,155,1
243,156,8
243,158,3
243,160,3
243,162,6
243,165,4
243,166,3
243,168,25
243,169,2
243,170,8
243,171,50
243,172,1
243,173,2
243,175,8
243,177,1
243,178,4
243,179,3
243,180,5
243,181,4
243,182,2
243,184,1
243,186,4
243,189,2
243,190,4
243,191,4
243,192,1
243,194,1
243,195,2
243,196,1
243,197,1
243,198,4
243,199,1
243,200,7
243,201,1
243,202,1
243,203,5
243,204,18
243,205,1
243,206,6
243,207,3
243,208,1
243,210,5
243,211,2
243,212,4
243,214,4
243,215,13
243,216,3
243,217,8
243,218,7
243,220,5
243,221,9
243,222,2
243,223,2
243,224,4
243,225,5
243,228,1
243,229,15
243,230,1
243,231,2
243,232,2
243,233,1
243,235,1
243,238,4
243,241,1
243,242,1
243,244,1
243,245,3
243,249,2
243,250,8
243,251,11
243,252,5
243,253,1
243,255,3
243,257,1
243,259,1
243,260,3
243,262,6
243,264,2
243,266,2
243,270,4
243,272,2
243,273,2
243,274,2
243,276,4
243,281,6
243,282,1
243,284,4
243,285,7
243,286,17
243,287,1
243,288,1
243,289,6
243,291,1
243,295,3
243,296,1
243,302,2
243,308,1
243,313,1
243,315,1
243,316,2
243,319,3
243,320,9
243,322,1
243,323,3
243,325,4
243,328,2
243,331,1
243,332,4
243,333,5
243,334,2
243,335,1
243,336,4
243,339,1
243,340,5
243,342,4
243,343,2
243,345,4
243,346,1
243,349,1
243,350,37
243,352,3
243,354,2
243,356,54
243,358,3
243,361,3
243,363,1
243,365,2
243,366,52
243,368,2
243,369,5
243,371,3
243,375,3
243,378,2
244,5,1
244,6,1
244,7,20
244,8,1
244,10,1
244,11,2
244,14,3
244,15,1
244,17,1
244,18,3
244,19,3
244,20,5
244,21,1
244,22,6
244,37,1
244,40,1
244,41,4
244,42,5
244,44,1
244,45,1
244,47,2
244,53,1
244,61,5
244,62,11
244,73,1
244,74,9
244,75,1
244,79,5
244,80,2
244,81,2
244,82,6
244,83,3
244,86,2
244,87,1
244,89,1
244,92,1
244,94,4
244,95,1
244,97,1
244,102,1
244,104,16
244,105,8
244,106,8
244,107,7
244,109,1
244,110,4
244,112,2
244,113,3
244,114,21
244,115,1
244,116,9
244,123,5
244,130,1
244,132,1
244,134,1
244,139,2
244,142,12
244,143,6
244,144,1
244,145,1
244,147,2
244,149,2
244,150,50
244,151,2
244,152,9
244,153,2
244,154,2
244,156,3
244,162,1
244,165,1
244,168,3
244,170,1
244,171,7
244,173,1
244,174,1
244,175,14
244,176,1
244,177,2
244,178,7
244,179,5
244,180,14
244,181,5
244,184,2
244,186,5
244,189,8
244,190,1
244,191,7
244,192,1
244,193,1
244,194,7
244,195,5
244,196,4
244,197,17
244,198,6
244,199,2
244,200,10
244,203,1
244,204,2
244,206,5
244,212,1
244,213,2
244,214,6
244,215,5
244,216,5
244,217,9
244,220,1
244,221,2
244,224,18
244,225,5
244,227,4
244,228,1
244,229,16
244,230,2
244,231,1
244,236,6
244,238,6
244,239,3
244,240,2
244,241,9
244,245,4
244,249,7
244,250,10
244,251,23
244,252,6
244,253,3
244,255,2
244,259,1
244,260,1
244,262,5
244,265,1
244,266,2
244,270,6
244,273,2
244,274,1
244,276,1
244,281,1
244,282,1
244,284,5
244,285,1
244,286,11
244,287,1
244,289,3
244,301,1
244,302,1
244,304,3
244,305,1
244,308,4
244,310,1
244,311,1
244,315,7
244,316,4
244,319,1
244,320,2
244,321,1
244,323,9
244,325,4
244,333,3
244,335,3
244,337,2
244,342,8
244,345,1
244,350,2
244,354,4
244,359,1
244,360,2
244,361,1
244,362,1
244,363,1
244,366,41
244,367,3
244,368,1
244,369,7
244,371,3
244,377,2
245,3,1
245,6,5
245,7,15
245,10,4
245,12,2
245,15,3
245,18,7
245,19,21
245,20,5
245,21,5
245,22,1
245,31,1
245,41,3
245,42,3
245,46,2
245,47,3
245,61,8
245,62,12
245,63,1
245,64,1
245,67,1
245,71,1
245,72,1
245,73,8
245,74,8
245,76,1
245,79,1
245,80,1
245,81,1
245,82,17
245,83,1
245,86,12
245,90,1
245,94,5
245,104,10
245,105,23
245,106,22
245,107,3
245,111,1
245,112,1
245,113,5
245,114,4
245,115,4
245,116,4
245,119,1
245,121,1
245,123,1
245,125,1
245,130,2
245,133,1
245,139,4
245,140,1
245,142,10
245,143,5
245,148,2
245,149,1
245,150,56
245,151,8
245,152,13
245,154,1
245,156,2
245,159,1
245,162,1
245,166,2
245,167,1
245,168,3
245,169,1
245,170,2
245,171,7
245,173,1
245,174,3
245,175,13
245,178,15
245,179,2
245,180,1
245,181,6
245,184,1
245,186,5
245,187,3
245,188,1
245,189,7
245,191,12
245,192,13
245,193,3
245,194,1
245,196,3
245,197,14
245,198,4
245,199,6
245,200,22
245,201,2
245,202,1
245,203,1
245,204,2
245,205,1
245,206,1
245,207,1
245,210,2
245,212,2
245,213,9
245,214,4
245,215,6
245,216,14
245,217,36
245,220,1
245,221,2
245,222,1
245,224,16
245,225,7
245,226,3
245,227,1
245,228,5
245,229,28
245,230,1
245,231,4
245,236,10
245,237,1
245,238,3
245,239,1
245,241,8
245,244,4
245,249,15
245,250,30
245,251,29
245,252,7
245,253,2
245,263,1
245,270,5
245,271,2
245,273,9
245,278,1
245,282,1
245,283,2
245,284,7
245,286,6
245,287,1
245,289,2
245,290,1
245,295,1
245,296,1
245,301,1
245,304,7
245,307,2
245,308,1
245,311,2
245,312,2
245,315,15
245,316,2
245,319,1
245,320,7
245,323,12
245,324,1
245,325,13
245,328,1
245,332,1
245,333,4
245,334,2
245,337,1
245,340,3
245,342,2
245,343,2
245,350,5
245,351,1
245,352,2
245,354,3
245,356,1
245,359,1
245,360,7
245,361,3
245,362,1
245,365,4
245,366,49
245,369,5
245,378,1
246,1,1
246,2,1
246,6,1
246,7,25
246,9,2
246,10,15
246,12,1
246,14,1
246,15,3
246,18,2
246,20,1
246,21,2
246,22,2
246,26,1
246,27,1
246,29,1
246,31,1
246,34,1
246,37,4
246,40,2
246,41,3
246,42,1
246,43,2
246,44,3
246,46,1
246,47,3
246,52,2
246,56,1
246,61,9
246,62,27
246,64,3
246,71,1
246,72,1
246,73,27
246,74,4
246,75,1
246,76,1
246,77,3
246,78,1
246,79,1
246,80,3
246,81,5
246,82,22
246,83,22
246,86,6
246,88,2
246,89,1
246,90,4
246,92,1
246,94,5
246,95,1
246,98,2
246,103,1
246,104,31
246,105,10
246,106,3
246,107,19
246,110,5
246,112,1
246,113,8
246,114,49
246,115,3
246,116,14
246,118,2
246,123,5
246,128,2
246,130,7
246,135,5
246,139,1
246,141,1
246,142,21
246,143,8
246,144,2
246,145,1
246,147,2
246,148,23
246,149,50
246,150,42
246,151,6
246,152,6
246,154,10
246,155,5
246,156,9
246,159,1
246,161,1
246,162,12
246,163,1
246,165,4
246,166,1
246,168,48
246,169,9
246,170,17
246,171,61
246,172,2
246,173,6
246,174,9
246,175,12
246,177,2
246,178,12
246,179,2
246,180,20
246,181,3
246,182,1
246,184,1
246,189,4
246,190,3
246,191,3
246,193,4
246,194,1
246,195,2
246,196,5
246,197,5
246,198,12
246,199,1
246,200,15
246,201,3
246,202,1
246,203,5
246,204,30
246,205,1
246,206,39
246,207,7
246,208,1
246,210,10
246,211,4
246,212,11
246,213,5
246,214,10
246,215,9
246,216,6
246,217,10
246,218,5
246,220,15
246,222,3
246,223,5
246,224,17
246,225,3
246,226,1
246,227,5
246,228,5
246,229,32
246,231,1
246,232,2
246,233,1
246,235,7
246,236,2
246,237,1
246,238,8
246,239,1
246,240,1
246,241,13
246,244,2
246,245,3
246,247,2
246,248,3
246,249,4
246,250,7
246,251,4
246,252,9
246,253,1
246,255,3
246,257,1
246,258,4
246,259,5
246,260,3
246,262,10
246,263,1
246,264,14
246,266,4
246,267,3
246,269,3
246,270,10
246,271,2
246,272,3
246,273,4
246,274,1
246,275,2
246,276,2
246,280,1
246,281,5
246,284,9
246,285,13
246,286,29
246,287,9
246,288,1
246,289,10
246,290,1
246,291,2
246,293,3
246,295,5
246,296,2
246,299,1
246,300,3
246,302,4
246,304,4
246,308,2
246,310,3
246,311,2
246,312,1
246,315,1
246,316,2
246,319,3
246,320,23
246,322,1
246,323,3
246,325,1
246,328,3
246,329,1
246,331,2
246,332,2
246,333,3
246,334,5
246,335,3
246,336,1
246,337,2
246,338,1
246,340,4
246,341,1
246,343,1
246,345,5
246,346,1
246,348,2
246,350,17
246,351,3
246,352,4
246,354,2
246,355,1
246,356,115
246,359,1
246,362,1
246,363,1
246,364,1
246,365,1
246,366,50
246,367,2
246,368,3
246,369,4
246,370,1
246,371,2
246,373,2
246,376,2
246,378,4
247,2,2
247,3,3
247,7,8
247,9,1
247,10,6
247,11,2
247,13,5
247,15,3
247,18,1
247,19,5
247,20,1
247,24,1
247,27,1
247,29,1
247,31,2
247,37,3
247,40,12
247,41,3
247,42,5
247,43,5
247,44,2
247,45,1
247,47,3
247,57,1
247,58,1
247,59,1
247,61,9
247,62,33
247,63,3
247,64,3
247,70,1
247,73,7
247,74,7
247,75,2
247,76,1
247,77,1
247,79,4
247,80,2
247,81,12
247,82,24
247,83,11
247,86,1
247,88,4
247,90,1
247,91,3
247,94,7
247,95,1
247,97,2
247,102,1
247,104,26
247,105,17
247,106,8
247,107,27
247,112,1
247,113,8
247,114,14
247,116,22
247,117,6
247,118,2
247,120,1
247,121,2
247,123,3
247,125,2
247,129,1
247,135,2
247,139,1
247,140,1
247,142,13
247,143,5
247,144,4
247,147,1
247,148,23
247,149,30
247,150,69
247,151,1
247,152,24
247,154,4
247,155,3
247,156,9
247,157,1
247,158,5
247,160,1
247,162,8
247,165,4
247,166,4
247,168,54
247,169,5
247,170,5
247,171,46
247,173,2
247,174,6
247,175,11
247,178,17
247,179,5
247,180,5
247,181,5
247,184,3
247,186,2
247,189,3
247,190,1
247,191,2
247,192,1
247,193,1
247,194,1
247,195,2
247,196,1
247,197,6
247,198,10
247,199,3
247,200,14
247,203,5
247,204,27
247,206,16
247,207,1
247,208,1
247,210,4
247,211,1
247,212,4
247,213,6
247,214,1
247,215,6
247,216,6
247,217,13
247,218,4
247,219,2
247,220,5
247,221,6
247,222,2
247,223,3
247,224,26
247,225,3
247,226,1
247,227,1
247,228,2
247,229,49
247,231,4
247,234,1
247,235,7
247,236,1
247,238,3
247,239,1
247,241,10
247,242,1
247,248,1
247,249,2
247,250,8
247,251,16
247,252,4
247,253,5
247,254,1
247,255,2
247,257,1
247,258,1
247,259,2
247,260,2
247,262,4
247,264,10
247,265,1
247,266,1
247,270,6
247,271,1
247,273,4
247,274,2
247,276,4
247,277,3
247,281,4
247,282,1
247,284,3
247,285,11
247,286,7
247,287,3
247,289,8
247,290,5
247,291,1
247,295,2
247,296,1
247,299,1
247,301,5
247,302,1
247,304,5
247,305,1
247,308,3
247,310,1
247,311,2
247,312,1
247,315,2
247,319,1
247,320,13
247,321,3
247,322,1
247,323,4
247,324,2
247,328,3
247,331,2
247,332,6
247,333,5
247,334,2
247,335,6
247,336,3
247,337,2
247,338,1
247,339,1
247,340,2
247,342,1
247,343,2
247,345,1
247,348,2
247,350,7
247,351,2
247,353,2
247,354,2
247,356,74
247,358,5
247,359,2
247,360,4
247,361,1
247,365,2
247,366,63
247,367,3
247,369,2
247,373,1
247,375,1
247,376,1
247,378,7
248,2,1
248,3,1
248,6,1
248,7,24
248,9,4
248,11,2
248,14,4
248,15,2
248,18,1
248,19,6
248,20,1
248,21,1
248,22,2
248,26,3
248,31,1
248,37,2
248,39,1
248,40,2
248,41,4
248,42,6
248,43,1
248,45,1
248,47,3
248,54,2
248,56,4
248,57,1
248,59,1
248,61,15
248,62,28
248,63,1
248,64,3
248,67,1
248,69,1
248,71,1
248,73,15
248,74,8
248,75,2
248,77,2
248,78,1
248,79,3
248,80,3
248,81,12
248,82,17
248,83,16
248,86,6
248,87,1
248,91,1
248,94,4
248,95,2
248,97,2
248,98,1
248,101,1
248,102,1
248,103,4
248,104,26
248,105,10
248,106,11
248,107,11
248,113,4
248,114,22
248,115,2
248,116,6
248,117,2
248,118,1
248,121,2
248,123,1
248,125,1
248,135,2
248,139,2
248,140,2
248,142,18
248,143,3
248,144,3
248,147,3
248,148,18
248,149,28
248,150,60
248,151,7
248,152,24
248,153,2
248,154,7
248,155,2
248,156,7
248,157,1
248,158,13
248,159,1
248,165,5
248,166,13
248,168,49
248,169,2
248,170,11
248,171,46
248,172,1
248,173,2
248,174,13
248,175,7
248,178,12
248,179,9
248,180,7
248,181,5
248,184,1
248,185,1
248,189,6
248,190,1
248,191,8
248,193,1
248,195,5
248,197,12
248,198,2
248,199,8
248,200,19
248,202,1
248,203,4
248,204,24
248,206,6
248,207,3
248,208,1
248,210,5
248,213,3
248,214,4
248,215,8
248,216,1
248,217,3
248,218,2
248,220,6
248,221,4
248,222,3
248,223,1
248,224,25
248,225,7
248,227,1
248,228,2
248,229,29
248,230,3
248,231,3
248,232,1
248,235,4
248,236,4
248,238,8
248,241,9
248,242,1
248,244,1
248,247,8
248,249,3
248,250,9
248,251,9
248,252,8
248,254,1
248,255,1
248,256,1
248,257,3
248,258,1
248,259,1
248,260,1
248,262,2
248,264,4
248,267,1
248,269,1
248,270,4
248,272,1
248,273,4
248,274,3
248,276,5
248,280,1
248,281,4
248,283,1
248,284,10
248,285,17
248,286,26
248,287,4
248,288,1
248,289,4
248,296,1
248,299,1
248,300,1
248,302,8
248,303,4
248,304,4
248,305,1
248,308,1
248,310,2
248,311,3
248,315,4
248,317,1
248,319,3
248,320,21
248,321,1
248,323,2
248,328,2
248,331,4
248,332,1
248,333,6
248,334,3
248,335,1
248,336,2
248,339,1
248,340,4
248,342,3
248,343,1
248,345,1
248,348,2
248,350,17
248,351,6
248,353,2
248,354,2
248,356,78
248,358,3
248,359,5
248,365,3
248,366,61
248,367,2
248,368,5
248,369,2
248,371,2
248,373,2
248,375,3
248,376,2
248,377,4
248,378,10
249,6,3
249,7,36
249,10,9
249,11,3
249,14,1
249,15,3
249,17,1
249,18,16
249,19,13
249,20,10
249,21,6
249,22,9
249,26,1
249,30,3
249,31,1
249,34,1
249,37,3
249,40,2
249,41,2
249,42,5
249,43,1
249,44,1
249,46,1
249,47,1
249,51,1
249,53,2
249,61,8
249,62,20
249,64,1
249,67,2
249,72,2
249,73,10
249,74,11
249,77,1
249,80,1
249,81,6
249,82,5
249,86,4
249,90,2
249,94,5
249,98,2
249,102,1
249,104,26
249,105,31
249,106,25
249,107,7
249,113,1
249,114,3
249,116,2
249,117,2
249,123,6
249,125,1
249,126,1
249,128,4
249,130,2
249,132,1
249,139,1
249,142,10
249,143,3
249,144,1
249,149,4
249,150,104
249,151,3
249,152,11
249,154,1
249,155,2
249,159,1
249,160,1
249,162,1
249,166,2
249,168,5
249,169,1
249,170,4
249,171,12
249,174,1
249,175,23
249,178,15
249,179,5
249,180,3
249,181,4
249,185,4
249,186,1
249,187,5
249,189,4
249,190,1
249,191,12
249,192,4
249,193,3
249,194,2
249,195,3
249,196,3
249,197,13
249,198,4
249,199,11
249,200,23
249,201,1
249,204,6
249,206,2
249,211,3
249,213,9
249,214,9
249,215,12
249,216,37
249,217,34
249,218,1
249,220,4
249,221,2
249,224,27
249,225,6
249,227,4
249,228,2
249,229,26
249,230,3
249,231,2
249,235,1
249,236,6
249,238,1
249,239,1
249,240,1
249,241,6
249,245,20
249,247,2
249,250,50
249,251,37
249,252,11
249,253,11
249,254,1
249,267,1
249,270,9
249,271,3
249,273,3
249,274,1
249,284,15
249,285,8
249,286,5
249,289,7
249,291,2
249,296,3
249,304,4
249,307,1
249,308,2
249,311,2
249,313,3
249,315,7
249,316,7
249,319,2
249,320,3
249,323,4
249,325,5
249,328,3
249,330,1
249,332,1
249,335,2
249,337,1
249,340,5
249,348,1
249,351,1
249,352,1
249,354,4
249,356,3
249,360,1
249,361,9
249,362,1
249,364,1
249,365,1
249,366,62
249,367,5
249,368,7
249,369,6
249,372,2
249,375,2
249,378,2
250,5,1
250,7,43
250,9,3
250,10,4
250,12,4
250,13,3
250,14,3
250,15,4
250,17,2
250,18,14
250,19,19
250,20,11
250,21,6
250,22,11
250,26,2
250,29,2
250,39,1
250,40,5
250,41,2
250,42,7
250,43,1
250,46,3
250,47,4
250,49,1
250,54,1
250,56,2
250,59,1
250,61,6
250,62,16
250,66,1
250,67,1
250,73,22
250,74,7
250,75,1
250,77,2
250,79,2
250,80,2
250,81,11
250,82,18
250,83,4
250,86,14
250,87,1
250,90,1
250,93,1
250,94,6
250,95,1
250,97,1
250,98,1
250,103,2
250,104,34
250,105,39
250,106,30
250,107,16
250,109,1
250,111,1
250,112,1
250,113,8
250,114,15
250,116,26
250,117,1
250,123,6
250,128,1
250,130,5
250,133,1
250,139,5
250,142,21
250,143,6
250,147,2
250,148,2
250,149,5
250,150,136
250,151,2
250,152,28
250,153,1
250,154,6
250,155,1
250,156,4
250,163,1
250,165,3
250,166,1
250,168,11
250,170,2
250,171,13
250,174,5
250,175,39
250,176,1
250,177,2
250,178,16
250,179,7
250,180,18
250,181,10
250,182,1
250,185,3
250,187,1
250,189,5
250,190,2
250,191,19
250,192,3
250,193,3
250,194,3
250,195,9
250,196,5
250,197,14
250,198,7
250,199,7
250,200,24
250,201,1
250,203,4
250,204,4
250,205,2
250,206,12
250,210,2
250,211,1
250,212,4
250,213,6
250,214,2
250,215,20
250,216,26
250,217,32
250,218,1
250,220,9
250,221,1
250,223,1
250,224,47
250,225,12
250,226,5
250,227,19
250,228,11
250,229,51
250,230,7
250,231,2
250,236,12
250,238,5
250,239,2
250,241,13
250,244,3
250,245,14
250,247,1
250,249,27
250,251,79
250,252,9
250,253,9
250,255,3
250,260,1
250,262,2
250,265,3
250,266,1
250,270,14
250,273,19
250,276,4
250,284,17
250,285,3
250,286,16
250,287,2
250,289,3
250,292,3
250,293,2
250,295,6
250,296,6
250,304,7
250,308,10
250,310,8
250,311,2
250,314,1
250,316,1
250,319,1
250,320,13
250,321,1
250,323,15
250,325,7
250,326,1
250,327,1
250,328,3
250,330,1
250,332,2
250,333,4
250,334,1
250,337,3
250,340,3
250,341,2
250,342,2
250,343,5
250,344,1
250,345,3
250,346,1
250,347,1
250,349,1
250,350,3
250,351,1
250,354,2
250,356,6
250,358,1
250,360,3
250,361,3
250,362,1
250,365,9
250,366,71
250,367,4
250,368,2
250,369,15
250,371,4
250,375,2
250,377,1
251,6,1
251,7,40
251,11,1
251,12,4
251,13,1
251,14,3
251,15,2
251,18,24
251,19,12
251,20,8
251,21,1
251,22,6
251,25,1
251,37,2
251,40,4
251,41,2
251,42,2
251,43,1
251,44,1
251,46,3
251,47,1
251,52,1
251,61,7
251,62,13
251,64,2
251,66,1
251,67,1
251,72,1
251,73,1
251,74,11
251,76,1
251,77,2
251,81,4
251,82,18
251,83,2
251,84,2
251,86,8
251,90,1
251,94,9
251,95,1
251,98,1
251,100,1
251,101,1
251,104,18
251,105,21
251,106,19
251,107,5
251,109,1
251,112,3
251,113,5
251,114,2
251,116,18
251,117,2
251,123,11
251,124,2
251,128,2
251,130,1
251,131,1
251,132,1
251,135,2
251,139,1
251,142,14
251,143,8
251,146,1
251,148,1
251,149,3
251,150,86
251,151,9
251,152,19
251,156,3
251,159,1
251,160,1
251,166,1
251,168,5
251,170,2
251,171,2
251,173,2
251,174,3
251,175,30
251,177,1
251,178,22
251,179,16
251,180,7
251,181,10
251,184,1
251,186,3
251,187,7
251,189,8
251,190,1
251,191,12
251,192,1
251,194,2
251,195,5
251,196,1
251,197,24
251,198,5
251,199,2
251,200,22
251,203,2
251,204,4
251,206,2
251,207,1
251,210,1
251,211,1
251,212,3
251,213,5
251,214,4
251,215,8
251,216,33
251,217,28
251,220,3
251,221,3
251,222,1
251,224,38
251,225,12
251,226,2
251,227,3
251,228,5
251,229,37
251,230,4
251,231,3
251,232,1
251,233,1
251,236,13
251,238,3
251,241,10
251,244,2
251,245,3
251,249,11
251,250,35
251,252,13
251,253,4
251,259,1
251,262,1
251,270,6
251,273,10
251,274,1
251,276,1
251,284,8
251,285,4
251,286,7
251,287,3
251,289,6
251,290,1
251,291,1
251,295,2
251,300,1
251,304,11
251,306,1
251,307,3
251,308,5
251,310,2
251,311,5
251,313,1
251,314,1
251,315,13
251,316,1
251,319,3
251,320,2
251,321,1
251,322,1
251,323,13
251,325,4
251,333,3
251,334,1
251,335,2
251,337,3
251,341,1
251,342,3
251,343,1
251,345,1
251,346,1
251,347,2
251,348,2
251,350,4
251,354,1
251,356,6
251,359,2
251,361,1
251,365,5
251,366,54
251,367,2
251,368,3
251,369,19
251,371,2
251,372,1
251,378,2
252,6,1
252,7,46
252,9,2
252,10,7
252,11,1
252,12,1
252,14,4
252,15,5
252,17,2
252,18,14
252,19,7
252,20,7
252,21,4
252,22,13
252,25,1
252,26,1
252,27,1
252,30,1
252,37,1
252,39,1
252,40,8
252,41,14
252,42,15
252,44,3
252,45,2
252,46,4
252,47,7
252,52,1
252,54,1
252,56,1
252,57,1
252,59,2
252,61,9
252,62,41
252,63,3
252,64,1
252,73,17
252,74,11
252,75,1
252,76,1
252,79,4
252,81,9
252,82,23
252,83,6
252,86,4
252,88,1
252,90,1
252,93,2
252,94,8
252,96,1
252,97,1
252,98,2
252,100,3
252,103,1
252,104,37
252,105,48
252,106,23
252,107,22
252,110,2
252,113,6
252,114,11
252,115,2
252,116,48
252,117,4
252,118,1
252,120,1
252,123,2
252,130,3
252,131,1
252,140,1
252,142,24
252,143,16
252,144,2
252,147,1
252,148,5
252,149,17
252,150,114
252,151,11
252,152,27
252,153,1
252,154,9
252,155,2
252,156,3
252,159,1
252,160,3
252,162,2
252,163,1
252,166,1
252,168,19
252,169,4
252,170,2
252,171,18
252,173,2
252,175,34
252,177,2
252,178,46
252,179,5
252,180,18
252,181,4
252,189,3
252,190,2
252,191,10
252,192,5
252,193,2
252,194,6
252,195,19
252,196,6
252,197,38
252,198,13
252,199,13
252,200,42
252,201,1
252,202,1
252,203,2
252,204,6
252,205,1
252,206,13
252,207,1
252,208,2
252,210,1
252,211,4
252,212,8
252,213,31
252,214,15
252,215,29
252,216,31
252,217,21
252,218,3
252,219,1
252,220,5
252,221,9
252,222,1
252,224,52
252,225,16
252,226,3
252,227,5
252,228,3
252,229,69
252,230,1
252,231,5
252,236,10
252,237,2
252,238,8
252,239,1
252,241,22
252,244,10
252,245,8
252,247,5
252,249,13
252,250,40
252,251,69
252,253,5
252,254,1
252,255,4
252,257,1
252,260,1
252,261,1
252,263,2
252,264,3
252,265,2
252,266,6
252,268,1
252,270,15
252,271,2
252,273,9
252,276,5
252,279,1
252,281,2
252,282,4
252,284,24
252,285,13
252,286,14
252,287,4
252,288,1
252,289,13
252,291,3
252,293,1
252,295,5
252,298,4
252,300,1
252,304,11
252,307,3
252,308,3
252,309,1
252,310,1
252,311,4
252,313,3
252,315,4
252,316,1
252,317,2
252,319,1
252,320,16
252,321,1
252,323,9
252,325,5
252,328,3
252,330,1
252,331,1
252,332,1
252,333,17
252,334,2
252,335,10
252,336,5
252,337,8
252,339,1
252,340,9
252,342,3
252,343,5
252,345,6
252,346,6
252,350,2
252,351,4
252,353,1
252,354,4
252,356,11
252,358,3
252,359,2
252,360,2
252,361,4
252,362,2
252,363,1
252,364,1
252,365,2
252,366,80
252,368,9
252,369,19
252,371,1
252,372,1
252,375,2
252,376,2
252,378,4
253,7,7
253,9,2
253,10,2
253,15,2
253,18,5
253,19,1
253,22,3
253,23,1
253,30,1
253,34,1
253,37,1
253,39,4
253,40,2
253,41,2
253,42,8
253,44,1
253,46,4
253,47,4
253,49,3
253,53,3
253,54,1
253,56,1
253,61,4
253,62,13
253,63,2
253,64,1
253,72,1
253,73,6
253,74,14
253,76,1
253,80,3
253,81,11
253,82,4
253,83,2
253,86,6
253,90,1
253,94,5
253,100,1
253,104,10
253,105,9
253,106,16
253,107,8
253,113,2
253,114,1
253,115,5
253,116,38
253,117,7
253,119,1
253,121,1
253,139,1
253,142,6
253,143,7
253,148,3
253,149,3
253,150,62
253,151,4
253,152,12
253,154,5
253,161,1
253,168,2
253,169,5
253,170,5
253,171,10
253,173,1
253,174,2
253,175,18
253,178,7
253,179,3
253,180,8
253,181,3
253,183,2
253,184,1
253,187,3
253,189,1
253,190,3
253,191,5
253,192,4
253,193,4
253,194,1
253,195,3
253,196,4
253,197,9
253,198,7
253,199,2
253,200,20
253,201,1
253,204,1
253,206,7
253,210,1
253,213,17
253,214,4
253,215,11
253,216,11
253,217,9
253,219,1
253,220,1
253,224,30
253,225,10
253,226,1
253,227,1
253,228,4
253,229,8
253,230,3
253,231,1
253,236,4
253,239,4
253,241,5
253,242,1
253,244,3
253,245,5
253,247,3
253,249,17
253,250,4
253,251,15
253,252,3
253,259,1
253,263,1
253,266,1
253,270,1
253,273,1
253,274,2
253,276,5
253,284,7
253,285,5
253,286,3
253,290,1
253,291,1
253,293,1
253,295,2
253,296,1
253,304,5
253,308,2
253,311,1
253,314,1
253,315,3
253,316,5
253,317,1
253,320,5
253,323,6
253,325,4
253,327,1
253,328,3
253,329,1
253,331,3
253,332,3
253,333,1
253,335,11
253,337,2
253,341,1
253,342,1
253,344,1
253,345,2
253,350,1
253,351,1
253,354,2
253,356,5
253,358,2
253,359,2
253,361,5
253,362,1
253,365,3
253,366,41
253,367,2
253,368,3
253,369,13
253,372,1
253,376,1
253,378,2
254,6,9
254,7,12
254,9,1
254,10,1
254,15,3
254,18,3
254,19,3
254,22,2
254,25,1
254,26,1
254,27,1
254,30,1
254,37,4
254,39,1
254,41,1
254,42,9
254,44,1
254,46,2
254,47,1
254,51,1
254,53,2
254,56,2
254,59,2
254,60,1
254,61,9
254,62,21
254,63,1
254,64,1
254,67,1
254,72,1
254,73,6
254,74,5
254,75,1
254,80,2
254,81,4
254,82,11
254,83,5
254,86,2
254,87,1
254,91,1
254,94,5
254,95,1
254,97,2
254,98,1
254,104,5
254,105,17
254,106,10
254,107,7
254,110,1
254,113,2
254,114,5
254,115,1
254,116,37
254,117,1
254,118,1
254,120,1
254,121,1
254,123,1
254,128,1
254,129,1
254,130,1
254,142,16
254,143,3
254,144,1
254,147,1
254,148,5
254,149,11
254,150,62
254,152,19
254,153,1
254,154,1
254,156,2
254,162,1
254,166,2
254,168,4
254,170,1
254,171,10
254,174,6
254,175,8
254,177,3
254,178,6
254,179,2
254,180,5
254,181,1
254,189,7
254,190,1
254,191,3
254,192,2
254,194,2
254,195,3
254,196,2
254,197,6
254,198,6
254,199,9
254,200,18
254,201,3
254,203,1
254,204,8
254,205,1
254,206,4
254,211,2
254,212,1
254,213,6
254,214,7
254,215,4
254,216,20
254,217,7
254,218,3
254,220,5
254,221,1
254,222,1
254,224,19
254,225,3
254,226,2
254,227,5
254,228,6
254,229,33
254,230,1
254,231,1
254,235,2
254,236,2
254,237,4
254,238,5
254,239,1
254,241,17
254,244,1
254,247,2
254,249,5
254,250,7
254,251,7
254,252,1
254,253,2
254,255,2
254,256,2
254,265,1
254,266,2
254,270,10
254,271,2
254,273,4
254,275,3
254,276,3
254,281,1
254,282,2
254,283,1
254,284,4
254,285,7
254,286,9
254,287,5
254,289,7
254,290,2
254,291,3
254,311,3
254,313,2
254,315,3
254,316,4
254,319,1
254,320,8
254,321,1
254,323,4
254,325,2
254,327,1
254,328,2
254,330,1
254,331,2
254,332,2
254,335,3
254,337,3
254,340,1
254,341,1
254,342,1
254,345,1
254,346,1
254,350,4
254,352,1
254,354,1
254,356,7
254,358,1
254,359,1
254,360,1
254,361,3
254,362,3
254,365,2
254,366,53
254,367,1
254,368,2
254,369,1
254,376,1
254,378,2
255,5,2
255,6,1
255,7,29
255,8,1
255,9,2
255,10,3
255,11,1
255,12,1
255,13,1
255,14,4
255,15,1
255,16,3
255,18,4
255,19,6
255,20,1
255,25,4
255,26,1
255,31,1
255,37,4
255,39,1
255,40,4
255,41,1
255,42,6
255,44,2
255,46,7
255,47,2
255,48,2
255,53,3
255,54,2
255,56,2
255,59,1
255,61,5
255,62,25
255,63,2
255,64,5
255,67,1
255,72,1
255,73,20
255,74,2
255,75,1
255,77,1
255,78,3
255,80,1
255,81,10
255,82,13
255,83,6
255,86,2
255,88,1
255,90,4
255,91,1
255,92,1
255,94,7
255,97,3
255,98,1
255,101,6
255,102,1
255,103,1
255,104,15
255,105,13
255,106,2
255,107,16
255,112,1
255,113,4
255,114,27
255,115,3
255,116,8
255,117,1
255,118,2
255,123,3
255,124,2
255,128,2
255,130,5
255,140,2
255,142,10
255,143,8
255,144,1
255,147,8
255,148,14
255,149,28
255,150,42
255,151,1
255,152,3
255,154,8
255,155,7
255,156,10
255,158,2
255,162,14
255,166,2
255,168,13
255,169,11
255,170,9
255,171,19
255,173,3
255,174,11
255,175,11
255,177,1
255,178,4
255,179,4
255,180,2
255,183,1
255,186,1
255,188,1
255,189,6
255,191,1
255,192,1
255,195,10
255,196,2
255,197,2
255,198,2
255,199,5
255,200,8
255,201,1
255,203,2
255,204,10
255,205,2
255,206,14
255,207,1
255,210,4
255,211,6
255,212,7
255,213,14
255,214,5
255,215,6
255,216,4
255,217,13
255,218,4
255,220,7
255,221,10
255,224,19
255,225,9
255,226,1
255,228,11
255,229,15
255,230,2
255,235,2
255,236,2
255,238,6
255,239,5
255,240,1
255,241,5
255,244,1
255,246,1
255,247,2
255,249,5
255,250,6
255,251,5
255,252,6
255,253,1
255,254,1
255,258,2
255,259,3
255,260,1
255,262,4
255,264,11
255,265,1
255,266,7
255,268,3
255,270,8
255,271,4
255,272,1
255,273,4
255,275,1
255,276,10
255,281,3
255,282,2
255,284,3
255,285,10
255,286,29
255,287,8
255,289,7
255,291,1
255,293,3
255,295,1
255,296,2
255,299,1
255,302,1
255,311,2
255,315,3
255,316,2
255,317,2
255,319,2
255,320,16
255,323,8
255,325,5
255,326,1
255,330,2
255,331,2
255,332,2
255,333,5
255,334,1
255,335,1
255,336,5
255,337,1
255,340,5
255,342,3
255,345,2
255,346,2
255,350,1
255,354,3
255,356,20
255,357,3
255,358,1
255,359,2
255,362,1
255,364,1
255,365,1
255,366,46
255,367,2
255,368,1
255,369,6
255,372,1
255,375,2
255,376,3
255,378,2
256,1,1
256,3,1
256,4,1
256,6,2
256,7,18
256,8,2
256,9,3
256,10,3
256,12,3
256,14,3
256,15,7
256,17,2
256,18,6
256,19,1
256,20,2
256,21,2
256,22,8
256,23,1
256,29,2
256,31,1
256,34,2
256,35,3
256,37,2
256,40,5
256,41,1
256,42,2
256,43,1
256,44,1
256,45,1
256,47,4
256,56,1
256,61,10
256,62,36
256,64,3
256,67,1
256,69,2
256,70,1
256,73,24
256,74,9
256,75,1
256,76,1
256,77,3
256,79,3
256,80,6
256,81,9
256,82,27
256,83,4
256,86,3
256,88,2
256,90,4
256,91,2
256,94,5
256,95,1
256,97,3
256,98,5
256,103,2
256,104,30
256,105,11
256,106,11
256,107,12
256,108,2
256,112,3
256,113,4
256,114,67
256,115,2
256,116,7
256,117,4
256,118,1
256,119,2
256,120,2
256,123,4
256,124,1
256,128,1
256,129,2
256,130,2
256,135,1
256,139,1
256,140,1
256,142,15
256,143,8
256,144,3
256,147,3
256,148,15
256,149,41
256,150,41
256,151,3
256,152,12
256,153,2
256,154,8
256,155,4
256,156,2
256,161,1
256,162,4
256,165,8
256,166,11
256,167,1
256,168,31
256,169,10
256,170,5
256,171,39
256,173,7
256,174,2
256,175,11
256,177,2
256,178,3
256,179,12
256,180,3
256,181,4
256,182,1
256,186,2
256,187,1
256,189,6
256,190,3
256,191,1
256,194,2
256,195,7
256,196,2
256,197,5
256,198,7
256,199,7
256,200,8
256,202,1
256,203,6
256,204,15
256,206,15
256,208,1
256,211,3
256,212,3
256,213,9
256,214,4
256,215,13
256,216,6
256,217,8
256,218,6
256,219,1
256,220,21
256,221,10
256,222,7
256,224,25
256,225,19
256,226,2
256,227,4
256,228,8
256,229,21
256,230,3
256,231,1
256,233,3
256,235,1
256,236,2
256,238,1
256,241,12
256,242,1
256,244,6
256,245,2
256,247,3
256,249,12
256,250,9
256,251,13
256,252,10
256,254,2
256,255,6
256,260,4
256,262,7
256,263,3
256,264,13
256,266,1
256,268,1
256,270,11
256,271,2
256,273,1
256,274,1
256,276,8
256,277,3
256,280,6
256,281,9
256,282,1
256,284,5
256,285,15
256,286,27
256,287,2
256,288,1
256,289,11
256,291,1
256,292,3
256,293,1
256,294,1
256,296,1
256,297,2
256,301,2
256,302,4
256,303,1
256,304,5
256,308,2
256,310,1
256,313,1
256,315,5
256,316,1
256,317,1
256,319,1
256,320,22
256,322,1
256,323,7
256,325,4
256,328,2
256,331,5
256,332,5
256,333,3
256,334,1
256,335,2
256,336,1
256,337,7
256,338,1
256,340,10
256,342,5
256,345,5
256,348,2
256,350,5
256,351,1
256,352,1
256,353,2
256,354,3
256,356,28
256,360,2
256,361,2
256,364,1
256,366,39
256,368,1
256,369,6
256,373,1
256,374,1
256,375,1
256,376,2
256,377,2
256,378,6
257,3,1
257,7,18
257,10,3
257,11,1
257,12,1
257,14,2
257,15,2
257,18,3
257,19,3
257,20,4
257,22,4
257,26,3
257,27,1
257,31,2
257,37,5
257,39,1
257,40,3
257,41,5
257,42,11
257,44,2
257,46,1
257,47,3
257,51,2
257,56,4
257,61,14
257,62,41
257,64,8
257,67,1
257,69,1
257,70,2
257,73,21
257,74,10
257,75,1
257,76,2
257,77,1
257,79,1
257,80,1
257,81,16
257,82,39
257,83,11
257,86,1
257,87,2
257,88,2
257,90,5
257,91,1
257,92,1
257,94,6
257,95,1
257,97,2
257,98,3
257,103,2
257,104,18
257,105,13
257,106,4
257,107,26
257,110,2
257,113,4
257,114,38
257,116,24
257,117,5
257,119,1
257,120,1
257,123,10
257,125,4
257,128,1
257,130,2
257,135,2
257,139,1
257,140,1
257,142,14
257,143,8
257,144,3
257,147,5
257,148,22
257,149,56
257,150,61
257,151,5
257,152,25
257,153,3
257,154,9
257,155,2
257,156,9
257,157,1
257,158,7
257,159,3
257,160,6
257,161,5
257,162,23
257,165,1
257,166,1
257,167,1
257,168,109
257,169,8
257,170,17
257,171,69
257,172,1
257,173,4
257,174,11
257,175,9
257,177,2
257,178,8
257,179,12
257,180,6
257,184,1
257,185,1
257,187,2
257,189,5
257,190,1
257,191,7
257,193,3
257,195,14
257,196,5
257,197,7
257,198,6
257,199,5
257,200,15
257,202,3
257,203,19
257,204,31
257,206,22
257,210,5
257,211,7
257,212,9
257,213,4
257,214,4
257,215,12
257,216,11
257,217,11
257,218,11
257,220,11
257,221,7
257,222,3
257,223,15
257,224,23
257,225,12
257,226,2
257,227,1
257,229,29
257,230,2
257,231,3
257,232,1
257,233,1
257,235,1
257,236,1
257,238,2
257,239,3
257,240,1
257,241,14
257,243,2
257,244,4
257,247,10
257,249,3
257,250,10
257,251,9
257,252,8
257,253,6
257,255,3
257,259,3
257,260,1
257,262,13
257,264,17
257,266,3
257,268,1
257,269,1
257,270,4
257,271,5
257,273,5
257,274,1
257,275,5
257,276,1
257,280,4
257,281,8
257,284,8
257,285,15
257,286,30
257,287,5
257,288,8
257,289,1
257,290,1
257,291,4
257,293,1
257,294,1
257,295,1
257,296,1
257,302,2
257,304,5
257,308,9
257,310,1
257,311,2
257,315,5
257,316,1
257,318,1
257,319,4
257,320,36
257,323,7
257,327,1
257,328,5
257,331,4
257,332,2
257,333,4
257,334,3
257,336,1
257,337,3
257,340,4
257,341,1
257,342,2
257,343,1
257,345,6
257,348,1
257,349,1
257,350,25
257,351,2
257,352,1
257,353,1
257,354,5
257,356,104
257,358,3
257,359,1
257,362,1
257,364,1
257,365,1
257,366,53
257,368,5
257,369,4
257,373,1
257,375,1
257,376,1
257,378,10
258,3,1
258,7,2
258,11,1
258,15,2
258,17,1
258,18,2
258,19,1
258,24,6
258,26,2
258,32,1
258,37,5
258,40,1
258,42,4
258,43,2
258,45,2
258,46,2
258,47,5
258,51,1
258,54,1
258,61,8
258,62,26
258,63,2
258,64,2
258,67,1
258,70,1
258,73,1
258,74,1
258,75,1
258,77,2
258,78,2
258,80,3
258,81,6
258,82,9
258,83,13
258,86,1
258,87,2
258,89,1
258,94,2
258,97,1
258,98,1
258,104,12
258,105,3
258,106,6
258,107,25
258,112,2
258,113,3
258,114,25
258,116,2
258,117,2
258,118,1
258,120,1
258,123,2
258,125,1
258,128,1
258,130,1
258,139,1
258,142,9
258,143,1
258,144,3
258,148,16
258,149,14
258,150,28
258,151,1
258,152,4
258,154,4
258,156,3
258,157,1
258,158,1
258,159,5
258,162,5
258,164,1
258,165,5
258,168,30
258,169,5
258,170,14
258,171,28
258,174,2
258,175,4
258,178,1
258,179,4
258,180,4
258,185,1
258,186,1
258,189,1
258,190,1
258,191,8
258,195,5
258,197,1
258,198,2
258,200,4
258,202,2
258,203,2
258,204,21
258,206,8
258,209,2
258,210,8
258,211,2
258,212,3
258,213,2
258,214,1
258,215,2
258,216,3
258,217,5
258,218,2
258,220,6
258,221,5
258,222,2
258,223,1
258,224,5
258,225,4
258,226,1
258,229,7
258,230,1
258,231,3
258,232,2
258,235,3
258,236,1
258,238,2
258,239,1
258,240,1
258,241,11
258,247,2
258,249,3
258,250,7
258,251,5
258,252,3
258,253,3
258,255,1
258,256,1
258,257,2
258,259,4
258,262,10
258,264,8
258,267,1
258,268,2
258,269,2
258,270,5
258,274,2
258,275,1
258,281,1
258,284,1
258,285,7
258,286,16
258,287,4
258,288,1
258,289,2
258,291,4
258,292,1
258,299,1
258,301,2
258,305,2
258,310,1
258,315,3
258,319,1
258,320,3
258,321,1
258,323,1
258,328,6
258,329,1
258,331,3
258,332,1
258,333,2
258,335,1
258,336,2
258,342,2
258,345,2
258,347,1
258,349,1
258,350,24
258,354,1
258,356,27
258,358,1
258,359,1
258,361,1
258,365,1
258,366,24
258,368,2
258,369,2
258,377,1
258,378,7
259,7,2
259,8,2
259,12,1
259,15,3
259,18,1
259,20,1
259,22,2
259,30,1
259,31,1
259,34,1
259,37,2
259,40,1
259,41,1
259,42,4
259,44,1
259,51,1
259,52,1
259,61,7
259,62,17
259,64,1
259,65,1
259,73,12
259,74,1
259,75,2
259,80,2
259,81,11
259,82,2
259,83,4
259,94,2
259,97,1
259,98,3
259,104,1
259,105,6
259,106,2
259,107,5
259,111,1
259,112,4
259,113,3
259,114,11
259,116,13
259,117,1
259,120,2
259,123,1
259,128,2
259,130,3
259,135,1
259,142,9
259,143,1
259,144,4
259,147,1
259,148,7
259,149,19
259,150,19
259,153,2
259,154,1
259,156,1
259,158,1
259,162,2
259,165,1
259,167,1
259,168,26
259,169,2
259,170,6
259,171,15
259,174,4
259,175,3
259,178,1
259,180,6
259,182,1
259,187,1
259,189,3
259,193,4
259,195,2
259,196,1
259,197,5
259,198,2
259,199,1
259,200,4
259,203,6
259,204,9
259,205,3
259,206,3
259,207,2
259,210,1
259,211,1
259,212,1
259,213,5
259,214,3
259,215,12
259,217,1
259,218,3
259,220,1
259,222,2
259,223,3
259,224,7
259,225,1
259,227,3
259,229,5
259,230,2
259,232,1
259,235,1
259,237,1
259,238,1
259,241,2
259,244,1
259,247,3
259,249,3
259,251,9
259,252,5
259,253,1
259,255,1
259,257,1
259,262,3
259,267,1
259,268,1
259,270,4
259,275,2
259,282,1
259,283,1
259,284,2
259,285,1
259,286,10
259,289,1
259,291,1
259,296,1
259,302,4
259,304,1
259,311,1
259,315,2
259,316,1
259,318,2
259,319,4
259,320,9
259,323,1
259,328,1
259,329,3
259,332,2
259,335,1
259,336,2
259,340,2
259,342,1
259,349,1
259,350,24
259,351,2
259,354,2
259,356,36
259,358,2
259,359,1
259,366,18
259,368,1
259,369,1
259,372,1
259,378,3
260,3,1
260,7,9
260,9,1
260,10,2
260,11,1
260,12,2
260,14,1
260,15,2
260,16,1
260,18,1
260,19,1
260,22,1
260,26,1
260,27,1
260,29,1
260,40,2
260,41,1
260,42,4
260,43,1
260,47,2
260,53,1
260,59,1
260,60,1
260,61,3
260,62,20
260,64,1
260,67,1
260,72,1
260,73,17
260,74,8
260,75,1
260,77,1
260,78,1
260,81,13
260,82,6
260,83,7
260,86,2
260,90,2
260,92,2
260,94,6
260,97,2
260,98,2
260,104,28
260,105,2
260,106,7
260,107,13
260,108,1
260,110,1
260,111,1
260,112,1
260,113,15
260,114,29
260,116,9
260,117,2
260,121,1
260,123,2
260,125,2
260,128,1
260,129,1
260,130,2
260,139,2
260,142,8
260,143,1
260,144,1
260,148,19
260,149,34
260,150,41
260,152,12
260,153,1
260,154,20
260,157,3
260,161,1
260,162,9
260,165,2
260,166,6
260,167,2
260,168,53
260,170,17
260,171,47
260,172,1
260,173,3
260,174,2
260,175,8
260,177,1
260,178,3
260,179,4
260,180,5
260,181,2
260,186,4
260,187,3
260,189,5
260,191,10
260,193,1
260,195,1
260,197,5
260,198,1
260,199,2
260,200,10
260,202,4
260,203,9
260,204,36
260,206,7
260,207,6
260,210,7
260,211,3
260,212,1
260,213,2
260,215,8
260,216,4
260,217,4
260,218,5
260,220,11
260,221,7
260,223,4
260,224,12
260,225,6
260,227,1
260,228,2
260,229,15
260,230,4
260,231,1
260,232,1
260,235,4
260,241,5
260,244,2
260,247,2
260,250,5
260,251,16
260,252,4
260,255,1
260,258,2
260,259,3
260,261,1
260,262,4
260,264,5
260,265,3
260,267,1
260,270,3
260,273,2
260,274,4
260,276,2
260,281,2
260,282,1
260,285,3
260,286,31
260,290,1
260,291,1
260,293,1
260,295,4
260,297,1
260,302,3
260,303,1
260,304,1
260,305,2
260,307,1
260,309,1
260,315,2
260,317,3
260,319,3
260,320,15
260,323,4
260,325,1
260,326,1
260,328,5
260,329,1
260,330,1
260,331,2
260,333,2
260,337,4
260,340,2
260,342,1
260,343,2
260,345,1
260,349,2
260,350,27
260,351,7
260,352,1
260,354,3
260,356,64
260,358,2
260,359,1
260,360,1
260,363,1
260,365,1
260,366,36
260,367,2
260,368,5
260,369,4
260,375,1
260,378,3
261,2,1
261,6,2
261,7,16
261,10,2
261,15,3
261,19,2
261,24,1
261,29,1
261,30,2
261,37,2
261,38,1
261,39,1
261,40,3
261,41,1
261,42,2
261,44,1
261,46,2
261,47,2
261,61,6
261,62,26
261,63,1
261,65,2
261,73,28
261,74,4
261,75,1
261,76,1
261,80,3
261,81,8
261,82,23
261,83,8
261,86,1
261,87,1
261,88,1
261,92,1
261,94,1
261,97,2
261,98,1
261,104,33
261,105,5
261,106,6
261,107,15
261,109,2
261,110,1
261,112,1
261,113,11
261,114,35
261,115,5
261,116,18
261,117,4
261,119,2
261,125,1
261,129,1
261,130,1
261,132,1
261,139,1
261,140,1
261,142,13
261,143,7
261,144,2
261,147,1
261,148,24
261,149,28
261,150,38
261,151,3
261,152,14
261,153,1
261,154,10
261,155,1
261,156,6
261,157,1
261,158,1
261,159,1
261,161,2
261,162,8
261,163,1
261,166,5
261,168,38
261,169,5
261,170,15
261,171,68
261,173,1
261,174,6
261,175,5
261,178,3
261,179,11
261,180,12
261,181,4
261,184,2
261,189,2
261,191,2
261,195,11
261,196,1
261,197,3
261,198,6
261,199,1
261,200,16
261,203,3
261,204,14
261,206,11
261,207,5
261,208,1
261,210,3
261,211,1
261,212,5
261,213,2
261,214,3
261,215,14
261,216,7
261,217,1
261,218,9
261,220,5
261,221,3
261,222,1
261,223,5
261,224,13
261,225,5
261,227,5
261,228,2
261,229,12
261,230,1
261,237,2
261,238,2
261,241,5
261,244,1
261,245,1
261,247,8
261,249,4
261,250,5
261,251,17
261,252,5
261,253,3
261,254,1
261,255,2
261,259,1
261,260,5
261,262,7
261,263,1
261,264,12
261,265,4
261,266,1
261,267,3
261,268,1
261,269,1
261,270,2
261,271,1
261,272,1
261,273,2
261,274,1
261,275,2
261,276,3
261,278,1
261,280,1
261,281,6
261,284,2
261,285,8
261,286,27
261,287,2
261,289,1
261,290,2
261,291,1
261,292,3
261,295,1
261,296,3
261,297,1
261,302,1
261,304,4
261,307,1
261,308,2
261,310,1
261,311,2
261,313,2
261,315,2
261,316,2
261,318,1
261,320,12
261,323,1
261,325,3
261,327,1
261,329,1
261,330,1
261,331,3
261,332,1
261,333,10
261,334,7
261,336,2
261,337,6
261,340,1
261,342,1
261,345,2
261,349,1
261,350,53
261,351,3
261,352,3
261,354,4
261,356,36
261,361,2
261,365,2
261,366,52
261,367,2
261,368,2
261,369,2
261,371,5
261,373,1
261,374,3
261,376,4
261,377,2
262,3,2
262,7,39
262,8,2
262,9,3
262,10,5
262,12,2
262,14,4
262,15,3
262,18,3
262,22,4
262,25,1
262,29,1
262,31,1
262,36,1
262,37,2
262,40,3
262,41,2
262,42,2
262,43,1
262,44,5
262,46,2
262,47,3
262,49,2
262,53,1
262,54,1
262,56,3
262,61,4
262,62,31
262,63,2
262,64,6
262,67,1
262,72,1
262,73,32
262,74,7
262,75,2
262,77,4
262,79,2
262,80,1
262,81,12
262,82,39
262,83,20
262,84,2
262,86,8
262,88,1
262,90,2
262,94,2
262,95,1
262,96,1
262,97,3
262,98,3
262,104,52
262,105,16
262,106,5
262,107,18
262,110,2
262,112,7
262,113,9
262,114,34
262,116,22
262,117,5
262,119,2
262,123,13
262,125,2
262,128,1
262,130,1
262,139,1
262,142,23
262,143,13
262,144,2
262,147,5
262,148,36
262,149,60
262,150,69
262,151,4
262,152,13
262,153,4
262,154,6
262,155,3
262,156,4
262,157,1
262,158,2
262,162,12
262,164,1
262,165,6
262,166,4
262,168,60
262,169,14
262,170,18
262,171,82
262,172,2
262,173,2
262,174,12
262,175,8
262,177,3
262,178,14
262,179,5
262,180,11
262,181,2
262,182,1
262,184,1
262,186,2
262,189,11
262,190,8
262,191,8
262,193,1
262,195,8
262,196,3
262,197,11
262,198,2
262,199,3
262,200,28
262,201,2
262,202,1
262,203,6
262,204,23
262,205,2
262,206,23
262,207,4
262,209,1
262,210,4
262,211,13
262,212,4
262,213,5
262,214,7
262,215,18
262,216,13
262,217,3
262,218,2
262,220,23
262,221,19
262,222,6
262,223,4
262,224,23
262,225,8
262,226,1
262,227,3
262,228,7
262,229,38
262,230,1
262,231,1
262,232,1
262,235,3
262,236,2
262,237,1
262,238,7
262,239,1
262,241,8
262,244,6
262,245,1
262,247,5
262,249,5
262,250,7
262,251,14
262,252,10
262,253,2
262,255,2
262,257,4
262,258,3
262,259,2
262,260,2
262,263,2
262,264,13
262,266,1
262,269,2
262,270,9
262,272,1
262,274,5
262,275,3
262,276,2
262,277,1
262,278,1
262,279,3
262,281,9
262,282,2
262,283,1
262,284,12
262,285,13
262,286,37
262,287,6
262,288,2
262,289,2
262,291,6
262,302,4
262,304,3
262,305,2
262,310,3
262,311,1
262,315,1
262,316,1
262,317,7
262,319,7
262,320,29
262,321,1
262,323,1
262,325,2
262,326,1
262,327,1
262,328,5
262,330,3
262,331,4
262,333,3
262,334,1
262,335,1
262,336,6
262,337,6
262,338,3
262,339,2
262,340,4
262,341,1
262,342,3
262,343,1
262,345,6
262,346,1
262,348,1
262,350,49
262,351,3
262,352,2
262,353,3
262,354,4
262,355,1
262,356,67
262,358,2
262,359,3
262,360,1
262,361,1
262,365,4
262,366,60
262,367,1
262,368,7
262,369,9
262,370,2
262,371,4
262,376,1
262,378,2
263,7,12
263,9,5
263,10,1
263,11,2
263,13,2
263,19,4
263,20,2
263,21,3
263,22,4
263,26,2
263,27,2
263,30,1
263,31,2
263,36,1
263,40,3
263,41,2
263,42,9
263,43,1
263,46,1
263,47,1
263,51,1
263,52,1
263,53,1
263,54,1
263,58,1
263,60,1
263,61,7
263,62,36
263,63,4
263,64,5
263,73,16
263,74,9
263,75,2
263,76,2
263,77,1
263,78,1
263,80,1
263,81,13
263,82,20
263,83,9
263,86,2
263,87,1
263,94,5
263,97,3
263,98,1
263,104,32
263,105,7
263,106,2
263,107,22
263,108,5
263,110,2
263,112,1
263,113,1
263,114,27
263,115,3
263,116,8
263,117,2
263,118,3
263,123,5
263,126,1
263,128,1
263,139,1
263,142,17
263,143,3
263,144,1
263,148,8
263,149,28
263,150,28
263,151,1
263,152,12
263,153,4
263,154,18
263,155,8
263,156,9
263,159,1
263,160,1
263,162,2
263,165,2
263,166,7
263,168,33
263,169,8
263,170,15
263,171,39
263,172,3
263,173,8
263,174,3
263,175,4
263,178,5
263,179,1
263,180,3
263,181,9
263,186,1
263,187,2
263,189,6
263,190,3
263,191,5
263,195,1
263,196,2
263,197,4
263,198,5
263,199,1
263,200,9
263,201,1
263,202,1
263,203,5
263,204,14
263,206,8
263,207,7
263,211,3
263,212,5
263,213,2
263,214,4
263,215,8
263,216,8
263,217,2
263,218,2
263,219,3
263,220,8
263,221,17
263,222,9
263,223,2
263,224,12
263,225,8
263,226,1
263,228,4
263,229,9
263,230,3
263,231,3
263,235,2
263,237,1
263,238,1
263,239,4
263,241,1
263,244,3
263,245,1
263,247,3
263,248,2
263,249,3
263,250,9
263,251,17
263,252,7
263,253,4
263,254,2
263,255,2
263,256,3
263,258,2
263,259,3
263,262,12
263,264,15
263,267,1
263,269,3
263,270,10
263,272,1
263,273,2
263,274,5
263,275,1
263,276,6
263,277,2
263,278,1
263,281,2
263,284,3
263,285,3
263,286,25
263,287,3
263,288,1
263,289,3
263,290,1
263,291,1
263,302,6
263,304,1
263,310,2
263,311,2
263,313,1
263,317,2
263,319,6
263,320,21
263,323,2
263,325,1
263,328,2
263,333,8
263,334,1
263,335,2
263,336,3
263,337,4
263,338,2
263,339,1
263,340,2
263,342,5
263,343,2
263,345,2
263,348,1
263,349,2
263,350,25
263,351,1
263,354,4
263,356,47
263,358,6
263,359,2
263,361,2
263,362,2
263,365,1
263,366,42
263,368,5
263,369,5
263,371,3
263,372,1
263,373,4
263,376,2
263,378,1
264,1,1
264,5,1
264,7,25
264,9,1
264,10,5
264,14,1
264,15,6
264,17,1
264,19,1
264,21,3
264,29,2
264,31,1
264,35,1
264,37,2
264,39,1
264,40,5
264,41,4
264,42,2
264,43,1
264,45,1
264,46,1
264,47,6
264,51,1
264,53,2
264,54,2
264,61,10
264,62,40
264,63,4
264,64,1
264,72,1
264,73,19
264,74,10
264,75,3
264,76,1
264,77,2
264,78,1
264,79,3
264,80,2
264,81,8
264,82,28
264,83,23
264,86,2
264,88,2
264,90,2
264,91,1
264,94,5
264,95,1
264,97,6
264,103,1
264,104,31
264,105,8
264,106,2
264,107,26
264,110,1
264,112,2
264,113,11
264,114,60
264,115,4
264,116,8
264,117,1
264,118,1
264,119,2
264,120,2
264,123,11
264,125,3
264,128,1
264,129,1
264,130,2
264,135,1
264,140,1
264,142,24
264,143,10
264,144,3
264,147,4
264,148,14
264,149,34
264,150,43
264,151,2
264,152,13
264,153,2
264,154,10
264,155,3
264,156,2
264,158,1
264,159,1
264,160,1
264,161,1
264,162,8
264,163,3
264,165,1
264,166,6
264,168,46
264,169,10
264,170,31
264,171,43
264,172,2
264,173,8
264,174,10
264,175,12
264,177,1
264,178,3
264,179,7
264,180,14
264,181,6
264,182,4
264,184,1
264,185,1
264,186,5
264,187,1
264,189,3
264,190,4
264,191,3
264,192,4
264,194,3
264,195,7
264,196,2
264,197,5
264,198,5
264,199,7
264,200,28
264,202,3
264,203,1
264,204,9
264,206,36
264,207,4
264,209,4
264,210,10
264,211,3
264,212,5
264,213,13
264,214,13
264,215,16
264,216,7
264,217,16
264,218,15
264,220,38
264,221,15
264,222,2
264,223,4
264,224,17
264,225,13
264,226,1
264,227,2
264,228,7
264,229,14
264,230,2
264,231,4
264,232,2
264,236,2
264,238,5
264,240,1
264,241,13
264,244,4
264,245,4
264,246,3
264,247,1
264,248,2
264,249,10
264,250,5
264,251,18
264,252,5
264,253,3
264,255,3
264,256,1
264,259,2
264,260,1
264,262,12
264,267,1
264,270,3
264,271,7
264,273,1
264,275,3
264,276,1
264,277,4
264,279,3
264,280,2
264,281,3
264,284,1
264,285,11
264,286,41
264,287,6
264,289,6
264,291,1
264,293,1
264,294,1
264,295,3
264,304,5
264,308,2
264,310,2
264,311,1
264,315,2
264,316,2
264,317,5
264,318,2
264,319,3
264,320,24
264,321,1
264,323,5
264,324,1
264,329,1
264,331,2
264,332,2
264,333,1
264,334,5
264,335,5
264,336,1
264,337,5
264,338,3
264,340,3
264,341,1
264,342,4
264,343,1
264,345,1
264,347,1
264,348,2
264,350,18
264,351,1
264,352,1
264,353,1
264,354,2
264,356,54
264,359,2
264,361,1
264,363,3
264,365,2
264,366,44
264,367,2
264,368,7
264,369,5
264,371,3
264,373,1
264,374,1
264,375,1
264,376,2
264,377,1
264,378,4
265,3,1
265,5,1
265,6,1
265,7,42
265,10,2
265,11,2
265,13,1
265,14,4
265,15,3
265,16,1
265,18,7
265,19,2
265,20,1
265,22,2
265,24,1
265,31,2
265,34,1
265,37,2
265,40,10
265,41,13
265,42,16
265,44,2
265,45,2
265,51,1
265,53,1
265,61,13
265,62,32
265,63,3
265,64,5
265,71,1
265,72,1
265,73,13
265,74,14
265,75,1
265,79,4
265,81,13
265,82,29
265,83,14
265,86,5
265,87,1
265,89,1
265,93,1
265,94,6
265,95,2
265,96,1
265,97,2
265,98,3
265,100,1
265,104,31
265,105,18
265,106,12
265,107,5
265,109,2
265,110,3
265,112,2
265,113,6
265,114,29
265,116,24
265,117,2
265,119,1
265,123,3
265,125,2
265,130,2
265,134,1
265,135,1
265,140,1
265,142,8
265,143,14
265,148,14
265,149,20
265,150,101
265,151,8
265,152,22
265,153,2
265,154,3
265,156,1
265,158,4
265,162,3
265,165,1
265,166,2
265,168,15
265,169,4
265,170,10
265,171,27
265,174,10
265,175,18
265,177,1
265,178,9
265,179,10
265,180,5
265,181,11
265,184,2
265,185,1
265,186,1
265,187,3
265,188,1
265,189,10
265,190,3
265,191,8
265,193,3
265,194,2
265,195,6
265,196,7
265,197,8
265,198,7
265,199,11
265,200,27
265,201,1
265,202,1
265,203,1
265,204,13
265,206,6
265,207,4
265,208,1
265,210,1
265,211,6
265,212,7
265,213,32
265,214,7
265,215,10
265,216,13
265,217,34
265,218,9
265,219,2
265,220,8
265,221,3
265,222,1
265,224,36
265,225,16
265,228,19
265,229,46
265,230,3
265,231,2
265,235,1
265,236,4
265,238,7
265,239,2
265,241,16
265,244,1
265,245,4
265,247,4
265,249,15
265,250,15
265,251,34
265,252,9
265,253,3
265,255,3
265,259,1
265,260,2
265,262,8
265,264,3
265,266,9
265,270,13
265,271,2
265,273,6
265,274,1
265,275,2
265,276,3
265,281,10
265,282,1
265,284,10
265,285,16
265,286,19
265,287,1
265,288,1
265,289,6
265,290,4
265,291,7
265,293,3
265,295,5
265,296,1
265,297,2
265,299,2
265,304,3
265,305,3
265,306,2
265,307,3
265,308,1
265,309,2
265,310,3
265,311,1
265,315,5
265,316,7
265,317,4
265,319,1
265,320,14
265,321,1
265,323,3
265,325,4
265,326,1
265,327,1
265,328,10
265,330,1
265,331,1
265,332,5
265,333,7
265,334,1
265,335,11
265,336,6
265,337,4
265,338,2
265,340,7
265,342,1
265,343,1
265,344,1
265,346,1
265,348,2
265,350,5
265,352,1
265,353,1
265,354,1
265,356,27
265,359,5
265,360,5
265,362,1
265,363,1
265,366,68
265,368,4
265,369,16
265,371,3
265,372,1
265,375,2
265,378,7
266,6,1
266,7,48
266,9,1
266,10,2
266,11,1
266,14,1
266,15,2
266,18,8
266,19,9
266,20,4
266,21,4
266,22,4
266,24,3
266,26,1
266,29,2
266,31,1
266,37,3
266,40,1
266,41,2
266,42,9
266,43,1
266,44,2
266,45,3
266,46,5
266,47,2
266,53,3
266,54,2
266,57,1
266,61,13
266,62,15
266,63,4
266,64,9
266,73,20
266,74,10
266,75,4
266,77,2
266,79,2
266,80,5
266,81,9
266,82,14
266,83,5
266,86,2
266,87,1
266,88,1
266,94,10
266,98,1
266,100,1
266,104,18
266,105,12
266,106,9
266,107,12
266,108,1
266,111,1
266,112,3
266,113,7
266,114,20
266,116,9
266,118,1
266,119,1
266,123,2
266,125,2
266,130,4
266,131,1
266,135,1
266,142,16
266,143,8
266,144,2
266,148,12
266,149,12
266,150,65
266,151,8
266,152,9
266,153,1
266,154,4
266,156,4
266,161,1
266,162,5
266,165,4
266,168,19
266,169,10
266,170,3
266,171,26
266,173,5
266,174,12
266,175,17
266,177,1
266,178,3
266,179,3
266,180,23
266,181,2
266,183,1
266,186,6
266,187,2
266,189,17
266,191,2
266,192,2
266,195,9
266,196,4
266,197,4
266,198,5
266,199,9
266,200,16
266,201,1
266,202,2
266,203,2
266,204,6
266,205,1
266,206,6
266,207,1
266,208,1
266,210,1
266,211,7
266,212,4
266,213,5
266,214,6
266,215,11
266,216,9
266,217,9
266,218,5
266,219,1
266,220,18
266,221,5
266,223,2
266,224,14
266,225,4
266,226,2
266,227,5
266,228,12
266,229,30
266,230,1
266,231,4
266,236,3
266,237,1
266,238,10
266,240,2
266,241,14
266,244,1
266,245,1
266,247,1
266,249,5
266,250,16
266,251,21
266,252,8
266,255,9
266,257,2
266,259,5
266,262,2
266,264,7
266,265,1
266,269,1
266,270,5
266,273,1
266,276,4
266,277,1
266,281,3
266,283,5
266,284,8
266,285,3
266,286,31
266,287,6
266,290,1
266,291,1
266,293,3
266,304,6
266,307,1
266,308,2
266,310,3
266,313,1
266,315,1
266,316,2
266,317,1
266,320,24
266,323,4
266,324,3
266,328,3
266,330,4
266,331,5
266,332,4
266,333,7
266,335,1
266,336,1
266,337,3
266,338,3
266,340,5
266,342,9
266,343,1
266,345,2
266,347,2
266,352,4
266,354,3
266,355,2
266,356,37
266,358,1
266,359,3
266,361,1
266,362,1
266,365,3
266,366,35
266,368,3
266,369,3
266,370,2
266,371,3
266,372,1
266,373,1
266,375,3
266,376,1
266,378,4
267,5,2
267,6,1
267,7,44
267,9,4
267,10,5
267,11,6
267,12,2
267,13,1
267,14,9
267,15,8
267,17,1
267,18,5
267,19,10
267,21,2
267,22,5
267,24,7
267,25,1
267,26,1
267,28,4
267,31,2
267,34,5
267,36,3
267,37,4
267,38,1
267,40,13
267,41,8
267,42,24
267,43,3
267,46,2
267,47,2
267,52,1
267,54,3
267,61,23
267,62,76
267,63,2
267,64,7
267,67,1
267,73,29
267,74,15
267,75,2
267,76,2
267,77,2
267,79,2
267,80,10
267,81,15
267,82,46
267,83,12
267,86,7
267,87,1
267,89,1
267,90,1
267,92,1
267,94,8
267,95,3
267,97,1
267,98,3
267,103,1
267,104,23
267,105,33
267,106,15
267,107,17
267,109,1
267,110,2
267,112,5
267,113,4
267,114,57
267,115,2
267,116,21
267,117,2
267,118,1
267,121,1
267,123,4
267,124,1
267,125,1
267,126,1
267,128,2
267,129,2
267,130,3
267,135,5
267,140,1
267,142,21
267,143,9
267,144,6
267,147,4
267,148,16
267,149,33
267,150,119
267,151,6
267,152,33
267,153,1
267,154,18
267,155,6
267,156,7
267,157,2
267,162,4
267,165,5
267,166,8
267,168,37
267,169,6
267,170,20
267,171,52
267,174,21
267,175,26
267,177,2
267,178,14
267,179,13
267,180,8
267,181,7
267,186,9
267,189,15
267,190,5
267,191,8
267,192,1
267,193,2
267,195,7
267,196,5
267,197,15
267,198,14
267,199,7
267,200,36
267,201,1
267,202,1
267,203,5
267,204,15
267,206,14
267,207,4
267,209,1
267,210,14
267,211,5
267,212,8
267,213,14
267,214,11
267,215,9
267,216,19
267,217,21
267,218,15
267,220,34
267,221,11
267,222,5
267,224,55
267,225,7
267,227,1
267,228,9
267,229,33
267,230,3
267,231,1
267,235,4
267,236,1
267,237,2
267,238,7
267,240,1
267,241,45
267,242,1
267,244,3
267,245,1
267,246,1
267,247,10
267,249,5
267,250,13
267,251,30
267,252,21
267,253,4
267,254,1
267,255,5
267,259,2
267,260,2
267,262,9
267,264,13
267,265,3
267,266,2
267,268,1
267,270,19
267,271,4
267,272,2
267,273,2
267,274,9
267,275,1
267,276,8
267,277,9
267,278,1
267,279,1
267,280,6
267,281,7
267,284,15
267,285,17
267,286,51
267,287,7
267,288,1
267,289,13
267,290,1
267,291,2
267,292,2
267,293,3
267,295,17
267,296,1
267,299,2
267,302,5
267,303,2
267,304,2
267,308,6
267,310,3
267,311,4
267,312,1
267,315,1
267,316,2
267,317,3
267,319,11
267,320,24
267,321,1
267,323,6
267,325,5
267,327,1
267,328,16
267,329,3
267,331,4
267,332,7
267,333,5
267,334,1
267,335,14
267,336,1
267,337,11
267,338,7
267,339,2
267,340,10
267,342,2
267,345,1
267,346,1
267,348,2
267,349,1
267,350,14
267,351,2
267,352,2
267,353,2
267,354,7
267,356,59
267,358,3
267,359,3
267,362,2
267,364,3
267,365,9
267,366,81
267,367,3
267,368,4
267,369,6
267,371,2
267,373,1
267,375,3
267,376,6
267,377,2
267,378,11
268,3,1
268,6,1
268,7,30
268,8,4
268,10,5
268,11,1
268,12,1
268,14,4
268,15,6
268,18,3
268,19,9
268,21,5
268,22,3
268,27,1
268,29,1
268,31,3
268,34,1
268,37,1
268,39,2
268,40,2
268,41,3
268,42,3
268,43,1
268,44,2
268,49,1
268,52,1
268,61,6
268,62,35
268,64,5
268,67,1
268,72,1
268,73,26
268,74,3
268,76,1
268,77,1
268,78,2
268,80,2
268,81,3
268,82,22
268,83,1
268,84,1
268,88,2
268,90,2
268,94,9
268,95,1
268,97,2
268,98,1
268,104,22
268,105,18
268,106,8
268,107,18
268,109,1
268,112,3
268,113,2
268,114,26
268,115,1
268,116,10
268,117,1
268,118,2
268,120,1
268,121,2
268,123,3
268,128,1
268,142,16
268,143,3
268,144,4
268,147,1
268,148,11
268,149,24
268,150,41
268,151,3
268,152,14
268,153,2
268,154,4
268,155,4
268,156,3
268,157,2
268,158,1
268,160,1
268,161,1
268,162,2
268,163,1
268,165,4
268,166,2
268,168,20
268,169,5
268,170,1
268,171,26
268,172,1
268,174,3
268,175,11
268,177,3
268,178,4
268,179,10
268,180,22
268,181,1
268,185,1
268,187,1
268,189,2
268,190,1
268,191,8
268,193,2
268,195,6
268,196,3
268,197,5
268,198,10
268,199,2
268,200,11
268,203,5
268,204,9
268,205,2
268,206,16
268,207,4
268,209,1
268,210,4
268,211,2
268,212,6
268,213,4
268,214,4
268,215,6
268,216,5
268,217,10
268,218,5
268,219,1
268,220,21
268,221,6
268,222,1
268,223,1
268,224,12
268,225,13
268,227,2
268,228,3
268,229,24
268,233,1
268,235,3
268,236,6
268,238,4
268,241,27
268,244,1
268,245,7
268,249,2
268,250,13
268,251,8
268,252,8
268,253,6
268,254,2
268,262,6
268,263,2
268,264,8
268,266,3
268,267,3
268,269,1
268,270,11
268,271,3
268,272,1
268,273,3
268,274,3
268,276,2
268,277,1
268,280,1
268,281,6
268,282,2
268,284,13
268,285,9
268,286,29
268,287,1
268,288,1
268,289,7
268,290,1
268,291,3
268,295,1
268,299,3
268,302,2
268,304,2
268,308,1
268,309,1
268,311,1
268,315,5
268,316,1
268,319,5
268,320,23
268,321,1
268,323,7
268,325,2
268,328,2
268,331,2
268,332,1
268,333,2
268,335,13
268,336,3
268,337,1
268,340,1
268,342,3
268,343,2
268,345,4
268,348,1
268,350,6
268,351,3
268,353,3
268,354,3
268,355,1
268,356,16
268,358,2
268,360,1
268,361,2
268,363,3
268,364,1
268,365,3
268,366,52
268,368,4
268,369,5
268,373,2
268,375,1
268,376,4
268,377,2
268,378,2
269,6,4
269,7,24
269,13,1
269,14,3
269,17,2
269,18,1
269,19,3
269,20,5
269,22,4
269,37,1
269,39,2
269,40,1
269,41,3
269,42,1
269,43,1
269,44,2
269,46,3
269,49,1
269,52,1
269,61,5
269,62,5
269,63,2
269,64,1
269,65,1
269,72,2
269,73,4
269,74,4
269,76,3
269,77,1
269,79,1
269,80,3
269,81,3
269,82,8
269,83,2
269,86,2
269,90,1
269,94,3
269,98,2
269,104,13
269,105,7
269,106,10
269,107,12
269,114,5
269,115,1
269,116,18
269,117,1
269,118,2
269,121,1
269,123,4
269,128,1
269,139,1
269,142,10
269,143,9
269,145,1
269,148,1
269,149,4
269,150,40
269,152,18
269,153,1
269,154,9
269,156,5
269,161,1
269,165,1
269,166,4
269,168,5
269,170,2
269,171,7
269,173,1
269,174,1
269,175,24
269,176,4
269,178,7
269,179,3
269,180,13
269,181,8
269,184,1
269,185,1
269,190,3
269,191,12
269,192,1
269,195,2
269,196,1
269,197,6
269,198,5
269,199,5
269,200,17
269,206,2
269,210,1
269,213,11
269,214,3
269,215,9
269,216,16
269,217,4
269,220,3
269,221,2
269,224,21
269,225,9
269,228,2
269,229,20
269,231,1
269,236,7
269,238,4
269,239,2
269,240,1
269,241,15
269,244,3
269,247,1
269,248,1
269,249,6
269,250,5
269,251,12
269,252,5
269,253,3
269,255,1
269,262,1
269,263,2
269,266,1
269,270,14
269,273,3
269,274,1
269,276,3
269,278,1
269,284,6
269,285,2
269,286,4
269,287,1
269,288,1
269,289,8
269,296,1
269,299,2
269,301,1
269,302,5
269,304,4
269,305,2
269,308,1
269,310,1
269,313,3
269,315,2
269,316,6
269,319,1
269,320,5
269,323,1
269,325,6
269,328,1
269,331,1
269,332,2
269,334,1
269,335,3
269,340,3
269,343,1
269,344,1
269,348,6
269,350,1
269,356,1
269,365,1
269,366,48
269,370,1
269,371,3
269,378,4
270,6,2
270,7,29
270,8,1
270,9,3
270,12,2
270,13,1
270,15,6
270,18,9
270,19,4
270,20,5
270,21,3
270,22,4
270,30,1
270,37,2
270,40,1
270,41,2
270,42,5
270,44,2
270,46,3
270,47,2
270,57,1
270,61,5
270,62,9
270,63,1
270,71,1
270,72,2
270,73,7
270,74,7
270,75,1
270,79,2
270,81,4
270,82,9
270,83,2
270,86,3
270,90,2
270,94,6
270,96,1
270,97,1
270,100,1
270,104,6
270,105,14
270,106,13
270,107,3
270,111,1
270,113,2
270,114,6
270,115,1
270,116,11
270,122,1
270,123,3
270,124,1
270,128,1
270,130,2
270,132,1
270,135,4
270,142,9
270,143,8
270,148,2
270,149,6
270,150,69
270,151,3
270,152,14
270,154,5
270,156,1
270,168,10
270,169,2
270,170,6
270,171,8
270,175,16
270,178,21
270,179,10
270,180,5
270,181,10
270,183,3
270,184,1
270,186,2
270,187,4
270,189,3
270,190,2
270,191,13
270,192,5
270,194,1
270,195,10
270,196,6
270,197,13
270,198,2
270,199,6
270,200,27
270,203,5
270,204,7
270,205,1
270,206,6
270,207,1
270,212,1
270,213,1
270,214,2
270,216,21
270,217,9
270,218,5
270,220,3
270,224,29
270,225,4
270,227,4
270,228,1
270,229,28
270,231,3
270,236,10
270,238,2
270,241,15
270,244,1
270,245,3
270,247,1
270,249,15
270,250,27
270,251,21
270,252,16
270,253,1
270,254,1
270,255,1
270,260,1
270,273,3
270,276,4
270,280,1
270,284,4
270,285,6
270,286,13
270,289,7
270,290,2
270,291,1
270,295,1
270,296,1
270,302,2
270,304,2
270,308,3
270,315,5
270,316,5
270,319,2
270,320,9
270,321,1
270,323,11
270,325,2
270,326,1
270,333,3
270,334,1
270,335,1
270,337,2
270,340,3
270,342,1
270,345,4
270,348,1
270,350,1
270,354,2
270,356,3
270,358,1
270,361,2
270,365,3
270,366,33
270,367,3
270,368,2
270,369,18
270,371,1
270,372,3
271,7,22
271,10,5
271,14,1
271,15,1
271,17,1
271,18,3
271,19,4
271,23,1
271,37,3
271,41,4
271,44,3
271,46,1
271,47,1
271,52,2
271,56,2
271,61,4
271,62,10
271,63,2
271,64,1
271,68,1
271,73,10
271,74,4
271,76,2
271,79,1
271,80,2
271,81,5
271,82,9
271,83,5
271,90,1
271,94,4
271,97,3
271,104,9
271,105,8
271,106,6
271,107,12
271,113,5
271,114,14
271,115,4
271,116,9
271,117,5
271,123,1
271,130,1
271,132,2
271,134,1
271,139,1
271,142,11
271,143,4
271,144,1
271,148,1
271,149,7
271,150,38
271,151,5
271,152,9
271,154,2
271,155,1
271,156,3
271,159,2
271,166,1
271,168,6
271,169,2
271,171,6
271,173,5
271,174,1
271,175,15
271,177,2
271,178,8
271,179,3
271,180,10
271,184,1
271,186,7
271,189,3
271,190,1
271,191,8
271,193,3
271,194,1
271,195,8
271,196,1
271,197,6
271,198,10
271,199,7
271,200,14
271,201,1
271,203,1
271,204,3
271,206,4
271,210,1
271,211,1
271,212,3
271,213,4
271,214,3
271,215,3
271,216,8
271,217,6
271,220,1
271,221,1
271,223,1
271,224,18
271,225,5
271,227,5
271,228,8
271,229,13
271,230,5
271,231,1
271,236,4
271,237,3
271,238,2
271,239,7
271,241,2
271,245,2
271,247,5
271,249,7
271,250,6
271,251,21
271,252,2
271,253,1
271,254,1
271,255,1
271,256,1
271,264,4
271,267,1
271,270,5
271,273,1
271,275,2
271,281,1
271,283,1
271,284,7
271,285,2
271,286,39
271,288,1
271,289,2
271,291,1
271,293,1
271,295,5
271,299,3
271,304,1
271,305,2
271,307,1
271,310,2
271,311,1
271,317,2
271,320,5
271,323,1
271,328,2
271,331,2
271,332,1
271,333,6
271,335,1
271,336,2
271,337,3
271,339,1
271,342,1
271,343,1
271,346,2
271,348,1
271,354,4
271,355,1
271,356,5
271,358,1
271,365,2
271,366,35
271,367,1
271,368,3
271,369,7
271,372,1
271,373,1
271,375,1
272,7,28
272,12,6
272,13,2
272,16,1
272,17,1
272,18,4
272,19,3
272,20,2
272,22,1
272,26,1
272,35,1
272,37,5
272,39,1
272,41,7
272,42,2
272,44,4
272,46,1
272,47,2
272,52,3
272,54,2
272,56,5
272,60,1
272,61,9
272,62,45
272,63,1
272,65,1
272,69,1
272,73,14
272,74,10
272,77,1
272,79,2
272,80,3
272,81,10
272,82,15
272,83,9
272,86,4
272,88,1
272,94,5
272,97,1
272,98,2
272,100,1
272,104,12
272,105,10
272,106,6
272,107,11
272,110,2
272,111,2
272,113,12
272,114,31
272,116,8
272,117,2
272,123,2
272,125,1
272,128,2
272,129,1
272,130,1
272,135,4
272,139,2
272,142,10
272,143,1
272,144,1
272,145,1
272,147,1
272,148,14
272,149,25
272,150,44
272,151,2
272,152,9
272,153,3
272,154,10
272,156,7
272,160,2
272,162,4
272,163,1
272,165,3
272,166,3
272,168,35
272,169,9
272,170,11
272,171,59
272,172,6
272,173,2
272,174,4
272,175,7
272,177,3
272,178,2
272,179,12
272,180,8
272,181,3
272,184,2
272,186,1
272,187,2
272,189,3
272,190,3
272,191,2
272,193,1
272,194,2
272,195,5
272,196,1
272,197,14
272,198,4
272,199,1
272,200,6
272,202,5
272,203,2
272,204,29
272,205,3
272,206,23
272,207,3
272,210,4
272,211,1
272,212,2
272,213,2
272,214,7
272,215,6
272,216,6
272,217,10
272,218,3
272,220,7
272,221,6
272,222,4
272,223,1
272,224,14
272,225,13
272,226,1
272,228,2
272,229,23
272,230,1
272,231,2
272,233,3
272,237,1
272,238,9
272,241,15
272,244,4
272,245,1
272,246,1
272,247,4
272,249,2
272,250,7
272,251,21
272,252,8
272,253,2
272,255,2
272,256,3
272,257,3
272,259,2
272,260,1
272,262,1
272,263,1
272,264,12
272,265,5
272,266,2
272,267,1
272,270,2
272,273,3
272,274,6
272,276,3
272,277,1
272,281,3
272,284,2
272,285,3
272,286,33
272,288,1
272,289,6
272,296,2
272,299,1
272,302,5
272,304,3
272,307,1
272,308,4
272,309,1
272,311,2
272,314,1
272,315,1
272,316,1
272,319,4
272,320,22
272,322,1
272,325,2
272,328,3
272,329,2
272,330,2
272,331,2
272,332,1
272,333,3
272,335,3
272,336,2
272,337,2
272,340,4
272,342,3
272,343,1
272,345,2
272,348,2
272,350,36
272,351,2
272,352,1
272,353,2
272,354,3
272,355,1
272,356,35
272,358,1
272,361,4
272,363,1
272,365,7
272,366,57
272,367,2
272,368,3
272,369,2
272,376,3
272,378,1
273,5,3
273,7,27
273,9,2
273,10,7
273,14,3
273,15,4
273,16,1
273,18,13
273,19,2
273,20,3
273,23,3
273,25,1
273,30,1
273,31,1
273,41,5
273,42,11
273,43,1
273,44,3
273,46,13
273,47,9
273,50,1
273,52,2
273,53,1
273,54,2
273,56,3
273,61,14
273,62,31
273,63,7
273,64,2
273,66,1
273,69,4
273,71,2
273,72,5
273,73,4
273,74,6
273,75,2
273,77,2
273,81,4
273,82,2
273,83,2
273,86,3
273,93,2
273,94,25
273,95,1
273,97,2
273,102,3
273,103,1
273,104,10
273,105,28
273,106,19
273,107,9
273,110,1
273,112,1
273,113,6
273,114,11
273,116,8
273,120,2
273,123,4
273,128,1
273,130,1
273,135,1
273,139,1
273,142,20
273,143,11
273,144,1
273,147,1
273,148,7
273,149,11
273,150,50
273,151,1
273,152,13
273,153,6
273,154,1
273,156,3
273,158,1
273,159,1
273,162,1
273,168,8
273,170,5
273,171,5
273,173,3
273,174,6
273,175,20
273,178,21
273,179,6
273,180,6
273,181,1
273,183,3
273,186,1
273,187,6
273,189,2
273,190,1
273,191,8
273,195,11
273,196,2
273,197,23
273,198,1
273,199,5
273,200,20
273,204,2
273,205,1
273,206,5
273,213,7
273,214,8
273,215,12
273,216,27
273,217,25
273,220,4
273,221,5
273,224,21
273,225,3
273,229,43
273,231,1
273,232,1
273,236,8
273,238,7
273,239,3
273,241,14
273,245,1
273,247,2
273,249,17
273,250,32
273,251,21
273,252,9
273,253,1
273,255,1
273,258,1
273,264,3
273,267,1
273,270,8
273,271,1
273,274,3
273,276,8
273,281,1
273,283,1
273,284,12
273,285,7
273,286,13
273,291,2
273,294,1
273,295,1
273,296,1
273,298,1
273,302,3
273,304,16
273,308,11
273,309,2
273,311,3
273,313,12
273,314,7
273,315,35
273,316,4
273,319,2
273,320,8
273,321,8
273,322,3
273,323,17
273,325,11
273,328,2
273,332,3
273,333,5
273,335,4
273,336,1
273,337,3
273,339,2
273,340,2
273,343,3
273,345,11
273,348,1
273,351,1
273,352,1
273,354,6
273,355,1
273,356,6
273,358,2
273,359,1
273,360,3
273,361,8
273,362,4
273,365,23
273,366,41
273,367,4
273,368,3
273,369,12
273,371,3
273,372,3
273,378,3
274,6,4
274,7,47
274,9,2
274,10,1
274,11,2
274,12,3
274,14,1
274,15,12
274,18,13
274,19,7
274,20,3
274,21,1
274,22,3
274,24,1
274,26,3
274,28,1
274,29,3
274,31,1
274,32,2
274,34,1
274,37,8
274,40,6
274,41,9
274,42,19
274,43,3
274,44,6
274,46,2
274,47,9
274,54,1
274,56,4
274,59,1
274,61,10
274,62,67
274,63,6
274,64,4
274,65,1
274,67,1
274,73,11
274,74,7
274,75,1
274,77,2
274,80,3
274,81,22
274,82,30
274,83,21
274,84,1
274,86,4
274,94,11
274,97,1
274,101,2
274,103,1
274,104,34
274,105,21
274,106,16
274,107,22
274,108,2
274,110,2
274,113,6
274,114,40
274,115,3
274,116,19
274,117,3
274,120,2
274,123,3
274,130,3
274,135,1
274,139,2
274,142,16
274,143,6
274,144,1
274,147,4
274,148,10
274,149,25
274,150,99
274,151,8
274,152,34
274,153,1
274,154,16
274,155,1
274,156,7
274,158,4
274,159,2
274,160,2
274,162,3
274,165,4
274,168,39
274,169,6
274,170,12
274,171,50
274,172,1
274,173,3
274,174,12
274,175,21
274,177,3
274,178,9
274,179,13
274,180,18
274,181,4
274,184,1
274,185,2
274,186,2
274,188,1
274,189,7
274,190,1
274,191,11
274,192,1
274,193,1
274,195,11
274,196,1
274,197,11
274,198,15
274,199,4
274,200,24
274,203,2
274,204,20
274,206,16
274,207,2
274,210,5
274,211,6
274,212,6
274,213,9
274,214,7
274,215,11
274,216,16
274,217,11
274,218,8
274,220,15
274,221,5
274,222,5
274,223,2
274,224,29
274,225,14
274,227,3
274,228,3
274,229,34
274,230,3
274,231,1
274,232,4
274,235,2
274,236,9
274,237,4
274,238,11
274,239,2
274,241,36
274,244,1
274,245,1
274,247,8
274,249,4
274,250,17
274,251,32
274,252,19
274,253,3
274,254,2
274,255,4
274,259,2
274,262,6
274,263,2
274,264,15
274,265,3
274,266,8
274,267,2
274,268,2
274,270,4
274,271,4
274,273,4
274,275,1
274,276,8
274,277,2
274,278,5
274,280,3
274,281,10
274,284,15
274,285,14
274,286,47
274,287,3
274,289,14
274,290,3
274,291,5
274,293,1
274,294,2
274,295,3
274,296,4
274,297,1
274,299,3
274,300,1
274,301,3
274,302,1
274,304,3
274,307,1
274,308,1
274,310,6
274,311,2
274,313,2
274,314,2
274,315,4
274,316,4
274,317,10
274,320,43
274,321,1
274,322,1
274,323,4
274,325,6
274,328,6
274,330,1
274,331,9
274,332,5
274,333,12
274,334,3
274,335,55
274,336,4
274,337,14
274,339,2
274,340,2
274,342,3
274,343,5
274,345,4
274,346,1
274,348,6
274,349,3
274,350,4
274,351,2
274,352,2
274,353,1
274,354,4
274,356,29
274,358,4
274,359,5
274,361,2
274,362,2
274,363,3
274,365,1
274,366,56
274,368,4
274,369,7
274,371,1
274,372,1
274,373,1
274,374,1
274,375,5
274,376,1
274,377,1
274,378,9
275,7,31
275,9,2
275,10,2
275,11,2
275,12,4
275,14,4
275,17,1
275,18,4
275,19,5
275,24,2
275,25,1
275,26,1
275,27,1
275,29,1
275,31,1
275,36,1
275,37,4
275,40,1
275,41,1
275,42,5
275,44,1
275,46,1
275,47,5
275,49,1
275,54,2
275,59,3
275,61,9
275,62,37
275,63,4
275,64,2
275,65,3
275,71,1
275,72,1
275,73,5
275,74,3
275,75,1
275,76,1
275,80,3
275,81,7
275,82,11
275,83,6
275,84,2
275,86,7
275,89,3
275,90,3
275,92,2
275,94,5
275,95,2
275,97,3
275,98,4
275,103,2
275,104,15
275,105,7
275,106,2
275,107,12
275,112,6
275,113,4
275,114,19
275,116,11
275,117,1
275,120,2
275,123,2
275,130,2
275,131,2
275,135,1
275,139,2
275,142,9
275,143,3
275,144,1
275,145,1
275,147,1
275,148,20
275,149,8
275,150,39
275,152,6
275,153,3
275,154,5
275,156,2
275,162,6
275,165,6
275,166,2
275,168,18
275,169,3
275,170,6
275,171,13
275,173,1
275,174,8
275,175,15
275,178,1
275,179,6
275,180,11
275,181,2
275,182,1
275,184,1
275,186,4
275,189,22
275,191,5
275,193,3
275,195,15
275,196,1
275,197,4
275,198,5
275,200,24
275,201,1
275,204,17
275,205,2
275,206,9
275,210,8
275,211,11
275,212,3
275,213,11
275,214,3
275,215,14
275,216,9
275,217,5
275,218,3
275,220,6
275,221,4
275,222,2
275,223,2
275,224,14
275,225,3
275,227,6
275,228,4
275,229,29
275,231,1
275,234,2
275,235,3
275,237,1
275,238,5
275,239,1
275,241,15
275,242,1
275,244,1
275,247,2
275,249,7
275,250,4
275,251,6
275,252,2
275,254,2
275,255,3
275,258,3
275,264,2
275,266,2
275,267,2
275,269,1
275,270,6
275,271,3
275,272,1
275,273,7
275,274,1
275,276,7
275,279,1
275,280,1
275,281,6
275,282,1
275,285,19
275,286,32
275,287,4
275,288,1
275,289,7
275,291,5
275,293,2
275,295,1
275,296,4
275,299,2
275,300,1
275,302,1
275,303,1
275,305,1
275,307,1
275,308,1
275,309,1
275,310,2
275,311,2
275,315,8
275,316,3
275,317,5
275,319,1
275,320,22
275,321,2
275,323,4
275,325,2
275,327,2
275,328,2
275,330,1
275,331,6
275,333,11
275,335,9
275,337,7
275,338,3
275,340,4
275,343,1
275,345,7
275,346,1
275,350,1
275,351,2
275,352,1
275,354,3
275,356,66
275,358,5
275,359,1
275,360,1
275,361,10
275,363,1
275,365,5
275,366,43
275,367,2
275,368,4
275,369,3
275,371,3
275,373,2
275,374,1
275,375,1
275,376,2
275,378,7
276,2,1
276,3,1
276,5,1
276,6,4
276,7,15
276,10,1
276,14,2
276,15,1
276,18,4
276,19,4
276,20,2
276,21,1
276,22,1
276,24,3
276,27,1
276,35,2
276,37,5
276,39,1
276,40,5
276,41,3
276,42,5
276,43,3
276,44,3
276,46,1
276,47,6
276,53,3
276,61,11
276,62,31
276,63,1
276,64,1
276,67,1
276,72,1
276,73,15
276,74,5
276,75,1
276,77,1
276,80,4
276,81,7
276,82,12
276,83,2
276,86,3
276,90,1
276,94,6
276,97,3
276,98,1
276,100,1
276,103,1
276,104,17
276,105,11
276,106,9
276,107,15
276,112,1
276,113,12
276,114,8
276,115,1
276,116,25
276,117,5
276,118,3
276,119,2
276,120,1
276,125,1
276,128,1
276,130,1
276,134,1
276,135,1
276,139,1
276,142,6
276,143,1
276,147,3
276,148,6
276,149,6
276,150,66
276,151,8
276,152,14
276,153,1
276,154,1
276,155,3
276,156,4
276,158,4
276,159,2
276,162,2
276,165,1
276,166,1
276,168,15
276,169,2
276,170,3
276,171,12
276,173,1
276,174,3
276,175,18
276,177,3
276,178,8
276,179,4
276,180,13
276,181,6
276,183,1
276,186,1
276,189,5
276,190,2
276,191,3
276,195,4
276,196,1
276,197,5
276,198,5
276,199,7
276,200,19
276,201,6
276,202,1
276,203,1
276,204,9
276,205,1
276,206,5
276,207,1
276,210,1
276,211,7
276,212,6
276,213,4
276,214,1
276,215,10
276,216,20
276,217,10
276,219,1
276,220,5
276,221,7
276,224,11
276,225,4
276,227,2
276,228,11
276,229,42
276,230,2
276,231,5
276,232,1
276,235,1
276,236,3
276,237,3
276,238,1
276,241,12
276,242,2
276,245,1
276,247,5
276,249,1
276,250,7
276,251,9
276,252,2
276,254,1
276,255,3
276,262,2
276,264,1
276,265,1
276,266,1
276,268,1
276,270,4
276,271,6
276,273,4
276,274,2
276,275,5
276,277,1
276,278,1
276,281,5
276,282,2
276,284,5
276,285,10
276,286,24
276,287,2
276,288,1
276,289,7
276,290,1
276,291,2
276,293,7
276,295,7
276,296,1
276,297,2
276,299,1
276,302,3
276,304,3
276,308,2
276,309,1
276,310,1
276,311,2
276,315,2
276,316,8
276,317,1
276,319,1
276,320,19
276,321,2
276,323,6
276,325,2
276,328,5
276,331,2
276,332,2
276,333,2
276,334,1
276,335,27
276,336,6
276,337,8
276,339,2
276,340,1
276,341,2
276,342,3
276,343,1
276,346,1
276,347,1
276,348,1
276,350,3
276,351,4
276,356,16
276,357,1
276,361,2
276,362,2
276,365,3
276,366,51
276,368,2
276,369,4
276,375,1
276,378,6
277,1,2
277,3,1
277,4,2
277,5,1
277,6,2
277,7,13
277,9,1
277,10,1
277,11,2
277,13,3
277,15,1
277,18,5
277,19,4
277,22,2
277,24,2
277,26,7
277,29,1
277,30,1
277,31,1
277,37,3
277,38,1
277,40,7
277,41,10
277,42,3
277,43,3
277,44,8
277,46,2
277,47,12
277,51,5
277,54,2
277,57,1
277,61,14
277,62,50
277,63,2
277,64,6
277,67,1
277,69,2
277,72,1
277,73,25
277,74,5
277,77,2
277,80,2
277,81,4
277,82,16
277,83,12
277,86,4
277,88,1
277,94,6
277,95,2
277,98,3
277,103,4
277,104,25
277,105,19
277,106,10
277,107,19
277,110,1
277,111,1
277,112,6
277,113,9
277,114,17
277,116,10
277,117,2
277,120,1
277,123,2
277,124,1
277,126,1
277,131,1
277,142,10
277,143,7
277,144,1
277,148,21
277,149,19
277,150,33
277,151,3
277,152,16
277,154,6
277,156,10
277,159,1
277,160,2
277,162,1
277,163,1
277,165,2
277,168,15
277,169,4
277,170,3
277,171,20
277,172,3
277,173,2
277,174,4
277,175,10
277,178,9
277,179,1
277,180,7
277,181,2
277,184,2
277,186,3
277,189,5
277,190,1
277,191,3
277,192,3
277,195,4
277,196,2
277,197,6
277,198,6
277,199,3
277,200,10
277,202,2
277,203,2
277,204,7
277,206,6
277,207,2
277,210,2
277,211,2
277,212,8
277,213,3
277,214,4
277,215,6
277,216,4
277,217,3
277,218,5
277,220,5
277,221,3
277,222,1
277,223,5
277,224,12
277,225,3
277,227,1
277,228,1
277,229,37
277,231,2
277,232,2
277,235,1
277,236,3
277,237,3
277,238,1
277,241,10
277,242,1
277,245,2
277,246,1
277,247,3
277,249,1
277,250,3
277,251,13
277,252,7
277,253,4
277,254,2
277,258,1
277,259,4
277,262,11
277,264,6
277,267,2
277,270,6
277,271,2
277,273,6
277,274,3
277,275,1
277,276,3
277,278,3
277,279,4
277,280,3
277,281,6
277,282,1
277,284,8
277,285,23
277,286,34
277,287,3
277,288,5
277,289,4
277,290,1
277,291,1
277,293,1
277,295,8
277,296,1
277,300,1
277,302,1
277,303,3
277,304,6
277,305,2
277,307,1
277,308,8
277,311,3
277,313,1
277,314,1
277,315,3
277,316,6
277,317,3
277,319,6
277,320,29
277,323,4
277,324,1
277,325,2
277,327,1
277,328,8
277,330,2
277,332,3
277,333,18
277,334,1
277,335,43
277,336,4
277,337,6
277,338,1
277,339,1
277,340,9
277,342,5
277,345,3
277,348,2
277,350,2
277,354,3
277,356,14
277,364,3
277,365,1
277,366,28
277,367,3
277,369,6
277,371,1
277,375,1
277,376,2
277,378,7
278,2,3
278,3,2
278,7,41
278,10,3
278,11,6
278,12,1
278,13,1
278,14,7
278,15,15
278,16,1
278,17,5
278,18,4
278,19,9
278,20,2
278,21,4
278,23,2
278,24,2
278,25,1
278,26,1
278,30,1
278,34,1
278,37,6
278,39,3
278,40,9
278,41,5
278,42,11
278,43,1
278,44,8
278,46,2
278,47,11
278,51,1
278,52,5
278,53,3
278,54,4
278,55,1
278,56,3
278,58,1
278,59,1
278,60,2
278,61,31
278,62,74
278,63,5
278,64,9
278,67,1
278,69,1
278,70,1
278,73,16
278,74,6
278,75,5
278,77,6
278,78,1
278,79,1
278,80,5
278,81,17
278,82,37
278,83,6
278,84,1
278,86,8
278,87,1
278,88,1
278,92,1
278,94,14
278,97,2
278,98,3
278,101,4
278,103,1
278,104,30
278,105,19
278,106,9
278,107,32
278,109,1
278,110,3
278,111,1
278,112,5
278,113,8
278,114,19
278,115,1
278,116,11
278,118,1
278,123,5
278,125,1
278,132,1
278,135,1
278,139,3
278,142,18
278,143,4
278,145,1
278,148,21
278,149,20
278,150,65
278,151,3
278,152,16
278,153,4
278,154,5
278,155,2
278,156,1
278,159,2
278,160,1
278,161,2
278,162,7
278,166,6
278,168,39
278,169,3
278,170,3
278,171,35
278,173,1
278,174,12
278,175,19
278,177,2
278,178,10
278,179,9
278,180,12
278,181,3
278,182,1
278,189,5
278,190,2
278,191,17
278,192,2
278,195,7
278,196,5
278,197,7
278,198,8
278,199,9
278,200,25
278,204,13
278,206,14
278,207,2
278,210,3
278,211,7
278,212,5
278,213,8
278,214,8
278,215,10
278,216,5
278,217,16
278,218,13
278,220,1
278,221,3
278,222,6
278,223,1
278,224,43
278,225,7
278,227,1
278,228,2
278,229,41
278,230,2
278,231,1
278,235,3
278,236,1
278,237,2
278,238,9
278,239,1
278,241,17
278,244,4
278,245,4
278,247,6
278,249,9
278,250,13
278,251,19
278,252,10
278,253,2
278,255,3
278,258,2
278,259,1
278,260,2
278,262,6
278,264,12
278,265,1
278,266,6
278,270,15
278,273,8
278,274,4
278,275,3
278,276,4
278,277,9
278,279,1
278,281,10
278,284,8
278,285,36
278,286,60
278,287,9
278,288,2
278,289,9
278,290,1
278,291,2
278,294,1
278,295,12
278,296,3
278,299,4
278,301,3
278,303,1
278,304,10
278,307,4
278,308,1
278,310,12
278,311,8
278,313,4
278,315,2
278,316,6
278,317,7
278,319,2
278,320,17
278,321,1
278,323,11
278,324,1
278,325,2
278,327,3
278,328,21
278,330,1
278,331,10
278,332,9
278,333,16
278,334,2
278,335,22
278,336,5
278,337,8
278,338,1
278,340,11
278,341,1
278,342,4
278,343,2
278,344,1
278,345,1
278,346,3
278,348,3
278,349,1
278,350,3
278,351,1
278,353,1
278,354,3
278,355,1
278,356,58
278,358,6
278,359,3
278,361,1
278,365,7
278,366,49
278,367,2
278,368,3
278,369,18
278,371,1
278,374,2
278,375,4
278,376,2
278,378,9
279,5,2
279,7,15
279,9,2
279,10,4
279,11,1
279,15,10
279,18,10
279,19,2
279,22,2
279,24,1
279,25,2
279,26,4
279,27,1
279,29,1
279,30,1
279,35,2
279,36,1
279,37,3
279,40,3
279,41,3
279,42,2
279,43,3
279,44,7
279,46,2
279,47,6
279,51,1
279,53,1
279,56,3
279,57,1
279,58,1
279,59,1
279,60,1
279,61,17
279,62,41
279,63,3
279,64,3
279,67,1
279,70,2
279,71,1
279,72,1
279,73,12
279,74,8
279,77,2
279,78,1
279,79,2
279,80,5
279,81,12
279,82,29
279,83,4
279,84,1
279,86,4
279,92,1
279,94,15
279,97,1
279,98,1
279,100,1
279,103,4
279,104,20
279,105,12
279,106,3
279,107,3
279,114,25
279,115,1
279,116,3
279,118,1
279,119,2
279,125,1
279,128,2
279,130,4
279,139,1
279,142,10
279,143,12
279,144,3
279,148,12
279,149,9
279,150,52
279,152,20
279,153,1
279,154,8
279,156,2
279,158,1
279,160,1
279,161,2
279,165,1
279,168,20
279,169,3
279,170,6
279,171,23
279,173,3
279,174,3
279,175,5
279,178,7
279,179,6
279,180,7
279,181,5
279,184,1
279,186,1
279,187,2
279,190,1
279,191,7
279,194,2
279,195,2
279,196,2
279,197,4
279,198,2
279,199,4
279,200,11
279,201,1
279,202,3
279,203,7
279,204,16
279,206,12
279,210,1
279,211,3
279,212,2
279,213,5
279,214,2
279,215,10
279,216,7
279,217,3
279,218,11
279,219,1
279,220,16
279,221,4
279,222,1
279,223,3
279,224,15
279,225,5
279,227,3
279,228,2
279,229,14
279,230,1
279,232,1
279,235,1
279,236,4
279,237,2
279,238,6
279,239,1
279,240,1
279,241,7
279,244,2
279,245,1
279,247,1
279,250,8
279,251,14
279,252,9
279,254,2
279,255,2
279,256,2
279,257,2
279,260,1
279,262,3
279,264,4
279,265,1
279,266,1
279,267,1
279,269,2
279,270,9
279,272,1
279,273,4
279,274,7
279,275,4
279,276,7
279,281,1
279,283,2
279,284,14
279,285,22
279,286,44
279,287,9
279,289,11
279,291,1
279,292,2
279,293,1
279,295,4
279,297,2
279,300,1
279,301,2
279,303,2
279,304,5
279,307,2
279,308,1
279,310,4
279,311,3
279,312,4
279,314,3
279,315,2
279,316,4
279,317,2
279,319,2
279,320,14
279,321,5
279,323,6
279,325,4
279,328,5
279,329,3
279,330,3
279,331,6
279,332,5
279,333,4
279,334,1
279,335,24
279,336,4
279,337,4
279,339,1
279,340,3
279,342,4
279,343,1
279,345,4
279,350,4
279,351,3
279,354,2
279,356,11
279,358,1
279,360,1
279,361,4
279,362,3
279,364,4
279,365,1
279,366,26
279,368,7
279,369,11
279,373,1
279,375,1
279,376,2
279,377,1
279,378,8
280,2,1
280,5,2
280,6,1
280,7,34
280,10,8
280,11,3
280,12,6
280,14,1
280,15,4
280,18,5
280,19,8
280,20,5
280,23,2
280,24,2
280,28,1
280,31,1
280,34,1
280,35,1
280,37,1
280,40,2
280,41,4
280,42,11
280,43,3
280,46,3
280,47,3
280,51,1
280,52,2
280,53,1
280,54,4
280,56,8
280,61,15
280,62,62
280,64,4
280,67,1
280,73,9
280,74,10
280,77,1
280,80,1
280,81,11
280,82,16
280,83,6
280,86,4
280,87,2
280,91,3
280,94,10
280,95,3
280,97,4
280,98,2
280,104,22
280,105,20
280,106,3
280,107,21
280,110,2
280,112,2
280,113,3
280,114,30
280,115,1
280,116,7
280,117,1
280,118,1
280,123,5
280,124,2
280,125,2
280,129,1
280,130,2
280,139,2
280,142,16
280,143,4
280,144,1
280,147,3
280,148,4
280,149,22
280,150,47
280,151,1
280,152,21
280,154,4
280,156,4
280,157,1
280,158,5
280,162,3
280,164,2
280,165,2
280,166,10
280,168,25
280,169,5
280,170,6
280,171,18
280,174,13
280,175,23
280,177,1
280,178,7
280,179,4
280,180,15
280,181,3
280,183,1
280,184,2
280,186,4
280,187,1
280,189,5
280,190,2
280,191,7
280,192,1
280,193,2
280,194,4
280,195,2
280,196,3
280,197,12
280,198,9
280,199,5
280,200,10
280,204,8
280,206,4
280,207,4
280,210,4
280,211,6
280,212,3
280,213,3
280,214,6
280,215,10
280,216,13
280,217,22
280,218,6
280,219,2
280,220,11
280,221,1
280,224,25
280,225,13
280,226,4
280,228,7
280,229,19
280,230,1
280,236,13
280,238,15
280,239,1
280,240,1
280,241,22
280,244,1
280,245,1
280,247,6
280,249,1
280,250,9
280,251,12
280,252,9
280,253,4
280,255,3
280,257,1
280,258,1
280,259,1
280,260,2
280,262,1
280,264,1
280,267,1
280,268,4
280,270,10
280,272,1
280,273,1
280,274,6
280,275,3
280,276,10
280,277,3
280,278,2
280,279,2
280,281,6
280,283,2
280,284,12
280,285,16
280,286,25
280,287,10
280,288,4
280,289,16
280,291,6
280,292,1
280,293,2
280,294,1
280,295,5
280,296,3
280,299,4
280,301,1
280,302,2
280,304,10
280,305,1
280,307,1
280,308,1
280,310,3
280,311,4
280,312,1
280,315,4
280,316,4
280,318,1
280,319,3
280,320,22
280,321,1
280,323,3
280,325,5
280,328,1
280,329,2
280,330,1
280,331,8
280,332,5
280,333,13
280,334,1
280,335,23
280,336,5
280,337,7
280,340,3
280,341,2
280,342,3
280,345,2
280,347,1
280,349,1
280,350,4
280,351,2
280,353,1
280,354,5
280,355,1
280,356,27
280,358,2
280,359,2
280,361,2
280,363,1
280,364,1
280,365,2
280,366,58
280,368,3
280,369,4
280,371,1
280,375,3
280,378,9
281,6,3
281,7,32
281,9,1
281,10,5
281,11,2
281,12,1
281,13,2
281,14,2
281,15,6
281,18,7
281,19,2
281,20,3
281,22,1
281,24,3
281,25,1
281,27,4
281,30,1
281,31,2
281,34,1
281,37,4
281,39,1
281,40,20
281,41,9
281,42,7
281,43,2
281,44,4
281,46,2
281,47,5
281,53,1
281,54,3
281,56,4
281,57,3
281,59,1
281,61,15
281,62,61
281,63,6
281,64,4
281,65,1
281,66,2
281,69,1
281,73,27
281,74,12
281,75,2
281,78,1
281,80,2
281,81,22
281,82,34
281,83,9
281,84,1
281,85,1
281,86,2
281,90,5
281,91,1
281,94,4
281,97,1
281,98,5
281,104,35
281,105,37
281,106,12
281,107,19
281,110,3
281,111,1
281,113,12
281,114,33
281,115,2
281,116,21
281,117,1
281,118,4
281,119,1
281,120,1
281,121,1
281,123,7
281,125,1
281,126,1
281,130,6
281,131,1
281,132,1
281,135,4
281,139,2
281,142,18
281,143,10
281,144,1
281,147,1
281,148,17
281,149,31
281,150,106
281,152,24
281,153,5
281,154,9
281,155,3
281,156,6
281,158,2
281,159,1
281,160,1
281,161,1
281,162,5
281,163,1
281,165,2
281,166,2
281,168,32
281,169,4
281,170,8
281,171,23
281,172,1
281,173,1
281,174,17
281,175,11
281,177,2
281,178,12
281,179,7
281,180,12
281,181,9
281,182,2
281,183,1
281,184,4
281,189,10
281,190,2
281,191,8
281,192,2
281,193,3
281,194,1
281,195,6
281,196,1
281,197,16
281,198,3
281,199,9
281,200,29
281,203,3
281,204,10
281,205,1
281,206,9
281,207,5
281,208,1
281,210,3
281,211,8
281,212,10
281,213,7
281,214,14
281,215,20
281,216,12
281,217,33
281,218,5
281,220,24
281,221,12
281,222,4
281,223,5
281,224,25
281,225,13
281,226,2
281,227,5
281,228,9
281,229,28
281,230,1
281,231,3
281,233,1
281,235,1
281,236,8
281,237,3
281,238,14
281,239,1
281,241,19
281,242,1
281,244,4
281,245,1
281,247,6
281,248,1
281,249,9
281,250,9
281,251,20
281,252,5
281,253,4
281,254,1
281,255,3
281,257,1
281,260,2
281,262,12
281,263,3
281,264,11
281,265,1
281,266,1
281,267,4
281,268,2
281,269,1
281,270,9
281,271,2
281,272,4
281,273,4
281,274,6
281,275,6
281,276,13
281,278,4
281,284,13
281,285,6
281,286,60
281,287,3
281,289,2
281,290,1
281,291,4
281,292,3
281,293,1
281,295,6
281,296,4
281,300,1
281,301,1
281,302,2
281,304,9
281,305,2
281,306,1
281,307,3
281,308,4
281,309,1
281,311,3
281,315,3
281,316,2
281,317,3
281,319,4
281,320,41
281,321,1
281,323,4
281,324,1
281,325,7
281,328,3
281,330,1
281,331,5
281,332,11
281,333,7
281,335,47
281,336,5
281,337,9
281,340,12
281,342,4
281,345,4
281,348,1
281,350,9
281,351,2
281,352,2
281,354,5
281,356,29
281,358,5
281,359,3
281,360,2
281,363,1
281,365,2
281,366,71
281,367,2
281,368,3
281,369,10
281,373,1
281,375,1
281,376,5
281,378,6
282,3,1
282,5,1
282,6,3
282,7,52
282,9,1
282,10,1
282,11,2
282,12,1
282,14,4
282,15,1
282,16,1
282,17,1
282,18,11
282,19,7
282,20,3
282,21,1
282,22,3
282,26,1
282,34,4
282,37,2
282,39,3
282,40,2
282,41,4
282,42,6
282,43,4
282,44,2
282,45,1
282,46,2
282,47,8
282,52,2
282,53,4
282,55,1
282,56,4
282,57,2
282,61,6
282,62,32
282,63,6
282,64,6
282,69,1
282,72,1
282,73,10
282,74,2
282,75,2
282,77,4
282,79,1
282,80,3
282,81,12
282,82,25
282,83,1
282,86,3
282,90,4
282,92,2
282,94,7
282,95,1
282,96,1
282,97,2
282,98,1
282,101,1
282,102,2
282,104,13
282,105,12
282,106,10
282,107,12
282,112,7
282,113,5
282,114,18
282,115,1
282,116,14
282,119,1
282,123,6
282,125,4
282,128,1
282,130,3
282,139,1
282,142,10
282,143,14
282,147,2
282,148,18
282,149,15
282,150,37
282,152,20
282,154,7
282,155,1
282,156,2
282,162,17
282,165,1
282,166,3
282,168,14
282,169,1
282,170,3
282,171,13
282,172,1
282,174,7
282,175,19
282,178,7
282,179,2
282,180,12
282,181,1
282,182,4
282,185,1
282,186,3
282,187,1
282,189,5
282,190,1
282,191,6
282,192,1
282,195,15
282,196,2
282,197,6
282,198,4
282,199,2
282,200,23
282,202,3
282,203,2
282,204,12
282,206,10
282,207,1
282,211,11
282,212,11
282,213,14
282,214,7
282,215,6
282,216,9
282,217,12
282,218,5
282,219,3
282,220,5
282,222,2
282,223,7
282,224,21
282,225,4
282,226,2
282,227,5
282,228,2
282,229,24
282,230,2
282,231,3
282,233,1
282,235,2
282,236,7
282,238,8
282,241,20
282,244,1
282,245,2
282,247,3
282,249,5
282,250,13
282,251,15
282,252,11
282,253,2
282,254,3
282,260,3
282,262,3
282,264,4
282,265,2
282,266,4
282,270,3
282,273,2
282,276,9
282,277,1
282,281,5
282,283,1
282,284,9
282,285,27
282,286,31
282,287,1
282,288,2
282,289,5
282,290,1
282,291,6
282,293,1
282,294,2
282,295,12
282,296,4
282,300,1
282,301,4
282,302,1
282,304,2
282,305,1
282,307,2
282,308,2
282,311,4
282,314,1
282,315,5
282,316,5
282,317,2
282,319,2
282,320,13
282,321,2
282,322,1
282,323,7
282,324,4
282,325,2
282,328,4
282,329,4
282,331,9
282,332,6
282,333,1
282,335,9
282,336,3
282,337,7
282,340,7
282,341,1
282,342,2
282,344,1
282,345,2
282,346,1
282,347,4
282,350,2
282,351,1
282,354,2
282,356,19
282,357,1
282,359,2
282,360,2
282,363,1
282,365,3
282,366,54
282,369,6
282,370,2
282,371,1
282,375,1
282,378,7
283,6,1
283,7,11
283,8,1
283,18,8
283,20,5
283,26,1
283,40,3
283,41,3
283,42,9
283,46,2
283,47,4
283,49,1
283,53,1
283,56,1
283,59,1
283,61,3
283,62,14
283,64,1
283,73,3
283,74,11
283,78,2
283,81,2
283,82,3
283,83,3
283,86,1
283,94,4
283,100,2
283,101,1
283,104,4
283,105,3
283,106,2
283,107,4
283,110,1
283,113,3
283,114,2
283,116,16
283,118,1
283,125,1
283,130,2
283,139,2
283,140,1
283,142,3
283,149,6
283,150,34
283,151,3
283,152,14
283,153,1
283,154,1
283,155,1
283,158,1
283,162,1
283,168,12
283,170,1
283,171,1
283,173,1
283,174,2
283,175,12
283,178,9
283,180,3
283,181,2
283,187,1
283,191,2
283,195,7
283,197,6
283,198,2
283,199,3
283,200,3
283,204,2
283,206,7
283,207,1
283,208,1
283,212,5
283,213,6
283,214,8
283,215,6
283,216,15
283,217,4
283,218,2
283,224,6
283,225,4
283,228,4
283,229,21
283,231,1
283,236,2
283,237,1
283,238,8
283,241,9
283,244,3
283,245,2
283,247,1
283,248,3
283,250,1
283,251,6
283,252,3
283,253,6
283,260,1
283,264,1
283,271,2
283,272,1
283,273,4
283,274,2
283,275,1
283,276,1
283,278,2
283,281,2
283,282,1
283,284,5
283,285,2
283,286,5
283,287,4
283,288,1
283,289,3
283,295,1
283,297,3
283,301,1
283,304,4
283,311,1
283,315,1
283,316,1
283,318,1
283,320,2
283,326,1
283,329,2
283,331,4
283,332,3
283,333,2
283,334,1
283,335,3
283,336,1
283,337,1
283,340,1
283,342,1
283,347,1
283,348,1
283,350,5
283,354,1
283,356,6
283,360,3
283,366,27
283,369,2
283,370,1
283,378,2
284,5,3
284,6,2
284,7,23
284,10,6
284,11,1
284,12,7
284,14,1
284,15,7
284,16,1
284,18,4
284,19,12
284,20,2
284,21,5
284,22,4
284,26,1
284,27,1
284,35,5
284,37,3
284,40,6
284,41,5
284,42,23
284,44,4
284,46,10
284,47,5
284,49,1
284,53,4
284,55,1
284,56,1
284,57,1
284,61,22
284,62,32
284,64,3
284,67,1
284,72,8
284,73,15
284,74,10
284,75,1
284,76,1
284,81,15
284,82,11
284,86,6
284,94,4
284,97,1
284,98,3
284,100,1
284,103,1
284,104,19
284,105,22
284,106,19
284,107,7
284,110,1
284,112,2
284,113,3
284,114,8
284,115,1
284,116,25
284,117,3
284,119,1
284,123,8
284,128,2
284,130,3
284,138,1
284,139,3
284,142,15
284,143,9
284,147,1
284,148,6
284,149,8
284,150,101
284,151,2
284,152,30
284,153,2
284,154,4
284,158,2
284,161,1
284,162,1
284,168,14
284,169,2
284,170,4
284,171,14
284,174,2
284,175,24
284,178,17
284,179,10
284,180,7
284,181,2
284,184,1
284,186,2
284,187,1
284,189,10
284,190,2
284,191,5
284,192,2
284,193,3
284,194,1
284,195,6
284,197,31
284,198,6
284,199,1
284,200,32
284,201,1
284,204,5
284,206,7
284,212,6
284,213,25
284,214,7
284,215,12
284,216,60
284,217,20
284,219,1
284,220,6
284,221,4
284,224,26
284,225,12
284,226,2
284,227,8
284,228,8
284,229,52
284,230,5
284,231,2
284,235,1
284,236,7
284,237,12
284,238,5
284,239,8
284,241,13
284,244,1
284,245,3
284,247,2
284,249,19
284,250,45
284,251,38
284,252,14
284,253,2
284,254,1
284,256,1
284,259,1
284,264,1
284,265,2
284,266,1
284,267,1
284,269,1
284,270,6
284,271,2
284,273,9
284,276,7
284,278,3
284,281,5
284,282,1
284,285,2
284,286,12
284,287,3
284,288,1
284,289,12
284,291,2
284,293,1
284,296,5
284,299,1
284,303,1
284,304,5
284,305,3
284,306,2
284,307,1
284,308,6
284,309,2
284,311,3
284,313,1
284,315,7
284,316,17
284,317,2
284,319,1
284,320,20
284,323,12
284,324,1
284,325,6
284,328,2
284,331,2
284,332,2
284,333,6
284,335,21
284,337,4
284,340,8
284,342,3
284,343,4
284,344,1
284,345,1
284,347,1
284,349,3
284,350,2
284,354,3
284,355,2
284,356,8
284,359,3
284,360,4
284,361,2
284,362,3
284,365,4
284,366,65
284,367,1
284,368,5
284,369,9
284,372,1
284,378,2
285,2,4
285,5,1
285,7,25
285,9,3
285,10,5
285,11,2
285,12,1
285,13,2
285,14,6
285,15,3
285,18,5
285,19,4
285,20,5
285,22,6
285,24,5
285,25,1
285,26,6
285,27,1
285,29,3
285,30,2
285,31,1
285,37,10
285,38,1
285,39,2
285,40,6
285,41,13
285,42,26
285,43,3
285,44,7
285,46,5
285,47,3
285,52,1
285,53,4
285,54,1
285,56,1
285,57,1
285,61,33
285,62,77
285,63,3
285,64,3
285,67,2
285,69,2
285,72,4
285,73,18
285,74,14
285,75,1
285,77,2
285,81,17
285,82,22
285,83,10
285,84,3
285,86,2
285,94,16
285,95,6
285,97,6
285,98,2
285,102,3
285,103,2
285,104,24
285,105,19
285,106,16
285,107,13
285,109,2
285,110,1
285,112,2
285,113,6
285,114,32
285,115,1
285,116,13
285,117,1
285,119,1
285,130,3
285,135,1
285,138,1
285,139,1
285,142,10
285,143,3
285,144,1
285,147,3
285,148,6
285,149,25
285,150,76
285,151,1
285,152,29
285,153,1
285,154,8
285,155,1
285,156,6
285,160,1
285,162,2
285,165,1
285,166,2
285,168,25
285,169,2
285,170,3
285,171,16
285,174,6
285,175,6
285,178,8
285,179,7
285,180,6
285,181,9
285,184,2
285,186,3
285,189,8
285,190,4
285,191,4
285,195,12
285,196,1
285,197,5
285,199,9
285,200,17
285,202,1
285,203,3
285,204,18
285,205,1
285,206,8
285,207,3
285,210,5
285,211,4
285,212,2
285,213,4
285,214,5
285,215,16
285,216,8
285,217,16
285,218,7
285,219,2
285,220,15
285,221,2
285,222,3
285,224,39
285,225,4
285,226,1
285,227,4
285,228,4
285,229,44
285,230,1
285,232,1
285,235,5
285,236,2
285,237,1
285,238,12
285,239,6
285,241,13
285,245,2
285,247,6
285,249,5
285,250,13
285,251,10
285,252,6
285,253,2
285,255,1
285,259,1
285,260,3
285,262,5
285,263,2
285,264,5
285,265,1
285,266,1
285,270,7
285,271,2
285,273,8
285,274,1
285,275,2
285,276,4
285,278,7
285,279,1
285,281,10
285,282,3
285,284,27
285,286,56
285,287,7
285,288,2
285,289,4
285,290,5
285,291,1
285,292,1
285,293,3
285,295,2
285,296,13
285,300,1
285,302,1
285,303,1
285,304,14
285,305,3
285,307,2
285,308,2
285,309,1
285,310,1
285,311,12
285,312,2
285,314,1
285,315,5
285,316,2
285,317,5
285,319,8
285,320,42
285,323,7
285,324,3
285,325,2
285,328,11
285,329,1
285,330,1
285,331,11
285,332,8
285,333,16
285,334,4
285,335,43
285,336,5
285,337,12
285,338,2
285,340,10
285,342,5
285,343,2
285,344,2
285,345,1
285,346,4
285,347,1
285,348,2
285,349,2
285,351,5
285,354,2
285,355,2
285,356,22
285,358,3
285,359,4
285,360,1
285,361,2
285,362,2
285,363,1
285,364,1
285,365,3
285,366,59
285,367,1
285,368,5
285,369,13
285,370,1
285,374,1
285,375,3
285,376,2
285,378,12
286,7,20
286,9,1
286,11,4
286,13,1
286,14,1
286,15,6
286,17,1
286,18,4
286,19,5
286,21,1
286,22,2
286,30,1
286,37,1
286,40,6
286,41,1
286,42,19
286,47,2
286,50,1
286,52,2
286,53,1
286,61,11
286,62,32
286,64,2
286,67,1
286,68,1
286,69,2
286,72,4
286,73,1
286,74,3
286,77,2
286,80,1
286,81,6
286,82,10
286,83,2
286,86,1
286,88,2
286,94,5
286,103,1
286,104,13
286,105,15
286,106,9
286,107,11
286,111,1
286,113,1
286,114,3
286,115,1
286,116,5
286,117,1
286,123,1
286,124,1
286,128,2
286,130,1
286,135,1
286,140,1
286,142,1
286,147,1
286,148,8
286,149,7
286,150,22
286,151,2
286,152,2
286,154,2
286,156,1
286,157,1
286,158,1
286,161,2
286,165,2
286,166,1
286,168,12
286,170,2
286,171,1
286,174,1
286,175,7
286,178,6
286,179,1
286,180,1
286,181,7
286,184,1
286,185,2
286,189,5
286,190,3
286,191,1
286,192,1
286,196,1
286,197,2
286,198,4
286,199,3
286,200,7
286,201,3
286,203,3
286,204,11
286,211,4
286,213,3
286,214,4
286,215,6
286,216,6
286,217,5
286,218,4
286,220,1
286,221,2
286,224,24
286,226,1
286,227,4
286,229,15
286,230,1
286,238,1
286,241,14
286,242,1
286,245,4
286,247,2
286,249,3
286,250,5
286,251,11
286,252,8
286,253,2
286,262,1
286,263,1
286,264,1
286,265,2
286,266,7
286,267,1
286,268,1
286,270,6
286,271,1
286,273,3
286,275,4
286,276,1
286,280,1
286,281,1
286,282,2
286,284,9
286,285,9
286,287,9
286,289,11
286,291,4
286,293,4
286,295,1
286,296,2
286,302,1
286,304,5
286,305,1
286,307,2
286,309,1
286,313,1
286,315,3
286,319,2
286,320,24
286,328,5
286,329,1
286,330,3
286,331,7
286,332,2
286,333,9
286,335,9
286,337,1
286,343,2
286,345,2
286,347,1
286,348,1
286,349,2
286,351,1
286,352,1
286,354,1
286,356,4
286,358,3
286,362,1
286,363,2
286,364,1
286,365,1
286,366,21
286,368,3
286,369,6
286,372,1
286,376,1
286,378,8
287,3,1
287,5,1
287,6,1
287,7,13
287,10,1
287,11,2
287,12,1
287,14,5
287,15,3
287,18,3
287,22,3
287,25,1
287,26,3
287,27,1
287,35,1
287,39,1
287,40,4
287,41,4
287,42,9
287,43,1
287,44,2
287,46,1
287,47,3
287,53,1
287,54,1
287,56,2
287,57,6
287,61,11
287,62,22
287,63,3
287,64,2
287,68,1
287,73,13
287,74,6
287,75,2
287,77,1
287,80,1
287,81,9
287,82,8
287,83,4
287,86,1
287,92,1
287,93,1
287,94,4
287,101,3
287,104,17
287,105,11
287,106,2
287,107,7
287,113,2
287,114,13
287,115,1
287,116,7
287,118,3
287,123,3
287,125,5
287,128,1
287,130,1
287,133,1
287,135,1
287,139,1
287,142,5
287,143,5
287,148,1
287,149,10
287,150,27
287,151,1
287,152,12
287,154,5
287,155,1
287,156,2
287,162,2
287,168,3
287,169,7
287,170,1
287,171,16
287,174,1
287,175,12
287,178,4
287,179,5
287,180,8
287,182,1
287,184,1
287,189,1
287,190,2
287,191,1
287,194,1
287,195,1
287,196,4
287,197,7
287,198,1
287,199,5
287,200,12
287,203,3
287,204,4
287,206,2
287,210,1
287,211,1
287,212,3
287,213,10
287,214,1
287,216,10
287,217,12
287,218,6
287,220,4
287,221,6
287,222,1
287,224,21
287,225,1
287,228,1
287,229,6
287,231,3
287,233,1
287,237,2
287,238,2
287,239,2
287,241,2
287,244,1
287,245,1
287,247,1
287,250,5
287,251,2
287,252,3
287,253,2
287,255,1
287,263,2
287,264,1
287,265,2
287,266,2
287,267,1
287,270,5
287,271,1
287,273,3
287,276,8
287,277,4
287,278,1
287,281,2
287,284,7
287,285,12
287,286,29
287,288,6
287,289,8
287,290,1
287,291,6
287,292,1
287,295,6
287,296,6
287,299,4
287,301,6
287,302,3
287,303,2
287,304,3
287,305,1
287,307,2
287,308,5
287,310,3
287,313,2
287,315,5
287,316,4
287,319,2
287,320,14
287,321,1
287,323,12
287,325,4
287,328,1
287,329,1
287,330,1
287,331,8
287,333,3
287,335,13
287,336,3
287,337,5
287,340,5
287,342,3
287,343,1
287,348,2
287,353,1
287,354,4
287,355,1
287,356,10
287,361,1
287,362,1
287,365,3
287,366,34
287,369,8
287,372,2
287,375,2
287,376,3
287,378,2
288,7,19
288,10,2
288,11,5
288,12,4
288,14,1
288,15,3
288,18,3
288,19,4
288,20,1
288,24,2
288,25,1
288,30,1
288,31,1
288,32,1
288,37,2
288,40,6
288,41,5
288,42,15
288,44,3
288,45,1
288,46,2
288,47,2
288,51,1
288,52,1
288,53,3
288,56,1
288,61,13
288,62,30
288,63,5
288,64,2
288,73,4
288,74,7
288,75,1
288,76,2
288,78,1
288,81,3
288,82,6
288,83,12
288,86,9
288,88,2
288,94,12
288,95,1
288,96,2
288,100,1
288,102,1
288,103,1
288,104,16
288,105,15
288,106,4
288,107,15
288,110,1
288,113,3
288,114,12
288,115,2
288,116,28
288,123,6
288,128,1
288,132,1
288,135,1
288,138,1
288,139,1
288,141,1
288,142,11
288,143,5
288,148,5
288,149,4
288,150,73
288,151,6
288,152,29
288,154,10
288,156,3
288,158,3
288,166,2
288,168,6
288,170,8
288,171,22
288,173,3
288,174,1
288,175,21
288,178,11
288,180,15
288,181,6
288,189,2
288,190,1
288,191,7
288,195,3
288,196,3
288,197,16
288,198,4
288,199,8
288,200,28
288,201,2
288,204,2
288,205,1
288,206,5
288,212,2
288,213,12
288,214,5
288,215,10
288,216,43
288,217,9
288,220,4
288,221,4
288,223,1
288,224,41
288,225,11
288,226,1
288,227,1
288,228,3
288,229,44
288,230,1
288,231,1
288,236,13
288,237,1
288,238,4
288,239,2
288,241,18
288,247,5
288,249,7
288,250,24
288,251,20
288,252,3
288,253,2
288,254,6
288,266,1
288,267,1
288,270,9
288,273,9
288,276,13
288,277,1
288,278,4
288,284,11
288,285,9
288,286,13
288,289,7
288,290,1
288,291,1
288,295,4
288,296,2
288,297,3
288,299,2
288,301,1
288,303,1
288,304,10
288,305,2
288,308,2
288,309,1
288,311,1
288,315,5
288,317,1
288,319,1
288,320,13
288,321,1
288,323,6
288,324,2
288,325,6
288,326,1
288,328,7
288,331,2
288,332,4
288,333,5
288,335,22
288,336,2
288,337,1
288,340,3
288,341,1
288,342,3
288,345,1
288,346,1
288,348,5
288,354,2
288,356,7
288,358,2
288,359,5
288,360,2
288,361,2
288,362,1
288,365,1
288,366,46
288,367,2
288,368,3
288,369,12
288,371,2
288,372,1
288,373,1
288,375,1
288,378,6
289,7,13
289,9,2
289,10,1
289,11,1
289,12,1
289,14,3
289,15,7
289,17,1
289,18,8
289,20,1
289,21,1
289,26,1
289,31,1
289,34,1
289,37,2
289,41,5
289,42,8
289,43,6
289,44,1
289,45,1
289,46,1
289,47,2
289,52,1
289,54,3
289,56,1
289,57,1
289,60,1
289,61,6
289,62,40
289,63,1
289,64,2
289,73,2
289,74,4
289,75,1
289,76,2
289,80,3
289,81,11
289,82,13
289,83,2
289,86,2
289,90,1
289,95,2
289,98,4
289,100,3
289,101,1
289,104,10
289,105,6
289,106,3
289,107,13
289,109,2
289,112,1
289,114,10
289,115,2
289,116,11
289,117,1
289,118,1
289,120,2
289,124,1
289,128,1
289,139,2
289,142,11
289,143,3
289,147,5
289,148,9
289,149,16
289,150,23
289,152,16
289,153,1
289,154,4
289,156,3
289,162,1
289,166,1
289,167,1
289,168,14
289,169,2
289,170,1
289,171,8
289,173,2
289,174,2
289,175,7
289,176,1
289,178,5
289,179,2
289,180,2
289,186,3
289,189,4
289,191,4
289,195,4
289,197,5
289,198,7
289,199,3
289,200,3
289,202,1
289,204,14
289,206,5
289,210,2
289,211,3
289,212,6
289,213,3
289,214,9
289,215,1
289,216,7
289,217,9
289,218,4
289,220,9
289,221,1
289,222,1
289,224,14
289,225,7
289,228,3
289,229,27
289,230,3
289,231,4
289,233,1
289,235,1
289,236,1
289,238,5
289,239,2
289,241,5
289,245,2
289,247,5
289,250,7
289,251,19
289,252,6
289,253,2
289,254,2
289,255,3
289,256,2
289,258,1
289,260,1
289,263,2
289,264,2
289,265,1
289,266,1
289,272,1
289,273,4
289,275,1
289,276,3
289,278,2
289,279,1
289,280,1
289,284,18
289,285,14
289,286,39
289,287,4
289,288,3
289,291,1
289,292,2
289,293,1
289,294,1
289,295,4
289,301,1
289,302,1
289,304,4
289,310,1
289,311,5
289,315,3
289,316,5
289,317,2
289,318,2
289,319,2
289,320,19
289,322,1
289,323,2
289,326,1
289,328,4
289,330,1
289,331,1
289,333,8
289,335,14
289,336,3
289,337,6
289,342,3
289,343,1
289,347,2
289,350,2
289,354,4
289,356,9
289,358,2
289,359,1
289,362,1
289,364,1
289,365,4
289,366,20
289,367,2
289,368,1
289,369,6
289,372,1
289,375,3
289,376,1
289,378,3
290,7,7
290,12,1
290,13,1
290,15,1
290,17,1
290,18,1
290,19,4
290,21,1
290,22,2
290,24,2
290,29,1
290,31,1
290,37,3
290,40,4
290,41,5
290,42,9
290,46,1
290,47,4
290,54,2
290,55,2
290,59,2
290,61,7
290,62,30
290,63,2
290,64,1
290,71,1
290,74,5
290,77,1
290,80,1
290,81,3
290,82,12
290,83,6
290,85,1
290,86,6
290,94,3
290,95,1
290,98,1
290,104,5
290,105,12
290,106,6
290,107,5
290,110,1
290,111,1
290,112,2
290,113,2
290,114,1
290,116,2
290,123,1
290,125,2
290,130,1
290,131,1
290,132,1
290,135,1
290,140,1
290,142,6
290,143,1
290,148,8
290,149,17
290,150,22
290,152,9
290,154,3
290,155,2
290,159,1
290,160,1
290,163,1
290,165,1
290,166,5
290,168,12
290,169,3
290,171,10
290,174,1
290,175,6
290,177,1
290,178,7
290,179,3
290,180,7
290,181,3
290,185,1
290,186,9
290,189,2
290,191,7
290,194,1
290,195,1
290,196,3
290,197,4
290,199,2
290,200,20
290,203,2
290,204,6
290,205,1
290,206,3
290,210,3
290,211,6
290,212,2
290,213,2
290,215,5
290,217,12
290,219,1
290,220,5
290,221,3
290,224,20
290,225,13
290,226,1
290,227,4
290,228,6
290,229,15
290,231,3
290,232,1
290,236,1
290,237,1
290,241,6
290,247,2
290,249,1
290,250,12
290,251,6
290,252,5
290,253,1
290,254,1
290,255,3
290,262,1
290,264,3
290,266,1
290,270,5
290,271,3
290,273,4
290,276,3
290,278,2
290,279,1
290,281,1
290,282,1
290,284,8
290,285,13
290,286,45
290,287,3
290,288,4
290,289,6
290,291,6
290,292,3
290,293,2
290,295,1
290,299,1
290,300,1
290,301,2
290,302,2
290,304,5
290,306,2
290,308,5
290,310,2
290,311,1
290,313,2
290,315,3
290,316,3
290,317,1
290,318,1
290,319,1
290,320,10
290,323,6
290,326,1
290,328,4
290,330,1
290,331,1
290,332,2
290,333,13
290,335,12
290,336,4
290,338,3
290,339,1
290,340,1
290,342,3
290,343,2
290,349,2
290,350,3
290,351,2
290,354,1
290,356,12
290,359,3
290,365,1
290,366,19
290,369,1
290,371,1
290,376,1
290,378,4
291,5,1
291,7,34
291,9,1
291,10,5
291,12,2
291,13,2
291,14,1
291,15,5
291,18,2
291,19,1
291,20,1
291,22,6
291,24,1
291,29,1
291,31,2
291,37,5
291,39,1
291,40,4
291,41,3
291,42,9
291,44,7
291,47,4
291,52,1
291,53,1
291,54,1
291,56,2
291,57,1
291,61,10
291,62,42
291,63,3
291,72,1
291,73,10
291,74,5
291,75,1
291,79,1
291,80,1
291,81,11
291,82,17
291,83,5
291,86,1
291,94,10
291,97,1
291,98,1
291,100,2
291,104,14
291,105,16
291,106,9
291,107,3
291,110,2
291,112,1
291,113,5
291,114,16
291,115,1
291,116,9
291,120,2
291,123,3
291,125,1
291,128,1
291,130,2
291,138,1
291,142,10
291,143,5
291,144,4
291,145,1
291,147,1
291,148,7
291,149,14
291,150,46
291,151,4
291,152,12
291,154,3
291,155,3
291,156,1
291,158,1
291,161,1
291,162,3
291,165,4
291,167,1
291,168,14
291,169,4
291,170,4
291,171,18
291,173,2
291,174,3
291,175,10
291,177,2
291,178,6
291,179,6
291,180,10
291,181,6
291,184,2
291,189,8
291,190,2
291,191,11
291,193,1
291,195,12
291,196,3
291,197,2
291,198,6
291,199,3
291,200,24
291,203,2
291,204,8
291,206,2
291,207,2
291,208,1
291,210,2
291,211,1
291,212,6
291,213,16
291,214,5
291,215,10
291,216,7
291,217,11
291,218,22
291,219,1
291,220,7
291,222,2
291,224,38
291,225,6
291,226,1
291,227,4
291,228,6
291,229,28
291,230,2
291,231,1
291,232,1
291,233,1
291,235,1
291,236,3
291,238,6
291,239,1
291,240,1
291,241,11
291,244,4
291,245,2
291,247,4
291,249,6
291,250,16
291,251,4
291,252,8
291,255,3
291,256,1
291,257,2
291,261,1
291,262,2
291,264,7
291,267,2
291,270,7
291,271,3
291,273,3
291,275,2
291,276,5
291,277,7
291,278,1
291,281,2
291,282,1
291,284,13
291,285,20
291,286,46
291,287,8
291,288,3
291,289,17
291,290,3
291,292,2
291,293,2
291,294,3
291,295,3
291,296,2
291,297,1
291,299,1
291,301,2
291,302,1
291,304,1
291,305,3
291,306,1
291,308,4
291,310,6
291,315,3
291,316,7
291,317,2
291,318,2
291,319,2
291,320,29
291,321,1
291,322,2
291,323,3
291,325,2
291,328,9
291,329,2
291,331,4
291,332,2
291,333,5
291,335,16
291,336,3
291,337,20
291,338,1
291,340,5
291,341,1
291,342,5
291,345,3
291,348,1
291,350,3
291,351,2
291,352,1
291,354,1
291,356,15
291,358,2
291,365,4
291,366,48
291,367,4
291,369,2
291,371,4
291,372,3
291,374,1
291,376,1
291,378,9
292,1,1
292,7,11
292,9,2
292,10,2
292,11,2
292,12,1
292,13,2
292,18,1
292,24,1
292,26,1
292,34,1
292,35,2
292,37,4
292,42,1
292,43,3
292,47,1
292,61,6
292,62,15
292,66,1
292,74,1
292,79,1
292,81,8
292,82,13
292,83,8
292,86,2
292,87,1
292,91,4
292,94,4
292,97,2
292,98,2
292,100,1
292,104,6
292,106,2
292,107,10
292,112,1
292,113,1
292,114,18
292,116,14
292,120,1
292,123,4
292,128,2
292,130,1
292,135,2
292,142,2
292,143,6
292,148,3
292,149,10
292,150,11
292,151,1
292,152,5
292,153,2
292,154,2
292,155,1
292,156,4
292,161,1
292,162,3
292,165,1
292,168,4
292,169,2
292,170,3
292,171,9
292,173,5
292,174,1
292,175,1
292,178,2
292,179,2
292,180,1
292,186,3
292,189,2
292,191,3
292,194,1
292,195,5
292,197,2
292,198,2
292,199,2
292,200,4
292,204,2
292,205,1
292,206,2
292,211,2
292,212,1
292,213,3
292,215,2
292,216,2
292,217,7
292,218,1
292,220,5
292,222,1
292,224,5
292,226,5
292,229,8
292,231,2
292,235,1
292,236,1
292,238,7
292,241,4
292,244,1
292,245,2
292,247,3
292,249,1
292,250,9
292,251,7
292,255,1
292,260,2
292,264,6
292,270,2
292,271,2
292,273,4
292,276,1
292,278,3
292,280,1
292,281,1
292,284,6
292,285,14
292,286,15
292,287,5
292,289,1
292,291,2
292,293,1
292,295,4
292,299,2
292,304,2
292,306,1
292,310,1
292,313,3
292,315,1
292,316,3
292,319,3
292,320,12
292,323,3
292,328,1
292,331,1
292,332,2
292,334,2
292,335,4
292,337,2
292,340,2
292,356,6
292,366,16
292,373,1
292,376,1
292,378,2
293,6,1
293,7,13
293,10,2
293,11,1
293,13,1
293,15,1
293,17,2
293,18,4
293,20,2
293,22,1
293,31,1
293,37,6
293,40,3
293,41,3
293,42,6
293,43,1
293,49,1
293,56,1
293,60,1
293,61,6
293,62,22
293,63,3
293,64,1
293,69,1
293,73,13
293,74,3
293,79,2
293,80,2
293,81,9
293,82,14
293,83,3
293,89,1
293,92,1
293,94,7
293,96,2
293,98,2
293,101,1
293,104,10
293,105,18
293,106,4
293,107,8
293,108,1
293,110,1
293,112,2
293,113,1
293,114,8
293,116,6
293,117,2
293,121,1
293,124,1
293,125,2
293,129,1
293,133,1
293,142,14
293,143,6
293,148,8
293,149,15
293,150,35
293,152,17
293,154,3
293,155,1
293,156,7
293,162,3
293,163,1
293,165,2
293,168,11
293,169,4
293,171,8
293,174,3
293,175,2
293,177,1
293,178,6
293,179,5
293,180,2
293,181,2
293,186,1
293,187,1
293,189,7
293,190,2
293,191,4
293,193,1
293,194,1
293,195,5
293,196,7
293,197,6
293,198,5
293,199,2
293,200,10
293,203,2
293,204,3
293,206,8
293,207,1
293,208,1
293,210,3
293,212,8
293,213,5
293,214,3
293,215,8
293,216,3
293,217,18
293,218,1
293,220,9
293,221,2
293,222,2
293,224,29
293,225,2
293,227,1
293,228,1
293,229,29
293,230,1
293,232,1
293,236,5
293,238,2
293,239,5
293,241,4
293,244,1
293,245,1
293,247,2
293,249,4
293,250,8
293,251,13
293,252,16
293,264,3
293,265,1
293,270,6
293,273,10
293,274,1
293,276,5
293,277,4
293,278,2
293,281,2
293,282,1
293,283,1
293,284,8
293,285,13
293,286,26
293,287,9
293,288,3
293,289,13
293,291,3
293,294,1
293,295,10
293,299,4
293,302,2
293,304,1
293,305,1
293,308,1
293,311,6
293,315,1
293,316,3
293,317,2
293,320,22
293,323,5
293,324,1
293,328,6
293,331,5
293,332,3
293,333,10
293,334,2
293,335,7
293,336,2
293,337,3
293,340,3
293,341,1
293,343,1
293,345,4
293,351,1
293,352,1
293,354,1
293,356,8
293,358,1
293,361,1
293,364,1
293,366,28
293,368,1
293,369,7
293,371,1
293,372,1
293,373,3
293,375,1
293,376,1
293,377,2
294,3,1
294,6,2
294,7,13
294,8,2
294,9,1
294,10,2
294,11,2
294,12,1
294,14,4
294,15,7
294,16,1
294,18,3
294,19,1
294,20,1
294,22,1
294,24,1
294,29,1
294,37,3
294,40,2
294,41,9
294,42,8
294,46,2
294,47,11
294,51,1
294,53,3
294,54,3
294,56,1
294,57,1
294,58,1
294,60,2
294,61,11
294,62,32
294,63,4
294,64,2
294,73,13
294,74,6
294,75,3
294,76,1
294,81,6
294,82,10
294,83,8
294,84,1
294,86,2
294,87,2
294,92,1
294,93,1
294,94,5
294,97,5
294,98,4
294,101,3
294,104,8
294,105,13
294,106,6
294,107,6
294,111,2
294,113,4
294,114,13
294,115,2
294,116,15
294,123,3
294,125,1
294,130,2
294,139,1
294,142,13
294,143,5
294,148,14
294,149,10
294,150,32
294,151,1
294,152,19
294,154,5
294,155,1
294,159,1
294,162,6
294,165,2
294,168,20
294,169,3
294,170,5
294,171,24
294,172,1
294,174,3
294,175,20
294,177,1
294,178,7
294,179,1
294,180,9
294,181,6
294,184,1
294,186,4
294,187,2
294,189,5
294,190,1
294,191,6
294,195,7
294,196,10
294,197,5
294,198,2
294,199,4
294,200,12
294,201,3
294,202,3
294,203,6
294,204,7
294,205,2
294,206,5
294,207,2
294,210,4
294,211,1
294,212,8
294,213,5
294,214,6
294,215,6
294,216,2
294,217,15
294,218,5
294,219,1
294,220,3
294,221,4
294,224,19
294,225,6
294,226,3
294,227,2
294,228,2
294,229,28
294,230,2
294,236,1
294,238,4
294,239,1
294,241,10
294,244,2
294,245,2
294,247,3
294,249,9
294,250,7
294,251,10
294,252,6
294,253,4
294,255,2
294,258,2
294,259,1
294,260,2
294,262,1
294,263,2
294,264,3
294,265,1
294,266,1
294,269,1
294,270,6
294,271,3
294,272,2
294,273,4
294,275,3
294,276,5
294,277,1
294,278,2
294,280,1
294,281,3
294,283,2
294,284,19
294,285,15
294,286,24
294,287,7
294,288,5
294,289,9
294,291,5
294,293,2
294,295,17
294,299,1
294,304,7
294,305,1
294,307,3
294,308,1
294,310,2
294,311,1
294,315,5
294,316,4
294,319,5
294,320,20
294,321,1
294,322,1
294,323,6
294,328,3
294,331,4
294,332,2
294,333,6
294,334,1
294,335,16
294,337,2
294,340,5
294,342,4
294,343,2
294,345,2
294,348,2
294,349,1
294,350,14
294,351,1
294,353,1
294,354,2
294,356,19
294,358,2
294,359,4
294,361,1
294,362,1
294,366,43
294,367,2
294,368,5
294,369,11
294,375,2
294,378,2
295,6,3
295,7,17
295,10,1
295,11,2
295,12,3
295,13,4
295,14,5
295,15,8
295,18,7
295,19,7
295,20,3
295,21,2
295,22,7
295,24,2
295,26,3
295,27,1
295,29,2
295,30,3
295,37,6
295,39,1
295,40,9
295,41,5
295,42,16
295,43,3
295,44,5
295,46,3
295,47,8
295,54,3
295,56,8
295,61,27
295,62,43
295,63,2
295,65,1
295,71,1
295,72,1
295,73,5
295,74,10
295,77,4
295,81,17
295,82,16
295,83,6
295,86,9
295,94,5
295,97,5
295,98,2
295,101,3
295,104,19
295,105,25
295,106,12
295,107,11
295,113,4
295,114,20
295,115,1
295,116,30
295,117,1
295,118,1
295,123,2
295,124,1
295,129,1
295,130,1
295,132,1
295,135,2
295,139,1
295,140,1
295,141,1
295,142,22
295,143,11
295,144,1
295,147,2
295,148,6
295,149,13
295,150,126
295,151,5
295,152,16
295,153,2
295,155,3
295,156,2
295,158,2
295,162,3
295,166,1
295,168,12
295,169,2
295,170,3
295,171,22
295,172,1
295,173,6
295,174,2
295,175,37
295,178,19
295,179,6
295,180,21
295,181,7
295,182,1
295,186,1
295,187,4
295,189,3
295,190,2
295,191,3
295,193,3
295,194,1
295,195,6
295,196,5
295,197,10
295,198,10
295,199,3
295,200,24
295,201,1
295,203,1
295,204,5
295,206,10
295,207,1
295,210,3
295,211,3
295,212,9
295,213,13
295,214,7
295,215,4
295,216,47
295,217,14
295,218,1
295,220,11
295,221,1
295,222,1
295,224,35
295,225,12
295,226,2
295,227,1
295,228,9
295,229,34
295,231,2
295,235,2
295,236,5
295,237,6
295,238,6
295,239,7
295,241,35
295,245,4
295,247,5
295,249,11
295,250,27
295,251,19
295,252,16
295,255,2
295,257,1
295,259,1
295,262,3
295,264,3
295,265,6
295,266,1
295,267,4
295,270,14
295,273,8
295,274,2
295,276,8
295,277,2
295,278,6
295,281,1
295,282,2
295,283,1
295,284,16
295,285,10
295,286,28
295,287,6
295,289,5
295,290,4
295,291,1
295,294,1
295,296,4
295,297,1
295,300,1
295,301,1
295,304,17
295,305,4
295,306,1
295,307,1
295,308,5
295,310,3
295,312,2
295,313,1
295,315,9
295,316,7
295,317,1
295,320,9
295,321,1
295,323,9
295,325,7
295,327,1
295,328,3
295,329,1
295,331,3
295,332,5
295,333,6
295,334,1
295,335,23
295,336,2
295,337,2
295,340,5
295,341,2
295,342,1
295,346,2
295,348,4
295,350,8
295,351,2
295,352,1
295,354,5
295,355,1
295,356,13
295,360,5
295,361,1
295,362,2
295,363,1
295,365,9
295,366,50
295,367,2
295,368,4
295,369,10
295,372,3
295,375,5
295,378,3
296,6,3
296,7,28
296,9,3
296,10,4
296,11,2
296,12,6
296,13,10
296,14,3
296,15,7
296,18,7
296,19,9
296,20,2
296,21,1
296,22,2
296,23,1
296,24,2
296,29,3
296,30,1
296,31,1
296,37,6
296,40,6
296,41,8
296,42,27
296,44,3
296,46,1
296,47,6
296,51,1
296,52,1
296,54,1
296,56,1
296,58,1
296,61,12
296,62,39
296,63,3
296,64,2
296,73,4
296,74,8
296,75,1
296,80,1
296,81,11
296,82,20
296,83,10
296,86,6
296,94,7
296,95,2
296,96,1
296,98,4
296,100,3
296,101,2
296,102,2
296,104,25
296,105,19
296,106,8
296,107,6
296,114,23
296,116,32
296,118,1
296,119,1
296,123,8
296,125,1
296,130,4
296,132,1
296,135,1
296,142,17
296,143,5
296,147,2
296,148,2
296,149,3
296,150,127
296,151,3
296,152,16
296,153,3
296,154,9
296,155,1
296,156,1
296,162,4
296,166,3
296,168,18
296,169,1
296,170,4
296,171,16
296,173,1
296,174,1
296,175,30
296,176,1
296,178,18
296,179,8
296,180,13
296,181,7
296,185,1
296,186,3
296,187,2
296,188,1
296,189,5
296,191,7
296,193,1
296,195,3
296,196,2
296,197,19
296,198,1
296,199,5
296,200,24
296,201,1
296,203,1
296,204,4
296,206,7
296,210,1
296,211,4
296,213,19
296,214,10
296,215,14
296,216,16
296,217,21
296,220,7
296,222,1
296,223,3
296,224,44
296,225,3
296,228,4
296,229,47
296,231,2
296,233,1
296,235,2
296,236,8
296,237,9
296,239,2
296,241,19
296,244,1
296,245,2
296,247,2
296,249,5
296,250,25
296,251,17
296,252,14
296,254,1
296,255,1
296,262,2
296,264,1
296,265,2
296,268,1
296,269,1
296,270,9
296,271,1
296,273,12
296,274,2
296,276,11
296,281,3
296,284,18
296,285,6
296,286,6
296,287,10
296,288,5
296,289,8
296,290,6
296,291,1
296,293,1
296,295,4
296,297,2
296,301,1
296,302,3
296,303,2
296,304,16
296,305,1
296,306,8
296,307,3
296,308,7
296,310,4
296,311,5
296,313,1
296,315,9
296,316,10
296,317,3
296,319,1
296,320,16
296,321,3
296,323,7
296,325,7
296,327,1
296,328,2
296,331,3
296,332,4
296,333,3
296,335,25
296,337,7
296,340,12
296,342,1
296,343,2
296,345,5
296,348,1
296,349,1
296,350,3
296,354,3
296,356,10
296,358,4
296,359,2
296,360,1
296,361,1
296,362,1
296,364,1
296,365,9
296,366,52
296,367,4
296,368,3
296,369,21
296,373,2
296,374,1
296,375,2
296,378,8
297,5,5
297,6,1
297,7,11
297,9,2
297,10,3
297,11,1
297,12,3
297,14,3
297,15,5
297,18,2
297,19,16
297,20,1
297,21,8
297,22,3
297,24,1
297,27,1
297,40,1
297,41,7
297,42,7
297,44,2
297,46,1
297,47,2
297,56,1
297,61,18
297,62,14
297,63,1
297,69,1
297,72,1
297,73,5
297,74,4
297,77,1
297,81,4
297,82,4
297,83,5
297,86,1
297,94,7
297,97,1
297,101,1
297,102,2
297,104,6
297,105,13
297,106,2
297,107,3
297,110,1
297,111,1
297,112,2
297,113,4
297,114,7
297,116,20
297,123,3
297,125,2
297,142,9
297,143,3
297,144,2
297,148,2
297,149,8
297,150,95
297,151,2
297,152,22
297,154,4
297,156,1
297,157,1
297,166,1
297,168,1
297,171,9
297,175,24
297,178,20
297,179,3
297,180,8
297,181,3
297,182,2
297,186,1
297,187,3
297,188,1
297,191,7
297,195,12
297,196,4
297,197,21
297,198,6
297,199,1
297,200,17
297,203,1
297,204,5
297,206,1
297,207,2
297,212,2
297,213,19
297,214,8
297,215,11
297,216,40
297,217,27
297,218,1
297,220,4
297,222,1
297,223,3
297,224,41
297,225,10
297,226,1
297,227,1
297,228,4
297,229,37
297,230,4
297,231,1
297,236,7
297,237,5
297,238,10
297,239,3
297,241,9
297,244,2
297,245,3
297,247,1
297,249,3
297,250,34
297,251,15
297,252,11
297,253,5
297,264,5
297,265,1
297,266,2
297,270,14
297,271,2
297,273,3
297,274,2
297,276,10
297,278,1
297,282,1
297,284,22
297,286,7
297,289,5
297,295,2
297,296,2
297,302,1
297,304,7
297,305,2
297,308,1
297,310,3
297,315,6
297,316,4
297,320,3
297,321,3
297,323,5
297,324,1
297,325,4
297,326,1
297,328,2
297,331,2
297,332,1
297,333,4
297,335,9
297,337,1
297,342,2
297,345,2
297,350,1
297,353,1
297,354,4
297,356,3
297,358,3
297,360,3
297,361,2
297,362,2
297,365,4
297,366,28
297,369,16
297,371,3
297,374,1
297,378,1
298,3,1
298,6,2
298,7,24
298,8,1
298,9,2
298,12,4
298,14,3
298,18,5
298,19,11
298,20,1
298,24,1
298,26,2
298,27,1
298,28,2
298,29,2
298,30,2
298,31,2
298,32,1
298,37,6
298,39,4
298,40,2
298,41,7
298,42,10
298,43,1
298,44,2
298,46,2
298,47,2
298,52,1
298,53,5
298,56,3
298,58,1
298,60,1
298,61,22
298,62,52
298,64,8
298,69,1
298,72,1
298,73,5
298,74,4
298,75,2
298,76,3
298,77,2
298,78,2
298,80,3
298,81,9
298,82,27
298,83,10
298,86,2
298,93,1
298,94,4
298,97,1
298,98,10
298,100,1
298,103,1
298,104,23
298,105,14
298,106,11
298,107,15
298,110,1
298,112,1
298,113,4
298,114,21
298,115,2
298,116,21
298,117,2
298,119,1
298,120,1
298,123,4
298,125,2
298,126,1
298,135,3
298,142,18
298,143,6
298,144,7
298,147,7
298,148,16
298,149,30
298,150,78
298,151,5
298,152,28
298,154,6
298,156,7
298,158,21
298,159,2
298,160,1
298,162,6
298,165,3
298,166,1
298,168,55
298,169,4
298,170,5
298,171,46
298,172,1
298,173,4
298,174,3
298,175,13
298,178,18
298,179,1
298,180,9
298,181,5
298,182,1
298,184,1
298,187,2
298,189,8
298,190,1
298,191,12
298,195,5
298,197,3
298,198,4
298,199,5
298,200,20
298,203,6
298,204,20
298,205,1
298,206,16
298,208,1
298,210,1
298,211,1
298,212,3
298,213,3
298,214,8
298,215,2
298,216,9
298,217,6
298,218,4
298,220,11
298,221,6
298,222,1
298,224,13
298,225,8
298,226,1
298,229,29
298,235,5
298,236,1
298,238,4
298,239,1
298,241,10
298,245,2
298,247,11
298,249,6
298,250,10
298,251,14
298,252,20
298,253,5
298,255,1
298,256,1
298,257,2
298,258,2
298,260,1
298,262,1
298,264,7
298,266,4
298,267,1
298,270,6
298,272,1
298,273,3
298,274,2
298,276,4
298,280,1
298,281,2
298,284,7
298,285,13
298,286,30
298,287,4
298,289,3
298,290,1
298,291,2
298,292,2
298,296,1
298,304,1
298,306,1
298,308,4
298,310,2
298,311,1
298,312,1
298,314,1
298,315,3
298,316,2
298,317,3
298,319,4
298,320,4
298,322,1
298,323,5
298,325,2
298,328,1
298,329,4
298,331,2
298,332,6
298,333,12
298,335,2
298,336,2
298,337,2
298,340,3
298,342,1
298,343,1
298,345,5
298,347,1
298,348,2
298,349,1
298,350,4
298,351,3
298,352,1
298,353,1
298,354,4
298,356,53
298,358,4
298,359,6
298,361,4
298,362,1
298,363,1
298,364,1
298,365,3
298,366,38
298,368,2
298,369,5
298,372,1
298,373,1
298,374,1
298,376,2
298,378,14
299,2,1
299,3,2
299,5,1
299,7,10
299,10,1
299,11,2
299,13,1
299,14,3
299,15,3
299,18,9
299,19,7
299,20,6
299,22,4
299,29,6
299,30,1
299,31,4
299,35,1
299,36,1
299,37,3
299,39,1
299,40,5
299,41,9
299,42,5
299,43,8
299,44,2
299,46,1
299,47,5
299,51,2
299,53,1
299,54,1
299,56,1
299,61,21
299,62,39
299,64,6
299,69,1
299,70,1
299,73,8
299,74,13
299,75,1
299,80,4
299,81,7
299,82,12
299,83,3
299,86,4
299,87,1
299,94,17
299,97,1
299,98,3
299,102,1
299,103,1
299,104,22
299,105,9
299,106,8
299,107,21
299,108,1
299,113,9
299,114,14
299,116,3
299,123,3
299,130,1
299,134,1
299,135,1
299,140,1
299,142,11
299,143,5
299,148,9
299,149,18
299,150,39
299,152,14
299,153,5
299,154,5
299,156,11
299,158,1
299,165,2
299,166,1
299,168,22
299,169,3
299,170,4
299,171,10
299,173,2
299,175,9
299,178,7
299,179,4
299,180,4
299,181,8
299,184,1
299,187,1
299,189,4
299,190,1
299,191,2
299,195,2
299,197,6
299,198,4
299,199,3
299,200,17
299,202,1
299,203,1
299,204,11
299,206,9
299,212,6
299,213,5
299,214,5
299,215,9
299,216,8
299,217,8
299,218,4
299,220,12
299,221,3
299,222,2
299,224,18
299,225,9
299,227,2
299,228,3
299,229,29
299,231,2
299,235,1
299,237,1
299,238,4
299,241,7
299,245,1
299,247,2
299,249,3
299,250,8
299,251,13
299,252,12
299,253,1
299,255,1
299,258,3
299,260,1
299,262,2
299,264,3
299,265,1
299,266,1
299,268,2
299,270,4
299,271,1
299,272,1
299,273,8
299,274,5
299,275,2
299,276,5
299,278,1
299,279,6
299,281,5
299,282,6
299,284,3
299,285,28
299,286,55
299,287,5
299,288,1
299,289,9
299,290,1
299,291,1
299,293,2
299,294,1
299,295,4
299,296,3
299,300,2
299,302,1
299,304,9
299,305,2
299,308,2
299,309,1
299,310,4
299,311,5
299,312,1
299,313,1
299,315,9
299,316,8
299,317,4
299,319,4
299,320,20
299,321,4
299,322,2
299,323,5
299,324,1
299,325,5
299,326,1
299,327,1
299,328,10
299,329,1
299,330,1
299,331,11
299,332,1
299,333,5
299,334,2
299,335,33
299,337,10
299,340,7
299,342,4
299,343,3
299,345,3
299,346,2
299,348,4
299,349,3
299,354,4
299,356,14
299,362,2
299,365,3
299,366,48
299,367,2
299,368,2
299,369,5
299,371,1
299,373,1
299,375,4
299,376,1
299,377,1
299,378,4
300,2,1
300,5,2
300,6,1
300,7,17
300,8,3
300,10,5
300,11,2
300,12,4
300,13,4
300,14,1
300,15,5
300,16,1
300,18,1
300,19,8
300,22,2
300,26,1
300,27,2
300,34,2
300,37,1
300,39,1
300,40,5
300,41,4
300,42,6
300,43,1
300,44,6
300,46,1
300,47,2
300,51,3
300,52,2
300,54,1
300,56,1
300,59,1
300,60,1
300,61,16
300,62,46
300,63,1
300,65,1
300,71,1
300,72,1
300,73,10
300,74,11
300,75,1
300,79,1
300,80,1
300,81,11
300,82,12
300,83,3
300,86,1
300,94,11
300,95,1
300,96,2
300,98,1
300,102,1
300,104,15
300,105,10
300,106,5
300,107,21
300,109,3
300,110,1
300,113,6
300,114,18
300,115,1
300,116,7
300,117,1
300,130,1
300,142,7
300,143,8
300,146,1
300,148,15
300,149,15
300,150,39
300,151,6
300,152,14
300,154,8
300,158,1
300,159,1
300,162,1
300,163,1
300,164,1
300,165,2
300,168,19
300,169,2
300,170,6
300,171,26
300,172,1
300,173,1
300,174,4
300,175,6
300,178,6
300,179,5
300,180,8
300,181,3
300,184,3
300,186,5
300,189,4
300,190,1
300,191,5
300,192,1
300,193,5
300,195,8
300,197,5
300,199,2
300,200,9
300,202,1
300,203,7
300,204,9
300,206,9
300,207,1
300,210,7
300,211,1
300,212,2
300,213,2
300,214,9
300,215,1
300,216,7
300,217,9
300,218,3
300,220,9
300,221,5
300,222,2
300,224,24
300,225,6
300,228,4
300,229,11
300,231,3
300,236,1
300,237,7
300,238,4
300,239,1
300,241,13
300,244,1
300,245,2
300,247,6
300,249,5
300,250,7
300,251,20
300,252,1
300,253,2
300,255,1
300,256,1
300,257,1
300,259,2
300,262,3
300,263,2
300,264,5
300,265,2
300,267,2
300,269,1
300,270,4
300,271,1
300,272,1
300,273,6
300,274,6
300,275,1
300,276,5
300,277,1
300,278,2
300,280,3
300,281,7
300,284,1
300,285,23
300,286,29
300,287,5
300,288,1
300,289,14
300,290,2
300,292,1
300,293,1
300,295,3
300,296,3
300,299,2
300,304,1
300,305,2
300,307,1
300,308,2
300,309,2
300,311,3
300,315,6
300,317,6
300,319,2
300,320,23
300,321,1
300,323,4
300,324,3
300,325,4
300,328,5
300,329,1
300,330,1
300,331,6
300,332,2
300,333,18
300,334,1
300,335,25
300,336,2
300,337,1
300,340,2
300,342,5
300,343,1
300,344,2
300,345,1
300,347,1
300,348,1
300,350,1
300,352,1
300,353,1
300,354,5
300,356,15
300,358,4
300,359,1
300,362,1
300,364,3
300,365,2
300,366,37
300,368,3
300,369,5
300,371,1
300,373,1
300,375,4
300,376,2
300,378,7
301,5,2
301,6,1
301,7,25
301,8,1
301,9,3
301,11,5
301,12,3
301,13,1
301,14,3
301,15,4
301,17,1
301,18,8
301,19,6
301,20,2
301,22,2
301,24,2
301,26,2
301,27,2
301,30,1
301,37,4
301,40,6
301,41,8
301,42,4
301,43,1
301,44,2
301,46,5
301,47,8
301,49,2
301,54,5
301,55,4
301,56,1
301,57,1
301,59,1
301,61,17
301,62,51
301,63,6
301,64,2
301,65,2
301,67,1
301,68,1
301,70,1
301,71,2
301,72,1
301,73,4
301,74,6
301,77,1
301,80,1
301,81,7
301,82,19
301,83,16
301,86,7
301,94,20
301,95,1
301,98,2
301,102,2
301,103,1
301,104,12
301,105,12
301,106,8
301,107,4
301,108,1
301,109,2
301,110,1
301,111,1
301,112,2
301,113,3
301,114,17
301,115,2
301,116,8
301,121,2
301,123,6
301,128,1
301,130,1
301,131,1
301,135,1
301,142,7
301,143,4
301,144,1
301,148,9
301,149,9
301,150,16
301,151,4
301,152,15
301,154,1
301,155,2
301,156,1
301,160,1
301,162,7
301,163,1
301,164,1
301,165,1
301,166,2
301,168,11
301,169,4
301,170,2
301,171,15
301,173,1
301,174,2
301,175,15
301,178,5
301,179,3
301,180,6
301,181,2
301,185,1
301,186,2
301,189,5
301,190,2
301,195,1
301,197,7
301,199,2
301,200,11
301,201,2
301,204,8
301,205,1
301,206,7
301,210,2
301,211,5
301,212,4
301,213,6
301,214,5
301,215,2
301,216,9
301,217,11
301,218,5
301,219,1
301,220,3
301,221,6
301,224,29
301,225,10
301,226,1
301,227,2
301,228,1
301,229,16
301,230,1
301,236,7
301,238,17
301,240,1
301,241,7
301,245,1
301,246,1
301,247,4
301,249,1
301,251,7
301,252,8
301,253,1
301,255,4
301,260,1
301,262,1
301,264,3
301,267,2
301,269,1
301,270,4
301,271,3
301,273,4
301,274,3
301,275,3
301,276,3
301,280,1
301,281,6
301,284,13
301,285,12
301,286,30
301,287,17
301,288,6
301,289,1
301,291,5
301,292,1
301,293,1
301,295,8
301,296,4
301,299,3
301,302,6
301,304,4
301,307,2
301,308,4
301,310,1
301,311,3
301,313,2
301,314,1
301,315,7
301,316,7
301,317,4
301,318,2
301,319,7
301,320,38
301,321,1
301,323,4
301,324,2
301,325,13
301,327,2
301,328,2
301,329,1
301,330,2
301,331,1
301,332,3
301,333,9
301,335,20
301,337,9
301,339,1
301,340,6
301,342,1
301,345,1
301,347,5
301,348,2
301,349,2
301,350,1
301,351,1
301,352,1
301,354,4
301,355,1
301,356,7
301,358,2
301,359,3
301,365,2
301,366,27
301,367,2
301,368,2
301,369,10
301,373,2
301,376,1
301,378,4
302,5,1
302,6,1
302,7,23
302,8,1
302,10,3
302,11,1
302,12,5
302,13,2
302,14,1
302,15,7
302,18,6
302,19,8
302,20,4
302,22,1
302,30,3
302,31,1
302,40,6
302,41,6
302,42,7
302,43,1
302,46,3
302,52,1
302,53,1
302,56,1
302,57,1
302,60,1
302,61,14
302,62,31
302,63,1
302,64,4
302,65,2
302,69,1
302,72,1
302,73,14
302,74,17
302,75,2
302,79,1
302,80,2
302,81,7
302,82,16
302,83,1
302,86,2
302,94,24
302,97,2
302,98,2
302,102,1
302,103,2
302,104,20
302,105,14
302,106,8
302,107,6
302,108,1
302,110,2
302,112,1
302,113,8
302,114,7
302,115,1
302,116,27
302,123,3
302,125,3
302,130,5
302,135,1
302,142,14
302,143,4
302,144,1
302,147,1
302,148,5
302,149,5
302,150,58
302,151,2
302,152,18
302,153,1
302,154,1
302,155,2
302,156,2
302,158,1
302,168,17
302,170,4
302,171,10
302,174,1
302,175,20
302,178,9
302,179,3
302,180,10
302,181,4
302,186,1
302,187,1
302,189,1
302,191,6
302,192,1
302,195,3
302,196,5
302,197,12
302,198,2
302,199,4
302,200,9
302,204,13
302,210,1
302,211,2
302,212,2
302,213,7
302,214,2
302,215,4
302,216,16
302,217,16
302,219,1
302,220,2
302,221,3
302,224,38
302,225,2
302,226,1
302,228,2
302,229,20
302,230,2
302,236,5
302,238,10
302,239,2
302,240,2
302,241,15
302,247,1
302,249,5
302,250,13
302,251,16
302,252,6
302,253,3
302,255,1
302,259,1
302,260,2
302,267,2
302,270,19
302,273,10
302,275,1
302,276,3
302,278,2
302,280,1
302,281,4
302,282,1
302,284,14
302,285,8
302,286,17
302,287,2
302,288,1
302,289,4
302,290,3
302,291,2
302,295,4
302,296,3
302,299,1
302,301,1
302,303,1
302,304,15
302,305,5
302,306,4
302,307,4
302,308,1
302,310,8
302,311,5
302,313,3
302,314,2
302,315,4
302,316,9
302,317,5
302,319,3
302,320,13
302,321,8
302,323,8
302,325,6
302,326,1
302,328,1
302,329,1
302,331,6
302,332,1
302,333,8
302,334,1
302,335,6
302,336,2
302,337,5
302,340,4
302,342,10
302,343,1
302,345,1
302,347,2
302,349,2
302,350,1
302,351,2
302,354,2
302,356,4
302,358,1
302,359,2
302,360,3
302,361,1
302,365,6
302,366,28
302,367,1
302,369,14
302,375,3
302,378,5
303,5,2
303,7,16
303,10,3
303,11,3
303,12,5
303,15,8
303,17,1
303,19,3
303,20,2
303,21,3
303,26,1
303,27,1
303,29,3
303,30,1
303,31,1
303,34,1
303,37,5
303,39,1
303,40,10
303,41,6
303,42,8
303,43,2
303,44,5
303,46,2
303,47,9
303,53,1
303,54,1
303,55,1
303,56,3
303,60,1
303,61,14
303,62,84
303,63,7
303,64,5
303,65,1
303,68,1
303,70,1
303,71,1
303,72,2
303,73,20
303,78,1
303,80,3
303,81,5
303,82,8
303,83,3
303,85,1
303,86,4
303,87,4
303,90,3
303,94,9
303,95,2
303,96,1
303,97,8
303,98,1
303,101,2
303,103,1
303,104,27
303,105,12
303,106,11
303,107,14
303,110,1
303,112,4
303,113,8
303,114,9
303,116,4
303,123,8
303,124,2
303,125,1
303,130,3
303,132,1
303,134,1
303,135,1
303,139,1
303,142,9
303,143,6
303,147,1
303,148,3
303,149,5
303,150,27
303,151,2
303,152,10
303,153,1
303,154,7
303,156,1
303,160,1
303,162,4
303,165,4
303,166,2
303,168,16
303,169,8
303,170,5
303,171,22
303,172,1
303,173,2
303,174,2
303,175,2
303,178,4
303,179,1
303,180,8
303,181,4
303,183,1
303,186,2
303,187,2
303,189,3
303,191,3
303,193,1
303,195,4
303,196,1
303,197,6
303,198,1
303,200,13
303,203,4
303,204,11
303,206,4
303,207,4
303,210,3
303,211,5
303,212,6
303,213,3
303,214,5
303,215,11
303,216,9
303,217,8
303,218,3
303,220,11
303,221,7
303,223,2
303,224,29
303,225,2
303,227,2
303,228,2
303,229,12
303,230,3
303,232,1
303,235,2
303,236,2
303,238,2
303,241,4
303,244,3
303,245,2
303,247,1
303,250,7
303,251,8
303,252,4
303,255,3
303,260,1
303,262,4
303,264,3
303,266,1
303,270,3
303,271,2
303,273,1
303,275,1
303,276,6
303,279,1
303,281,2
303,284,5
303,285,28
303,286,52
303,287,11
303,288,5
303,289,6
303,290,2
303,291,1
303,293,3
303,294,1
303,295,4
303,301,2
303,304,9
303,305,3
303,306,7
303,308,1
303,310,10
303,311,1
303,313,1
303,314,1
303,315,6
303,316,14
303,317,1
303,318,1
303,319,2
303,320,24
303,321,6
303,322,1
303,323,9
303,325,3
303,326,1
303,327,1
303,328,3
303,330,2
303,331,4
303,332,3
303,333,6
303,335,15
303,336,2
303,337,9
303,338,3
303,339,3
303,340,5
303,342,3
303,343,2
303,344,2
303,345,6
303,346,1
303,347,4
303,348,4
303,349,1
303,350,2
303,351,1
303,353,1
303,354,2
303,356,11
303,357,1
303,358,2
303,359,1
303,362,1
303,365,8
303,366,32
303,368,4
303,369,11
303,372,1
303,374,1
303,375,3
303,376,2
303,378,4
304,6,4
304,7,24
304,10,1
304,11,1
304,12,2
304,13,1
304,15,10
304,17,1
304,18,2
304,19,6
304,22,3
304,28,2
304,30,2
304,31,1
304,36,4
304,39,1
304,40,5
304,41,12
304,42,5
304,45,2
304,46,3
304,47,3
304,51,1
304,54,1
304,56,3
304,60,1
304,61,12
304,62,49
304,63,10
304,64,12
304,68,1
304,71,1
304,73,3
304,74,7
304,78,1
304,80,3
304,81,4
304,82,9
304,84,1
304,86,3
304,90,1
304,93,1
304,94,7
304,95,2
304,96,1
304,97,1
304,98,5
304,101,2
304,104,22
304,105,11
304,106,9
304,107,7
304,108,1
304,110,1
304,113,1
304,114,10
304,116,14
304,117,3
304,118,1
304,120,2
304,123,2
304,125,2
304,126,1
304,128,3
304,130,2
304,142,8
304,143,8
304,147,1
304,148,6
304,149,7
304,150,53
304,151,1
304,152,22
304,154,3
304,156,2
304,158,4
304,165,2
304,166,2
304,168,6
304,171,13
304,173,1
304,174,1
304,175,13
304,178,19
304,179,3
304,180,15
304,181,4
304,182,4
304,187,1
304,189,14
304,190,2
304,191,4
304,192,1
304,193,3
304,194,1
304,195,3
304,196,3
304,197,10
304,198,2
304,199,1
304,200,11
304,201,1
304,204,9
304,205,1
304,207,1
304,208,1
304,210,2
304,212,4
304,213,7
304,214,5
304,215,15
304,216,13
304,217,20
304,220,1
304,222,1
304,224,28
304,225,12
304,226,2
304,227,5
304,228,2
304,229,30
304,230,5
304,231,2
304,236,4
304,237,3
304,238,4
304,240,1
304,241,4
304,247,3
304,249,7
304,250,6
304,251,14
304,252,17
304,253,3
304,257,1
304,264,1
304,265,2
304,267,1
304,269,1
304,270,3
304,273,12
304,274,2
304,276,2
304,279,3
304,280,2
304,281,1
304,284,16
304,285,7
304,286,21
304,287,20
304,288,5
304,289,11
304,291,1
304,293,5
304,295,1
304,296,4
304,301,3
304,302,1
304,305,4
304,306,6
304,307,1
304,308,6
304,309,2
304,310,4
304,311,1
304,312,3
304,313,1
304,315,2
304,316,9
304,317,2
304,320,31
304,321,2
304,323,3
304,324,1
304,325,8
304,328,1
304,331,1
304,332,7
304,333,10
304,335,25
304,336,2
304,337,3
304,338,1
304,340,9
304,341,2
304,343,1
304,345,3
304,348,3
304,349,3
304,350,2
304,352,1
304,353,1
304,354,1
304,356,11
304,358,2
304,359,1
304,361,1
304,362,2
304,365,4
304,366,53
304,369,9
304,370,1
304,371,2
304,375,3
304,376,2
304,378,2
305,2,1
305,3,1
305,4,1
305,5,1
305,7,10
305,10,3
305,11,1
305,12,2
305,14,3
305,15,9
305,17,1
305,18,3
305,19,2
305,20,1
305,21,1
305,22,2
305,24,3
305,25,1
305,26,1
305,27,4
305,29,1
305,31,1
305,35,1
305,36,1
305,37,5
305,40,4
305,41,8
305,42,8
305,43,3
305,44,3
305,46,2
305,47,11
305,52,1
305,54,1
305,56,2
305,59,1
305,61,11
305,62,21
305,63,2
305,64,7
305,65,1
305,67,1
305,72,1
305,73,8
305,74,9
305,77,1
305,80,1
305,81,14
305,82,7
305,83,2
305,86,2
305,88,1
305,91,1
305,94,6
305,97,1
305,98,2
305,102,1
305,103,1
305,104,14
305,105,12
305,106,3
305,107,6
305,113,11
305,114,2
305,116,14
305,117,3
305,120,1
305,121,1
305,123,3
305,130,3
305,134,1
305,142,1
305,143,4
305,145,1
305,147,1
305,148,6
305,149,5
305,150,34
305,151,3
305,152,9
305,154,1
305,156,3
305,158,2
305,160,1
305,165,1
305,168,11
305,169,2
305,170,1
305,171,8
305,173,1
305,174,1
305,175,3
305,178,6
305,179,2
305,180,4
305,181,5
305,189,5
305,190,2
305,191,2
305,192,2
305,195,6
305,197,4
305,198,3
305,199,2
305,200,9
305,201,1
305,204,3
305,206,2
305,208,1
305,211,1
305,213,11
305,214,9
305,215,7
305,216,13
305,217,12
305,220,2
305,222,3
305,224,19
305,225,1
305,227,3
305,229,15
305,231,3
305,236,3
305,238,2
305,241,9
305,244,1
305,245,1
305,247,1
305,249,4
305,250,13
305,251,21
305,252,4
305,253,4
305,255,1
305,258,2
305,263,1
305,264,5
305,270,2
305,271,1
305,273,10
305,276,2
305,278,1
305,279,1
305,280,1
305,281,1
305,283,1
305,284,14
305,285,3
305,286,12
305,287,5
305,289,1
305,290,2
305,291,6
305,292,1
305,296,7
305,302,3
305,303,1
305,304,15
305,307,1
305,308,2
305,310,1
305,311,5
305,313,2
305,314,2
305,315,3
305,316,2
305,319,2
305,320,5
305,321,2
305,323,4
305,325,6
305,327,1
305,329,2
305,331,1
305,332,4
305,333,4
305,335,15
305,336,1
305,337,3
305,338,1
305,340,6
305,342,7
305,343,1
305,346,1
305,348,2
305,349,1
305,350,1
305,351,1
305,354,4
305,356,4
305,358,1
305,359,2
305,360,1
305,365,2
305,366,21
305,367,3
305,368,2
305,369,4
305,375,1
305,376,4
305,378,5
306,7,29
306,9,3
306,10,2
306,11,3
306,12,2
306,13,2
306,14,4
306,15,7
306,17,1
306,18,11
306,19,4
306,20,1
306,22,3
306,24,1
306,26,1
306,27,1
306,36,2
306,37,3
306,39,2
306,40,5
306,41,3
306,42,2
306,43,1
306,44,1
306,46,1
306,47,1
306,52,2
306,53,1
306,54,2
306,56,4
306,57,1
306,61,18
306,62,45
306,63,3
306,64,4
306,65,1
306,72,1
306,73,7
306,74,9
306,75,1
306,77,1
306,81,1
306,82,9
306,83,5
306,86,3
306,92,1
306,94,8
306,95,1
306,96,2
306,97,9
306,103,1
306,104,15
306,105,4
306,106,8
306,107,9
306,110,2
306,111,1
306,113,4
306,114,6
306,116,8
306,117,1
306,120,1
306,123,1
306,130,3
306,132,1
306,135,1
306,138,1
306,139,2
306,140,1
306,142,15
306,143,4
306,148,5
306,149,12
306,150,38
306,151,2
306,152,7
306,154,4
306,156,1
306,165,2
306,166,3
306,168,10
306,169,2
306,170,1
306,171,10
306,172,1
306,173,2
306,174,1
306,175,8
306,178,1
306,179,5
306,180,8
306,181,3
306,184,1
306,186,2
306,189,5
306,190,1
306,191,2
306,193,3
306,194,1
306,195,1
306,196,2
306,197,2
306,198,3
306,199,5
306,200,5
306,203,2
306,204,3
306,210,2
306,211,1
306,212,3
306,213,6
306,214,7
306,215,5
306,216,10
306,217,8
306,218,3
306,219,1
306,221,2
306,222,1
306,223,4
306,224,35
306,225,1
306,227,4
306,228,2
306,229,13
306,231,1
306,236,4
306,237,2
306,238,3
306,239,1
306,241,6
306,244,2
306,245,2
306,247,2
306,249,5
306,250,9
306,251,10
306,252,9
306,253,3
306,264,1
306,265,3
306,267,1
306,270,10
306,271,2
306,272,1
306,273,6
306,274,1
306,276,4
306,281,1
306,284,21
306,285,7
306,286,33
306,287,13
306,289,3
306,291,1
306,293,1
306,295,4
306,296,7
306,301,2
306,302,1
306,304,4
306,305,1
306,308,1
306,310,7
306,311,4
306,313,1
306,315,6
306,316,3
306,317,2
306,318,1
306,319,3
306,320,8
306,321,1
306,323,4
306,324,1
306,326,2
306,328,4
306,329,2
306,330,2
306,331,8
306,332,4
306,333,9
306,335,7
306,337,7
306,338,1
306,339,1
306,340,2
306,342,4
306,343,3
306,345,2
306,346,3
306,348,1
306,350,1
306,351,1
306,353,1
306,354,4
306,356,6
306,359,3
306,360,2
306,365,9
306,366,36
306,367,2
306,368,3
306,369,23
306,373,3
306,375,3
306,378,8
307,5,3
307,7,30
307,10,19
307,11,2
307,12,2
307,14,13
307,15,27
307,16,2
307,17,1
307,18,12
307,19,7
307,21,1
307,22,1
307,23,1
307,24,1
307,26,2
307,29,1
307,31,2
307,36,1
307,37,2
307,39,1
307,40,11
307,41,6
307,42,15
307,43,2
307,44,3
307,45,2
307,46,3
307,47,19
307,50,2
307,51,2
307,52,2
307,53,2
307,54,2
307,56,1
307,61,22
307,62,61
307,63,3
307,64,2
307,67,4
307,70,1
307,72,4
307,73,8
307,74,18
307,75,3
307,79,1
307,81,4
307,82,13
307,83,3
307,86,6
307,90,1
307,94,34
307,95,1
307,97,1
307,98,2
307,102,4
307,103,1
307,104,17
307,105,46
307,106,14
307,107,8
307,110,1
307,113,3
307,114,9
307,115,1
307,116,27
307,117,1
307,123,4
307,126,1
307,129,1
307,130,3
307,139,4
307,140,2
307,141,1
307,142,21
307,143,8
307,144,2
307,147,1
307,148,3
307,149,7
307,150,89
307,151,3
307,152,30
307,153,2
307,154,4
307,155,4
307,156,2
307,158,1
307,165,1
307,166,1
307,168,13
307,170,2
307,171,16
307,173,1
307,175,15
307,178,12
307,179,7
307,180,8
307,181,1
307,184,1
307,189,2
307,190,6
307,191,12
307,192,1
307,193,1
307,194,6
307,195,5
307,197,19
307,198,2
307,199,11
307,200,22
307,201,3
307,204,4
307,206,5
307,208,1
307,210,3
307,211,3
307,212,5
307,213,10
307,214,13
307,215,9
307,216,29
307,217,22
307,218,2
307,220,7
307,222,1
307,224,23
307,225,4
307,227,1
307,228,1
307,229,37
307,231,2
307,235,2
307,236,15
307,237,1
307,238,5
307,239,1
307,241,14
307,244,1
307,245,1
307,247,2
307,249,15
307,250,30
307,251,23
307,252,8
307,253,6
307,255,2
307,264,3
307,268,1
307,270,15
307,271,1
307,272,1
307,273,24
307,274,2
307,275,1
307,276,1
307,279,1
307,281,1
307,283,2
307,284,10
307,285,5
307,286,15
307,287,1
307,288,1
307,289,3
307,291,1
307,293,1
307,296,2
307,299,1
307,302,3
307,304,9
307,305,1
307,308,17
307,309,3
307,310,13
307,311,4
307,312,2
307,313,2
307,315,17
307,316,22
307,317,1
307,318,1
307,319,1
307,320,12
307,321,7
307,322,3
307,323,11
307,325,14
307,327,1
307,328,7
307,330,1
307,331,1
307,332,3
307,333,9
307,335,9
307,336,1
307,337,4
307,338,1
307,340,9
307,341,1
307,342,6
307,343,4
307,345,5
307,346,3
307,347,1
307,348,1
307,349,1
307,350,3
307,352,2
307,354,5
307,355,1
307,356,7
307,358,3
307,361,1
307,362,4
307,363,1
307,365,10
307,366,52
307,367,3
307,368,2
307,369,27
307,370,1
307,371,5
307,378,11
308,5,1
308,6,1
308,7,29
308,9,2
308,10,4
308,13,1
308,14,2
308,15,10
308,17,1
308,18,7
308,19,7
308,20,2
308,21,2
308,22,1
308,23,2
308,24,1
308,28,2
308,30,5
308,32,1
308,34,1
308,36,1
308,37,2
308,40,4
308,41,7
308,42,7
308,44,4
308,45,3
308,46,3
308,47,3
308,49,2
308,53,2
308,54,1
308,55,1
308,58,1
308,61,23
308,62,18
308,63,2
308,64,7
308,66,3
308,67,3
308,73,2
308,74,7
308,75,1
308,78,1
308,81,1
308,82,3
308,83,1
308,84,1
308,86,4
308,87,1
308,88,1
308,94,14
308,98,1
308,102,1
308,104,14
308,105,16
308,106,20
308,114,1
308,116,12
308,117,1
308,119,3
308,125,1
308,128,1
308,130,2
308,132,1
308,135,1
308,139,2
308,140,1
308,142,17
308,143,9
308,150,36
308,151,4
308,152,5
308,154,3
308,156,2
308,157,1
308,165,1
308,168,7
308,171,9
308,172,1
308,175,16
308,178,5
308,179,3
308,180,11
308,181,5
308,184,1
308,187,3
308,189,5
308,190,3
308,191,6
308,192,2
308,195,7
308,197,6
308,198,3
308,199,5
308,200,15
308,201,2
308,203,3
308,204,6
308,207,1
308,212,6
308,213,1
308,214,3
308,215,3
308,216,11
308,217,15
308,219,1
308,220,3
308,222,1
308,224,10
308,225,6
308,226,1
308,227,5
308,228,1
308,229,30
308,236,8
308,237,3
308,238,9
308,239,3
308,241,4
308,244,1
308,245,1
308,247,5
308,249,3
308,250,10
308,251,25
308,252,4
308,253,2
308,255,1
308,262,1
308,264,2
308,265,2
308,269,1
308,270,10
308,273,24
308,274,2
308,276,3
308,281,2
308,284,9
308,285,5
308,286,9
308,288,1
308,289,4
308,291,1
308,293,4
308,296,1
308,298,1
308,302,1
308,304,1
308,305,1
308,307,3
308,310,2
308,311,6
308,312,1
308,313,5
308,315,6
308,316,19
308,319,4
308,320,6
308,321,8
308,322,4
308,323,18
308,324,1
308,325,5
308,326,1
308,328,3
308,335,8
308,340,7
308,341,2
308,342,10
308,343,2
308,345,2
308,346,1
308,348,5
308,349,1
308,351,1
308,354,2
308,355,1
308,356,4
308,359,3
308,360,1
308,361,1
308,362,1
308,363,2
308,365,11
308,366,49
308,367,1
308,368,2
308,369,21
308,378,6
309,5,1
309,6,1
309,7,17
309,9,4
309,10,6
309,11,6
309,12,1
309,14,5
309,15,5
309,16,1
309,17,1
309,18,10
309,19,4
309,20,7
309,21,4
309,22,1
309,26,2
309,30,2
309,31,2
309,37,2
309,41,15
309,42,14
309,43,2
309,44,3
309,45,1
309,46,9
309,47,12
309,48,1
309,52,1
309,57,1
309,59,4
309,60,2
309,61,10
309,62,42
309,63,6
309,64,5
309,67,6
309,68,1
309,69,3
309,73,11
309,74,6
309,80,3
309,81,4
309,82,15
309,83,1
309,86,9
309,90,1
309,91,1
309,93,2
309,94,35
309,96,1
309,97,1
309,101,2
309,103,1
309,104,32
309,105,19
309,106,17
309,107,4
309,108,2
309,110,1
309,112,1
309,113,3
309,114,8
309,115,1
309,116,5
309,117,2
309,120,1
309,123,2
309,126,1
309,130,2
309,131,1
309,142,12
309,143,8
309,148,9
309,149,14
309,150,42
309,151,6
309,152,13
309,153,5
309,154,4
309,155,2
309,156,2
309,166,1
309,168,17
309,169,2
309,170,5
309,171,10
309,172,1
309,173,2
309,174,3
309,175,8
309,177,1
309,178,10
309,179,1
309,180,11
309,181,2
309,184,1
309,185,1
309,187,2
309,189,6
309,190,2
309,191,10
309,192,1
309,193,1
309,194,2
309,195,3
309,196,1
309,197,14
309,198,7
309,199,1
309,200,23
309,202,1
309,203,3
309,204,11
309,206,3
309,210,1
309,212,4
309,213,1
309,214,3
309,215,11
309,216,12
309,217,22
309,218,9
309,220,1
309,221,2
309,222,1
309,224,20
309,227,6
309,228,6
309,229,21
309,230,2
309,231,3
309,236,9
309,237,2
309,238,3
309,239,2
309,241,13
309,244,1
309,245,5
309,249,8
309,250,24
309,251,24
309,252,11
309,255,2
309,258,1
309,259,1
309,261,1
309,262,2
309,264,5
309,265,1
309,267,2
309,268,1
309,270,7
309,273,22
309,274,1
309,276,7
309,279,1
309,280,2
309,281,1
309,282,2
309,284,11
309,285,6
309,286,15
309,287,3
309,288,1
309,289,7
309,291,3
309,296,4
309,299,1
309,302,4
309,304,4
309,305,1
309,306,2
309,307,8
309,308,9
309,310,16
309,311,18
309,313,4
309,315,11
309,316,31
309,317,1
309,319,3
309,320,9
309,321,10
309,322,2
309,323,19
309,324,1
309,325,18
309,326,1
309,328,3
309,331,3
309,333,9
309,335,2
309,336,1
309,337,6
309,340,8
309,342,6
309,343,1
309,345,6
309,346,3
309,347,1
309,348,3
309,350,1
309,351,2
309,353,1
309,354,2
309,356,10
309,359,2
309,365,12
309,366,40
309,367,3
309,368,1
309,369,43
309,376,1
309,378,3
310,2,1
310,3,1
310,5,2
310,6,4
310,7,37
310,9,5
310,10,6
310,11,4
310,12,4
310,13,8
310,14,13
310,15,20
310,16,1
310,17,8
310,18,10
310,19,6
310,20,8
310,22,4
310,25,1
310,27,1
310,30,2
310,31,5
310,37,8
310,39,1
310,40,3
310,41,13
310,42,7
310,43,1
310,44,1
310,46,3
310,47,17
310,49,4
310,51,2
310,52,2
310,53,6
310,54,5
310,57,1
310,60,1
310,61,29
310,62,71
310,63,12
310,64,9
310,71,1
310,72,3
310,73,23
310,74,13
310,75,1
310,80,1
310,81,7
310,82,16
310,83,11
310,86,9
310,94,33
310,95,2
310,96,3
310,97,2
310,98,2
310,102,1
310,103,4
310,104,25
310,105,24
310,106,29
310,107,15
310,110,2
310,111,1
310,113,6
310,114,17
310,116,18
310,117,4
310,121,1
310,123,3
310,125,1
310,126,1
310,128,2
310,130,2
310,132,3
310,133,1
310,135,1
310,138,1
310,139,2
310,140,1
310,142,11
310,143,12
310,148,4
310,149,10
310,150,83
310,151,1
310,152,32
310,153,1
310,154,7
310,156,5
310,158,2
310,166,1
310,168,10
310,170,7
310,171,11
310,172,1
310,174,7
310,175,20
310,177,1
310,178,18
310,179,8
310,180,9
310,181,1
310,182,1
310,184,3
310,186,4
310,187,1
310,189,4
310,190,5
310,191,11
310,194,1
310,195,7
310,196,6
310,197,16
310,198,3
310,199,8
310,200,19
310,204,4
310,211,2
310,212,5
310,213,14
310,214,10
310,215,8
310,216,16
310,217,31
310,218,1
310,220,4
310,221,5
310,224,42
310,225,8
310,226,3
310,227,4
310,228,3
310,229,41
310,230,1
310,236,9
310,237,2
310,238,12
310,241,23
310,245,12
310,247,2
310,249,4
310,250,27
310,251,31
310,252,11
310,253,1
310,255,2
310,256,1
310,263,1
310,264,3
310,266,1
310,267,2
310,270,11
310,271,2
310,273,23
310,274,1
310,276,3
310,277,1
310,278,2
310,279,1
310,280,1
310,284,13
310,285,5
310,286,22
310,287,2
310,288,2
310,289,4
310,290,2
310,291,5
310,295,1
310,296,3
310,302,1
310,304,11
310,305,1
310,306,2
310,307,8
310,308,9
310,309,5
310,311,5
310,313,8
310,315,10
310,316,16
310,319,1
310,320,22
310,321,3
310,322,4
310,323,17
310,324,3
310,325,15
310,328,2
310,331,1
310,332,5
310,333,7
310,334,2
310,335,4
310,336,2
310,337,11
310,340,6
310,342,14
310,343,5
310,344,7
310,345,4
310,346,4
310,347,2
310,348,1
310,349,4
310,354,5
310,355,1
310,356,10
310,358,2
310,360,2
310,361,3
310,362,3
310,365,10
310,366,51
310,367,4
310,368,2
310,369,28
310,371,1
310,372,2
310,373,1
310,375,3
310,377,1
310,378,3
311,7,15
311,9,4
311,10,5
311,11,1
311,13,1
311,14,4
311,15,2
311,18,4
311,19,3
311,20,1
311,22,1
311,26,1
311,27,1
311,30,1
311,41,4
311,42,12
311,45,3
311,46,2
311,47,8
311,53,2
311,59,1
311,61,13
311,62,16
311,63,1
311,64,3
311,72,4
311,73,6
311,74,4
311,75,1
311,76,1
311,77,1
311,78,1
311,81,5
311,82,3
311,83,2
311,86,6
311,91,1
311,92,1
311,94,15
311,97,1
311,103,1
311,104,14
311,105,8
311,106,15
311,107,4
311,108,1
311,113,3
311,114,2
311,116,9
311,117,1
311,118,1
311,123,2
311,131,1
311,135,1
311,139,2
311,142,6
311,143,9
311,148,1
311,149,1
311,150,34
311,152,7
311,153,3
311,168,7
311,171,3
311,174,1
311,175,7
311,178,4
311,179,2
311,180,5
311,181,4
311,183,2
311,190,2
311,191,7
311,192,2
311,193,1
311,194,1
311,195,1
311,197,8
311,198,4
311,199,3
311,200,5
311,201,2
311,204,6
311,206,1
311,211,1
311,212,2
311,213,1
311,214,10
311,215,1
311,216,10
311,217,11
311,220,3
311,224,17
311,227,2
311,229,19
311,236,2
311,238,1
311,241,5
311,244,2
311,249,11
311,250,13
311,251,8
311,252,7
311,270,1
311,273,27
311,280,1
311,284,9
311,285,3
311,286,4
311,288,2
311,289,4
311,304,6
311,305,1
311,308,11
311,312,1
311,313,5
311,314,1
311,315,11
311,316,6
311,317,1
311,318,1
311,319,1
311,320,6
311,321,3
311,322,2
311,323,19
311,325,2
311,326,1
311,332,1
311,335,2
311,337,2
311,340,1
311,342,1
311,343,2
311,344,3
311,345,4
311,348,1
311,349,1
311,350,1
311,351,1
311,352,1
311,356,2
311,361,8
311,362,4
311,365,1
311,366,38
311,367,1
311,369,16
311,372,1
311,378,1
312,2,2
312,5,2
312,6,3
312,7,14
312,9,8
312,10,2
312,14,7
312,15,1
312,18,1
312,19,6
312,20,3
312,22,3
312,24,1
312,27,4
312,30,1
312,32,2
312,37,2
312,40,3
312,41,4
312,42,8
312,44,5
312,47,1
312,53,1
312,56,1
312,61,6
312,62,18
312,64,3
312,67,2
312,68,4
312,69,1
312,73,8
312,74,7
312,75,1
312,80,3
312,86,7
312,89,1
312,94,9
312,100,1
312,103,1
312,104,9
312,105,14
312,106,5
312,113,1
312,114,7
312,115,2
312,116,3
312,117,1
312,125,1
312,130,4
312,135,1
312,139,1
312,142,9
312,143,6
312,149,5
312,150,38
312,152,6
312,154,3
312,155,1
312,159,1
312,166,1
312,168,8
312,170,3
312,171,5
312,175,12
312,177,1
312,178,5
312,179,4
312,180,7
312,181,2
312,182,1
312,191,8
312,193,1
312,195,4
312,196,2
312,197,4
312,198,4
312,199,3
312,200,19
312,204,3
312,211,1
312,212,1
312,214,1
312,215,10
312,216,6
312,217,7
312,224,13
312,227,1
312,229,20
312,238,13
312,241,4
312,244,1
312,245,1
312,249,2
312,250,13
312,251,16
312,252,2
312,253,1
312,254,1
312,263,1
312,264,1
312,270,1
312,273,5
312,274,1
312,276,1
312,284,8
312,285,2
312,286,1
312,287,1
312,291,2
312,304,1
312,308,5
312,309,1
312,310,3
312,311,9
312,313,5
312,314,1
312,315,11
312,316,4
312,317,1
312,319,1
312,320,9
312,321,2
312,322,1
312,323,9
312,325,3
312,328,3
312,332,1
312,335,2
312,337,1
312,340,2
312,342,4
312,343,1
312,344,4
312,346,4
312,352,2
312,356,4
312,362,1
312,364,1
312,365,9
312,366,21
312,367,1
312,369,16
312,371,2
312,372,3
312,373,1
312,378,4
313,6,5
313,7,18
313,9,2
313,10,3
313,11,1
313,18,1
313,19,1
313,20,2
313,26,2
313,27,1
313,30,2
313,41,5
313,42,6
313,46,5
313,47,2
313,52,1
313,61,1
313,62,10
313,64,1
313,65,1
313,69,1
313,72,1
313,73,9
313,74,4
313,80,2
313,81,2
313,82,7
313,86,2
313,94,7
313,95,2
313,97,7
313,104,11
313,105,6
313,106,3
313,107,4
313,112,1
313,113,2
313,114,5
313,116,7
313,117,1
313,121,1
313,123,4
313,130,4
313,133,1
313,135,2
313,139,1
313,140,1
313,142,11
313,143,4
313,149,9
313,150,33
313,151,2
313,152,3
313,154,1
313,156,3
313,168,7
313,170,1
313,171,1
313,174,3
313,175,12
313,178,4
313,179,4
313,180,4
313,181,4
313,186,2
313,187,1
313,189,2
313,191,4
313,195,3
313,200,12
313,204,4
313,213,6
313,214,5
313,215,7
313,216,2
313,217,4
313,220,3
313,221,2
313,224,17
313,225,4
313,227,1
313,229,14
313,236,8
313,238,2
313,241,8
313,244,1
313,245,2
313,249,14
313,250,15
313,251,15
313,252,2
313,253,2
313,254,1
313,255,2
313,264,1
313,269,1
313,270,3
313,273,5
313,284,4
313,285,8
313,286,5
313,289,7
313,293,3
313,295,1
313,302,1
313,304,3
313,305,2
313,308,1
313,310,1
313,311,6
313,314,5
313,315,12
313,316,8
313,320,4
313,321,3
313,322,4
313,323,13
313,325,3
313,327,1
313,333,2
313,337,3
313,342,3
313,343,5
313,344,6
313,349,1
313,350,2
313,358,1
313,361,1
313,365,10
313,366,23
313,367,1
313,368,2
313,369,29
313,371,1
313,373,1
314,5,2
314,7,26
314,8,1
314,9,5
314,10,4
314,12,2
314,13,1
314,14,2
314,15,8
314,16,2
314,17,2
314,18,2
314,19,9
314,20,4
314,21,1
314,22,2
314,23,1
314,27,1
314,37,1
314,40,6
314,41,9
314,42,9
314,46,14
314,47,2
314,51,1
314,53,1
314,54,1
314,56,1
314,59,3
314,61,18
314,62,26
314,63,6
314,64,4
314,66,3
314,67,3
314,70,3
314,72,5
314,73,4
314,74,7
314,79,1
314,81,2
314,82,7
314,83,3
314,86,5
314,91,1
314,94,18
314,95,2
314,96,1
314,98,3
314,104,10
314,105,18
314,106,12
314,107,10
314,111,1
314,112,1
314,113,4
314,114,7
314,116,2
314,119,1
314,123,2
314,125,2
314,126,2
314,139,1
314,142,6
314,143,5
314,147,1
314,148,1
314,149,1
314,150,40
314,151,1
314,152,7
314,162,1
314,168,4
314,169,1
314,171,4
314,173,6
314,174,1
314,175,7
314,177,1
314,178,7
314,180,11
314,182,1
314,187,1
314,189,2
314,190,1
314,191,11
314,193,1
314,195,3
314,196,4
314,197,17
314,198,7
314,200,13
314,201,1
314,203,3
314,204,4
314,206,2
314,210,1
314,212,1
314,213,8
314,214,16
314,215,5
314,216,21
314,217,14
314,220,3
314,224,12
314,225,3
314,226,1
314,228,2
314,229,7
314,230,3
314,231,2
314,233,1
314,236,7
314,238,2
314,239,1
314,241,12
314,245,2
314,247,1
314,249,2
314,250,15
314,251,30
314,252,2
314,253,7
314,259,1
314,260,1
314,262,2
314,264,1
314,270,4
314,271,1
314,273,23
314,274,1
314,277,1
314,284,4
314,285,4
314,286,7
314,287,1
314,289,1
314,292,1
314,293,1
314,295,2
314,304,15
314,306,5
314,308,7
314,309,3
314,310,2
314,311,9
314,313,6
314,315,18
314,316,5
314,319,1
314,320,7
314,321,6
314,322,3
314,323,16
314,325,6
314,326,1
314,328,2
314,329,1
314,331,1
314,332,1
314,333,12
314,335,3
314,337,5
314,340,2
314,341,1
314,342,3
314,343,2
314,344,3
314,345,4
314,346,4
314,348,3
314,349,1
314,350,2
314,351,1
314,352,1
314,354,1
314,356,2
314,358,2
314,360,1
314,361,9
314,362,6
314,365,19
314,366,25
314,368,3
314,369,22
314,370,1
314,371,1
314,376,2
314,378,2
315,3,1
315,6,1
315,7,10
315,9,3
315,10,1
315,11,3
315,14,2
315,15,1
315,18,5
315,19,7
315,21,2
315,22,2
315,23,1
315,26,2
315,30,1
315,32,1
315,37,2
315,40,2
315,41,8
315,42,35
315,44,1
315,46,5
315,47,4
315,52,1
315,53,2
315,56,3
315,57,1
315,61,12
315,62,27
315,64,2
315,69,1
315,71,2
315,72,2
315,73,4
315,74,19
315,75,1
315,78,1
315,79,2
315,81,1
315,82,9
315,86,3
315,94,19
315,97,1
315,98,1
315,99,1
315,103,2
315,104,8
315,105,8
315,106,27
315,107,1
315,108,2
315,110,1
315,113,4
315,114,8
315,116,1
315,117,2
315,123,1
315,130,1
315,132,1
315,133,1
315,140,1
315,142,9
315,143,9
315,147,1
315,149,4
315,150,23
315,151,1
315,152,3
315,154,4
315,155,1
315,168,1
315,170,1
315,171,6
315,173,1
315,175,14
315,178,13
315,179,4
315,180,2
315,181,5
315,187,2
315,189,1
315,191,5
315,192,1
315,195,3
315,197,5
315,198,5
315,199,1
315,200,13
315,203,1
315,204,5
315,212,1
315,213,10
315,215,6
315,216,7
315,217,13
315,219,1
315,221,1
315,224,9
315,225,2
315,227,1
315,229,22
315,230,3
315,231,4
315,235,1
315,236,5
315,238,2
315,239,7
315,241,4
315,244,3
315,245,3
315,249,4
315,250,12
315,251,19
315,252,3
315,253,1
315,255,1
315,264,1
315,270,8
315,273,6
315,284,8
315,285,3
315,286,20
315,289,5
315,295,2
315,301,1
315,302,3
315,304,4
315,305,3
315,307,1
315,308,2
315,309,1
315,310,3
315,311,3
315,313,6
315,314,3
315,316,8
315,319,2
315,320,19
315,321,4
315,322,4
315,323,31
315,325,1
315,328,11
315,332,2
315,333,10
315,334,1
315,335,2
315,337,1
315,340,3
315,341,1
315,342,1
315,343,2
315,345,4
315,349,2
315,355,1
315,356,3
315,358,2
315,360,1
315,362,2
315,364,1
315,365,2
315,366,17
315,367,1
315,368,1
315,369,44
315,371,1
315,372,1
315,375,1
316,6,7
316,7,41
316,9,4
316,10,12
316,11,2
316,12,2
316,13,1
316,14,7
316,15,5
316,17,1
316,18,10
316,19,4
316,20,8
316,21,1
316,22,5
316,24,2
316,25,2
316,26,6
316,29,2
316,30,2
316,31,1
316,37,1
316,38,1
316,39,1
316,40,6
316,41,17
316,42,55
316,43,3
316,44,4
316,46,14
316,47,12
316,49,1
316,50,2
316,51,1
316,52,9
316,53,9
316,54,2
316,56,6
316,57,1
316,59,2
316,60,1
316,61,33
316,62,37
316,63,3
316,64,3
316,67,7
316,69,5
316,71,2
316,72,11
316,73,12
316,74,14
316,75,2
316,79,2
316,80,4
316,81,7
316,82,12
316,83,2
316,86,11
316,91,1
316,94,46
316,97,3
316,98,1
316,100,2
316,102,3
316,104,20
316,105,12
316,106,25
316,107,8
316,109,2
316,110,2
316,111,1
316,113,7
316,114,2
316,116,11
316,117,4
316,123,5
316,124,2
316,125,1
316,126,1
316,128,2
316,130,3
316,131,3
316,139,1
316,142,24
316,143,9
316,144,1
316,146,1
316,148,4
316,149,5
316,150,72
316,151,3
316,152,21
316,153,3
316,154,4
316,155,2
316,157,2
316,158,2
316,159,1
316,160,1
316,162,1
316,165,5
316,168,8
316,170,3
316,171,14
316,173,2
316,174,2
316,175,13
316,176,1
316,177,1
316,178,16
316,179,5
316,180,7
316,181,1
316,184,2
316,185,3
316,187,3
316,189,9
316,190,1
316,191,12
316,192,1
316,193,3
316,194,2
316,195,8
316,196,1
316,197,11
316,198,3
316,199,2
316,200,30
316,203,1
316,204,6
316,205,1
316,206,1
316,210,3
316,211,4
316,212,2
316,213,8
316,214,11
316,215,5
316,216,23
316,217,27
316,218,1
316,220,3
316,221,1
316,222,1
316,224,29
316,225,9
316,226,1
316,227,6
316,228,1
316,229,40
316,230,1
316,231,4
316,233,1
316,235,1
316,236,14
316,237,3
316,238,4
316,239,3
316,241,16
316,242,1
316,244,3
316,245,9
316,246,1
316,247,4
316,249,9
316,250,18
316,251,23
316,252,10
316,253,2
316,256,2
316,262,1
316,263,3
316,264,2
316,270,8
316,273,28
316,274,3
316,276,5
316,280,4
316,281,1
316,282,1
316,283,1
316,284,11
316,285,15
316,286,22
316,287,3
316,289,17
316,291,2
316,298,1
316,299,2
316,302,2
316,304,7
316,307,2
316,308,17
316,310,2
316,311,36
316,312,3
316,313,4
316,314,4
316,315,13
316,317,1
316,319,2
316,320,44
316,321,15
316,322,9
316,323,50
316,324,2
316,325,12
316,328,24
316,330,1
316,332,2
316,333,13
316,335,2
316,336,1
316,337,10
316,340,8
316,342,5
316,343,1
316,344,6
316,345,4
316,347,3
316,348,1
316,349,1
316,354,2
316,355,1
316,356,6
316,357,2
316,358,2
316,359,1
316,360,6
316,361,2
316,362,6
316,363,1
316,365,26
316,366,41
316,368,2
316,369,41
316,371,2
316,372,2
316,373,1
316,376,1
316,378,2
317,3,1
317,5,1
317,7,36
317,9,1
317,10,2
317,12,3
317,13,2
317,14,6
317,15,12
317,17,2
317,18,2
317,19,7
317,20,4
317,21,3
317,22,2
317,25,4
317,26,1
317,27,3
317,28,1
317,29,6
317,30,2
317,31,4
317,32,4
317,35,3
317,36,4
317,37,4
317,38,2
317,39,1
317,40,11
317,41,14
317,42,23
317,43,1
317,44,5
317,45,1
317,46,5
317,47,8
317,49,1
317,52,3
317,53,3
317,54,5
317,56,2
317,59,1
317,61,44
317,62,104
317,63,9
317,64,4
317,72,3
317,73,15
317,74,11
317,75,2
317,76,1
317,77,3
317,78,4
317,80,3
317,81,15
317,82,15
317,83,8
317,84,2
317,86,7
317,88,1
317,89,1
317,94,22
317,97,4
317,98,7
317,101,1
317,102,1
317,103,2
317,104,28
317,105,11
317,106,11
317,107,19
317,110,1
317,112,4
317,113,6
317,114,32
317,115,3
317,116,7
317,117,3
317,123,5
317,126,1
317,128,1
317,130,3
317,135,2
317,139,4
317,140,1
317,141,1
317,142,16
317,143,7
317,147,2
317,148,10
317,149,23
317,150,97
317,151,2
317,152,35
317,154,2
317,155,1
317,156,4
317,158,1
317,160,2
317,165,7
317,166,3
317,168,35
317,169,1
317,170,3
317,171,30
317,172,1
317,173,2
317,174,4
317,175,17
317,178,15
317,179,10
317,180,16
317,181,5
317,183,1
317,186,3
317,189,5
317,190,5
317,191,3
317,192,1
317,195,12
317,196,3
317,197,13
317,198,6
317,199,6
317,200,14
317,203,2
317,204,18
317,205,1
317,206,4
317,207,1
317,210,1
317,211,7
317,212,7
317,213,11
317,214,7
317,215,19
317,216,8
317,217,12
317,219,2
317,220,7
317,221,4
317,222,1
317,224,24
317,225,14
317,226,1
317,227,4
317,228,3
317,229,63
317,230,5
317,231,2
317,235,4
317,236,9
317,237,2
317,238,5
317,239,2
317,241,23
317,245,1
317,247,2
317,249,4
317,250,23
317,251,27
317,252,16
317,255,2
317,256,1
317,259,2
317,262,2
317,263,1
317,264,3
317,265,1
317,266,1
317,267,2
317,270,16
317,271,2
317,272,2
317,273,7
317,274,4
317,275,4
317,276,8
317,277,1
317,278,1
317,279,2
317,281,4
317,284,18
317,285,37
317,286,59
317,287,13
317,288,5
317,289,11
317,290,3
317,291,3
317,293,1
317,295,1
317,296,3
317,298,1
317,299,1
317,301,1
317,304,18
317,305,1
317,308,10
317,309,2
317,310,5
317,311,4
317,312,2
317,313,2
317,314,4
317,315,6
317,316,7
317,318,7
317,319,16
317,320,38
317,321,1
317,322,1
317,323,9
317,324,1
317,325,4
317,328,11
317,329,4
317,330,7
317,331,8
317,332,8
317,333,24
317,334,1
317,335,64
317,336,3
317,337,8
317,338,1
317,340,12
317,341,4
317,342,1
317,343,8
317,344,1
317,345,9
317,346,2
317,348,1
317,349,1
317,350,5
317,351,3
317,354,3
317,355,2
317,356,32
317,358,7
317,359,6
317,361,1
317,362,7
317,365,2
317,366,44
317,367,4
317,368,2
317,369,22
317,372,3
317,373,1
317,375,7
317,376,1
317,378,11
318,7,18
318,10,6
318,11,3
318,12,4
318,14,4
318,15,1
318,17,2
318,18,6
318,19,1
318,20,2
318,22,1
318,26,1
318,31,5
318,32,1
318,37,4
318,38,2
318,39,2
318,40,6
318,41,13
318,42,15
318,43,4
318,44,6
318,45,3
318,46,1
318,47,11
318,51,4
318,52,4
318,53,2
318,54,3
318,56,2
318,58,1
318,59,1
318,60,1
318,61,14
318,62,69
318,63,6
318,64,1
318,69,1
318,70,1
318,71,2
318,72,1
318,73,4
318,74,5
318,75,4
318,77,1
318,80,2
318,81,5
318,82,26
318,83,2
318,84,1
318,86,3
318,87,1
318,94,15
318,95,1
318,97,1
318,98,3
318,101,3
318,103,2
318,104,14
318,105,10
318,106,6
318,107,10
318,110,1
318,113,8
318,114,4
318,116,11
318,119,2
318,123,3
318,125,3
318,127,1
318,128,1
318,130,2
318,131,1
318,142,16
318,143,2
318,148,11
318,149,17
318,150,48
318,151,2
318,152,19
318,154,6
318,158,1
318,162,3
318,166,3
318,168,13
318,169,2
318,170,1
318,171,12
318,172,1
318,173,1
318,174,3
318,175,16
318,178,6
318,179,1
318,180,9
318,181,4
318,185,1
318,189,7
318,190,1
318,191,3
318,193,3
318,195,8
318,197,4
318,198,3
318,199,1
318,200,20
318,204,10
318,205,1
318,206,5
318,207,1
318,210,1
318,212,1
318,213,4
318,214,1
318,215,8
318,216,8
318,217,13
318,218,3
318,219,1
318,221,3
318,222,1
318,224,11
318,225,7
318,226,1
318,227,5
318,228,2
318,229,25
318,230,1
318,231,3
318,235,3
318,236,2
318,237,3
318,238,7
318,241,8
318,244,1
318,245,1
318,247,6
318,250,6
318,251,14
318,252,12
318,253,2
318,260,2
318,262,2
318,264,1
318,266,2
318,267,2
318,270,2
318,271,2
318,273,6
318,276,1
318,277,5
318,278,2
318,280,1
318,281,5
318,282,1
318,284,12
318,285,17
318,286,28
318,287,3
318,289,5
318,291,2
318,292,2
318,295,3
318,296,3
318,301,3
318,302,1
318,304,10
318,306,4
318,307,4
318,308,2
318,310,1
318,315,4
318,316,9
318,317,3
318,319,6
318,320,44
318,323,19
318,325,6
318,328,4
318,329,6
318,331,2
318,332,4
318,333,7
318,334,1
318,335,34
318,336,4
318,337,5
318,338,3
318,340,6
318,341,3
318,342,7
318,345,6
318,349,2
318,350,3
318,351,1
318,354,3
318,356,13
318,361,1
318,362,1
318,363,1
318,364,2
318,365,7
318,366,39
318,367,6
318,368,1
318,369,13
318,371,2
318,375,2
318,378,8
319,5,1
319,7,17
319,9,1
319,10,1
319,11,1
319,12,2
319,13,2
319,14,3
319,15,6
319,16,2
319,17,3
319,18,5
319,19,7
319,21,1
319,22,1
319,24,3
319,25,4
319,26,2
319,28,1
319,29,1
319,34,2
319,37,5
319,39,3
319,40,7
319,41,7
319,42,15
319,43,1
319,44,1
319,47,2
319,52,5
319,53,1
319,54,3
319,56,2
319,61,18
319,62,79
319,63,4
319,64,5
319,72,4
319,73,5
319,74,9
319,77,1
319,78,1
319,79,2
319,80,1
319,81,8
319,82,6
319,83,4
319,84,1
319,86,7
319,87,1
319,94,10
319,95,2
319,97,1
319,98,7
319,102,1
319,103,1
319,104,23
319,105,16
319,106,7
319,107,27
319,108,1
319,110,2
319,112,2
319,113,2
319,114,15
319,116,14
319,123,1
319,126,1
319,130,3
319,142,9
319,143,3
319,144,1
319,147,2
319,148,9
319,149,16
319,150,25
319,152,21
319,153,1
319,154,5
319,155,2
319,156,3
319,165,1
319,168,15
319,169,5
319,170,4
319,171,13
319,173,3
319,175,7
319,176,1
319,178,9
319,179,5
319,180,5
319,181,1
319,182,1
319,186,7
319,189,4
319,190,4
319,191,3
319,196,1
319,197,1
319,198,3
319,199,3
319,200,31
319,201,4
319,202,2
319,204,8
319,206,2
319,207,1
319,211,3
319,212,2
319,213,6
319,214,5
319,215,7
319,216,5
319,217,6
319,218,1
319,220,2
319,222,3
319,223,2
319,224,14
319,225,5
319,226,1
319,227,2
319,228,1
319,229,19
319,230,1
319,231,1
319,235,1
319,236,2
319,238,1
319,239,2
319,241,8
319,242,1
319,244,2
319,245,2
319,247,3
319,249,1
319,250,9
319,251,19
319,252,10
319,253,1
319,255,4
319,257,1
319,264,3
319,265,1
319,270,8
319,271,1
319,272,1
319,273,8
319,275,1
319,276,3
319,278,1
319,280,3
319,281,2
319,284,17
319,285,31
319,286,46
319,287,7
319,288,4
319,289,3
319,290,2
319,291,1
319,292,2
319,294,1
319,295,1
319,296,3
319,299,1
319,304,6
319,308,2
319,310,3
319,311,5
319,313,2
319,315,3
319,316,4
319,317,3
319,320,33
319,321,4
319,323,7
319,325,7
319,328,11
319,330,2
319,331,3
319,333,15
319,334,1
319,335,15
319,336,5
319,337,8
319,338,1
319,339,1
319,340,4
319,341,1
319,342,2
319,343,3
319,344,1
319,345,2
319,348,5
319,349,1
319,350,7
319,351,3
319,356,8
319,358,1
319,359,3
319,360,3
319,361,4
319,365,4
319,366,25
319,367,1
319,368,7
319,369,7
319,372,2
319,373,2
319,375,3
319,376,2
319,378,8
320,5,2
320,7,18
320,9,1
320,10,5
320,11,2
320,12,3
320,14,6
320,15,8
320,16,2
320,18,5
320,19,3
320,20,5
320,22,1
320,24,4
320,25,2
320,26,4
320,27,2
320,28,1
320,30,1
320,31,1
320,35,1
320,37,3
320,40,11
320,41,10
320,42,15
320,43,3
320,44,5
320,46,3
320,47,8
320,52,1
320,53,1
320,54,3
320,55,2
320,56,4
320,57,1
320,58,1
320,59,1
320,60,2
320,61,32
320,62,68
320,63,1
320,64,3
320,65,3
320,73,3
320,74,7
320,75,1
320,78,1
320,79,2
320,80,2
320,81,16
320,82,16
320,83,3
320,86,6
320,87,1
320,94,20
320,95,4
320,96,1
320,98,7
320,100,1
320,102,3
320,103,1
320,104,14
320,105,17
320,106,11
320,107,29
320,111,1
320,113,6
320,114,7
320,116,6
320,117,1
320,118,2
320,121,2
320,123,3
320,124,1
320,125,1
320,126,1
320,128,1
320,130,2
320,131,1
320,140,1
320,142,17
320,143,3
320,144,2
320,147,1
320,148,10
320,149,20
320,150,40
320,151,4
320,152,11
320,153,5
320,154,6
320,155,2
320,156,1
320,160,1
320,161,1
320,165,1
320,168,19
320,169,3
320,170,3
320,171,29
320,173,2
320,174,6
320,175,17
320,177,3
320,178,9
320,179,8
320,180,14
320,181,3
320,182,1
320,184,1
320,186,1
320,189,7
320,190,1
320,191,8
320,192,1
320,195,9
320,196,1
320,197,6
320,198,6
320,199,1
320,200,14
320,204,9
320,205,1
320,206,5
320,210,2
320,211,1
320,212,3
320,213,4
320,214,2
320,215,10
320,216,10
320,217,14
320,218,3
320,220,2
320,221,6
320,222,1
320,223,4
320,224,26
320,225,6
320,226,3
320,227,4
320,229,28
320,230,2
320,231,2
320,236,3
320,238,7
320,240,1
320,241,15
320,244,2
320,245,2
320,247,3
320,250,10
320,251,25
320,252,1
320,253,3
320,256,1
320,259,1
320,262,5
320,263,1
320,264,6
320,266,4
320,267,1
320,268,1
320,270,13
320,273,6
320,274,1
320,276,2
320,279,2
320,282,4
320,284,10
320,285,23
320,286,47
320,287,2
320,288,2
320,289,10
320,290,3
320,291,2
320,292,1
320,293,1
320,295,1
320,296,4
320,299,2
320,301,5
320,302,1
320,303,1
320,304,4
320,305,3
320,307,2
320,308,1
320,309,1
320,310,3
320,311,2
320,315,8
320,316,4
320,317,5
320,318,2
320,319,13
320,323,14
320,324,1
320,325,5
320,327,3
320,328,4
320,329,1
320,330,2
320,331,12
320,332,8
320,333,10
320,334,1
320,335,12
320,336,3
320,337,9
320,340,14
320,342,7
320,344,1
320,345,8
320,346,2
320,347,3
320,348,1
320,349,1
320,350,3
320,354,3
320,356,10
320,358,2
320,365,4
320,366,64
320,367,3
320,368,3
320,369,22
320,372,1
320,373,1
320,375,1
320,376,1
320,378,20
321,5,1
321,6,2
321,7,32
321,10,4
321,13,3
321,14,4
321,15,7
321,17,4
321,18,6
321,19,6
321,20,4
321,22,3
321,24,2
321,40,7
321,41,14
321,42,20
321,46,4
321,47,6
321,51,1
321,52,2
321,53,8
321,56,5
321,57,4
321,61,17
321,62,27
321,63,5
321,64,1
321,67,2
321,69,2
321,70,2
321,72,1
321,73,7
321,74,12
321,77,1
321,80,2
321,81,10
321,82,16
321,83,3
321,86,9
321,87,1
321,94,36
321,95,1
321,96,3
321,97,5
321,100,1
321,104,13
321,105,18
321,106,12
321,107,9
321,113,2
321,114,13
321,115,2
321,116,11
321,123,6
321,125,3
321,126,1
321,128,1
321,129,2
321,130,1
321,132,1
321,138,1
321,139,1
321,140,1
321,142,9
321,143,8
321,148,3
321,149,3
321,150,91
321,151,2
321,152,19
321,154,3
321,156,7
321,166,4
321,168,6
321,171,11
321,175,18
321,178,7
321,179,7
321,180,8
321,181,1
321,187,6
321,189,6
321,190,1
321,191,10
321,195,3
321,196,1
321,197,17
321,198,3
321,199,3
321,200,25
321,201,1
321,203,1
321,204,2
321,205,1
321,206,1
321,208,1
321,212,4
321,213,1
321,214,8
321,215,12
321,216,9
321,217,11
321,218,1
321,220,1
321,221,3
321,224,27
321,225,6
321,226,1
321,227,4
321,229,12
321,230,5
321,231,1
321,232,1
321,236,8
321,238,2
321,239,6
321,241,6
321,245,4
321,249,10
321,250,18
321,251,16
321,252,8
321,253,8
321,260,1
321,262,1
321,264,1
321,270,6
321,271,2
321,273,28
321,275,1
321,276,1
321,281,1
321,283,1
321,284,12
321,285,5
321,286,5
321,287,3
321,288,1
321,289,8
321,290,7
321,291,3
321,292,1
321,293,1
321,296,2
321,299,1
321,302,2
321,304,6
321,305,5
321,307,4
321,308,11
321,309,1
321,310,2
321,311,7
321,312,2
321,313,2
321,315,9
321,316,13
321,317,2
321,319,2
321,320,15
321,322,1
321,323,12
321,325,9
321,328,2
321,331,2
321,332,2
321,333,4
321,335,6
321,337,1
321,340,6
321,341,1
321,342,17
321,343,1
321,344,2
321,345,8
321,346,13
321,347,4
321,348,1
321,349,3
321,354,1
321,356,4
321,357,2
321,358,1
321,359,4
321,361,3
321,362,1
321,365,6
321,366,34
321,367,1
321,369,43
321,371,1
321,375,3
321,378,2
322,5,1
322,7,23
322,9,3
322,10,2
322,11,2
322,12,2
322,14,1
322,15,4
322,16,1
322,17,1
322,18,9
322,19,3
322,20,3
322,24,1
322,26,1
322,30,1
322,37,1
322,39,1
322,40,4
322,41,8
322,42,17
322,45,2
322,46,6
322,47,5
322,52,6
322,58,1
322,61,16
322,62,30
322,63,4
322,64,5
322,67,2
322,68,1
322,69,1
322,72,2
322,73,9
322,74,14
322,77,1
322,81,2
322,82,8
322,83,3
322,86,2
322,94,28
322,95,1
322,97,1
322,100,1
322,101,2
322,102,4
322,103,2
322,104,13
322,105,26
322,106,22
322,107,4
322,112,1
322,113,2
322,114,2
322,115,1
322,116,11
322,119,1
322,120,1
322,123,1
322,126,1
322,128,2
322,130,1
322,132,1
322,140,1
322,142,13
322,143,12
322,148,3
322,149,1
322,150,55
322,151,6
322,152,13
322,154,1
322,156,1
322,164,1
322,165,1
322,166,2
322,167,1
322,168,6
322,171,12
322,174,3
322,175,21
322,178,9
322,180,10
322,181,8
322,184,1
322,186,2
322,187,6
322,189,4
322,191,18
322,195,1
322,197,8
322,199,4
322,200,12
322,201,1
322,203,1
322,204,2
322,206,5
322,210,1
322,211,2
322,212,7
322,213,5
322,214,1
322,215,7
322,216,11
322,217,16
322,220,8
322,224,26
322,225,2
322,227,1
322,229,23
322,230,4
322,231,1
322,236,14
322,238,4
322,239,1
322,241,9
322,244,1
322,245,2
322,249,8
322,250,24
322,251,28
322,252,5
322,255,1
322,264,1
322,267,1
322,270,7
322,271,2
322,273,14
322,276,2
322,284,14
322,285,7
322,286,5
322,287,6
322,289,2
322,290,3
322,296,3
322,302,2
322,304,8
322,305,2
322,306,3
322,307,3
322,308,15
322,309,1
322,310,12
322,311,12
322,314,3
322,315,15
322,316,6
322,317,1
322,319,1
322,320,7
322,321,13
322,323,34
322,324,1
322,325,6
322,333,6
322,335,2
322,337,5
322,339,1
322,340,2
322,341,2
322,342,7
322,343,3
322,344,3
322,346,2
322,347,1
322,349,1
322,351,1
322,353,1
322,354,2
322,356,5
322,358,2
322,360,3
322,361,3
322,362,1
322,365,6
322,366,35
322,367,1
322,368,4
322,369,25
322,370,3
322,371,1
322,374,1
322,375,1
322,378,7
323,7,16
323,9,1
323,10,2
323,11,1
323,13,1
323,14,1
323,15,4
323,16,1
323,18,8
323,19,13
323,20,3
323,22,7
323,24,2
323,25,1
323,27,3
323,31,1
323,34,1
323,37,1
323,40,5
323,41,15
323,42,36
323,43,4
323,44,1
323,45,2
323,46,5
323,47,7
323,53,2
323,61,11
323,62,20
323,63,3
323,64,1
323,65,1
323,67,2
323,70,2
323,73,5
323,74,5
323,81,1
323,82,7
323,83,1
323,86,2
323,94,18
323,96,1
323,98,1
323,103,1
323,104,8
323,105,13
323,106,26
323,107,3
323,108,1
323,116,5
323,123,3
323,124,1
323,128,1
323,130,1
323,139,1
323,142,3
323,143,8
323,148,3
323,150,23
323,152,8
323,154,1
323,155,2
323,156,1
323,159,2
323,160,1
323,161,1
323,163,1
323,165,1
323,168,3
323,169,2
323,170,2
323,171,7
323,175,7
323,178,5
323,180,2
323,181,2
323,183,1
323,184,2
323,186,2
323,187,1
323,189,3
323,190,1
323,191,3
323,195,2
323,196,2
323,197,9
323,198,1
323,199,5
323,200,8
323,202,1
323,204,3
323,206,1
323,212,4
323,214,5
323,215,1
323,216,10
323,217,9
323,221,2
323,224,12
323,225,1
323,226,1
323,228,2
323,229,31
323,230,2
323,236,3
323,238,2
323,249,13
323,250,7
323,251,10
323,252,2
323,264,3
323,266,1
323,270,1
323,273,7
323,275,1
323,277,1
323,281,4
323,282,1
323,284,8
323,285,1
323,286,11
323,287,3
323,289,3
323,299,1
323,304,6
323,305,3
323,308,4
323,311,1
323,313,5
323,315,18
323,316,5
323,320,10
323,321,5
323,322,6
323,324,1
323,325,2
323,328,6
323,333,2
323,337,1
323,341,3
323,342,13
323,343,2
323,346,2
323,347,1
323,349,3
323,350,1
323,351,1
323,354,2
323,356,1
323,357,2
323,358,1
323,359,1
323,361,2
323,362,3
323,365,4
323,366,25
323,369,34
323,372,1
324,4,1
324,5,1
324,6,2
324,7,29
324,9,1
324,10,15
324,11,6
324,12,2
324,13,1
324,14,4
324,15,6
324,16,2
324,17,7
324,18,21
324,19,3
324,20,4
324,22,1
324,23,2
324,24,2
324,25,1
324,26,4
324,27,1
324,29,1
324,30,1
324,34,2
324,36,1
324,37,4
324,40,4
324,41,14
324,42,19
324,43,3
324,44,4
324,46,12
324,47,18
324,49,2
324,51,2
324,52,4
324,53,2
324,56,8
324,57,1
324,61,41
324,62,74
324,63,8
324,64,11
324,65,1
324,66,1
324,67,1
324,69,3
324,71,1
324,72,3
324,73,18
324,74,15
324,75,1
324,76,2
324,77,2
324,80,1
324,81,4
324,82,25
324,83,3
324,84,2
324,86,7
324,93,1
324,94,54
324,95,8
324,97,10
324,98,3
324,100,1
324,102,14
324,103,3
324,104,21
324,105,17
324,106,18
324,107,12
324,110,1
324,111,1
324,112,1
324,113,4
324,114,13
324,116,8
324,118,1
324,121,1
324,123,3
324,124,1
324,128,2
324,130,5
324,135,1
324,136,1
324,140,1
324,142,14
324,143,13
324,147,1
324,148,3
324,149,10
324,150,62
324,151,4
324,152,32
324,154,6
324,156,4
324,159,1
324,160,1
324,165,2
324,166,6
324,168,18
324,169,1
324,170,12
324,171,18
324,172,1
324,173,4
324,174,7
324,175,28
324,178,11
324,179,2
324,180,9
324,181,5
324,182,2
324,184,1
324,186,1
324,187,1
324,189,6
324,190,1
324,191,11
324,192,2
324,193,1
324,194,2
324,195,6
324,196,3
324,197,12
324,198,1
324,199,4
324,200,21
324,204,5
324,206,6
324,207,2
324,209,1
324,210,2
324,211,6
324,212,6
324,213,6
324,214,8
324,215,9
324,216,10
324,217,25
324,220,2
324,221,2
324,222,3
324,223,1
324,224,14
324,225,8
324,226,2
324,228,2
324,229,31
324,231,3
324,236,12
324,237,1
324,238,1
324,241,4
324,244,8
324,245,3
324,247,4
324,249,3
324,250,9
324,251,26
324,252,3
324,253,1
324,256,1
324,259,1
324,260,1
324,262,1
324,265,2
324,267,3
324,270,3
324,271,3
324,273,24
324,274,2
324,275,1
324,276,4
324,278,1
324,279,1
324,281,10
324,283,1
324,284,11
324,285,7
324,286,47
324,287,8
324,288,1
324,289,5
324,290,2
324,291,1
324,292,1
324,293,2
324,295,2
324,296,7
324,299,1
324,300,1
324,302,4
324,304,11
324,305,3
324,306,4
324,307,2
324,308,23
324,309,10
324,310,7
324,311,33
324,313,10
324,314,5
324,315,9
324,316,35
324,319,6
324,320,24
324,321,18
324,322,7
324,323,41
324,325,25
324,326,1
324,328,6
324,330,2
324,332,6
324,333,8
324,334,2
324,335,7
324,336,1
324,337,9
324,339,1
324,340,13
324,342,29
324,343,8
324,344,11
324,345,12
324,346,4
324,347,1
324,348,1
324,349,3
324,350,1
324,351,2
324,353,1
324,354,4
324,355,1
324,356,8
324,358,12
324,359,4
324,361,2
324,362,9
324,365,12
324,366,48
324,367,2
324,368,3
324,369,32
324,370,1
324,371,1
324,372,1
324,373,1
324,378,11
325,5,1
325,7,20
325,9,5
325,10,8
325,11,1
325,13,1
325,14,1
325,15,4
325,17,1
325,18,7
325,19,4
325,20,1
325,22,3
325,24,2
325,26,2
325,29,2
325,35,1
325,37,1
325,39,1
325,40,2
325,41,11
325,42,14
325,43,1
325,44,6
325,46,15
325,47,9
325,49,2
325,51,4
325,53,2
325,54,3
325,56,2
325,59,1
325,60,1
325,61,8
325,62,25
325,63,2
325,64,1
325,67,1
325,69,1
325,72,2
325,73,13
325,74,6
325,80,1
325,81,3
325,82,10
325,86,3
325,94,24
325,95,1
325,97,1
325,98,1
325,99,1
325,103,1
325,104,11
325,105,19
325,106,11
325,107,3
325,109,2
325,111,1
325,113,1
325,114,7
325,116,14
325,117,1
325,123,2
325,124,1
325,130,1
325,132,1
325,139,3
325,142,6
325,143,9
325,148,4
325,149,2
325,150,40
325,151,1
325,152,12
325,154,6
325,156,1
325,161,1
325,165,1
325,167,1
325,168,2
325,169,4
325,171,5
325,172,1
325,173,2
325,174,4
325,175,13
325,178,6
325,179,3
325,180,9
325,181,1
325,186,2
325,189,2
325,190,5
325,191,5
325,192,2
325,195,3
325,196,2
325,197,16
325,199,1
325,200,10
325,204,4
325,206,5
325,208,1
325,212,4
325,213,3
325,215,6
325,216,9
325,217,12
325,218,1
325,220,2
325,221,3
325,224,17
325,225,4
325,226,1
325,228,1
325,229,25
325,230,1
325,231,2
325,235,1
325,236,5
325,237,1
325,238,3
325,240,1
325,241,5
325,244,1
325,245,3
325,247,2
325,249,8
325,250,9
325,251,17
325,252,9
325,264,1
325,266,1
325,270,13
325,272,1
325,273,11
325,276,1
325,281,1
325,282,2
325,284,7
325,285,2
325,286,19
325,288,1
325,289,3
325,295,1
325,301,2
325,304,3
325,305,2
325,306,1
325,307,2
325,308,2
325,309,1
325,310,3
325,311,4
325,315,7
325,316,7
325,319,5
325,320,7
325,321,2
325,322,2
325,323,25
325,324,1
325,328,3
325,329,1
325,331,2
325,332,3
325,333,6
325,336,1
325,337,2
325,338,2
325,340,8
325,342,5
325,343,6
325,344,6
325,345,3
325,346,3
325,348,1
325,349,1
325,350,7
325,354,2
325,356,2
325,360,2
325,362,3
325,364,1
325,365,6
325,366,34
325,368,2
325,369,16
325,375,1
325,378,1
326,5,2
326,6,3
326,7,10
326,9,1
326,10,5
326,11,3
326,12,4
326,15,5
326,18,4
326,19,1
326,20,1
326,24,4
326,29,3
326,31,1
326,40,7
326,41,6
326,42,32
326,43,2
326,44,3
326,45,1
326,46,4
326,47,4
326,49,1
326,50,2
326,51,2
326,53,2
326,57,2
326,59,1
326,61,16
326,62,43
326,63,7
326,64,4
326,73,4
326,74,9
326,75,2
326,80,3
326,81,1
326,82,6
326,83,3
326,86,3
326,94,18
326,96,1
326,97,3
326,102,2
326,104,6
326,105,7
326,106,7
326,107,4
326,110,1
326,113,3
326,114,10
326,116,9
326,123,1
326,124,1
326,130,1
326,137,1
326,142,2
326,143,2
326,144,1
326,146,1
326,148,4
326,149,8
326,150,54
326,151,2
326,152,11
326,154,3
326,156,4
326,168,5
326,169,1
326,170,5
326,171,5
326,174,1
326,175,8
326,178,7
326,179,1
326,180,4
326,181,2
326,186,1
326,187,2
326,188,1
326,189,1
326,191,6
326,192,1
326,195,5
326,197,16
326,198,5
326,199,5
326,200,16
326,203,2
326,204,6
326,206,6
326,207,1
326,210,2
326,211,5
326,212,1
326,213,5
326,214,8
326,215,6
326,216,8
326,217,15
326,218,1
326,221,1
326,224,23
326,225,6
326,227,3
326,229,11
326,230,1
326,231,4
326,232,1
326,237,2
326,238,9
326,239,1
326,241,3
326,245,2
326,249,3
326,250,13
326,251,12
326,252,12
326,253,2
326,255,1
326,258,1
326,263,1
326,264,1
326,265,1
326,266,1
326,268,3
326,270,3
326,271,1
326,273,9
326,274,1
326,276,3
326,280,1
326,281,1
326,284,3
326,285,10
326,286,27
326,287,5
326,288,1
326,289,4
326,290,1
326,293,3
326,296,8
326,297,1
326,301,5
326,304,4
326,305,1
326,307,1
326,308,4
326,310,4
326,311,4
326,312,1
326,315,6
326,316,3
326,317,2
326,318,2
326,319,9
326,320,22
326,321,1
326,322,2
326,323,14
326,324,3
326,325,2
326,327,2
326,328,5
326,330,1
326,333,5
326,334,3
326,335,22
326,336,2
326,337,8
326,340,12
326,341,5
326,342,2
326,343,3
326,344,3
326,345,1
326,346,2
326,348,2
326,350,2
326,351,1
326,354,1
326,356,3
326,358,1
326,359,3
326,361,1
326,363,2
326,365,8
326,366,44
326,368,2
326,369,12
326,371,1
326,372,2
326,375,1
326,376,1
326,378,4
327,2,1
327,5,1
327,6,1
327,7,29
327,9,4
327,10,1
327,11,4
327,12,2
327,13,1
327,14,7
327,15,9
327,16,2
327,17,1
327,18,3
327,19,4
327,20,3
327,22,4
327,24,4
327,27,1
327,29,7
327,30,1
327,31,1
327,34,2
327,37,7
327,39,1
327,40,12
327,41,13
327,42,27
327,43,6
327,44,4
327,46,9
327,47,15
327,51,1
327,52,3
327,53,4
327,54,15
327,56,1
327,59,1
327,61,45
327,62,93
327,63,13
327,64,11
327,67,1
327,69,1
327,70,1
327,72,1
327,73,13
327,74,8
327,76,1
327,78,4
327,79,1
327,80,3
327,81,17
327,82,20
327,83,12
327,84,4
327,86,7
327,90,3
327,94,22
327,96,1
327,97,2
327,98,1
327,100,3
327,101,2
327,102,2
327,103,1
327,104,23
327,105,20
327,106,8
327,107,27
327,111,1
327,112,1
327,113,6
327,114,18
327,116,8
327,117,7
327,123,2
327,124,2
327,125,1
327,127,1
327,128,3
327,130,3
327,131,1
327,135,1
327,139,2
327,142,17
327,143,6
327,144,1
327,148,3
327,149,15
327,150,64
327,151,3
327,152,19
327,153,1
327,154,4
327,155,3
327,156,3
327,157,1
327,159,1
327,162,1
327,165,1
327,166,3
327,168,21
327,169,10
327,170,1
327,171,41
327,172,2
327,173,4
327,174,3
327,175,16
327,177,1
327,178,9
327,179,3
327,180,16
327,181,5
327,189,7
327,190,5
327,191,5
327,192,3
327,194,1
327,195,8
327,196,6
327,197,4
327,198,8
327,199,4
327,200,22
327,201,2
327,202,2
327,203,3
327,204,7
327,206,6
327,207,2
327,208,1
327,209,1
327,210,5
327,211,1
327,212,3
327,213,7
327,214,1
327,215,10
327,216,14
327,217,18
327,218,10
327,220,4
327,221,7
327,222,1
327,223,1
327,224,31
327,225,6
327,226,4
327,227,7
327,228,1
327,229,38
327,235,1
327,236,7
327,238,10
327,240,1
327,241,10
327,245,3
327,247,3
327,249,6
327,250,8
327,251,40
327,252,10
327,253,2
327,255,5
327,259,2
327,262,1
327,264,8
327,266,2
327,267,1
327,269,1
327,270,8
327,273,7
327,274,3
327,275,1
327,276,8
327,277,1
327,278,1
327,279,1
327,280,1
327,281,1
327,284,17
327,285,23
327,286,48
327,287,18
327,288,4
327,289,17
327,290,5
327,291,6
327,292,1
327,293,10
327,295,1
327,296,3
327,299,1
327,300,2
327,301,12
327,302,1
327,303,2
327,304,10
327,305,3
327,306,1
327,307,1
327,308,5
327,309,1
327,310,4
327,313,1
327,314,1
327,315,10
327,316,13
327,317,2
327,319,8
327,320,68
327,321,1
327,322,3
327,323,26
327,325,8
327,328,13
327,329,2
327,330,2
327,331,6
327,332,23
327,333,10
327,334,2
327,335,49
327,336,8
327,337,10
327,338,1
327,340,19
327,342,4
327,343,4
327,344,2
327,345,4
327,347,8
327,348,2
327,349,4
327,350,2
327,351,2
327,352,1
327,354,1
327,356,10
327,357,1
327,358,4
327,359,1
327,360,1
327,362,2
327,366,50
327,368,5
327,369,21
327,372,1
327,373,2
327,375,1
327,376,1
327,378,12
328,2,4
328,5,3
328,6,1
328,7,30
328,9,1
328,10,8
328,11,3
328,12,1
328,14,3
328,15,8
328,16,3
328,17,1
328,18,15
328,19,8
328,20,2
328,21,3
328,22,8
328,24,5
328,26,2
328,27,2
328,29,3
328,30,1
328,31,1
328,34,1
328,35,2
328,37,19
328,39,2
328,40,14
328,41,18
328,42,32
328,43,3
328,44,8
328,46,5
328,47,11
328,49,1
328,51,4
328,53,7
328,54,2
328,56,7
328,59,1
328,61,46
328,62,105
328,63,9
328,64,9
328,67,2
328,69,3
328,71,3
328,72,3
328,73,17
328,74,10
328,75,2
328,76,2
328,77,1
328,78,2
328,80,3
328,81,15
328,82,20
328,83,18
328,84,1
328,86,7
328,90,1
328,91,1
328,92,2
328,94,26
328,95,1
328,96,1
328,97,4
328,98,4
328,102,1
328,103,2
328,104,26
328,105,22
328,106,12
328,107,10
328,108,3
328,110,1
328,112,1
328,113,5
328,114,22
328,115,2
328,116,14
328,117,4
328,119,3
328,120,2
328,123,3
328,125,2
328,130,3
328,131,1
328,132,1
328,142,15
328,143,10
328,144,1
328,147,1
328,148,9
328,149,17
328,150,66
328,151,1
328,152,17
328,153,3
328,154,6
328,155,1
328,156,8
328,157,1
328,158,1
328,159,1
328,160,3
328,165,2
328,166,5
328,168,25
328,169,2
328,170,9
328,171,27
328,172,1
328,173,1
328,174,6
328,175,14
328,177,1
328,178,9
328,179,10
328,180,10
328,181,2
328,186,4
328,188,2
328,189,5
328,190,4
328,191,15
328,193,3
328,194,3
328,195,4
328,196,4
328,197,4
328,198,8
328,199,4
328,200,19
328,202,1
328,203,1
328,204,17
328,205,1
328,206,4
328,207,2
328,208,2
328,210,3
328,211,5
328,212,12
328,213,7
328,214,8
328,215,11
328,216,8
328,217,24
328,218,2
328,219,2
328,220,6
328,221,6
328,222,1
328,224,38
328,225,12
328,227,2
328,228,3
328,229,28
328,231,4
328,235,1
328,236,2
328,238,9
328,241,17
328,242,3
328,244,2
328,245,2
328,247,1
328,249,4
328,250,11
328,251,20
328,252,9
328,254,2
328,255,1
328,262,8
328,264,7
328,267,1
328,270,12
328,271,2
328,273,13
328,274,3
328,275,3
328,276,6
328,278,2
328,281,4
328,282,1
328,283,1
328,284,14
328,285,41
328,286,87
328,287,6
328,288,4
328,289,25
328,291,4
328,295,7
328,296,6
328,297,1
328,299,2
328,300,3
328,301,7
328,302,4
328,304,12
328,305,3
328,307,1
328,308,3
328,310,9
328,311,11
328,314,1
328,315,6
328,316,20
328,317,10
328,319,9
328,320,65
328,321,1
328,322,4
328,323,20
328,324,2
328,325,6
328,326,1
328,327,3
328,329,2
328,330,2
328,331,20
328,332,10
328,333,16
328,334,2
328,335,33
328,336,5
328,337,9
328,338,3
328,340,9
328,341,1
328,342,7
328,344,3
328,345,7
328,346,1
328,348,10
328,349,1
328,350,8
328,351,3
328,353,2
328,354,2
328,356,15
328,358,8
328,359,6
328,360,3
328,363,6
328,364,2
328,365,2
328,366,52
328,367,1
328,368,10
328,369,17
328,371,1
328,373,1
328,375,3
328,378,15
329,2,1
329,5,4
329,7,14
329,9,1
329,10,3
329,11,1
329,13,1
329,14,6
329,19,7
329,22,2
329,24,7
329,25,1
329,26,1
329,27,1
329,29,7
329,31,1
329,35,2
329,36,3
329,37,11
329,39,1
329,40,8
329,41,5
329,42,23
329,43,4
329,44,7
329,47,7
329,52,2
329,53,6
329,56,1
329,57,1
329,59,1
329,61,15
329,62,53
329,63,4
329,64,4
329,67,1
329,72,1
329,73,14
329,74,5
329,78,2
329,79,1
329,80,2
329,81,10
329,82,13
329,83,11
329,84,1
329,86,1
329,94,4
329,95,1
329,97,1
329,102,1
329,103,1
329,104,19
329,105,18
329,106,12
329,107,13
329,108,1
329,112,1
329,114,7
329,115,3
329,116,5
329,117,2
329,123,2
329,128,1
329,130,1
329,135,3
329,138,1
329,140,1
329,142,8
329,143,5
329,144,3
329,145,1
329,148,5
329,149,15
329,150,56
329,152,11
329,153,3
329,154,3
329,156,4
329,158,1
329,163,1
329,165,3
329,166,3
329,168,22
329,170,11
329,171,13
329,173,2
329,174,1
329,175,12
329,176,1
329,178,3
329,179,1
329,180,9
329,186,1
329,189,5
329,191,4
329,193,1
329,195,1
329,196,2
329,197,1
329,198,6
329,199,2
329,200,21
329,202,1
329,203,2
329,204,6
329,205,1
329,206,6
329,208,1
329,211,1
329,212,6
329,213,8
329,214,2
329,215,4
329,216,5
329,217,8
329,218,4
329,219,1
329,220,9
329,221,8
329,222,1
329,224,27
329,225,2
329,226,3
329,228,2
329,229,22
329,230,1
329,231,2
329,236,3
329,238,2
329,240,1
329,241,10
329,244,5
329,245,1
329,247,4
329,250,13
329,251,8
329,252,9
329,253,5
329,258,3
329,260,1
329,262,1
329,264,4
329,265,1
329,267,1
329,270,6
329,271,3
329,273,1
329,274,2
329,276,2
329,277,2
329,278,2
329,280,2
329,281,2
329,283,3
329,284,3
329,285,10
329,286,31
329,287,1
329,288,1
329,289,3
329,291,4
329,293,1
329,295,4
329,296,3
329,302,5
329,303,1
329,304,3
329,305,1
329,308,2
329,310,5
329,311,7
329,312,1
329,315,1
329,316,5
329,317,4
329,319,3
329,320,22
329,322,1
329,323,3
329,324,1
329,325,6
329,328,3
329,331,6
329,332,16
329,333,21
329,334,2
329,335,45
329,336,2
329,337,1
329,339,1
329,340,7
329,342,4
329,343,2
329,344,1
329,345,2
329,347,1
329,348,3
329,350,1
329,351,1
329,353,3
329,356,9
329,358,2
329,359,8
329,360,2
329,362,1
329,365,1
329,366,32
329,368,2
329,369,10
329,375,1
329,376,1
329,378,5
330,7,19
330,10,4
330,15,3
330,18,2
330,19,3
330,22,3
330,24,2
330,26,9
330,27,2
330,28,1
330,29,2
330,30,2
330,31,7
330,35,1
330,36,5
330,37,1
330,39,2
330,40,13
330,41,16
330,42,20
330,43,3
330,44,7
330,46,3
330,49,1
330,51,1
330,52,1
330,53,3
330,54,1
330,56,1
330,60,3
330,61,40
330,62,65
330,63,17
330,64,4
330,66,1
330,67,1
330,68,1
330,73,8
330,74,8
330,77,1
330,80,1
330,81,4
330,82,10
330,83,5
330,86,4
330,94,13
330,97,2
330,99,2
330,100,3
330,103,2
330,104,16
330,105,9
330,106,12
330,107,13
330,110,1
330,112,2
330,113,1
330,114,8
330,116,16
330,117,2
330,119,1
330,123,2
330,128,1
330,139,1
330,142,5
330,143,4
330,144,1
330,147,1
330,148,9
330,149,19
330,150,68
330,152,5
330,153,10
330,154,1
330,156,4
330,165,1
330,166,1
330,168,16
330,169,5
330,170,4
330,171,15
330,172,2
330,173,1
330,174,1
330,175,22
330,177,1
330,178,8
330,179,9
330,180,5
330,181,5
330,184,2
330,185,2
330,186,1
330,189,3
330,192,1
330,196,1
330,197,2
330,198,4
330,199,2
330,200,11
330,202,2
330,204,2
330,206,10
330,207,1
330,210,1
330,211,1
330,212,5
330,213,3
330,214,8
330,215,11
330,216,3
330,217,10
330,220,2
330,221,10
330,224,14
330,225,3
330,227,2
330,228,1
330,229,24
330,230,3
330,235,2
330,236,5
330,237,2
330,238,7
330,239,1
330,241,20
330,244,4
330,247,1
330,249,2
330,250,6
330,251,19
330,252,1
330,253,2
330,260,1
330,262,1
330,264,13
330,265,1
330,266,3
330,270,12
330,273,14
330,276,3
330,278,2
330,279,2
330,281,1
330,284,8
330,285,23
330,286,9
330,287,6
330,289,2
330,291,2
330,293,2
330,295,1
330,296,2
330,297,1
330,302,1
330,304,9
330,305,1
330,307,1
330,308,2
330,309,3
330,310,3
330,311,2
330,315,3
330,316,5
330,317,3
330,319,2
330,320,14
330,321,1
330,323,9
330,328,8
330,329,1
330,331,5
330,332,6
330,333,5
330,334,2
330,335,33
330,336,3
330,337,4
330,338,2
330,340,5
330,341,1
330,345,2
330,346,1
330,347,1
330,348,2
330,350,1
330,354,1
330,356,7
330,358,1
330,361,2
330,363,6
330,364,2
330,365,6
330,366,32
330,367,1
330,368,1
330,369,8
330,372,1
330,373,3
330,375,1
330,378,14
331,3,1
331,5,6
331,7,16
331,9,1
331,10,4
331,13,4
331,14,4
331,15,7
331,16,2
331,17,4
331,18,8
331,19,2
331,20,8
331,22,1
331,24,2
331,26,1
331,27,1
331,29,3
331,31,4
331,34,3
331,35,2
331,36,1
331,37,11
331,40,12
331,41,16
331,42,28
331,44,8
331,45,2
331,46,7
331,47,2
331,49,1
331,53,4
331,54,1
331,56,3
331,57,1
331,61,43
331,62,100
331,63,21
331,64,11
331,73,10
331,74,15
331,77,3
331,80,2
331,81,3
331,82,14
331,83,4
331,86,7
331,87,1
331,94,18
331,95,3
331,98,6
331,100,1
331,101,1
331,102,3
331,104,15
331,105,8
331,106,9
331,107,15
331,113,4
331,114,6
331,115,1
331,116,8
331,123,1
331,128,1
331,129,1
331,130,2
331,131,1
331,132,1
331,134,1
331,135,1
331,142,10
331,143,9
331,147,1
331,148,11
331,149,14
331,150,45
331,152,23
331,153,3
331,154,4
331,160,1
331,162,1
331,164,3
331,165,2
331,168,8
331,169,4
331,170,3
331,171,22
331,173,1
331,175,17
331,178,14
331,179,5
331,180,24
331,181,2
331,182,1
331,184,1
331,189,6
331,190,1
331,191,7
331,194,1
331,195,9
331,196,2
331,197,5
331,198,1
331,199,3
331,200,14
331,203,7
331,204,11
331,206,3
331,209,1
331,210,1
331,211,6
331,212,7
331,213,3
331,214,3
331,215,13
331,216,10
331,217,11
331,220,3
331,221,7
331,222,1
331,224,18
331,225,5
331,227,7
331,229,15
331,230,2
331,231,1
331,236,7
331,237,1
331,238,7
331,240,1
331,241,14
331,245,2
331,247,3
331,249,6
331,250,7
331,251,19
331,252,10
331,253,2
331,255,3
331,260,3
331,262,3
331,263,1
331,264,8
331,265,1
331,266,1
331,270,9
331,273,5
331,274,4
331,275,1
331,276,5
331,277,1
331,278,1
331,280,1
331,281,3
331,282,1
331,283,1
331,284,10
331,285,22
331,286,24
331,287,5
331,288,1
331,289,9
331,290,1
331,291,1
331,295,8
331,296,2
331,299,2
331,300,1
331,301,3
331,304,12
331,305,5
331,306,5
331,307,3
331,308,2
331,310,4
331,311,5
331,313,4
331,314,1
331,315,8
331,316,5
331,317,4
331,319,1
331,320,26
331,321,3
331,322,1
331,323,9
331,324,2
331,325,5
331,327,1
331,328,5
331,329,1
331,330,6
331,332,6
331,333,27
331,335,37
331,336,1
331,337,9
331,338,3
331,340,4
331,341,1
331,342,8
331,343,1
331,345,5
331,347,2
331,348,1
331,350,4
331,351,4
331,353,1
331,354,2
331,355,1
331,356,9
331,358,3
331,359,3
331,361,2
331,365,5
331,366,32
331,367,2
331,368,4
331,369,9
331,370,2
331,373,1
331,375,1
331,376,3
331,378,27
332,7,10
332,9,7
332,10,2
332,11,5
332,14,3
332,15,3
332,17,4
332,18,13
332,19,5
332,21,1
332,24,1
332,25,1
332,26,2
332,27,6
332,29,6
332,31,1
332,34,1
332,35,3
332,37,5
332,38,1
332,39,1
332,40,13
332,41,20
332,42,75
332,43,2
332,44,10
332,46,3
332,47,6
332,52,1
332,53,1
332,54,2
332,56,1
332,57,3
332,59,2
332,61,32
332,62,80
332,63,5
332,64,9
332,67,2
332,72,2
332,73,4
332,74,10
332,77,1
332,78,1
332,81,13
332,82,19
332,83,3
332,86,5
332,94,34
332,96,1
332,97,1
332,98,5
332,99,1
332,102,1
332,104,14
332,105,18
332,106,7
332,107,17
332,110,2
332,112,1
332,113,5
332,114,21
332,115,1
332,116,9
332,120,1
332,123,1
332,125,1
332,128,1
332,130,1
332,132,2
332,142,8
332,143,5
332,148,9
332,149,7
332,150,57
332,151,4
332,152,28
332,153,3
332,154,2
332,156,1
332,160,2
332,162,1
332,166,1
332,168,13
332,170,1
332,171,14
332,172,1
332,173,2
332,174,1
332,175,12
332,178,9
332,179,4
332,180,16
332,181,6
332,189,2
332,190,1
332,191,2
332,192,4
332,193,1
332,196,2
332,197,5
332,198,2
332,200,33
332,203,1
332,204,5
332,206,7
332,212,5
332,213,5
332,214,7
332,215,4
332,216,12
332,217,11
332,220,1
332,221,3
332,222,1
332,224,14
332,225,3
332,226,1
332,227,1
332,229,38
332,231,4
332,232,1
332,236,14
332,237,1
332,238,4
332,239,1
332,240,1
332,241,18
332,244,1
332,245,2
332,249,6
332,250,7
332,251,12
332,252,8
332,253,2
332,255,2
332,257,1
332,259,1
332,260,2
332,263,1
332,264,3
332,266,4
332,270,5
332,273,13
332,274,2
332,276,12
332,277,1
332,278,2
332,280,2
332,281,3
332,282,1
332,284,13
332,285,14
332,286,43
332,287,3
332,289,5
332,294,1
332,296,1
332,299,2
332,302,1
332,303,1
332,304,12
332,306,1
332,307,2
332,308,1
332,310,2
332,311,6
332,315,10
332,316,6
332,317,1
332,319,2
332,320,26
332,323,13
332,324,2
332,325,2
332,328,14
332,329,1
332,330,1
332,331,8
332,333,23
332,334,3
332,335,23
332,337,8
332,340,16
332,341,2
332,342,4
332,345,5
332,348,2
332,350,3
332,351,1
332,352,1
332,354,2
332,356,6
332,357,1
332,358,1
332,359,2
332,361,1
332,362,5
332,363,2
332,365,6
332,366,45
332,368,3
332,369,16
332,371,2
332,372,1
332,373,3
332,377,1
332,378,10
333,2,2
333,3,1
333,5,4
333,7,31
333,10,3
333,11,6
333,12,2
333,13,1
333,14,2
333,15,3
333,16,1
333,17,1
333,18,6
333,19,4
333,20,1
333,22,5
333,24,3
333,25,2
333,27,2
333,29,4
333,30,2
333,34,1
333,35,2
333,37,18
333,38,2
333,40,6
333,41,9
333,42,32
333,43,5
333,44,2
333,46,3
333,47,12
333,52,1
333,53,2
333,54,4
333,56,4
333,57,2
333,58,3
333,60,1
333,61,57
333,62,96
333,63,13
333,64,11
333,67,2
333,73,7
333,74,1
333,75,1
333,76,2
333,78,1
333,80,1
333,81,6
333,82,8
333,83,3
333,86,10
333,90,1
333,94,33
333,98,4
333,101,3
333,102,2
333,104,20
333,105,22
333,106,16
333,107,9
333,111,1
333,113,6
333,114,18
333,115,1
333,116,5
333,117,1
333,121,1
333,123,2
333,125,1
333,130,3
333,135,1
333,139,1
333,142,6
333,143,8
333,148,5
333,149,9
333,150,58
333,151,2
333,152,17
333,154,10
333,155,2
333,156,2
333,157,1
333,158,1
333,159,1
333,160,1
333,166,10
333,168,15
333,170,2
333,171,10
333,173,1
333,174,7
333,175,12
333,178,13
333,179,3
333,180,8
333,181,3
333,189,3
333,190,6
333,191,11
333,193,1
333,195,6
333,196,1
333,197,10
333,199,4
333,200,13
333,204,11
333,205,1
333,206,5
333,207,3
333,210,3
333,211,3
333,212,4
333,213,2
333,214,4
333,215,9
333,216,8
333,217,5
333,218,1
333,220,8
333,221,4
333,224,14
333,225,7
333,226,2
333,227,1
333,228,5
333,229,29
333,230,2
333,231,1
333,233,1
333,236,5
333,238,4
333,241,15
333,244,1
333,245,2
333,247,1
333,249,2
333,250,13
333,251,11
333,252,7
333,253,6
333,260,2
333,263,2
333,264,5
333,266,3
333,270,5
333,273,10
333,274,2
333,275,1
333,276,6
333,278,5
333,281,3
333,284,10
333,285,10
333,286,35
333,287,11
333,289,13
333,290,2
333,291,3
333,293,2
333,295,1
333,296,1
333,299,1
333,301,1
333,303,3
333,304,3
333,305,1
333,309,1
333,310,6
333,311,1
333,313,3
333,314,1
333,315,5
333,316,10
333,317,3
333,318,4
333,319,8
333,320,26
333,321,2
333,322,5
333,323,6
333,324,1
333,325,6
333,326,1
333,327,1
333,328,9
333,329,4
333,330,3
333,331,8
333,332,21
333,335,31
333,336,1
333,337,18
333,338,2
333,339,2
333,340,8
333,341,1
333,342,3
333,343,9
333,345,6
333,346,2
333,347,4
333,348,6
333,349,1
333,350,4
333,351,1
333,352,2
333,356,14
333,359,3
333,361,2
333,363,4
333,365,6
333,366,43
333,369,20
333,373,1
333,375,5
333,376,1
333,378,11
334,6,2
334,7,11
334,10,2
334,11,1
334,13,2
334,14,6
334,15,4
334,17,4
334,18,2
334,19,2
334,20,2
334,22,2
334,24,1
334,26,3
334,29,1
334,30,1
334,31,1
334,32,1
334,34,1
334,37,2
334,39,3
334,40,5
334,41,9
334,42,17
334,43,3
334,44,1
334,46,3
334,47,8
334,52,2
334,53,1
334,56,1
334,57,1
334,59,2
334,61,30
334,62,68
334,63,11
334,64,8
334,65,1
334,73,7
334,74,11
334,75,1
334,77,1
334,78,6
334,80,3
334,81,9
334,82,11
334,83,5
334,86,1
334,92,1
334,94,18
334,95,1
334,100,1
334,101,5
334,102,1
334,103,1
334,104,26
334,105,24
334,106,13
334,107,3
334,113,2
334,114,11
334,116,14
334,117,1
334,123,2
334,129,1
334,130,4
334,135,1
334,138,1
334,139,2
334,140,1
334,142,12
334,143,6
334,144,4
334,148,11
334,149,8
334,150,52
334,151,4
334,152,20
334,154,2
334,155,1
334,156,8
334,157,1
334,158,3
334,162,1
334,165,1
334,166,3
334,168,21
334,169,2
334,170,5
334,171,15
334,172,3
334,173,1
334,174,2
334,175,12
334,178,10
334,179,1
334,180,3
334,181,2
334,186,3
334,189,5
334,190,3
334,191,6
334,193,1
334,195,1
334,197,8
334,198,3
334,199,1
334,200,14
334,202,3
334,203,1
334,204,12
334,206,2
334,210,1
334,211,2
334,212,3
334,213,2
334,214,4
334,215,5
334,216,5
334,217,8
334,218,5
334,219,1
334,220,4
334,221,2
334,224,21
334,225,5
334,227,2
334,228,3
334,229,14
334,230,1
334,231,2
334,235,1
334,236,1
334,238,8
334,241,15
334,244,4
334,247,4
334,249,2
334,250,13
334,251,12
334,252,6
334,253,4
334,255,2
334,259,2
334,262,2
334,264,7
334,270,7
334,271,1
334,273,1
334,274,1
334,275,1
334,276,5
334,281,4
334,282,2
334,284,11
334,285,19
334,286,24
334,287,4
334,288,2
334,289,11
334,290,2
334,291,1
334,293,2
334,295,4
334,296,3
334,302,2
334,303,1
334,304,7
334,305,2
334,307,1
334,308,1
334,310,2
334,311,4
334,315,5
334,316,11
334,317,8
334,318,1
334,319,3
334,320,24
334,321,1
334,322,1
334,323,12
334,325,1
334,327,1
334,328,4
334,329,3
334,330,2
334,331,15
334,332,9
334,333,10
334,335,29
334,336,7
334,337,6
334,338,5
334,340,5
334,342,1
334,344,2
334,345,2
334,346,1
334,348,5
334,351,2
334,353,1
334,354,1
334,356,15
334,358,7
334,359,10
334,362,4
334,363,2
334,365,1
334,366,50
334,368,2
334,369,6
334,371,2
334,375,2
334,376,3
334,377,1
334,378,13
335,2,1
335,3,1
335,7,10
335,10,3
335,11,2
335,13,1
335,14,8
335,15,3
335,17,2
335,18,7
335,19,1
335,20,2
335,22,2
335,24,1
335,26,2
335,29,1
335,31,1
335,33,1
335,34,1
335,40,11
335,41,14
335,42,14
335,44,2
335,46,1
335,47,4
335,53,2
335,54,4
335,56,3
335,57,1
335,60,2
335,61,18
335,62,60
335,63,5
335,64,2
335,67,1
335,73,11
335,74,3
335,75,1
335,78,1
335,81,14
335,82,15
335,83,2
335,86,12
335,94,5
335,95,1
335,97,3
335,98,1
335,102,1
335,104,3
335,105,8
335,106,4
335,107,9
335,114,12
335,116,3
335,123,1
335,142,5
335,143,5
335,144,2
335,148,9
335,149,14
335,150,56
335,151,3
335,152,8
335,153,1
335,154,3
335,159,1
335,161,2
335,165,3
335,168,16
335,169,2
335,171,20
335,173,1
335,175,6
335,177,1
335,178,8
335,179,2
335,180,7
335,181,2
335,189,3
335,190,2
335,191,3
335,194,1
335,195,1
335,197,1
335,198,4
335,199,1
335,200,13
335,203,1
335,204,5
335,206,7
335,210,1
335,211,2
335,212,1
335,213,1
335,214,4
335,215,9
335,216,7
335,217,6
335,220,8
335,221,1
335,224,16
335,225,2
335,227,2
335,229,15
335,235,1
335,237,2
335,238,3
335,241,4
335,242,1
335,244,4
335,247,1
335,248,1
335,249,2
335,250,5
335,251,9
335,252,2
335,253,1
335,255,1
335,258,1
335,268,1
335,270,7
335,271,1
335,273,11
335,274,3
335,276,4
335,279,1
335,281,1
335,284,5
335,285,10
335,286,17
335,287,5
335,289,5
335,290,2
335,296,3
335,299,2
335,304,4
335,306,1
335,307,2
335,308,1
335,310,1
335,313,3
335,316,3
335,317,1
335,319,4
335,320,18
335,321,4
335,323,10
335,324,1
335,325,2
335,328,4
335,329,5
335,330,3
335,331,2
335,332,10
335,333,4
335,336,6
335,337,8
335,339,1
335,340,9
335,341,3
335,342,6
335,345,4
335,347,1
335,348,2
335,350,2
335,351,4
335,354,4
335,356,9
335,358,2
335,359,7
335,360,2
335,364,1
335,365,2
335,366,41
335,367,2
335,368,3
335,369,13
335,373,3
335,375,2
335,378,7
336,5,1
336,6,3
336,7,22
336,9,3
336,10,8
336,11,4
336,12,7
336,13,2
336,14,5
336,15,7
336,16,2
336,18,5
336,19,9
336,21,1
336,22,3
336,23,2
336,24,4
336,26,1
336,29,2
336,30,1
336,32,1
336,34,2
336,35,2
336,36,5
336,37,5
336,38,2
336,39,3
336,40,13
336,41,16
336,42,34
336,43,4
336,44,5
336,45,4
336,46,11
336,47,5
336,49,1
336,51,3
336,53,6
336,54,3
336,56,1
336,57,2
336,58,1
336,59,1
336,61,40
336,62,93
336,63,22
336,64,12
336,65,1
336,67,5
336,69,2
336,73,28
336,74,17
336,75,1
336,79,2
336,80,4
336,81,17
336,82,20
336,83,19
336,86,9
336,87,1
336,88,2
336,94,28
336,97,7
336,98,2
336,101,7
336,102,2
336,103,7
336,104,38
336,105,14
336,106,16
336,107,21
336,110,1
336,112,4
336,113,3
336,114,18
336,116,11
336,117,5
336,123,3
336,124,1
336,125,1
336,130,2
336,135,3
336,139,1
336,142,20
336,143,6
336,144,5
336,147,1
336,148,5
336,149,20
336,150,90
336,151,5
336,152,22
336,153,2
336,154,4
336,156,1
336,158,2
336,160,4
336,165,5
336,166,1
336,168,26
336,169,3
336,170,10
336,171,38
336,173,4
336,174,2
336,175,19
336,177,1
336,178,15
336,179,8
336,180,27
336,181,4
336,186,2
336,189,13
336,191,6
336,192,2
336,195,9
336,196,1
336,197,14
336,198,8
336,199,1
336,200,21
336,203,2
336,204,15
336,205,1
336,206,14
336,207,3
336,211,5
336,212,5
336,213,21
336,214,1
336,215,15
336,216,11
336,217,23
336,218,5
336,219,1
336,220,3
336,221,7
336,222,1
336,224,35
336,225,5
336,226,4
336,227,4
336,228,4
336,229,51
336,230,3
336,231,2
336,235,3
336,236,14
336,238,2
336,239,1
336,240,1
336,241,24
336,245,4
336,247,8
336,249,3
336,250,19
336,251,32
336,252,7
336,253,2
336,255,1
336,259,1
336,260,1
336,262,5
336,263,4
336,264,4
336,266,1
336,267,3
336,268,1
336,270,11
336,271,4
336,273,2
336,274,5
336,275,1
336,276,13
336,278,2
336,279,3
336,280,1
336,281,9
336,282,2
336,283,1
336,284,9
336,285,41
336,286,57
336,287,8
336,288,1
336,289,14
336,290,1
336,291,5
336,295,3
336,296,6
336,297,3
336,299,3
336,301,1
336,302,3
336,304,6
336,306,1
336,307,2
336,308,1
336,310,9
336,311,5
336,312,1
336,313,1
336,314,3
336,315,7
336,316,8
336,317,3
336,319,5
336,320,50
336,321,2
336,323,16
336,324,1
336,325,1
336,326,5
336,328,5
336,329,3
336,330,7
336,331,12
336,332,12
336,333,14
336,334,11
336,335,63
336,337,16
336,339,1
336,340,9
336,341,1
336,342,5
336,343,3
336,344,1
336,345,4
336,346,8
336,348,7
336,350,7
336,351,2
336,352,2
336,353,1
336,354,5
336,356,21
336,358,9
336,359,9
336,360,2
336,363,5
336,365,5
336,366,50
336,367,1
336,368,4
336,369,23
336,371,1
336,372,4
336,375,4
336,376,1
336,377,1
336,378,19
337,2,1
337,3,1
337,5,8
337,6,1
337,7,20
337,9,3
337,10,1
337,11,1
337,12,2
337,13,1
337,14,4
337,15,5
337,16,4
337,17,2
337,18,19
337,19,5
337,20,1
337,21,1
337,22,3
337,24,4
337,25,1
337,26,1
337,29,3
337,30,2
337,35,1
337,36,2
337,37,11
337,39,5
337,40,9
337,41,12
337,42,27
337,43,3
337,44,15
337,46,8
337,47,7
337,51,1
337,53,3
337,54,5
337,56,4
337,57,3
337,58,2
337,59,1
337,60,5
337,61,43
337,62,123
337,63,14
337,64,6
337,65,2
337,66,1
337,67,3
337,68,2
337,72,1
337,73,15
337,74,22
337,75,1
337,76,2
337,81,6
337,82,17
337,83,5
337,86,9
337,89,1
337,94,32
337,95,3
337,96,1
337,97,5
337,98,3
337,102,6
337,103,3
337,104,23
337,105,20
337,106,6
337,107,17
337,111,1
337,113,5
337,114,16
337,115,2
337,116,8
337,117,3
337,119,2
337,120,1
337,123,3
337,128,1
337,129,1
337,130,1
337,139,1
337,142,13
337,143,7
337,144,3
337,147,3
337,148,10
337,149,16
337,150,66
337,151,7
337,152,19
337,153,4
337,154,6
337,156,9
337,157,1
337,158,1
337,162,3
337,165,3
337,166,2
337,168,7
337,169,7
337,170,1
337,171,16
337,174,7
337,175,8
337,178,8
337,179,5
337,180,12
337,181,1
337,183,4
337,188,2
337,189,3
337,190,4
337,191,10
337,192,3
337,195,4
337,196,4
337,197,3
337,198,5
337,199,1
337,200,23
337,204,7
337,205,1
337,206,8
337,207,2
337,208,2
337,211,4
337,212,4
337,213,1
337,214,3
337,215,21
337,216,10
337,217,16
337,219,2
337,220,7
337,221,2
337,222,1
337,223,1
337,224,47
337,225,15
337,226,4
337,227,2
337,228,2
337,229,29
337,230,2
337,231,2
337,235,1
337,236,15
337,237,1
337,238,12
337,241,29
337,242,1
337,245,2
337,247,3
337,249,11
337,250,22
337,251,18
337,252,6
337,253,5
337,254,5
337,255,3
337,256,1
337,260,3
337,262,1
337,264,4
337,265,3
337,266,1
337,267,1
337,270,15
337,273,14
337,276,4
337,277,1
337,278,4
337,280,1
337,281,6
337,282,1
337,284,19
337,285,14
337,286,49
337,287,6
337,289,14
337,290,2
337,291,1
337,293,1
337,295,1
337,296,2
337,299,1
337,301,4
337,302,8
337,304,10
337,305,2
337,307,1
337,308,8
337,309,1
337,310,6
337,311,7
337,313,1
337,315,10
337,316,14
337,317,11
337,319,12
337,320,30
337,321,5
337,323,29
337,325,6
337,326,1
337,327,1
337,328,24
337,329,1
337,330,1
337,331,6
337,332,13
337,333,29
337,334,1
337,335,50
337,338,1
337,339,1
337,340,15
337,341,2
337,342,3
337,343,4
337,344,3
337,345,6
337,347,1
337,348,5
337,350,7
337,351,4
337,354,2
337,355,1
337,356,10
337,358,3
337,359,8
337,361,1
337,362,1
337,363,2
337,365,13
337,366,57
337,368,3
337,369,38
337,373,2
337,375,3
337,378,7
338,2,1
338,3,2
338,5,2
338,6,2
338,7,25
338,9,8
338,10,11
338,11,6
338,12,2
338,13,1
338,14,8
338,15,1
338,16,1
338,17,3
338,18,8
338,19,6
338,20,2
338,22,3
338,24,4
338,25,1
338,26,3
338,27,3
338,28,1
338,29,3
338,31,4
338,34,1
338,36,3
338,37,4
338,38,2
338,39,2
338,40,14
338,41,11
338,42,25
338,43,4
338,44,20
338,45,5
338,46,6
338,47,16
338,51,1
338,52,3
338,53,2
338,54,4
338,56,4
338,57,6
338,59,2
338,61,40
338,62,133
338,63,17
338,64,6
338,73,25
338,74,17
338,77,1
338,79,1
338,80,3
338,81,12
338,82,27
338,83,10
338,84,1
338,86,5
338,88,1
338,92,1
338,93,2
338,94,42
338,95,4
338,97,2
338,98,4
338,99,3
338,100,1
338,101,3
338,102,1
338,103,5
338,104,19
338,105,18
338,106,7
338,107,19
338,109,2
338,110,1
338,112,1
338,113,9
338,114,19
338,116,9
338,117,2
338,118,1
338,125,2
338,127,1
338,128,1
338,135,1
338,139,3
338,142,18
338,143,5
338,144,2
338,147,4
338,148,13
338,149,19
338,150,73
338,151,3
338,152,29
338,153,2
338,154,5
338,155,1
338,156,5
338,158,2
338,162,5
338,166,1
338,168,20
338,169,7
338,170,3
338,171,30
338,173,1
338,174,5
338,175,16
338,177,1
338,178,8
338,179,15
338,180,13
338,181,1
338,183,1
338,185,2
338,186,2
338,187,1
338,189,9
338,190,1
338,191,12
338,192,4
338,195,7
338,196,1
338,197,6
338,198,9
338,199,10
338,200,34
338,203,7
338,204,10
338,205,2
338,206,8
338,207,3
338,210,3
338,211,1
338,212,9
338,213,6
338,214,7
338,215,6
338,216,14
338,217,16
338,218,1
338,220,21
338,221,11
338,222,2
338,223,2
338,224,29
338,225,7
338,227,6
338,228,5
338,229,26
338,230,1
338,231,1
338,235,1
338,236,2
338,238,4
338,239,3
338,241,12
338,242,1
338,244,3
338,245,2
338,247,10
338,249,2
338,250,16
338,251,17
338,252,9
338,254,2
338,255,2
338,259,3
338,262,3
338,266,3
338,267,4
338,268,1
338,270,8
338,273,10
338,274,3
338,275,2
338,276,6
338,277,1
338,278,2
338,280,4
338,281,3
338,284,15
338,285,24
338,286,42
338,287,4
338,288,2
338,289,15
338,291,5
338,292,1
338,293,5
338,294,1
338,296,8
338,297,1
338,299,2
338,301,6
338,302,1
338,304,14
338,305,1
338,306,1
338,307,2
338,308,10
338,310,8
338,311,3
338,313,1
338,314,1
338,315,8
338,316,7
338,317,6
338,319,10
338,320,34
338,321,4
338,323,13
338,325,4
338,326,1
338,328,20
338,329,2
338,330,3
338,331,12
338,332,8
338,333,29
338,334,4
338,335,53
338,336,4
338,337,10
338,339,1
338,340,13
338,341,2
338,342,4
338,343,1
338,344,1
338,345,16
338,346,2
338,348,5
338,350,1
338,351,1
338,352,1
338,354,3
338,356,19
338,358,4
338,359,10
338,361,3
338,363,5
338,365,6
338,366,61
338,367,2
338,368,6
338,369,31
338,371,2
338,373,1
338,374,1
338,375,3
338,378,20
339,7,21
339,9,3
339,11,3
339,12,1
339,13,3
339,14,1
339,15,6
339,17,2
339,18,6
339,19,7
339,20,2
339,25,2
339,26,2
339,27,4
339,28,1
339,29,4
339,31,1
339,32,1
339,34,2
339,36,3
339,37,6
339,40,10
339,41,10
339,42,28
339,43,3
339,44,5
339,46,5
339,47,7
339,52,1
339,53,1
339,54,7
339,56,1
339,57,3
339,58,1
339,59,2
339,60,1
339,61,39
339,62,101
339,63,8
339,64,12
339,65,1
339,67,1
339,68,1
339,70,1
339,72,1
339,73,4
339,74,11
339,76,1
339,78,1
339,80,5
339,81,8
339,82,24
339,83,3
339,86,8
339,87,1
339,88,1
339,92,1
339,94,21
339,95,2
339,97,4
339,102,1
339,104,16
339,105,20
339,106,10
339,107,15
339,113,2
339,114,18
339,115,1
339,116,10
339,117,1
339,121,2
339,123,2
339,124,1
339,127,1
339,128,1
339,130,2
339,131,3
339,135,1
339,142,4
339,143,12
339,144,4
339,147,2
339,148,8
339,149,18
339,150,80
339,151,1
339,152,23
339,154,4
339,155,1
339,156,3
339,158,2
339,159,1
339,162,3
339,164,1
339,165,2
339,166,3
339,168,12
339,169,1
339,170,5
339,171,22
339,173,10
339,174,9
339,175,17
339,176,1
339,177,2
339,178,9
339,179,8
339,180,11
339,181,2
339,187,3
339,188,1
339,189,6
339,190,1
339,191,3
339,193,1
339,195,5
339,197,5
339,198,6
339,199,1
339,200,15
339,203,2
339,204,8
339,206,7
339,207,1
339,209,1
339,210,1
339,211,1
339,212,6
339,213,2
339,214,8
339,215,16
339,216,12
339,217,12
339,220,3
339,221,3
339,222,2
339,224,30
339,225,7
339,227,5
339,228,2
339,229,44
339,230,2
339,231,3
339,232,1
339,233,1
339,235,1
339,236,1
339,238,2
339,239,3
339,240,1
339,241,21
339,245,1
339,247,6
339,250,8
339,251,23
339,252,15
339,254,4
339,257,1
339,260,1
339,262,4
339,264,2
339,268,1
339,269,5
339,270,2
339,271,4
339,273,9
339,274,1
339,276,8
339,277,2
339,278,1
339,279,1
339,281,3
339,282,1
339,284,11
339,285,23
339,286,47
339,287,9
339,289,10
339,290,4
339,291,2
339,292,2
339,293,5
339,295,1
339,296,4
339,298,1
339,301,7
339,302,1
339,304,1
339,305,3
339,307,2
339,308,3
339,310,5
339,311,1
339,313,2
339,315,4
339,316,8
339,317,4
339,318,2
339,319,6
339,320,18
339,321,3
339,323,3
339,324,2
339,328,15
339,329,2
339,330,1
339,331,12
339,332,18
339,333,15
339,334,1
339,335,59
339,336,4
339,337,17
339,338,1
339,340,9
339,341,2
339,342,6
339,343,2
339,344,1
339,345,1
339,347,1
339,348,4
339,351,3
339,352,2
339,354,3
339,356,19
339,358,3
339,359,6
339,360,1
339,361,3
339,362,3
339,363,6
339,365,3
339,366,55
339,367,2
339,368,4
339,369,18
339,375,2
339,376,1
339,378,7
340,5,3
340,6,4
340,7,25
340,10,3
340,11,5
340,14,2
340,15,8
340,17,10
340,18,4
340,19,3
340,20,1
340,22,3
340,26,2
340,27,3
340,29,1
340,31,1
340,34,3
340,35,1
340,37,6
340,40,6
340,41,9
340,42,40
340,44,7
340,46,8
340,47,5
340,49,2
340,51,3
340,52,1
340,53,6
340,54,1
340,56,12
340,57,3
340,61,36
340,62,55
340,63,10
340,64,5
340,66,1
340,67,1
340,72,1
340,73,5
340,74,20
340,76,1
340,79,1
340,80,1
340,81,8
340,82,4
340,83,2
340,86,2
340,88,2
340,94,28
340,95,3
340,97,3
340,98,3
340,101,2
340,104,17
340,105,18
340,106,4
340,107,15
340,112,1
340,113,1
340,114,4
340,115,1
340,116,10
340,117,1
340,121,2
340,123,3
340,128,1
340,129,1
340,130,2
340,132,1
340,135,1
340,139,1
340,142,6
340,143,11
340,144,1
340,149,4
340,150,40
340,151,2
340,152,11
340,153,1
340,155,1
340,156,3
340,160,1
340,168,10
340,170,1
340,171,9
340,174,1
340,175,19
340,176,1
340,177,3
340,178,5
340,179,8
340,180,7
340,181,7
340,184,1
340,186,1
340,187,1
340,189,1
340,190,1
340,191,5
340,193,2
340,194,3
340,195,1
340,197,3
340,198,2
340,199,3
340,200,16
340,203,1
340,204,3
340,206,4
340,207,3
340,210,2
340,212,7
340,213,4
340,214,5
340,215,8
340,216,11
340,217,8
340,218,1
340,223,2
340,224,31
340,225,8
340,226,2
340,227,3
340,229,17
340,231,4
340,235,1
340,236,7
340,238,3
340,241,8
340,244,2
340,245,2
340,247,1
340,249,8
340,250,18
340,251,15
340,252,4
340,253,2
340,255,3
340,260,2
340,262,3
340,263,1
340,264,3
340,265,1
340,266,4
340,270,12
340,273,4
340,276,7
340,277,1
340,281,1
340,284,11
340,285,12
340,286,27
340,287,5
340,289,8
340,295,1
340,296,1
340,299,2
340,301,1
340,302,9
340,303,3
340,304,13
340,305,1
340,306,1
340,307,1
340,308,2
340,309,1
340,310,4
340,311,1
340,313,1
340,314,1
340,315,4
340,316,1
340,317,2
340,318,1
340,319,3
340,320,44
340,321,4
340,323,14
340,325,11
340,326,4
340,328,11
340,331,8
340,332,16
340,333,17
340,335,17
340,336,1
340,337,16
340,339,1
340,341,2
340,342,10
340,343,2
340,344,4
340,345,1
340,346,2
340,347,1
340,348,12
340,349,2
340,350,3
340,353,1
340,354,1
340,355,1
340,356,2
340,358,3
340,359,2
340,360,2
340,361,2
340,362,4
340,366,31
340,367,1
340,368,1
340,369,20
340,373,1
340,375,2
340,378,5
341,5,3
341,6,2
341,7,20
341,9,2
341,10,3
341,11,1
341,12,5
341,13,1
341,14,5
341,15,10
341,17,4
341,18,5
341,19,6
341,21,2
341,22,2
341,26,1
341,27,6
341,29,3
341,30,4
341,31,2
341,35,2
341,37,4
341,39,5
341,40,17
341,41,23
341,42,20
341,43,4
341,44,7
341,46,18
341,47,12
341,49,2
341,51,1
341,52,3
341,53,2
341,54,6
341,56,5
341,57,3
341,58,3
341,59,4
341,60,3
341,61,50
341,62,86
341,63,13
341,64,7
341,67,4
341,68,1
341,69,5
341,71,1
341,72,2
341,73,5
341,74,15
341,76,1
341,77,1
341,80,2
341,81,3
341,82,12
341,83,2
341,86,1
341,92,1
341,93,2
341,94,28
341,95,4
341,97,6
341,98,6
341,102,2
341,104,19
341,105,16
341,106,16
341,107,20
341,108,1
341,110,1
341,113,2
341,114,10
341,115,1
341,116,16
341,117,1
341,119,2
341,120,1
341,123,2
341,124,1
341,126,1
341,128,1
341,130,2
341,139,2
341,140,1
341,142,7
341,143,3
341,148,6
341,149,9
341,150,62
341,151,2
341,152,25
341,153,1
341,154,2
341,155,1
341,156,3
341,159,1
341,162,1
341,166,1
341,168,8
341,169,3
341,170,3
341,171,14
341,173,2
341,174,4
341,175,18
341,178,20
341,179,4
341,180,13
341,181,3
341,187,2
341,189,2
341,190,1
341,191,14
341,192,2
341,194,2
341,195,6
341,196,1
341,197,5
341,198,7
341,199,5
341,200,30
341,203,2
341,204,10
341,206,2
341,210,1
341,211,2
341,212,7
341,213,10
341,214,15
341,215,9
341,216,13
341,217,15
341,220,5
341,224,39
341,225,14
341,226,1
341,227,1
341,228,1
341,229,34
341,230,2
341,231,3
341,236,12
341,237,4
341,238,2
341,239,3
341,241,23
341,244,1
341,247,3
341,249,3
341,250,11
341,251,30
341,252,8
341,253,3
341,254,1
341,258,1
341,260,2
341,262,1
341,264,5
341,266,1
341,270,8
341,273,9
341,274,1
341,276,7
341,278,2
341,280,2
341,281,8
341,282,1
341,284,14
341,285,19
341,286,38
341,287,8
341,288,1
341,289,19
341,290,4
341,291,1
341,293,3
341,294,1
341,295,2
341,296,2
341,299,1
341,302,7
341,304,16
341,307,1
341,308,6
341,310,6
341,311,9
341,313,1
341,315,4
341,316,8
341,317,1
341,319,3
341,320,24
341,321,6
341,322,1
341,323,20
341,325,3
341,326,1
341,327,1
341,328,11
341,331,6
341,332,6
341,333,15
341,334,3
341,335,31
341,336,2
341,337,9
341,340,10
341,342,12
341,343,1
341,344,6
341,345,1
341,346,1
341,347,1
341,348,7
341,349,2
341,350,2
341,351,1
341,354,1
341,356,7
341,357,2
341,358,5
341,359,7
341,360,1
341,361,1
341,362,1
341,363,1
341,365,6
341,366,68
341,367,4
341,369,37
341,370,1
341,372,1
341,373,1
341,375,1
341,376,1
341,377,1
341,378,10
342,5,2
342,7,12
342,10,1
342,14,2
342,15,5
342,16,5
342,17,1
342,18,9
342,19,7
342,20,3
342,21,2
342,24,2
342,27,1
342,37,1
342,40,3
342,41,9
342,42,35
342,44,1
342,46,3
342,47,6
342,49,1
342,50,1
342,52,1
342,53,1
342,56,1
342,57,4
342,61,24
342,62,36
342,63,2
342,64,3
342,73,3
342,74,10
342,75,1
342,81,8
342,82,8
342,83,3
342,86,4
342,93,1
342,94,28
342,95,1
342,97,5
342,103,2
342,104,15
342,105,25
342,106,10
342,107,7
342,109,2
342,113,2
342,114,5
342,116,11
342,123,3
342,128,1
342,130,2
342,132,1
342,140,1
342,142,6
342,143,11
342,144,1
342,146,1
342,148,2
342,149,3
342,150,40
342,151,4
342,152,12
342,154,6
342,156,5
342,158,1
342,165,3
342,166,1
342,168,1
342,169,4
342,170,2
342,171,13
342,173,1
342,175,10
342,178,6
342,179,3
342,180,7
342,181,1
342,186,1
342,187,6
342,188,1
342,189,3
342,190,2
342,191,12
342,193,1
342,194,2
342,195,7
342,196,2
342,197,5
342,198,2
342,199,3
342,200,22
342,203,1
342,204,3
342,206,4
342,212,3
342,213,2
342,214,2
342,215,3
342,216,6
342,217,2
342,220,2
342,221,1
342,224,11
342,225,4
342,226,1
342,227,2
342,228,3
342,229,14
342,230,2
342,236,13
342,238,5
342,239,1
342,241,8
342,244,1
342,247,1
342,249,3
342,250,13
342,251,22
342,252,5
342,253,4
342,255,1
342,260,1
342,264,2
342,270,3
342,273,8
342,274,1
342,275,1
342,276,1
342,279,1
342,284,21
342,285,6
342,286,14
342,287,1
342,288,1
342,290,2
342,293,1
342,299,1
342,301,2
342,304,2
342,308,9
342,310,7
342,311,8
342,312,1
342,313,3
342,314,4
342,315,20
342,316,10
342,320,9
342,321,9
342,323,17
342,325,2
342,327,1
342,328,7
342,331,6
342,333,2
342,336,1
342,337,4
342,340,6
342,343,4
342,345,9
342,346,3
342,349,2
342,352,1
342,356,5
342,358,1
342,361,1
342,363,4
342,365,6
342,366,22
342,367,1
342,368,1
342,369,31
342,371,1
342,375,1
342,378,5
343,2,1
343,5,1
343,7,33
343,10,5
343,11,2
343,13,1
343,14,4
343,15,2
343,17,6
343,18,14
343,19,12
343,20,2
343,21,2
343,22,4
343,24,1
343,25,1
343,30,2
343,37,6
343,39,1
343,40,8
343,41,9
343,42,68
343,43,3
343,44,1
343,46,10
343,47,8
343,49,2
343,51,4
343,52,2
343,53,5
343,54,1
343,56,1
343,57,2
343,61,20
343,62,35
343,63,13
343,64,3
343,65,1
343,68,1
343,70,1
343,71,1
343,72,2
343,73,9
343,74,14
343,76,2
343,81,2
343,82,15
343,83,2
343,84,1
343,86,6
343,94,31
343,95,1
343,97,7
343,98,3
343,101,3
343,102,2
343,103,1
343,104,16
343,105,37
343,106,24
343,107,7
343,108,1
343,113,3
343,114,8
343,116,6
343,117,1
343,118,1
343,120,2
343,123,3
343,125,1
343,130,2
343,132,1
343,135,1
343,139,2
343,142,9
343,143,12
343,149,5
343,150,56
343,152,15
343,153,1
343,155,1
343,156,1
343,161,1
343,166,1
343,168,5
343,170,8
343,171,22
343,173,2
343,175,14
343,178,10
343,179,4
343,180,1
343,181,4
343,183,1
343,184,4
343,187,3
343,189,8
343,190,2
343,191,7
343,192,1
343,195,4
343,196,4
343,197,7
343,198,1
343,199,4
343,200,11
343,203,1
343,204,4
343,210,1
343,211,2
343,213,4
343,214,3
343,215,5
343,216,12
343,217,12
343,220,1
343,221,2
343,223,1
343,224,17
343,225,8
343,226,2
343,227,2
343,229,36
343,230,2
343,232,1
343,236,15
343,237,6
343,238,5
343,239,4
343,241,14
343,244,1
343,245,4
343,247,1
343,249,3
343,250,20
343,251,36
343,252,7
343,253,6
343,254,1
343,264,3
343,265,3
343,266,1
343,270,2
343,272,1
343,273,15
343,275,3
343,276,5
343,284,7
343,285,4
343,286,17
343,289,9
343,290,3
343,291,1
343,293,4
343,295,1
343,301,1
343,304,8
343,305,1
343,307,3
343,308,11
343,309,1
343,310,1
343,311,7
343,312,5
343,313,4
343,314,3
343,315,25
343,316,14
343,320,23
343,321,20
343,322,4
343,323,36
343,325,4
343,328,30
343,329,2
343,330,4
343,332,10
343,333,7
343,335,6
343,337,5
343,339,2
343,340,5
343,341,2
343,342,13
343,344,5
343,345,8
343,346,6
343,347,2
343,348,1
343,349,1
343,350,1
343,354,2
343,356,6
343,358,2
343,359,1
343,360,2
343,361,1
343,362,4
343,363,1
343,365,17
343,366,43
343,367,2
343,368,3
343,369,37
343,371,9
343,372,1
343,375,1
343,378,3
344,5,4
344,7,25
344,9,2
344,10,2
344,11,3
344,14,2
344,15,5
344,16,1
344,18,11
344,19,3
344,20,2
344,21,3
344,22,2
344,24,3
344,26,3
344,30,3
344,40,9
344,41,16
344,42,103
344,45,16
344,46,14
344,47,7
344,49,1
344,51,1
344,52,3
344,53,12
344,54,1
344,55,1
344,56,1
344,57,1
344,59,2
344,61,23
344,62,29
344,63,7
344,64,2
344,67,2
344,68,1
344,69,1
344,70,1
344,72,2
344,73,9
344,74,6
344,77,1
344,80,2
344,81,3
344,82,15
344,86,8
344,87,1
344,88,1
344,94,54
344,95,3
344,96,3
344,97,3
344,98,1
344,101,1
344,102,2
344,103,1
344,104,11
344,105,20
344,106,28
344,107,5
344,112,2
344,113,1
344,114,1
344,116,10
344,117,2
344,120,1
344,123,9
344,125,1
344,130,2
344,132,1
344,133,1
344,135,3
344,139,2
344,142,7
344,143,9
344,148,2
344,149,5
344,150,66
344,152,20
344,155,4
344,156,1
344,158,1
344,159,1
344,160,1
344,168,2
344,170,3
344,171,12
344,172,2
344,173,2
344,175,33
344,176,2
344,178,10
344,179,4
344,180,10
344,181,3
344,182,1
344,183,1
344,187,4
344,189,3
344,190,2
344,191,7
344,193,2
344,195,4
344,196,2
344,197,22
344,198,4
344,199,4
344,200,29
344,203,1
344,204,4
344,207,2
344,210,3
344,212,1
344,213,4
344,214,9
344,215,11
344,216,25
344,217,20
344,220,2
344,222,1
344,224,23
344,225,14
344,229,36
344,230,3
344,231,2
344,236,6
344,237,3
344,238,1
344,239,3
344,241,18
344,242,1
344,245,2
344,247,1
344,249,9
344,250,28
344,251,32
344,252,7
344,253,3
344,254,2
344,270,7
344,273,12
344,274,3
344,278,1
344,279,2
344,281,1
344,282,2
344,284,7
344,285,11
344,286,41
344,287,2
344,289,3
344,290,4
344,291,2
344,295,1
344,296,1
344,297,1
344,301,1
344,302,3
344,304,3
344,305,1
344,307,2
344,308,6
344,310,3
344,311,7
344,313,8
344,314,9
344,315,29
344,316,19
344,319,9
344,320,47
344,321,12
344,322,6
344,323,43
344,324,1
344,325,4
344,328,37
344,331,2
344,333,11
344,335,4
344,337,7
344,340,12
344,341,1
344,342,6
344,343,2
344,346,2
344,348,2
344,350,1
344,351,1
344,352,1
344,354,2
344,356,5
344,358,2
344,359,4
344,360,1
344,361,2
344,362,6
344,363,3
344,365,6
344,366,55
344,367,2
344,368,3
344,369,36
344,372,1
344,373,1
344,375,1
344,376,1
344,378,8
345,7,22
345,9,3
345,11,1
345,14,1
345,15,2
345,16,2
345,17,3
345,18,7
345,19,4
345,20,2
345,23,1
345,24,1
345,26,1
345,37,1
345,40,3
345,41,10
345,42,15
345,44,2
345,45,1
345,46,9
345,47,6
345,51,6
345,53,2
345,54,3
345,56,2
345,60,1
345,61,13
345,62,33
345,63,7
345,64,8
345,67,4
345,70,3
345,71,3
345,72,2
345,74,10
345,76,1
345,78,1
345,81,1
345,82,12
345,90,1
345,94,21
345,96,1
345,97,10
345,98,3
345,100,2
345,102,2
345,103,1
345,104,13
345,105,7
345,106,9
345,107,2
345,113,3
345,114,1
345,116,4
345,117,1
345,123,3
345,125,1
345,129,2
345,135,1
345,140,2
345,142,6
345,143,7
345,144,1
345,146,1
345,148,2
345,149,8
345,150,48
345,151,3
345,152,6
345,153,1
345,154,8
345,162,1
345,168,11
345,169,1
345,171,16
345,173,1
345,174,1
345,175,10
345,178,7
345,179,3
345,180,7
345,187,3
345,189,4
345,191,9
345,192,1
345,193,1
345,194,2
345,195,3
345,196,5
345,197,10
345,198,2
345,199,1
345,200,10
345,204,4
345,206,8
345,208,1
345,212,1
345,213,4
345,214,8
345,215,2
345,216,4
345,217,9
345,221,2
345,222,3
345,224,16
345,225,10
345,226,1
345,227,1
345,229,20
345,230,1
345,231,2
345,236,6
345,238,3
345,241,6
345,245,1
345,247,1
345,249,13
345,250,12
345,251,7
345,252,8
345,253,2
345,255,1
345,262,1
345,264,2
345,265,1
345,266,1
345,267,4
345,268,1
345,270,8
345,273,12
345,276,5
345,280,3
345,282,2
345,283,1
345,284,8
345,285,4
345,286,14
345,287,1
345,288,4
345,289,3
345,293,2
345,295,1
345,296,2
345,297,1
345,301,3
345,304,2
345,305,8
345,307,4
345,308,4
345,309,3
345,310,8
345,311,5
345,315,12
345,316,13
345,317,1
345,319,1
345,320,9
345,321,15
345,322,4
345,323,19
345,324,2
345,325,10
345,328,3
345,329,2
345,331,1
345,332,6
345,333,2
345,335,5
345,337,3
345,340,3
345,342,8
345,343,6
345,344,2
345,346,1
345,347,4
345,348,2
345,349,5
345,354,3
345,356,3
345,360,1
345,361,4
345,362,3
345,365,9
345,366,29
345,367,3
345,369,31
345,375,1
345,378,1
346,5,3
346,6,1
346,7,7
346,9,5
346,10,2
346,11,1
346,12,1
346,13,2
346,14,3
346,16,1
346,17,2
346,18,4
346,19,1
346,20,2
346,21,2
346,22,3
346,26,1
346,27,1
346,29,1
346,37,1
346,38,1
346,40,6
346,41,16
346,42,14
346,44,6
346,45,2
346,46,9
346,47,14
346,49,3
346,51,2
346,53,8
346,54,3
346,56,3
346,57,3
346,58,2
346,59,1
346,60,1
346,61,25
346,62,24
346,63,6
346,64,11
346,67,1
346,68,1
346,69,1
346,71,3
346,73,5
346,74,6
346,81,3
346,82,4
346,86,1
346,87,1
346,94,26
346,95,5
346,96,3
346,97,14
346,98,3
346,100,4
346,102,3
346,103,4
346,104,6
346,105,10
346,106,6
346,107,6
346,112,1
346,113,1
346,114,8
346,115,1
346,116,3
346,121,1
346,123,2
346,124,1
346,130,5
346,132,1
346,135,1
346,138,1
346,139,2
346,141,1
346,142,7
346,143,1
346,144,1
346,149,5
346,150,22
346,152,8
346,153,2
346,154,3
346,159,1
346,161,1
346,162,1
346,168,7
346,170,1
346,171,5
346,173,2
346,174,5
346,175,5
346,178,5
346,180,4
346,181,3
346,187,2
346,189,5
346,190,3
346,191,1
346,193,1
346,194,1
346,195,7
346,196,1
346,198,4
346,199,1
346,200,7
346,201,1
346,203,1
346,204,2
346,205,1
346,206,3
346,211,2
346,212,2
346,213,8
346,214,6
346,215,13
346,216,7
346,217,13
346,220,4
346,221,2
346,222,5
346,224,12
346,225,9
346,227,2
346,228,2
346,229,13
346,231,1
346,235,1
346,236,1
346,238,6
346,241,2
346,242,1
346,245,1
346,246,1
346,247,3
346,249,1
346,250,5
346,251,15
346,253,1
346,262,4
346,264,2
346,266,1
346,270,5
346,273,6
346,274,1
346,276,4
346,280,1
346,281,2
346,284,7
346,285,5
346,286,20
346,287,2
346,288,1
346,289,5
346,291,2
346,294,2
346,295,1
346,301,1
346,302,1
346,303,1
346,304,1
346,308,7
346,309,2
346,310,6
346,311,5
346,313,4
346,314,2
346,315,6
346,316,9
346,317,1
346,319,1
346,320,14
346,321,2
346,322,2
346,323,29
346,324,5
346,325,12
346,326,1
346,328,5
346,330,1
346,331,3
346,332,1
346,333,6
346,337,9
346,338,4
346,340,6
346,342,10
346,343,3
346,344,3
346,345,12
346,347,2
346,349,21
346,351,1
346,353,2
346,354,2
346,355,2
346,356,2
346,357,1
346,358,3
346,359,4
346,362,4
346,365,4
346,366,32
346,367,1
346,368,4
346,369,40
346,371,2
346,376,1
346,378,5
347,7,12
347,9,2
347,10,3
347,12,1
347,13,3
347,14,3
347,15,5
347,16,3
347,17,8
347,18,15
347,19,2
347,20,2
347,22,3
347,24,2
347,25,2
347,29,1
347,31,1
347,37,6
347,40,5
347,41,8
347,42,4
347,44,2
347,45,1
347,46,3
347,47,24
347,51,1
347,52,3
347,53,5
347,54,2
347,59,1
347,61,21
347,62,51
347,63,1
347,64,2
347,67,2
347,71,1
347,72,4
347,73,3
347,74,7
347,80,2
347,81,3
347,82,6
347,83,1
347,84,1
347,86,3
347,94,30
347,95,2
347,96,1
347,98,4
347,100,1
347,101,1
347,102,2
347,104,11
347,105,16
347,106,12
347,107,1
347,108,1
347,110,2
347,111,1
347,113,11
347,114,6
347,116,4
347,123,2
347,126,1
347,128,2
347,130,2
347,135,1
347,139,1
347,142,9
347,143,4
347,144,1
347,147,3
347,148,4
347,149,2
347,150,29
347,152,8
347,156,2
347,157,1
347,168,7
347,169,4
347,170,4
347,171,8
347,172,1
347,173,1
347,174,1
347,175,6
347,177,3
347,178,3
347,179,3
347,180,6
347,181,1
347,186,1
347,187,1
347,189,14
347,190,6
347,191,5
347,195,3
347,196,2
347,197,2
347,198,3
347,199,1
347,200,5
347,202,2
347,203,2
347,204,5
347,206,1
347,208,1
347,211,2
347,212,5
347,213,1
347,214,2
347,215,9
347,216,2
347,217,13
347,218,3
347,221,2
347,222,1
347,224,20
347,227,1
347,229,16
347,230,3
347,238,1
347,239,2
347,241,2
347,245,4
347,246,1
347,249,3
347,250,4
347,251,8
347,252,2
347,253,3
347,259,1
347,262,1
347,264,2
347,266,2
347,270,3
347,273,5
347,274,2
347,275,1
347,277,1
347,281,1
347,284,4
347,285,10
347,286,22
347,287,1
347,289,1
347,295,4
347,296,2
347,300,1
347,302,2
347,304,5
347,308,3
347,310,14
347,311,7
347,313,1
347,315,10
347,316,12
347,319,1
347,320,12
347,321,8
347,323,20
347,324,4
347,325,12
347,327,1
347,328,2
347,331,2
347,332,5
347,333,6
347,335,1
347,336,1
347,337,5
347,340,11
347,342,6
347,343,4
347,344,2
347,345,17
347,346,5
347,349,3
347,350,2
347,352,1
347,354,2
347,356,7
347,357,1
347,359,1
347,360,1
347,361,4
347,362,2
347,363,1
347,365,9
347,366,22
347,368,3
347,369,43
347,372,2
347,373,1
347,375,5
347,376,2
348,5,1
348,6,1
348,7,24
348,9,2
348,10,3
348,11,14
348,12,2
348,13,5
348,14,2
348,15,8
348,17,3
348,18,8
348,19,3
348,20,11
348,22,1
348,23,1
348,26,2
348,27,6
348,29,3
348,30,5
348,31,1
348,39,2
348,40,7
348,41,21
348,42,40
348,43,2
348,44,9
348,45,3
348,46,9
348,47,3
348,52,1
348,53,3
348,54,2
348,56,1
348,57,4
348,59,5
348,60,2
348,61,27
348,62,50
348,63,8
348,64,4
348,65,3
348,66,2
348,67,6
348,70,1
348,71,1
348,72,5
348,73,2
348,74,10
348,75,1
348,77,2
348,79,3
348,80,1
348,81,2
348,82,13
348,83,4
348,86,9
348,94,16
348,95,1
348,98,1
348,100,2
348,104,21
348,105,22
348,106,12
348,107,14
348,110,1
348,113,7
348,114,9
348,116,14
348,119,2
348,120,1
348,123,5
348,124,2
348,128,1
348,130,3
348,131,1
348,132,1
348,135,1
348,140,1
348,142,29
348,143,21
348,148,1
348,149,5
348,150,99
348,152,9
348,153,2
348,154,3
348,156,4
348,159,1
348,162,1
348,165,3
348,166,2
348,168,9
348,170,2
348,171,11
348,174,8
348,175,24
348,178,20
348,179,2
348,180,10
348,181,2
348,187,2
348,189,8
348,190,1
348,191,5
348,193,2
348,194,1
348,195,12
348,196,3
348,197,17
348,198,4
348,199,3
348,200,45
348,201,3
348,204,5
348,205,1
348,206,9
348,207,2
348,211,7
348,212,1
348,213,3
348,214,4
348,215,13
348,216,16
348,217,19
348,220,7
348,221,6
348,222,2
348,223,1
348,224,42
348,225,13
348,226,1
348,227,7
348,228,4
348,229,42
348,230,2
348,236,13
348,237,2
348,238,10
348,239,6
348,241,13
348,247,1
348,248,1
348,249,12
348,250,20
348,251,33
348,252,17
348,254,1
348,260,1
348,264,1
348,265,1
348,267,1
348,268,1
348,269,2
348,270,4
348,273,17
348,274,1
348,276,6
348,277,1
348,278,1
348,281,2
348,283,4
348,284,16
348,285,6
348,286,16
348,287,8
348,289,7
348,291,3
348,293,3
348,294,1
348,295,3
348,296,14
348,297,1
348,302,1
348,303,1
348,304,14
348,305,10
348,306,3
348,307,3
348,308,12
348,310,6
348,311,4
348,313,1
348,315,13
348,316,12
348,317,4
348,319,2
348,320,41
348,321,4
348,322,1
348,323,12
348,325,17
348,326,1
348,328,3
348,330,3
348,331,5
348,332,3
348,333,8
348,335,49
348,337,15
348,340,14
348,341,7
348,342,3
348,343,8
348,344,2
348,345,6
348,346,1
348,349,1
348,350,2
348,351,1
348,354,1
348,355,2
348,356,12
348,357,4
348,358,10
348,360,1
348,361,6
348,362,2
348,363,3
348,364,1
348,365,9
348,366,74
348,367,1
348,368,1
348,369,19
348,371,1
348,374,1
348,375,1
348,378,5
349,5,1
349,7,5
349,10,2
349,11,1
349,13,3
349,14,2
349,16,1
349,17,8
349,18,2
349,20,2
349,21,1
349,25,2
349,26,1
349,29,1
349,30,1
349,34,1
349,36,1
349,37,5
349,40,3
349,41,5
349,43,4
349,44,3
349,46,6
349,47,17
349,52,2
349,54,5
349,57,4
349,60,1
349,61,11
349,62,17
349,63,4
349,64,10
349,67,3
349,68,1
349,69,2
349,70,1
349,72,1
349,73,4
349,80,2
349,82,10
349,83,1
349,94,26
349,95,1
349,97,2
349,102,1
349,103,1
349,104,2
349,105,3
349,106,7
349,107,2
349,112,1
349,113,1
349,114,12
349,115,1
349,116,1
349,123,3
349,125,1
349,130,1
349,135,1
349,142,3
349,143,2
349,148,1
349,149,1
349,150,10
349,152,1
349,154,1
349,168,6
349,171,5
349,173,5
349,175,2
349,178,2
349,179,1
349,180,9
349,181,1
349,189,1
349,191,2
349,195,3
349,196,1
349,197,3
349,198,1
349,199,3
349,200,2
349,202,1
349,203,1
349,204,4
349,206,2
349,210,3
349,211,1
349,212,2
349,213,1
349,214,2
349,215,3
349,216,5
349,217,1
349,219,1
349,220,1
349,221,2
349,224,4
349,225,1
349,229,8
349,236,1
349,237,1
349,238,1
349,241,3
349,245,1
349,247,2
349,249,1
349,251,8
349,252,7
349,264,3
349,270,2
349,273,2
349,277,1
349,284,2
349,285,3
349,286,10
349,288,1
349,289,1
349,290,1
349,291,3
349,302,1
349,304,1
349,305,1
349,307,2
349,308,4
349,310,6
349,311,3
349,314,3
349,315,4
349,316,9
349,317,1
349,319,1
349,320,11
349,321,3
349,323,15
349,325,5
349,326,1
349,331,5
349,332,6
349,333,2
349,334,1
349,335,3
349,337,1
349,340,3
349,342,4
349,343,2
349,344,2
349,345,8
349,346,2
349,347,2
349,352,1
349,354,2
349,356,2
349,360,1
349,361,2
349,365,2
349,366,20
349,367,1
349,368,3
349,369,25
349,371,1
349,373,1
349,375,2
349,378,1
350,5,1
350,7,11
350,9,2
350,10,3
350,13,1
350,14,1
350,15,1
350,18,4
350,19,2
350,20,2
350,21,1
350,25,1
350,26,1
350,31,2
350,34,1
350,36,1
350,37,1
350,38,1
350,39,2
350,40,5
350,41,1
350,42,4
350,44,2
350,45,1
350,47,4
350,52,1
350,53,2
350,54,1
350,61,8
350,62,22
350,63,1
350,64,1
350,65,1
350,68,1
350,69,1
350,73,19
350,74,5
350,77,1
350,78,1
350,79,1
350,80,6
350,81,11
350,82,20
350,83,16
350,84,1
350,86,6
350,88,2
350,94,2
350,95,1
350,97,1
350,98,4
350,104,23
350,105,5
350,106,3
350,107,21
350,108,1
350,109,1
350,112,4
350,113,2
350,114,26
350,115,2
350,116,12
350,117,2
350,118,1
350,119,1
350,120,2
350,123,6
350,125,1
350,130,4
350,132,1
350,135,3
350,140,1
350,142,11
350,143,16
350,147,2
350,148,11
350,149,35
350,150,34
350,151,2
350,152,12
350,153,10
350,154,7
350,155,9
350,156,5
350,158,2
350,160,4
350,162,7
350,164,1
350,165,6
350,166,2
350,168,55
350,169,9
350,170,3
350,171,41
350,173,7
350,174,1
350,175,7
350,177,2
350,178,6
350,179,4
350,180,5
350,181,4
350,183,1
350,186,2
350,187,1
350,189,4
350,190,3
350,191,1
350,195,1
350,196,2
350,197,5
350,198,6
350,199,1
350,200,21
350,201,2
350,203,3
350,204,19
350,205,3
350,206,21
350,207,6
350,209,1
350,210,16
350,211,1
350,212,5
350,213,5
350,214,5
350,215,13
350,216,3
350,217,5
350,218,10
350,219,1
350,220,17
350,221,12
350,222,7
350,223,14
350,224,18
350,225,7
350,226,1
350,227,2
350,228,3
350,229,12
350,230,1
350,231,2
350,232,3
350,235,2
350,236,1
350,237,1
350,238,3
350,239,5
350,241,4
350,244,2
350,247,6
350,248,1
350,249,3
350,250,13
350,251,11
350,252,11
350,253,3
350,255,1
350,257,1
350,259,2
350,260,2
350,262,11
350,264,16
350,268,1
350,270,2
350,273,4
350,274,2
350,275,1
350,276,5
350,277,6
350,278,1
350,279,1
350,280,3
350,281,1
350,284,2
350,285,8
350,286,40
350,287,1
350,288,1
350,289,2
350,290,1
350,291,2
350,295,4
350,300,2
350,304,2
350,307,1
350,308,1
350,310,1
350,311,2
350,312,1
350,315,2
350,316,3
350,317,2
350,319,1
350,320,22
350,323,4
350,325,1
350,327,1
350,328,4
350,329,1
350,330,3
350,331,1
350,332,1
350,333,7
350,334,1
350,335,8
350,336,2
350,337,3
350,340,2
350,342,1
350,345,1
350,346,2
350,352,3
350,354,5
350,356,82
350,362,1
350,365,1
350,366,61
350,367,2
350,369,4
350,371,6
350,372,3
350,373,2
350,376,1
350,377,2
350,378,3
351,1,1
351,2,1
351,3,1
351,7,19
351,9,1
351,10,6
351,13,2
351,15,1
351,16,2
351,17,1
351,18,1
351,19,4
351,21,3
351,22,2
351,24,1
351,26,1
351,28,1
351,30,1
351,31,2
351,32,1
351,39,3
351,40,5
351,41,3
351,42,11
351,43,1
351,44,4
351,45,1
351,46,3
351,47,7
351,51,1
351,53,2
351,54,2
351,56,3
351,61,12
351,62,59
351,63,7
351,64,3
351,67,3
351,69,1
351,72,1
351,73,24
351,74,8
351,75,1
351,76,2
351,77,5
351,79,1
351,80,7
351,81,6
351,82,40
351,83,22
351,86,4
351,88,1
351,90,4
351,91,1
351,92,1
351,94,15
351,95,1
351,97,1
351,98,1
351,101,1
351,103,2
351,104,44
351,105,35
351,106,10
351,107,36
351,108,3
351,110,4
351,111,1
351,112,1
351,113,20
351,114,36
351,115,3
351,116,27
351,118,1
351,119,2
351,123,5
351,125,1
351,128,1
351,130,1
351,132,1
351,135,4
351,139,1
351,140,1
351,142,13
351,143,7
351,144,3
351,145,2
351,146,1
351,147,4
351,148,32
351,149,66
351,150,79
351,151,9
351,152,21
351,153,3
351,154,10
351,155,10
351,156,7
351,158,1
351,160,1
351,162,12
351,165,5
351,166,6
351,168,75
351,169,4
351,170,16
351,171,86
351,173,3
351,174,9
351,175,12
351,176,3
351,177,1
351,178,9
351,179,9
351,180,11
351,181,7
351,182,1
351,184,1
351,185,2
351,186,11
351,187,2
351,189,4
351,190,1
351,191,9
351,192,1
351,193,4
351,194,1
351,195,3
351,196,11
351,197,3
351,198,13
351,199,1
351,200,29
351,201,1
351,202,1
351,203,5
351,204,59
351,205,6
351,206,27
351,207,5
351,209,2
351,210,8
351,211,3
351,212,7
351,213,5
351,214,3
351,215,17
351,216,10
351,217,17
351,218,9
351,220,18
351,221,23
351,222,3
351,223,4
351,224,24
351,225,11
351,227,1
351,228,2
351,229,21
351,230,1
351,232,3
351,233,1
351,234,1
351,235,4
351,236,3
351,237,1
351,238,3
351,239,2
351,240,2
351,241,8
351,244,1
351,247,15
351,249,1
351,250,6
351,251,10
351,252,7
351,253,1
351,258,2
351,259,5
351,260,6
351,262,11
351,263,1
351,264,20
351,265,3
351,266,2
351,267,2
351,270,8
351,271,3
351,272,1
351,273,6
351,274,4
351,276,10
351,277,2
351,278,1
351,281,1
351,282,1
351,284,5
351,285,13
351,286,38
351,287,1
351,288,1
351,289,5
351,290,1
351,291,1
351,292,1
351,293,2
351,295,2
351,298,1
351,302,2
351,304,2
351,306,2
351,308,2
351,309,1
351,310,4
351,311,2
351,313,2
351,314,1
351,315,9
351,316,2
351,317,3
351,319,7
351,320,28
351,321,1
351,322,2
351,323,6
351,328,3
351,329,2
351,330,1
351,331,4
351,332,7
351,333,6
351,334,4
351,336,2
351,337,1
351,338,1
351,340,4
351,342,2
351,343,1
351,345,4
351,346,3
351,348,1
351,349,2
351,350,44
351,352,3
351,354,1
351,356,114
351,357,1
351,358,2
351,359,5
351,361,2
351,362,1
351,363,1
351,364,1
351,365,4
351,366,63
351,367,5
351,368,8
351,369,7
351,372,2
351,373,1
351,374,1
351,376,1
351,378,1
352,2,1
352,7,11
352,12,1
352,13,6
352,15,2
352,17,1
352,27,1
352,34,1
352,41,3
352,46,1
352,47,2
352,56,1
352,57,1
352,61,5
352,62,21
352,63,1
352,64,1
352,71,1
352,72,1
352,73,10
352,74,1
352,76,1
352,77,1
352,80,2
352,81,6
352,82,22
352,83,14
352,84,1
352,86,4
352,90,1
352,92,1
352,94,8
352,104,22
352,105,1
352,106,2
352,107,15
352,110,2
352,111,4
352,112,4
352,113,3
352,114,20
352,115,1
352,116,8
352,117,1
352,118,1
352,119,1
352,123,2
352,128,1
352,135,1
352,142,12
352,143,5
352,148,15
352,149,37
352,150,15
352,151,1
352,152,13
352,153,2
352,154,3
352,155,3
352,158,2
352,160,2
352,161,1
352,162,6
352,165,3
352,166,6
352,168,40
352,169,2
352,170,7
352,171,34
352,173,3
352,174,6
352,175,7
352,177,4
352,178,3
352,179,3
352,180,4
352,181,1
352,189,5
352,190,2
352,191,4
352,193,2
352,194,1
352,195,4
352,197,4
352,198,2
352,199,2
352,200,5
352,203,3
352,204,30
352,206,6
352,207,2
352,208,1
352,210,3
352,211,1
352,213,1
352,214,3
352,215,1
352,216,3
352,217,6
352,218,3
352,220,3
352,221,5
352,222,3
352,224,14
352,225,2
352,228,1
352,229,9
352,230,1
352,232,1
352,241,3
352,242,1
352,244,4
352,245,1
352,247,3
352,250,3
352,252,5
352,253,2
352,254,1
352,255,1
352,257,5
352,258,1
352,259,3
352,260,2
352,262,5
352,264,10
352,270,1
352,275,1
352,276,3
352,278,1
352,281,5
352,282,2
352,283,1
352,284,5
352,285,10
352,286,19
352,287,7
352,288,1
352,289,3
352,291,2
352,295,1
352,296,1
352,300,1
352,301,1
352,302,6
352,304,1
352,308,1
352,311,3
352,317,2
352,320,22
352,321,1
352,323,1
352,325,1
352,327,1
352,330,2
352,331,1
352,333,6
352,335,2
352,336,4
352,337,2
352,340,1
352,342,1
352,347,3
352,350,26
352,351,4
352,354,2
352,355,2
352,356,51
352,359,1
352,365,2
352,366,32
352,367,1
352,368,8
352,369,5
352,376,1
352,377,1
352,378,2
353,7,15
353,9,3
353,10,1
353,13,1
353,14,1
353,15,2
353,18,2
353,19,7
353,20,3
353,22,2
353,26,1
353,27,1
353,29,4
353,30,1
353,31,1
353,35,1
353,37,1
353,39,2
353,40,5
353,41,7
353,42,7
353,44,1
353,45,1
353,47,2
353,54,1
353,61,10
353,62,39
353,64,3
353,67,1
353,69,1
353,73,19
353,74,8
353,76,2
353,79,1
353,80,1
353,81,6
353,82,13
353,83,8
353,86,6
353,87,1
353,90,3
353,94,6
353,97,4
353,98,2
353,101,1
353,102,1
353,104,21
353,105,9
353,106,8
353,107,14
353,109,1
353,112,4
353,113,17
353,114,24
353,115,2
353,116,8
353,117,1
353,119,2
353,123,6
353,124,1
353,125,3
353,129,1
353,130,1
353,139,1
353,142,9
353,143,4
353,144,7
353,147,1
353,148,16
353,149,31
353,150,58
353,152,24
353,153,2
353,154,3
353,156,8
353,158,9
353,160,1
353,162,9
353,165,2
353,168,45
353,169,14
353,170,12
353,171,43
353,172,2
353,173,1
353,174,7
353,175,5
353,178,7
353,179,3
353,180,16
353,181,6
353,184,2
353,185,1
353,186,4
353,189,4
353,190,1
353,191,2
353,195,3
353,196,2
353,197,5
353,198,6
353,199,6
353,200,18
353,203,3
353,204,27
353,206,11
353,207,1
353,208,3
353,209,1
353,210,3
353,211,3
353,213,4
353,214,5
353,215,16
353,216,9
353,217,4
353,218,3
353,219,2
353,220,16
353,221,8
353,222,5
353,223,2
353,224,17
353,225,2
353,227,4
353,228,3
353,229,17
353,235,4
353,236,4
353,238,8
353,241,7
353,244,4
353,245,1
353,247,8
353,248,1
353,249,4
353,250,6
353,251,10
353,252,3
353,256,1
353,257,3
353,258,1
353,259,1
353,260,1
353,262,6
353,264,9
353,269,2
353,270,4
353,271,3
353,272,1
353,274,5
353,275,1
353,276,6
353,277,1
353,278,1
353,281,7
353,283,1
353,284,5
353,285,8
353,286,33
353,287,4
353,289,1
353,290,3
353,291,1
353,293,1
353,296,3
353,301,2
353,304,5
353,309,1
353,310,4
353,315,3
353,316,2
353,317,1
353,319,3
353,320,22
353,321,1
353,323,4
353,324,2
353,326,1
353,328,2
353,331,8
353,332,2
353,333,7
353,334,1
353,335,3
353,336,3
353,337,1
353,338,1
353,340,4
353,341,2
353,345,2
353,346,1
353,348,1
353,350,8
353,351,2
353,352,2
353,354,2
353,356,58
353,357,1
353,358,4
353,359,6
353,361,1
353,362,1
353,364,1
353,365,1
353,366,65
353,367,1
353,368,4
353,369,3
353,373,1
353,376,1
353,378,6
354,2,1
354,7,2
354,20,1
354,21,1
354,22,1
354,73,2
354,74,1
354,80,1
354,82,4
354,83,1
354,86,4
354,88,1
354,113,1
354,129,1
354,142,1
354,143,1
354,150,2
354,151,1
354,153,2
354,175,1
354,184,1
354,186,1
354,193,1
354,198,1
354,200,1
354,361,1
355,3,1
355,7,19
355,10,2
355,11,3
355,13,2
355,14,1
355,15,6
355,17,1
355,19,2
355,22,1
355,27,1
355,38,1
355,39,1
355,40,1
355,41,1
355,42,1
355,43,2
355,44,1
355,46,2
355,54,2
355,56,2
355,61,3
355,62,17
355,64,1
355,73,37
355,74,8
355,75,2
355,77,1
355,78,1
355,79,8
355,80,1
355,81,11
355,82,22
355,83,3
355,84,2
355,86,13
355,87,1
355,88,1
355,89,1
355,94,7
355,97,4
355,104,37
355,105,12
355,106,6
355,107,2
355,108,2
355,110,1
355,112,1
355,113,12
355,114,11
355,116,1
355,117,2
355,118,2
355,119,1
355,120,1
355,122,1
355,123,12
355,125,1
355,128,3
355,129,2
355,130,15
355,139,4
355,142,9
355,144,1
355,148,6
355,149,9
355,150,49
355,152,9
355,153,1
355,154,2
355,156,5
355,162,1
355,166,4
355,168,13
355,169,1
355,170,5
355,171,14
355,172,2
355,173,1
355,174,1
355,175,3
355,176,1
355,177,1
355,178,2
355,179,5
355,180,6
355,181,5
355,183,1
355,186,9
355,189,3
355,190,2
355,191,2
355,195,3
355,196,1
355,199,4
355,200,19
355,204,8
355,205,2
355,206,3
355,207,1
355,210,1
355,211,3
355,212,2
355,213,1
355,214,5
355,215,3
355,217,2
355,218,4
355,220,2
355,221,1
355,222,2
355,224,3
355,225,1
355,227,1
355,228,1
355,229,11
355,230,1
355,232,1
355,237,1
355,238,2
355,241,7
355,244,2
355,245,1
355,249,5
355,250,2
355,251,11
355,252,9
355,255,1
355,257,1
355,258,1
355,262,3
355,264,10
355,266,1
355,270,4
355,273,4
355,274,1
355,276,1
355,277,1
355,282,1
355,284,3
355,285,6
355,286,15
355,287,1
355,289,1
355,290,1
355,296,1
355,301,1
355,302,1
355,303,1
355,304,2
355,308,3
355,311,5
355,313,1
355,314,1
355,315,3
355,316,3
355,319,3
355,320,13
355,322,1
355,323,3
355,325,3
355,328,1
355,329,1
355,332,1
355,333,9
355,335,1
355,336,1
355,337,3
355,340,2
355,342,1
355,345,1
355,346,1
355,350,1
355,352,3
355,354,16
355,356,9
355,361,6
355,365,5
355,366,109
355,368,20
355,369,5
355,371,1
355,372,2
355,378,3
356,2,1
356,7,25
356,8,1
356,9,4
356,10,4
356,11,1
356,12,1
356,13,1
356,14,4
356,15,10
356,18,1
356,19,6
356,21,1
356,22,1
356,24,2
356,26,1
356,27,4
356,29,1
356,31,2
356,36,1
356,37,5
356,38,1
356,40,5
356,41,3
356,42,7
356,43,3
356,44,2
356,46,4
356,47,1
356,49,1
356,53,2
356,56,3
356,61,6
356,62,46
356,63,7
356,64,5
356,73,20
356,74,8
356,75,2
356,77,2
356,78,3
356,79,1
356,80,4
356,81,13
356,82,12
356,83,19
356,84,1
356,86,7
356,88,1
356,90,5
356,94,2
356,95,2
356,97,2
356,98,3
356,102,1
356,103,1
356,104,30
356,105,22
356,106,7
356,107,22
356,108,1
356,110,1
356,111,2
356,112,6
356,113,6
356,114,28
356,116,12
356,121,3
356,123,10
356,128,1
356,130,5
356,131,1
356,135,1
356,142,12
356,143,7
356,144,15
356,147,2
356,148,21
356,149,53
356,150,71
356,151,5
356,152,22
356,153,3
356,154,5
356,155,2
356,156,2
356,157,2
356,158,7
356,159,1
356,161,3
356,162,6
356,163,1
356,165,2
356,166,3
356,167,3
356,168,81
356,169,1
356,170,17
356,171,51
356,172,2
356,173,8
356,174,3
356,175,11
356,177,1
356,178,17
356,179,1
356,180,11
356,181,7
356,182,2
356,184,1
356,189,6
356,190,1
356,191,5
356,194,1
356,195,10
356,196,5
356,197,7
356,198,8
356,199,3
356,200,15
356,202,5
356,203,11
356,204,36
356,206,10
356,207,2
356,209,3
356,210,3
356,212,6
356,213,3
356,214,3
356,215,5
356,216,1
356,217,2
356,218,2
356,219,1
356,220,8
356,221,4
356,222,1
356,224,28
356,225,7
356,227,2
356,228,4
356,229,18
356,230,1
356,232,1
356,235,2
356,236,2
356,238,3
356,239,1
356,241,2
356,247,11
356,248,1
356,249,4
356,250,3
356,251,17
356,252,9
356,253,5
356,255,2
356,257,1
356,258,4
356,261,1
356,262,6
356,263,4
356,264,7
356,265,2
356,267,1
356,268,2
356,269,1
356,270,6
356,273,3
356,275,2
356,280,4
356,281,4
356,282,2
356,284,5
356,285,6
356,286,22
356,287,3
356,288,1
356,290,2
356,291,6
356,292,2
356,293,2
356,295,3
356,296,2
356,301,4
356,302,4
356,304,2
356,305,2
356,307,2
356,310,9
356,311,2
356,315,4
356,316,3
356,319,5
356,320,13
356,322,1
356,323,5
356,328,8
356,331,6
356,332,3
356,333,6
356,334,1
356,335,1
356,337,2
356,339,2
356,340,7
356,342,2
356,343,1
356,345,4
356,346,1
356,347,2
356,348,1
356,350,8
356,352,2
356,353,2
356,354,4
356,358,8
356,359,3
356,361,1
356,365,1
356,366,59
356,368,2
356,369,5
356,373,1
356,376,1
356,377,3
356,378,4
357,5,1
357,7,19
357,9,1
357,10,3
357,11,1
357,14,1
357,15,3
357,18,4
357,19,1
357,20,4
357,21,2
357,22,1
357,24,6
357,26,4
357,27,2
357,34,1
357,36,1
357,37,1
357,40,2
357,41,10
357,42,20
357,44,1
357,46,5
357,47,13
357,53,2
357,58,1
357,59,1
357,61,15
357,62,35
357,63,12
357,64,2
357,67,11
357,68,2
357,69,4
357,70,6
357,71,17
357,72,39
357,73,6
357,74,8
357,76,1
357,77,1
357,79,1
357,80,1
357,81,5
357,82,6
357,86,4
357,91,1
357,94,25
357,96,1
357,98,6
357,101,1
357,102,8
357,104,5
357,105,22
357,106,8
357,107,5
357,110,2
357,114,4
357,116,4
357,119,1
357,123,2
357,125,1
357,130,2
357,142,7
357,143,5
357,147,3
357,148,4
357,149,3
357,150,27
357,151,1
357,152,7
357,154,2
357,156,1
357,162,1
357,165,2
357,168,3
357,170,1
357,171,4
357,174,3
357,175,13
357,176,1
357,178,6
357,180,4
357,181,2
357,191,4
357,196,3
357,197,4
357,198,5
357,199,1
357,200,8
357,203,2
357,204,1
357,206,2
357,211,1
357,213,2
357,214,13
357,215,1
357,216,5
357,217,3
357,219,1
357,221,3
357,222,1
357,223,1
357,224,18
357,225,4
357,228,1
357,229,13
357,230,3
357,237,2
357,238,12
357,239,1
357,241,8
357,244,1
357,245,1
357,249,5
357,250,5
357,251,13
357,252,3
357,255,2
357,262,1
357,264,10
357,270,2
357,273,3
357,276,1
357,281,1
357,284,5
357,285,2
357,286,6
357,287,5
357,290,1
357,296,1
357,301,3
357,304,1
357,307,3
357,308,2
357,309,1
357,310,4
357,311,6
357,313,4
357,315,11
357,316,7
357,317,1
357,320,4
357,321,4
357,323,20
357,326,1
357,328,1
357,330,1
357,332,3
357,333,2
357,335,5
357,337,8
357,342,9
357,343,2
357,344,1
357,345,3
357,346,1
357,349,4
357,354,1
357,356,3
357,358,1
357,359,2
357,362,6
357,363,1
357,365,2
357,366,22
357,367,2
357,369,18
357,370,3
357,371,1
357,376,1
357,378,2
358,7,30
358,9,4
358,11,11
358,14,2
358,15,4
358,18,8
358,19,3
358,20,1
358,21,2
358,22,1
358,23,1
358,24,4
358,25,1
358,27,2
358,29,3
358,30,1
358,31,2
358,34,1
358,37,12
358,40,8
358,41,19
358,42,27
358,43,3
358,44,3
358,45,1
358,46,1
358,47,3
358,48,3
358,49,1
358,51,1
358,53,5
358,54,10
358,55,1
358,56,3
358,57,1
358,59,1
358,61,39
358,62,68
358,63,11
358,64,4
358,67,2
358,68,1
358,72,1
358,73,11
358,74,9
358,75,3
358,79,2
358,80,2
358,81,15
358,82,15
358,83,6
358,86,5
358,90,1
358,94,19
358,95,1
358,97,3
358,101,1
358,102,1
358,103,2
358,104,18
358,105,17
358,106,9
358,107,17
358,111,1
358,112,2
358,113,2
358,114,25
358,116,20
358,117,1
358,123,3
358,125,2
358,128,1
358,130,4
358,135,1
358,139,1
358,142,6
358,143,5
358,147,1
358,148,9
358,149,16
358,150,74
358,151,3
358,152,27
358,153,1
358,154,5
358,155,2
358,156,7
358,158,1
358,160,1
358,162,6
358,165,1
358,166,6
358,168,13
358,169,6
358,170,7
358,171,17
358,174,3
358,175,25
358,177,1
358,178,25
358,179,11
358,180,4
358,181,2
358,185,1
358,187,1
358,188,1
358,189,6
358,190,1
358,191,7
358,193,1
358,195,8
358,196,1
358,197,1
358,198,3
358,199,2
358,200,27
358,202,1
358,203,2
358,204,12
358,205,1
358,206,9
358,208,3
358,210,7
358,211,4
358,212,2
358,213,8
358,214,1
358,215,19
358,216,8
358,217,9
358,218,1
358,220,8
358,221,9
358,222,1
358,224,16
358,225,8
358,228,1
358,229,46
358,230,2
358,231,1
358,233,1
358,235,5
358,236,4
358,240,2
358,241,26
358,244,2
358,245,1
358,247,13
358,249,7
358,250,12
358,251,24
358,252,7
358,253,1
358,255,1
358,262,1
358,264,7
358,265,3
358,270,14
358,272,2
358,273,7
358,274,1
358,276,7
358,278,1
358,281,3
358,282,1
358,284,12
358,285,32
358,286,18
358,287,6
358,288,2
358,289,18
358,290,5
358,292,1
358,293,1
358,295,1
358,296,2
358,299,1
358,302,2
358,303,1
358,304,7
358,305,3
358,308,2
358,309,2
358,310,1
358,311,3
358,312,1
358,313,3
358,314,1
358,315,10
358,316,1
358,317,6
358,318,1
358,319,7
358,320,35
358,321,4
358,322,1
358,323,11
358,324,1
358,325,3
358,327,1
358,328,14
358,329,6
358,330,1
358,331,9
358,332,17
358,333,10
358,334,3
358,335,24
358,337,8
358,340,11
358,343,1
358,344,2
358,345,1
358,346,2
358,350,11
358,353,1
358,354,1
358,356,17
358,359,16
358,360,2
358,361,1
358,362,2
358,363,6
358,364,5
358,365,4
358,366,45
358,367,4
358,368,1
358,369,12
358,371,1
358,373,3
358,374,1
358,375,6
358,378,27
359,7,16
359,11,3
359,12,1
359,14,1
359,15,6
359,16,2
359,17,2
359,18,7
359,19,7
359,21,2
359,22,1
359,24,2
359,26,3
359,27,12
359,28,7
359,29,15
359,30,4
359,31,1
359,32,2
359,34,1
359,35,1
359,37,3
359,40,7
359,41,13
359,42,13
359,46,2
359,47,6
359,51,1
359,52,1
359,53,10
359,54,3
359,56,2
359,59,1
359,60,1
359,61,34
359,62,79
359,63,15
359,64,2
359,67,1
359,68,1
359,69,1
359,70,1
359,73,7
359,74,10
359,75,2
359,76,1
359,77,1
359,78,1
359,79,1
359,81,10
359,82,22
359,83,3
359,86,2
359,90,1
359,94,14
359,95,1
359,97,6
359,98,2
359,101,1
359,103,1
359,104,10
359,105,17
359,106,7
359,107,17
359,110,1
359,112,2
359,113,1
359,114,19
359,116,8
359,117,1
359,123,1
359,125,2
359,130,6
359,134,1
359,135,1
359,140,1
359,142,9
359,143,8
359,144,3
359,147,2
359,148,14
359,149,26
359,150,98
359,151,6
359,152,19
359,154,3
359,156,2
359,158,4
359,159,1
359,160,1
359,161,1
359,164,1
359,165,1
359,166,3
359,168,18
359,169,2
359,170,2
359,171,25
359,173,3
359,174,1
359,175,23
359,178,19
359,179,2
359,180,6
359,184,1
359,186,1
359,189,4
359,191,6
359,192,1
359,195,2
359,196,1
359,197,7
359,198,2
359,199,2
359,200,15
359,201,2
359,203,2
359,204,14
359,206,3
359,207,2
359,210,3
359,211,2
359,212,1
359,213,2
359,214,3
359,215,6
359,216,5
359,217,9
359,220,5
359,221,3
359,222,3
359,224,20
359,225,2
359,226,1
359,227,1
359,228,1
359,229,17
359,230,3
359,231,2
359,235,2
359,236,2
359,237,1
359,238,9
359,241,5
359,244,2
359,245,1
359,247,10
359,250,10
359,251,9
359,252,6
359,253,2
359,262,3
359,263,1
359,264,9
359,265,2
359,269,2
359,270,17
359,271,1
359,272,1
359,273,4
359,274,2
359,280,2
359,281,1
359,284,3
359,285,26
359,286,29
359,287,12
359,289,15
359,290,5
359,291,3
359,296,1
359,299,2
359,304,6
359,306,2
359,307,3
359,308,4
359,310,1
359,311,3
359,315,9
359,316,9
359,317,1
359,319,4
359,320,33
359,321,1
359,322,1
359,323,6
359,325,1
359,326,1
359,328,9
359,329,1
359,330,4
359,331,6
359,332,15
359,333,15
359,334,3
359,335,22
359,336,3
359,337,6
359,340,12
359,342,1
359,343,1
359,345,5
359,348,1
359,349,1
359,350,3
359,351,1
359,353,1
359,354,2
359,356,11
359,358,10
359,360,1
359,362,2
359,363,2
359,364,2
359,365,3
359,366,34
359,367,1
359,368,2
359,369,10
359,371,1
359,372,1
359,373,2
359,375,3
359,376,5
359,377,3
359,378,24
360,6,1
360,10,8
360,13,1
360,16,1
360,18,4
360,19,3
360,20,3
360,21,1
360,22,1
360,23,1
360,25,3
360,34,1
360,37,2
360,40,3
360,41,8
360,42,6
360,44,3
360,46,3
360,54,1
360,56,1
360,60,1
360,61,2
360,62,8
360,63,2
360,64,1
360,73,8
360,74,4
360,76,1
360,80,1
360,81,1
360,82,3
360,84,1
360,86,3
360,93,1
360,94,4
360,100,1
360,104,8
360,105,11
360,106,8
360,107,3
360,114,3
360,116,10
360,123,2
360,131,1
360,135,1
360,138,1
360,140,1
360,142,1
360,143,3
360,148,1
360,149,2
360,150,8
360,152,8
360,153,1
360,165,1
360,168,4
360,169,1
360,170,5
360,171,7
360,173,1
360,174,1
360,175,16
360,178,23
360,179,2
360,180,1
360,182,1
360,187,1
360,189,1
360,191,3
360,193,10
360,194,2
360,195,1
360,196,1
360,197,5
360,198,1
360,199,8
360,200,10
360,203,2
360,204,1
360,212,1
360,213,34
360,214,2
360,215,5
360,216,18
360,217,4
360,221,1
360,224,17
360,225,3
360,228,2
360,229,18
360,230,2
360,231,2
360,236,4
360,238,3
360,239,3
360,241,1
360,244,2
360,245,5
360,247,4
360,249,14
360,250,12
360,251,10
360,252,2
360,263,1
360,270,8
360,273,3
360,274,1
360,276,1
360,284,5
360,285,2
360,286,1
360,289,2
360,292,2
360,295,1
360,297,3
360,304,3
360,306,1
360,308,3
360,311,6
360,315,5
360,316,5
360,317,1
360,320,6
360,323,7
360,331,1
360,335,1
360,337,3
360,340,1
360,345,3
360,354,1
360,358,3
360,359,2
360,361,6
360,362,1
360,365,3
360,366,25
360,369,10
360,370,1
360,371,1
360,375,2
361,2,2
361,6,6
361,7,25
361,9,4
361,10,1
361,14,3
361,15,5
361,17,3
361,18,5
361,19,11
361,20,8
361,21,3
361,22,1
361,26,1
361,31,2
361,41,5
361,42,4
361,43,1
361,46,1
361,47,2
361,51,1
361,59,1
361,61,2
361,62,9
361,63,3
361,64,1
361,65,1
361,71,3
361,73,11
361,74,19
361,78,1
361,80,1
361,81,3
361,82,6
361,86,5
361,89,1
361,94,8
361,96,1
361,98,1
361,102,1
361,103,2
361,104,13
361,105,24
361,106,28
361,111,1
361,113,5
361,114,5
361,116,7
361,117,3
361,119,2
361,123,8
361,130,8
361,133,2
361,136,1
361,139,3
361,140,2
361,142,8
361,143,4
361,148,2
361,149,2
361,150,35
361,152,16
361,154,1
361,155,1
361,156,1
361,158,1
361,163,1
361,165,1
361,166,1
361,168,6
361,170,3
361,171,9
361,173,2
361,174,2
361,175,11
361,178,4
361,179,1
361,180,4
361,181,3
361,182,1
361,184,1
361,186,2
361,187,5
361,188,1
361,189,5
361,190,2
361,191,14
361,192,3
361,193,1
361,194,4
361,195,6
361,197,4
361,198,3
361,199,2
361,200,15
361,201,1
361,203,1
361,204,7
361,206,1
361,212,2
361,213,5
361,214,9
361,215,5
361,216,8
361,217,8
361,223,1
361,224,10
361,225,1
361,226,1
361,227,2
361,228,2
361,229,18
361,230,5
361,231,5
361,235,1
361,236,4
361,238,5
361,241,5
361,244,2
361,245,5
361,247,6
361,249,7
361,250,26
361,251,19
361,252,3
361,253,1
361,264,2
361,270,6
361,273,9
361,275,1
361,276,5
361,277,1
361,284,5
361,285,3
361,286,4
361,289,1
361,291,7
361,299,1
361,304,2
361,308,1
361,310,1
361,311,1
361,315,4
361,316,7
361,320,1
361,323,15
361,324,3
361,325,10
361,331,4
361,332,4
361,333,1
361,335,1
361,337,2
361,340,1
361,342,1
361,343,2
361,344,2
361,346,1
361,350,2
361,354,1
361,356,3
361,360,3
361,362,1
361,363,1
361,365,3
361,366,27
361,367,2
361,368,2
361,369,10
361,370,3
361,371,6
361,372,1
361,378,3
362,2,1
362,7,16
362,9,2
362,10,5
362,11,4
362,12,1
362,14,2
362,15,3
362,16,1
362,18,11
362,19,10
362,20,2
362,21,2
362,22,2
362,27,2
362,39,1
362,40,5
362,41,4
362,42,20
362,43,1
362,44,2
362,46,6
362,47,14
362,52,2
362,53,4
362,54,5
362,56,3
362,57,2
362,60,1
362,61,14
362,62,30
362,63,2
362,64,14
362,67,1
362,68,1
362,69,4
362,70,1
362,72,10
362,73,3
362,74,7
362,80,4
362,81,3
362,82,4
362,86,6
362,94,27
362,98,1
362,102,4
362,104,9
362,105,12
362,106,21
362,107,4
362,111,1
362,113,1
362,116,10
362,120,2
362,123,1
362,126,2
362,128,1
362,130,4
362,135,1
362,139,1
362,142,14
362,143,14
362,148,8
362,149,5
362,150,39
362,151,1
362,152,9
362,156,3
362,159,1
362,165,1
362,168,1
362,169,1
362,170,1
362,171,18
362,173,2
362,174,1
362,175,11
362,178,11
362,180,8
362,181,2
362,187,1
362,189,2
362,191,4
362,195,5
362,197,2
362,199,3
362,200,5
362,203,2
362,204,3
362,206,4
362,211,1
362,213,3
362,214,11
362,215,3
362,216,23
362,217,6
362,220,6
362,222,1
362,224,23
362,225,4
362,227,1
362,228,1
362,229,23
362,230,1
362,231,2
362,236,2
362,238,7
362,241,11
362,244,1
362,247,1
362,249,9
362,250,14
362,251,11
362,253,1
362,255,2
362,258,1
362,263,1
362,264,1
362,267,2
362,270,3
362,271,1
362,273,12
362,276,1
362,281,2
362,284,2
362,285,1
362,286,6
362,287,1
362,288,1
362,289,3
362,291,4
362,293,1
362,295,2
362,296,4
362,297,2
362,304,4
362,305,3
362,308,2
362,310,1
362,311,1
362,313,6
362,315,18
362,316,7
362,320,3
362,321,7
362,322,1
362,323,23
362,325,5
362,327,1
362,328,6
362,329,1
362,331,5
362,332,1
362,333,3
362,335,1
362,337,2
362,340,1
362,341,2
362,342,3
362,344,1
362,345,5
362,348,5
362,350,2
362,354,1
362,356,1
362,357,1
362,359,1
362,361,1
362,363,1
362,365,13
362,366,29
362,368,1
362,369,37
362,375,1
363,5,5
363,6,1
363,7,12
363,9,1
363,10,1
363,14,4
363,15,5
363,16,1
363,17,2
363,18,4
363,19,1
363,24,1
363,27,1
363,28,2
363,29,4
363,30,1
363,31,3
363,37,1
363,40,3
363,41,12
363,42,18
363,43,1
363,44,2
363,46,1
363,50,1
363,51,1
363,53,2
363,56,1
363,57,1
363,61,16
363,62,48
363,63,14
363,64,3
363,71,1
363,73,3
363,74,4
363,75,1
363,82,7
363,83,4
363,86,1
363,94,11
363,97,1
363,98,2
363,101,1
363,102,3
363,103,3
363,104,5
363,105,9
363,106,3
363,107,12
363,112,1
363,114,1
363,116,2
363,118,1
363,119,1
363,130,1
363,135,1
363,139,1
363,142,3
363,143,7
363,144,2
363,148,7
363,149,3
363,150,30
363,151,1
363,152,10
363,154,1
363,158,1
363,160,1
363,168,9
363,170,4
363,171,12
363,175,14
363,178,5
363,179,1
363,180,2
363,181,4
363,184,1
363,185,2
363,187,1
363,189,2
363,190,1
363,191,3
363,197,4
363,199,1
363,200,5
363,203,2
363,204,3
363,206,1
363,212,3
363,213,4
363,214,3
363,215,3
363,216,1
363,217,3
363,218,1
363,221,1
363,224,13
363,225,5
363,229,14
363,231,1
363,235,1
363,236,6
363,237,1
363,238,2
363,239,1
363,241,10
363,247,3
363,250,3
363,251,16
363,252,2
363,264,3
363,266,2
363,270,1
363,271,2
363,273,2
363,276,4
363,278,2
363,279,1
363,282,1
363,284,4
363,285,4
363,286,11
363,287,5
363,289,2
363,290,5
363,291,1
363,301,5
363,302,1
363,304,6
363,305,1
363,307,1
363,309,1
363,311,1
363,313,1
363,315,3
363,316,3
363,319,3
363,320,8
363,323,3
363,328,3
363,329,1
363,331,2
363,333,2
363,334,1
363,335,4
363,336,1
363,337,6
363,340,2
363,342,1
363,344,2
363,352,1
363,356,1
363,358,2
363,359,4
363,362,1
363,365,1
363,366,19
363,367,2
363,368,1
363,369,10
363,378,10
364,6,1
364,7,24
364,10,5
364,11,4
364,12,2
364,13,4
364,15,3
364,16,3
364,18,4
364,19,9
364,22,3
364,24,4
364,25,14
364,26,19
364,27,8
364,28,4
364,29,3
364,30,5
364,31,14
364,37,1
364,38,1
364,39,4
364,40,11
364,41,34
364,42,68
364,43,10
364,44,7
364,46,8
364,47,7
364,51,1
364,52,4
364,53,6
364,54,3
364,56,2
364,57,3
364,60,1
364,61,77
364,62,102
364,63,51
364,64,5
364,65,2
364,67,3
364,68,1
364,70,1
364,71,2
364,73,10
364,74,5
364,76,1
364,77,2
364,79,2
364,80,3
364,81,3
364,82,11
364,83,2
364,86,7
364,88,1
364,94,24
364,95,2
364,97,2
364,98,2
364,100,1
364,101,2
364,102,1
364,103,2
364,104,15
364,105,16
364,106,11
364,107,20
364,110,1
364,112,1
364,113,4
364,114,13
364,116,11
364,117,1
364,123,7
364,125,3
364,129,1
364,132,1
364,138,1
364,142,11
364,143,13
364,144,1
364,147,1
364,148,4
364,149,3
364,150,76
364,151,3
364,152,17
364,153,9
364,154,2
364,156,1
364,158,4
364,161,2
364,166,1
364,168,12
364,169,3
364,170,6
364,171,22
364,173,1
364,175,33
364,178,17
364,179,2
364,180,8
364,181,7
364,182,1
364,184,2
364,185,1
364,187,1
364,190,1
364,191,5
364,193,2
364,195,3
364,197,3
364,199,2
364,200,34
364,203,1
364,204,5
364,206,4
364,207,2
364,210,2
364,212,5
364,213,14
364,214,5
364,215,3
364,216,12
364,217,16
364,220,4
364,221,1
364,222,1
364,224,22
364,225,1
364,229,46
364,235,1
364,236,8
364,237,1
364,238,10
364,239,1
364,240,1
364,241,26
364,244,2
364,245,4
364,247,5
364,249,1
364,250,20
364,251,39
364,252,3
364,253,1
364,255,1
364,261,2
364,262,1
364,264,4
364,266,1
364,268,2
364,270,7
364,273,8
364,274,1
364,276,4
364,277,2
364,279,1
364,280,2
364,281,4
364,282,2
364,283,2
364,284,4
364,285,15
364,286,26
364,287,2
364,289,26
364,290,2
364,291,2
364,293,1
364,296,1
364,299,5
364,301,1
364,304,13
364,305,2
364,307,3
364,308,3
364,309,1
364,310,3
364,311,4
364,313,1
364,314,1
364,315,10
364,316,3
364,317,1
364,319,5
364,320,29
364,321,4
364,323,14
364,324,2
364,325,3
364,326,1
364,328,4
364,329,1
364,331,8
364,332,8
364,333,8
364,335,10
364,336,1
364,337,10
364,340,6
364,342,5
364,343,1
364,345,3
364,346,5
364,347,2
364,348,2
364,350,1
364,351,1
364,354,1
364,356,9
364,358,4
364,359,5
364,362,2
364,363,6
364,365,2
364,366,42
364,368,1
364,369,23
364,373,5
364,375,5
364,376,2
364,378,8
365,3,1
365,5,1
365,7,13
365,9,1
365,10,2
365,11,1
365,13,2
365,14,6
365,16,1
365,17,1
365,18,11
365,19,2
365,22,4
365,23,1
365,26,1
365,29,1
365,31,1
365,41,4
365,42,18
365,44,1
365,46,7
365,47,3
365,53,1
365,55,2
365,60,2
365,61,5
365,62,15
365,63,2
365,64,2
365,72,5
365,73,7
365,74,5
365,75,1
365,79,1
365,81,2
365,82,4
365,83,1
365,86,3
365,93,1
365,94,17
365,95,1
365,97,1
365,102,3
365,103,2
365,104,3
365,105,14
365,106,44
365,107,3
365,109,3
365,110,2
365,112,1
365,113,3
365,114,8
365,116,2
365,121,1
365,123,5
365,126,1
365,133,1
365,142,2
365,150,31
365,151,1
365,152,6
365,153,1
365,154,1
365,162,2
365,168,3
365,171,4
365,173,1
365,175,11
365,178,7
365,180,3
365,181,8
365,183,1
365,186,5
365,189,4
365,190,2
365,191,11
365,193,1
365,195,2
365,196,2
365,197,5
365,200,8
365,203,1
365,204,4
365,210,1
365,212,1
365,213,7
365,214,4
365,216,7
365,217,14
365,218,1
365,220,1
365,221,5
365,224,15
365,225,4
365,226,1
365,229,11
365,230,4
365,236,4
365,237,1
365,238,2
365,241,2
365,244,1
365,245,5
365,249,6
365,250,19
365,251,17
365,252,2
365,253,1
365,259,2
365,264,1
365,265,1
365,267,2
365,270,5
365,273,12
365,283,1
365,284,5
365,286,10
365,287,1
365,289,2
365,290,1
365,291,1
365,294,1
365,296,1
365,304,6
365,308,8
365,310,1
365,311,8
365,312,1
365,313,4
365,315,10
365,316,5
365,319,1
365,320,8
365,321,3
365,323,7
365,325,7
365,333,4
365,335,6
365,337,4
365,340,2
365,342,2
365,343,3
365,344,2
365,345,3
365,352,1
365,354,3
365,356,1
365,358,1
365,360,1
365,361,2
365,362,5
365,366,48
365,368,1
365,369,25
365,371,1
365,378,2
366,6,7
366,7,28
366,9,1
366,12,1
366,13,1
366,19,3
366,20,3
366,22,1
366,31,1
366,46,2
366,47,1
366,56,1
366,59,1
366,61,2
366,62,4
366,73,9
366,74,20
366,79,1
366,80,2
366,81,1
366,82,16
366,83,2
366,86,7
366,88,1
366,90,1
366,94,4
366,95,1
366,104,22
366,105,23
366,106,7
366,113,3
366,114,3
366,116,3
366,117,5
366,118,2
366,119,1
366,120,1
366,123,8
366,125,2
366,128,1
366,129,1
366,130,4
366,135,1
366,140,1
366,142,16
366,143,5
366,148,4
366,149,7
366,150,19
366,151,2
366,152,4
366,154,5
366,156,4
366,157,1
366,165,2
366,168,1
366,170,1
366,171,3
366,173,1
366,174,1
366,175,5
366,177,2
366,178,1
366,179,1
366,180,7
366,187,10
366,189,3
366,190,2
366,191,5
366,193,1
366,197,2
366,198,1
366,199,2
366,200,16
366,204,10
366,206,1
366,207,3
366,209,1
366,211,1
366,216,4
366,217,7
366,218,2
366,221,1
366,224,17
366,225,6
366,229,13
366,230,1
366,231,1
366,236,1
366,237,2
366,238,1
366,245,1
366,247,2
366,249,1
366,250,10
366,251,15
366,252,1
366,253,2
366,270,3
366,271,3
366,273,1
366,276,1
366,280,1
366,284,4
366,285,1
366,286,2
366,287,2
366,289,1
366,293,1
366,304,2
366,313,1
366,315,3
366,317,1
366,319,2
366,320,3
366,321,1
366,322,1
366,323,2
366,331,1
366,333,3
366,345,1
366,354,3
366,355,1
366,356,1
366,361,2
366,368,7
367,6,5
367,7,60
367,11,1
367,12,3
367,14,4
367,15,3
367,17,1
367,18,9
367,19,9
367,20,3
367,21,1
367,22,3
367,26,1
367,30,1
367,37,4
367,39,1
367,40,3
367,41,3
367,42,6
367,44,1
367,45,1
367,46,2
367,47,3
367,48,1
367,51,2
367,52,1
367,61,7
367,62,15
367,63,1
367,64,1
367,71,1
367,72,3
367,73,28
367,74,27
367,75,1
367,76,1
367,78,1
367,79,1
367,80,3
367,81,5
367,82,19
367,83,2
367,84,2
367,86,11
367,87,2
367,90,1
367,92,1
367,94,6
367,98,1
367,100,1
367,103,1
367,104,71
367,105,62
367,106,24
367,107,16
367,112,2
367,113,6
367,114,6
367,116,3
367,117,5
367,120,1
367,123,7
367,125,1
367,126,2
367,128,3
367,130,6
367,131,1
367,132,1
367,133,1
367,135,3
367,139,3
367,140,3
367,141,5
367,142,33
367,143,12
367,148,9
367,149,12
367,150,50
367,151,3
367,152,14
367,156,1
367,158,1
367,162,2
367,165,4
367,168,19
367,170,2
367,171,10
367,174,1
367,175,23
367,178,3
367,179,9
367,180,15
367,181,6
367,186,2
367,187,6
367,188,1
367,189,7
367,190,4
367,191,5
367,193,2
367,194,5
367,195,8
367,197,10
367,198,3
367,199,8
367,200,23
367,201,2
367,203,1
367,204,17
367,205,1
367,206,3
367,209,1
367,210,1
367,212,2
367,213,10
367,214,2
367,215,2
367,216,10
367,217,14
367,218,1
367,219,1
367,220,3
367,221,2
367,224,20
367,225,8
367,226,1
367,227,3
367,229,20
367,230,3
367,231,2
367,235,1
367,236,1
367,238,5
367,241,6
367,244,1
367,245,4
367,246,1
367,247,1
367,249,7
367,250,26
367,251,30
367,252,14
367,262,1
367,264,4
367,266,2
367,270,15
367,273,5
367,274,1
367,276,1
367,284,6
367,285,3
367,286,13
367,289,4
367,290,1
367,291,2
367,293,1
367,296,1
367,304,1
367,305,1
367,308,1
367,311,6
367,313,1
367,315,7
367,316,1
367,317,3
367,319,2
367,320,8
367,321,1
367,322,1
367,323,7
367,325,3
367,328,2
367,329,1
367,332,1
367,333,5
367,337,2
367,340,1
367,342,5
367,343,3
367,345,1
367,346,1
367,350,5
367,352,2
367,354,5
367,355,1
367,356,3
367,358,1
367,359,2
367,361,6
367,362,1
367,365,4
367,366,191
367,368,21
367,369,9
367,371,6
367,372,1
367,376,1
368,7,59
368,11,1
368,12,1
368,14,1
368,15,1
368,16,1
368,19,6
368,21,1
368,22,2
368,23,1
368,39,1
368,41,1
368,42,7
368,43,1
368,44,1
368,45,1
368,46,1
368,53,3
368,56,1
368,61,1
368,62,8
368,64,1
368,73,20
368,74,25
368,75,1
368,77,3
368,80,1
368,81,7
368,82,12
368,83,2
368,86,16
368,90,1
368,94,9
368,95,2
368,104,31
368,105,28
368,106,15
368,107,5
368,110,3
368,112,2
368,113,13
368,114,8
368,115,1
368,116,8
368,117,6
368,119,5
368,120,1
368,123,2
368,125,9
368,126,2
368,128,3
368,130,1
368,131,1
368,132,2
368,134,1
368,140,5
368,141,1
368,142,16
368,143,19
368,147,1
368,148,4
368,149,3
368,150,44
368,151,2
368,152,8
368,153,4
368,154,8
368,155,2
368,156,1
368,168,9
368,170,4
368,171,9
368,173,1
368,174,1
368,175,5
368,177,1
368,178,10
368,179,3
368,180,7
368,181,1
368,186,1
368,187,5
368,189,5
368,190,4
368,191,12
368,193,2
368,194,1
368,196,2
368,197,7
368,198,6
368,199,4
368,200,10
368,201,1
368,203,1
368,204,8
368,206,1
368,207,1
368,210,1
368,212,1
368,213,5
368,214,1
368,215,2
368,216,1
368,217,11
368,218,2
368,221,1
368,224,11
368,225,2
368,227,2
368,228,2
368,229,19
368,231,1
368,236,1
368,238,5
368,241,4
368,244,1
368,245,1
368,247,1
368,249,4
368,250,14
368,251,21
368,252,8
368,254,1
368,263,1
368,266,4
368,270,5
368,271,3
368,273,2
368,277,1
368,281,1
368,282,1
368,284,3
368,285,3
368,286,5
368,289,1
368,302,1
368,308,1
368,311,2
368,313,1
368,314,1
368,315,3
368,316,2
368,317,2
368,320,6
368,323,3
368,326,1
368,331,1
368,333,6
368,335,1
368,337,2
368,340,2
368,342,1
368,343,3
368,347,1
368,351,2
368,354,18
368,355,2
368,356,2
368,362,3
368,365,4
368,366,130
368,367,8
368,369,7
368,371,3
369,7,13
369,9,1
369,10,1
369,11,2
369,13,1
369,15,4
369,18,8
369,19,3
369,20,1
369,21,2
369,31,1
369,40,4
369,41,7
369,42,14
369,45,1
369,46,2
369,47,5
369,53,4
369,61,9
369,62,8
369,63,2
369,70,1
369,71,1
369,72,7
369,73,2
369,74,2
369,75,1
369,80,1
369,81,4
369,82,1
369,83,1
369,86,1
369,93,1
369,94,24
369,95,2
369,102,1
369,103,4
369,104,3
369,105,10
369,106,9
369,107,5
369,115,1
369,116,1
369,117,1
369,123,2
369,128,1
369,129,1
369,130,1
369,140,1
369,142,4
369,143,3
369,144,1
369,149,1
369,150,13
369,151,4
369,152,3
369,157,1
369,166,1
369,168,6
369,169,1
369,171,2
369,175,6
369,178,11
369,179,4
369,180,2
369,181,2
369,189,4
369,190,1
369,191,4
369,192,1
369,195,3
369,197,1
369,200,8
369,203,1
369,204,2
369,205,1
369,206,1
369,213,1
369,214,1
369,215,8
369,216,1
369,217,12
369,219,1
369,220,3
369,221,1
369,224,15
369,225,1
369,229,7
369,231,3
369,233,1
369,236,2
369,238,2
369,239,3
369,241,2
369,244,1
369,245,1
369,247,1
369,249,8
369,250,19
369,251,17
369,266,1
369,270,2
369,273,10
369,282,1
369,284,5
369,285,1
369,286,18
369,287,1
369,289,1
369,296,3
369,302,1
369,304,1
369,308,1
369,311,1
369,313,3
369,315,13
369,316,5
369,317,3
369,319,1
369,320,4
369,321,1
369,323,15
369,325,1
369,328,5
369,333,3
369,335,2
369,337,3
369,340,2
369,341,1
369,342,2
369,343,1
369,344,1
369,346,1
369,348,1
369,351,1
369,354,2
369,357,1
369,358,1
369,359,4
369,362,1
369,365,8
369,366,32
369,368,1
369,372,1
369,373,1
369,375,1
370,6,2
370,7,12
370,9,1
370,10,5
370,11,2
370,12,1
370,14,2
370,15,6
370,18,8
370,19,4
370,20,1
370,21,2
370,22,3
370,24,3
370,31,1
370,39,2
370,40,1
370,41,4
370,43,1
370,44,1
370,46,8
370,47,3
370,52,4
370,53,1
370,57,1
370,59,2
370,61,1
370,62,12
370,63,3
370,64,4
370,65,1
370,66,1
370,73,5
370,74,7
370,75,1
370,76,1
370,77,1
370,80,3
370,81,1
370,82,7
370,86,1
370,94,13
370,95,1
370,98,1
370,102,1
370,103,2
370,104,8
370,105,19
370,106,41
370,107,6
370,110,1
370,112,2
370,113,1
370,114,9
370,116,8
370,117,2
370,118,1
370,123,3
370,124,2
370,128,3
370,130,3
370,139,1
370,141,1
370,142,17
370,143,5
370,148,2
370,149,1
370,150,34
370,151,4
370,152,6
370,153,1
370,154,2
370,155,1
370,168,2
370,169,1
370,170,1
370,171,8
370,174,1
370,175,18
370,177,1
370,178,3
370,180,6
370,181,2
370,185,1
370,186,3
370,187,2
370,190,2
370,191,10
370,192,1
370,193,1
370,194,2
370,195,3
370,197,3
370,198,2
370,199,2
370,200,11
370,204,2
370,206,1
370,208,1
370,211,1
370,213,10
370,214,7
370,215,3
370,216,8
370,217,4
370,218,4
370,220,1
370,224,9
370,225,5
370,226,1
370,227,2
370,229,19
370,230,2
370,232,1
370,233,1
370,235,1
370,236,4
370,238,3
370,241,3
370,245,6
370,249,6
370,250,13
370,251,12
370,252,4
370,254,3
370,255,1
370,260,1
370,265,1
370,267,1
370,270,2
370,273,6
370,282,1
370,284,2
370,285,4
370,286,6
370,288,1
370,289,2
370,291,3
370,296,1
370,300,2
370,304,4
370,307,1
370,308,4
370,309,2
370,311,8
370,313,2
370,314,2
370,315,3
370,316,1
370,317,1
370,319,2
370,320,1
370,323,8
370,325,5
370,326,2
370,328,2
370,331,1
370,333,1
370,334,1
370,339,1
370,340,3
370,342,1
370,352,1
370,354,12
370,356,5
370,357,1
370,358,4
370,361,13
370,365,4
370,366,50
370,367,2
370,368,4
370,369,23
370,371,9
370,375,1
370,376,1
370,378,2
371,6,10
371,7,52
371,9,1
371,10,2
371,11,3
371,12,3
371,13,1
371,14,6
371,15,1
371,17,1
371,18,16
371,19,11
371,20,7
371,21,4
371,22,5
371,23,4
371,24,2
371,25,3
371,26,1
371,29,6
371,30,1
371,35,1
371,36,1
371,37,2
371,39,2
371,40,1
371,41,6
371,42,12
371,44,1
371,45,1
371,46,3
371,47,4
371,51,1
371,53,2
371,54,3
371,61,11
371,62,17
371,63,5
371,64,4
371,65,1
371,67,2
371,71,4
371,72,2
371,73,12
371,74,21
371,77,1
371,79,1
371,81,7
371,82,17
371,83,2
371,86,9
371,88,1
371,90,1
371,94,21
371,97,2
371,98,5
371,100,1
371,104,25
371,105,33
371,106,44
371,107,12
371,109,1
371,110,1
371,112,2
371,113,4
371,114,6
371,115,1
371,116,6
371,121,3
371,123,8
371,124,3
371,125,2
371,126,1
371,130,3
371,132,1
371,133,1
371,135,2
371,139,2
371,140,1
371,142,23
371,143,13
371,144,2
371,148,10
371,149,4
371,150,88
371,151,3
371,152,13
371,156,2
371,165,2
371,168,13
371,169,1
371,170,6
371,171,13
371,175,26
371,177,1
371,178,8
371,179,4
371,180,9
371,181,6
371,186,1
371,187,12
371,188,2
371,189,5
371,191,13
371,192,2
371,193,4
371,194,4
371,195,7
371,196,2
371,197,8
371,198,10
371,199,1
371,200,34
371,201,1
371,204,2
371,205,1
371,206,5
371,207,1
371,210,1
371,212,4
371,213,6
371,214,8
371,215,13
371,216,17
371,217,19
371,220,6
371,221,2
371,224,24
371,225,6
371,227,6
371,228,2
371,229,14
371,230,1
371,231,4
371,233,1
371,235,1
371,236,9
371,241,4
371,245,7
371,246,1
371,247,3
371,249,14
371,250,25
371,251,23
371,252,15
371,253,4
371,258,1
371,260,1
371,264,2
371,270,14
371,273,13
371,274,1
371,284,3
371,285,9
371,286,21
371,287,1
371,289,3
371,297,1
371,302,2
371,303,2
371,304,4
371,305,1
371,306,1
371,308,7
371,311,4
371,312,3
371,313,5
371,314,1
371,315,8
371,316,5
371,319,3
371,320,5
371,321,1
371,322,2
371,323,19
371,325,7
371,328,1
371,331,1
371,333,7
371,335,4
371,336,2
371,337,4
371,340,7
371,342,2
371,343,3
371,344,2
371,345,1
371,346,1
371,349,1
371,350,1
371,354,4
371,355,1
371,356,5
371,360,6
371,361,9
371,362,3
371,364,1
371,365,12
371,366,81
371,367,5
371,368,2
371,369,21
371,370,4
371,372,4
371,378,1
372,6,3
372,7,10
372,9,2
372,14,2
372,16,2
372,17,2
372,18,1
372,19,2
372,20,2
372,21,1
372,22,2
372,29,1
372,34,1
372,37,2
372,41,8
372,42,3
372,46,1
372,47,1
372,54,1
372,61,1
372,62,9
372,67,1
372,72,1
372,73,4
372,74,8
372,76,1
372,77,1
372,79,1
372,80,1
372,81,9
372,82,2
372,83,1
372,86,3
372,94,3
372,95,1
372,97,3
372,100,1
372,102,3
372,104,15
372,105,20
372,106,12
372,107,8
372,114,4
372,116,8
372,123,3
372,124,1
372,125,1
372,129,2
372,130,7
372,135,1
372,142,7
372,143,8
372,148,1
372,149,2
372,150,29
372,152,18
372,153,1
372,154,2
372,155,1
372,156,2
372,161,1
372,162,1
372,165,1
372,166,2
372,168,4
372,169,1
372,170,2
372,171,3
372,175,8
372,178,12
372,181,2
372,186,3
372,187,2
372,188,1
372,189,9
372,190,2
372,191,2
372,193,3
372,194,3
372,195,4
372,197,4
372,198,2
372,204,5
372,207,1
372,213,5
372,214,2
372,215,1
372,216,3
372,217,5
372,218,1
372,221,2
372,224,14
372,225,2
372,229,8
372,230,1
372,236,1
372,238,1
372,241,12
372,245,2
372,247,1
372,249,4
372,250,6
372,251,9
372,252,1
372,253,4
372,258,1
372,260,1
372,264,1
372,270,4
372,273,7
372,276,1
372,284,9
372,285,4
372,286,5
372,289,4
372,291,2
372,304,6
372,307,1
372,308,1
372,310,2
372,313,1
372,314,1
372,320,7
372,323,4
372,325,1
372,329,1
372,333,3
372,335,3
372,336,1
372,337,1
372,342,4
372,349,1
372,352,1
372,354,6
372,359,1
372,361,4
372,366,40
372,367,1
372,368,2
372,369,3
372,371,7
372,375,1
372,378,3
373,2,1
373,6,1
373,7,31
373,10,1
373,11,1
373,13,1
373,14,3
373,15,2
373,16,1
373,17,2
373,18,2
373,19,5
373,21,1
373,22,1
373,23,1
373,30,1
373,31,1
373,35,4
373,36,3
373,37,8
373,39,1
373,40,5
373,41,3
373,42,2
373,44,3
373,46,3
373,47,4
373,52,2
373,53,1
373,59,1
373,61,20
373,62,52
373,63,7
373,64,11
373,65,2
373,71,1
373,72,1
373,73,4
373,74,3
373,75,1
373,76,4
373,77,1
373,78,2
373,80,4
373,81,6
373,82,18
373,83,13
373,84,1
373,86,5
373,88,3
373,89,1
373,90,1
373,91,1
373,92,1
373,94,8
373,97,3
373,98,1
373,103,2
373,104,24
373,105,10
373,106,7
373,107,13
373,109,1
373,112,1
373,113,7
373,114,25
373,116,5
373,117,3
373,120,1
373,129,1
373,130,2
373,133,1
373,135,2
373,139,1
373,142,23
373,143,1
373,144,1
373,148,11
373,149,15
373,150,59
373,151,1
373,152,20
373,153,4
373,154,4
373,155,4
373,156,5
373,158,2
373,162,4
373,165,4
373,166,3
373,168,35
373,170,7
373,171,25
373,173,1
373,174,5
373,175,11
373,176,1
373,177,3
373,178,3
373,179,7
373,180,5
373,181,4
373,184,2
373,186,3
373,189,11
373,190,1
373,191,5
373,195,1
373,197,5
373,198,8
373,199,1
373,200,16
373,202,1
373,203,1
373,204,20
373,205,1
373,206,5
373,208,2
373,210,3
373,211,3
373,212,3
373,213,3
373,214,2
373,215,12
373,216,5
373,217,19
373,218,7
373,220,17
373,221,9
373,222,5
373,224,34
373,225,4
373,227,1
373,229,22
373,230,3
373,231,2
373,235,1
373,236,2
373,237,3
373,238,3
373,239,2
373,240,1
373,241,8
373,244,1
373,245,4
373,247,2
373,249,6
373,250,8
373,251,17
373,252,6
373,253,1
373,254,1
373,256,1
373,260,3
373,262,1
373,264,7
373,265,2
373,266,1
373,267,3
373,270,4
373,271,1
373,273,9
373,274,1
373,277,1
373,278,2
373,281,5
373,284,6
373,285,3
373,286,30
373,287,3
373,288,4
373,289,7
373,290,1
373,291,1
373,292,1
373,293,3
373,295,6
373,296,2
373,298,1
373,299,1
373,304,2
373,305,2
373,309,1
373,311,3
373,315,4
373,316,1
373,317,3
373,318,1
373,319,3
373,320,27
373,323,6
373,325,9
373,328,1
373,330,1
373,331,9
373,332,5
373,333,3
373,335,2
373,337,4
373,340,12
373,341,1
373,342,1
373,343,1
373,344,2
373,345,4
373,346,3
373,348,3
373,350,5
373,351,2
373,352,2
373,354,3
373,356,31
373,358,1
373,359,3
373,362,2
373,363,2
373,365,6
373,366,33
373,368,3
373,369,9
373,374,1
373,375,4
373,376,3
373,377,1
373,378,7
374,6,1
374,7,15
374,10,5
374,12,1
374,14,4
374,15,4
374,19,5
374,22,1
374,24,1
374,31,2
374,37,1
374,39,1
374,40,6
374,42,3
374,44,2
374,45,1
374,46,3
374,47,2
374,52,2
374,56,1
374,57,1
374,61,4
374,62,41
374,63,2
374,65,1
374,73,10
374,74,2
374,77,1
374,80,2
374,81,12
374,82,5
374,83,4
374,86,2
374,87,2
374,89,2
374,90,1
374,91,1
374,92,2
374,94,6
374,95,1
374,97,1
374,98,1
374,101,3
374,103,1
374,104,18
374,105,12
374,106,5
374,107,5
374,110,2
374,111,3
374,112,3
374,113,5
374,114,22
374,115,1
374,116,3
374,117,5
374,118,1
374,119,1
374,123,2
374,125,1
374,128,1
374,130,4
374,133,1
374,135,1
374,142,7
374,143,6
374,144,2
374,148,12
374,149,21
374,150,32
374,152,15
374,153,3
374,154,6
374,155,3
374,156,2
374,157,1
374,158,1
374,160,2
374,161,4
374,162,12
374,163,1
374,164,1
374,165,5
374,166,2
374,168,27
374,169,5
374,170,7
374,171,39
374,172,1
374,173,1
374,174,5
374,175,7
374,177,2
374,178,4
374,179,5
374,180,4
374,181,8
374,182,1
374,186,6
374,187,2
374,189,5
374,190,1
374,193,1
374,195,1
374,197,4
374,198,8
374,199,3
374,200,10
374,201,1
374,202,4
374,203,6
374,204,12
374,205,1
374,206,13
374,208,1
374,210,2
374,211,2
374,212,1
374,213,3
374,214,3
374,215,13
374,216,4
374,217,7
374,218,4
374,220,9
374,221,2
374,223,4
374,224,7
374,225,5
374,226,1
374,227,3
374,228,6
374,229,17
374,236,1
374,238,1
374,241,9
374,244,3
374,247,1
374,250,3
374,251,9
374,252,9
374,253,2
374,254,2
374,257,1
374,259,1
374,260,1
374,262,5
374,263,4
374,264,3
374,266,2
374,268,1
374,270,5
374,271,1
374,273,8
374,274,3
374,275,4
374,278,3
374,279,2
374,280,2
374,281,5
374,282,1
374,284,3
374,285,5
374,286,24
374,287,1
374,289,3
374,291,2
374,296,1
374,299,1
374,301,1
374,302,8
374,304,3
374,305,4
374,308,1
374,311,1
374,315,5
374,317,2
374,318,1
374,319,1
374,320,13
374,323,2
374,324,1
374,327,1
374,328,2
374,330,2
374,331,4
374,332,3
374,333,8
374,334,1
374,335,2
374,336,7
374,337,6
374,340,4
374,342,1
374,344,2
374,345,2
374,349,2
374,350,12
374,351,1
374,352,1
374,353,1
374,354,1
374,356,45
374,358,4
374,359,2
374,362,1
374,363,1
374,364,1
374,365,2
374,366,24
374,368,4
374,369,6
374,376,5
374,378,4
375,5,1
375,6,1
375,7,20
375,8,1
375,10,1
375,15,9
375,18,5
375,19,4
375,21,2
375,24,3
375,27,3
375,30,1
375,31,1
375,37,2
375,38,1
375,39,1
375,40,7
375,41,5
375,42,20
375,43,3
375,44,6
375,45,1
375,46,1
375,47,4
375,53,1
375,54,4
375,56,1
375,59,1
375,61,5
375,62,37
375,63,2
375,64,1
375,73,14
375,74,8
375,75,1
375,77,1
375,80,2
375,81,6
375,82,6
375,83,12
375,86,2
375,94,6
375,96,2
375,97,4
375,103,1
375,104,16
375,105,8
375,106,3
375,107,8
375,110,1
375,112,2
375,114,14
375,115,2
375,116,10
375,119,2
375,123,1
375,125,3
375,128,1
375,130,3
375,142,13
375,143,7
375,145,1
375,147,1
375,148,5
375,149,22
375,150,44
375,151,1
375,152,14
375,153,2
375,154,7
375,156,1
375,159,1
375,160,1
375,162,1
375,168,24
375,169,2
375,170,3
375,171,24
375,172,1
375,173,2
375,174,3
375,175,7
375,178,8
375,179,4
375,180,2
375,181,4
375,182,1
375,186,6
375,187,1
375,189,11
375,190,2
375,191,4
375,193,1
375,195,9
375,196,5
375,197,3
375,198,6
375,199,5
375,200,8
375,203,1
375,204,10
375,205,2
375,206,4
375,210,2
375,212,11
375,213,8
375,214,1
375,215,2
375,216,8
375,217,10
375,218,5
375,220,5
375,221,6
375,224,17
375,225,2
375,227,1
375,228,1
375,229,20
375,236,3
375,238,3
375,239,1
375,240,2
375,241,14
375,242,1
375,247,7
375,249,5
375,250,4
375,251,13
375,252,5
375,253,3
375,260,1
375,262,1
375,263,1
375,264,11
375,265,2
375,267,3
375,268,2
375,269,1
375,270,4
375,271,4
375,273,4
375,274,5
375,275,1
375,276,3
375,277,5
375,278,1
375,279,4
375,280,4
375,281,1
375,282,1
375,284,5
375,285,12
375,286,32
375,287,1
375,289,5
375,290,1
375,291,1
375,293,2
375,295,3
375,296,1
375,304,6
375,305,1
375,307,1
375,308,3
375,310,5
375,315,4
375,317,1
375,319,1
375,320,12
375,322,1
375,323,5
375,325,1
375,326,2
375,328,2
375,331,6
375,332,3
375,333,2
375,334,1
375,335,14
375,336,3
375,337,4
375,339,1
375,340,2
375,342,2
375,344,1
375,345,9
375,346,4
375,347,3
375,348,2
375,349,3
375,350,6
375,351,1
375,354,2
375,356,13
375,358,2
375,359,7
375,360,1
375,364,1
375,366,31
375,367,1
375,369,5
375,374,1
375,376,1
375,377,2
375,378,4
376,3,1
376,5,5
376,7,30
376,9,1
376,10,3
376,11,3
376,14,4
376,15,3
376,17,5
376,18,8
376,19,4
376,20,1
376,22,2
376,23,1
376,25,1
376,26,1
376,27,2
376,28,2
376,29,3
376,37,4
376,38,1
376,40,2
376,41,1
376,42,8
376,44,4
376,45,1
376,46,5
376,47,4
376,53,3
376,54,1
376,56,3
376,61,17
376,62,51
376,63,1
376,64,7
376,70,1
376,73,18
376,74,6
376,79,1
376,80,4
376,81,18
376,82,20
376,83,11
376,84,1
376,86,2
376,87,1
376,92,1
376,94,5
376,97,5
376,98,5
376,100,1
376,104,21
376,105,20
376,106,6
376,107,25
376,110,1
376,111,1
376,112,3
376,113,5
376,114,10
376,115,2
376,116,7
376,117,1
376,118,2
376,120,1
376,123,5
376,131,1
376,132,1
376,135,4
376,139,3
376,142,6
376,143,8
376,148,29
376,149,28
376,150,41
376,151,3
376,152,21
376,153,5
376,154,6
376,155,3
376,156,4
376,157,1
376,158,2
376,159,1
376,160,1
376,162,23
376,165,5
376,166,4
376,168,47
376,169,3
376,170,21
376,171,38
376,173,6
376,174,16
376,175,12
376,177,2
376,178,7
376,179,14
376,180,14
376,181,9
376,183,2
376,186,4
376,187,1
376,189,11
376,190,3
376,191,3
376,192,2
376,193,1
376,195,7
376,197,9
376,198,9
376,199,4
376,200,19
376,202,1
376,203,8
376,204,17
376,206,14
376,208,1
376,210,6
376,211,7
376,212,7
376,213,5
376,214,7
376,215,3
376,216,3
376,217,18
376,218,4
376,220,22
376,221,5
376,222,2
376,223,4
376,224,24
376,225,11
376,226,1
376,227,2
376,228,2
376,229,24
376,230,10
376,231,2
376,235,4
376,236,1
376,238,15
376,241,20
376,244,3
376,247,8
376,249,1
376,250,12
376,251,18
376,252,7
376,253,2
376,255,5
376,256,1
376,258,1
376,260,1
376,262,6
376,264,9
376,266,1
376,267,1
376,268,1
376,269,2
376,270,7
376,271,2
376,273,7
376,274,3
376,276,10
376,277,4
376,278,1
376,279,2
376,281,5
376,282,2
376,284,9
376,285,16
376,286,37
376,287,4
376,288,2
376,289,6
376,291,3
376,292,1
376,293,1
376,295,6
376,296,2
376,299,3
376,301,2
376,302,1
376,304,3
376,307,1
376,308,3
376,311,1
376,315,3
376,316,1
376,317,1
376,319,3
376,320,22
376,323,3
376,325,1
376,328,10
376,329,3
376,330,1
376,331,3
376,332,9
376,333,13
376,335,2
376,336,5
376,337,2
376,338,1
376,340,6
376,342,1
376,343,2
376,344,1
376,345,3
376,348,3
376,350,1
376,351,1
376,354,3
376,356,53
376,358,3
376,359,3
376,361,2
376,362,1
376,364,1
376,365,2
376,366,38
376,368,2
376,369,7
376,371,1
376,373,2
376,374,3
376,375,6
376,377,1
376,378,9
377,6,2
377,7,21
377,10,6
377,12,1
377,14,6
377,15,6
377,17,1
377,20,4
377,21,1
377,22,3
377,24,1
377,26,1
377,34,4
377,37,7
377,40,4
377,41,3
377,42,8
377,44,4
377,45,1
377,46,5
377,47,1
377,53,1
377,60,2
377,61,4
377,62,34
377,63,1
377,64,5
377,73,13
377,74,4
377,76,1
377,78,1
377,81,11
377,82,20
377,83,15
377,84,2
377,86,3
377,87,2
377,90,1
377,94,8
377,97,2
377,104,18
377,105,13
377,106,5
377,107,16
377,108,1
377,110,2
377,112,3
377,113,5
377,114,14
377,115,1
377,116,16
377,119,2
377,123,2
377,130,2
377,131,1
377,135,1
377,142,8
377,143,5
377,148,9
377,149,22
377,150,54
377,151,1
377,152,7
377,154,2
377,155,1
377,156,2
377,158,1
377,159,1
377,160,1
377,162,3
377,163,1
377,166,1
377,168,32
377,169,3
377,170,3
377,171,26
377,173,3
377,174,5
377,175,8
377,178,8
377,179,2
377,180,2
377,184,1
377,186,5
377,187,1
377,189,8
377,190,2
377,191,3
377,195,7
377,197,2
377,198,6
377,199,4
377,200,7
377,201,2
377,203,3
377,204,9
377,205,2
377,206,12
377,208,1
377,210,4
377,211,2
377,212,3
377,213,5
377,214,12
377,215,11
377,216,6
377,217,7
377,218,5
377,219,1
377,220,20
377,221,2
377,222,2
377,223,1
377,224,19
377,225,3
377,226,2
377,227,1
377,228,1
377,229,11
377,230,1
377,237,1
377,238,7
377,239,1
377,241,6
377,244,1
377,245,1
377,247,3
377,249,5
377,250,2
377,251,13
377,252,3
377,253,2
377,255,5
377,260,2
377,262,4
377,264,6
377,265,4
377,266,2
377,267,1
377,269,1
377,270,14
377,271,4
377,273,4
377,274,3
377,275,1
377,276,5
377,277,6
377,278,1
377,279,1
377,280,1
377,281,4
377,284,10
377,285,7
377,286,20
377,287,1
377,288,1
377,289,8
377,293,2
377,294,1
377,295,1
377,297,1
377,299,1
377,302,7
377,303,2
377,304,4
377,307,1
377,310,7
377,311,1
377,315,3
377,316,1
377,317,5
377,318,1
377,319,3
377,320,17
377,323,4
377,325,2
377,328,3
377,330,2
377,331,3
377,332,4
377,333,4
377,335,5
377,336,4
377,337,4
377,340,5
377,342,3
377,343,2
377,345,4
377,348,1
377,350,1
377,351,1
377,352,2
377,354,2
377,356,27
377,358,4
377,364,1
377,365,2
377,366,38
377,367,1
377,368,3
377,369,6
377,371,1
377,372,1
377,373,2
377,375,2
377,376,7
377,378,8
378,7,17
378,10,1
378,11,2
378,13,1
378,15,3
378,17,1
378,19,4
378,22,3
378,24,6
378,26,4
378,27,2
378,30,1
378,34,4
378,35,1
378,37,1
378,38,1
378,40,3
378,41,2
378,42,8
378,43,2
378,44,3
378,46,3
378,47,4
378,56,4
378,58,2
378,61,14
378,62,35
378,63,13
378,64,2
378,65,1
378,73,2
378,74,1
378,75,1
378,76,1
378,79,1
378,80,1
378,81,6
378,82,7
378,83,5
378,86,2
378,88,1
378,93,1
378,94,4
378,95,1
378,97,1
378,103,3
378,104,8
378,105,3
378,106,4
378,107,3
378,112,1
378,113,3
378,114,9
378,116,13
378,117,1
378,120,1
378,123,1
378,125,1
378,132,1
378,140,1
378,142,6
378,143,4
378,147,1
378,149,4
378,150,34
378,152,6
378,154,1
378,155,3
378,156,1
378,158,1
378,160,1
378,165,5
378,166,3
378,168,14
378,169,1
378,170,2
378,171,11
378,172,1
378,174,2
378,175,11
378,176,1
378,178,9
378,179,4
378,180,6
378,181,2
378,189,3
378,191,1
378,195,3
378,197,6
378,198,1
378,200,16
378,204,7
378,206,1
378,210,1
378,213,3
378,214,1
378,215,1
378,216,1
378,217,5
378,219,1
378,220,4
378,221,7
378,224,4
378,225,8
378,227,2
378,228,3
378,229,6
378,236,1
378,239,3
378,241,6
378,242,2
378,244,1
378,247,1
378,250,4
378,251,5
378,252,4
378,259,1
378,264,9
378,266,1
378,270,1
378,273,9
378,274,3
378,276,2
378,278,1
378,280,1
378,283,3
378,284,1
378,285,5
378,286,14
378,289,5
378,291,2
378,293,1
378,302,1
378,303,3
378,304,2
378,307,1
378,308,2
378,311,2
378,313,2
378,315,2
378,319,3
378,320,6
378,323,3
378,328,2
378,332,1
378,333,2
378,335,8
378,337,4
378,338,2
378,340,2
378,342,2
378,345,6
378,346,2
378,347,2
378,348,2
378,352,1
378,354,1
378,356,11
378,359,4
378,361,1
378,362,1
378,365,5
378,366,18
378,369,6
378,375,1
15324,15324,0
