O,D,Ton
1,2,2
1,5,6
1,7,8
1,8,3
1,9,12
1,11,6
1,12,36
1,13,3
1,14,5
1,15,11
1,16,12
1,17,2
1,18,4
1,19,17
1,20,2
1,21,25
1,22,14
1,23,15
1,24,8
1,25,17
1,26,2
1,27,24
1,28,4
1,29,12
1,30,9
1,31,10
1,32,10
1,33,4
1,34,35
1,35,2
1,36,3
1,38,10
1,40,1
1,41,1
1,43,4
1,44,7
1,45,2
1,46,3
1,47,3
1,49,47
1,51,9
1,52,22
1,53,15
1,54,14
1,55,5
1,56,2
1,57,1
1,58,4
1,59,2
1,60,3
1,61,4
1,63,2
1,66,4
1,68,9
1,69,4
1,70,3
1,72,3
1,73,4
1,74,12
1,75,6
1,76,7
1,77,17
1,78,26
1,79,1
1,80,207
1,81,18
1,82,14
1,83,1
1,85,2
1,86,1
1,87,5
1,88,2
1,89,3
1,90,1
1,91,2
1,92,5
1,94,9
1,95,2
1,96,11
1,97,29
1,98,7
1,99,1
1,100,3
1,101,10
1,102,12
1,104,2
1,105,6
1,106,8
1,107,7
1,108,8
1,109,4
1,110,3
1,111,19
1,112,2
1,114,9
1,115,5
1,116,11
1,118,3
1,119,2
1,120,4
1,122,3
1,123,1
1,126,12
1,127,5
1,128,7
1,130,10
1,131,7
1,132,2
1,134,8
1,135,13
1,136,1
1,137,5
1,138,1
1,139,1
1,140,26
1,141,34
1,142,22
1,144,45
1,145,235
1,146,31
1,147,4
1,148,9
1,149,10
1,150,10
1,151,17
1,152,138
1,153,16
1,154,7
1,155,170
1,156,28
1,157,3
1,158,4
1,159,38
1,160,3
1,162,32
1,163,4
1,164,5
1,165,1
1,166,13
1,167,4
1,168,1
1,169,1
1,170,27
1,171,2
1,173,2
1,175,7
1,177,1
1,179,20
1,180,5
1,181,9
1,182,12
1,183,2
1,184,2
1,185,1
1,186,11
1,187,2
1,188,7
1,190,5
1,192,5
1,193,3
1,194,6
2,12,2
2,13,3
2,14,2
2,15,3
2,18,3
2,19,14
2,22,1
2,25,2
2,27,2
2,28,1
2,30,2
2,31,9
2,32,3
2,33,1
2,34,5
2,35,2
2,36,2
2,37,1
2,38,2
2,39,1
2,43,2
2,44,1
2,48,1
2,49,6
2,51,2
2,52,6
2,53,1
2,55,2
2,58,1
2,59,1
2,61,1
2,63,1
2,69,1
2,71,6
2,72,1
2,73,2
2,74,8
2,75,3
2,76,2
2,77,6
2,78,3
2,79,1
2,80,55
2,81,12
2,82,1
2,87,2
2,88,1
2,89,3
2,91,2
2,94,7
2,96,1
2,97,13
2,98,6
2,103,7
2,105,1
2,106,1
2,107,2
2,110,2
2,111,12
2,114,7
2,116,1
2,119,2
2,122,3
2,123,1
2,126,3
2,127,4
2,128,5
2,130,1
2,131,2
2,132,3
2,135,1
2,137,1
2,140,20
2,141,18
2,142,12
2,143,2
2,144,23
2,145,75
2,146,11
2,147,6
2,148,5
2,150,11
2,152,57
2,153,9
2,154,2
2,155,55
2,156,20
2,157,1
2,158,5
2,159,15
2,162,36
2,163,6
2,164,5
2,165,1
2,167,3
2,168,1
2,169,6
2,170,6
2,171,1
2,173,3
2,175,1
2,179,4
2,180,18
2,181,8
2,182,13
2,183,4
2,184,1
2,189,1
2,191,2
2,192,7
2,194,6
3,2,2
3,8,1
3,12,6
3,13,1
3,14,1
3,18,1
3,21,5
3,24,1
3,25,2
3,27,1
3,30,1
3,31,4
3,32,1
3,33,1
3,34,5
3,35,6
3,40,2
3,43,1
3,45,1
3,49,4
3,51,3
3,53,1
3,55,1
3,64,1
3,73,3
3,74,4
3,77,4
3,78,4
3,79,2
3,80,41
3,82,2
3,87,3
3,88,1
3,90,1
3,92,1
3,93,2
3,94,3
3,96,4
3,97,13
3,101,1
3,102,4
3,109,1
3,112,4
3,115,3
3,116,1
3,120,1
3,124,1
3,127,1
3,130,4
3,131,3
3,132,3
3,135,1
3,139,1
3,140,9
3,141,31
3,142,5
3,144,11
3,145,98
3,146,3
3,148,5
3,149,1
3,150,1
3,152,33
3,153,3
3,154,1
3,155,37
3,156,6
3,158,3
3,159,8
3,161,1
3,162,15
3,163,5
3,165,6
3,167,1
3,168,2
3,170,6
3,172,2
3,173,1
3,175,2
3,177,1
3,178,1
3,179,1
3,180,4
3,182,6
3,183,3
3,186,1
3,188,3
3,189,1
3,190,2
3,193,1
3,194,2
4,1,1
4,5,1
4,7,2
4,8,1
4,9,15
4,11,1
4,12,28
4,14,5
4,15,10
4,17,2
4,18,2
4,19,5
4,21,7
4,22,2
4,23,6
4,24,6
4,25,5
4,27,17
4,28,1
4,29,7
4,31,3
4,32,8
4,33,1
4,34,15
4,35,5
4,37,1
4,38,1
4,40,1
4,42,6
4,43,5
4,44,3
4,47,3
4,49,17
4,50,4
4,51,11
4,52,2
4,53,5
4,54,3
4,55,6
4,58,2
4,59,2
4,60,5
4,61,3
4,63,3
4,65,2
4,66,1
4,67,3
4,71,1
4,72,4
4,73,2
4,74,2
4,76,6
4,77,5
4,78,12
4,79,3
4,80,127
4,81,6
4,82,13
4,83,3
4,87,1
4,88,1
4,89,3
4,91,1
4,92,4
4,93,4
4,94,8
4,96,2
4,97,9
4,98,3
4,99,2
4,101,4
4,102,8
4,104,2
4,105,2
4,106,1
4,109,1
4,110,3
4,111,10
4,112,1
4,114,3
4,115,4
4,117,1
4,119,1
4,120,1
4,121,1
4,123,1
4,124,1
4,127,4
4,128,3
4,130,3
4,131,2
4,132,3
4,134,2
4,137,1
4,138,5
4,140,14
4,141,19
4,142,8
4,144,29
4,145,130
4,146,9
4,147,3
4,148,9
4,149,4
4,151,4
4,152,92
4,153,4
4,154,1
4,155,92
4,156,8
4,157,1
4,159,21
4,160,1
4,161,1
4,162,21
4,163,4
4,164,3
4,165,1
4,166,4
4,167,1
4,168,2
4,170,3
4,171,1
4,172,1
4,173,1
4,175,1
4,176,1
4,177,4
4,179,3
4,180,8
4,181,12
4,182,2
4,183,2
4,184,2
4,186,1
4,187,3
4,188,7
4,192,2
5,4,5
5,6,3
5,7,2
5,8,5
5,9,5
5,12,99
5,13,2
5,14,3
5,15,2
5,16,1
5,17,5
5,18,1
5,19,2
5,21,12
5,23,4
5,25,5
5,26,4
5,27,2
5,28,1
5,29,4
5,31,4
5,32,3
5,33,4
5,34,20
5,35,1
5,36,1
5,43,1
5,44,3
5,45,5
5,47,2
5,49,25
5,51,13
5,52,6
5,53,7
5,55,1
5,57,2
5,59,2
5,60,1
5,61,5
5,65,1
5,67,5
5,68,1
5,69,5
5,70,3
5,71,5
5,74,7
5,75,2
5,76,2
5,77,8
5,78,14
5,79,7
5,80,94
5,81,13
5,82,10
5,83,2
5,84,8
5,85,4
5,87,1
5,88,1
5,92,8
5,93,1
5,94,6
5,95,1
5,96,8
5,97,17
5,98,5
5,101,2
5,103,2
5,106,2
5,107,3
5,108,4
5,109,4
5,110,3
5,111,5
5,116,1
5,118,2
5,119,1
5,120,4
5,122,3
5,123,1
5,124,3
5,125,1
5,126,7
5,127,11
5,128,3
5,130,2
5,131,9
5,132,6
5,135,8
5,136,4
5,137,10
5,138,4
5,140,15
5,141,34
5,142,4
5,143,2
5,144,36
5,145,151
5,146,8
5,147,6
5,148,3
5,151,3
5,152,87
5,153,8
5,155,54
5,156,11
5,157,1
5,158,1
5,159,16
5,162,32
5,163,2
5,164,1
5,165,3
5,166,6
5,167,8
5,168,1
5,169,2
5,170,9
5,171,1
5,172,1
5,173,1
5,174,1
5,175,6
5,176,1
5,177,1
5,179,5
5,180,11
5,181,6
5,182,4
5,183,3
5,184,2
5,186,1
5,187,2
5,190,1
5,191,3
5,192,6
5,194,1
6,1,1
6,4,5
6,5,7
6,7,7
6,9,11
6,10,1
6,11,3
6,12,114
6,15,4
6,16,1
6,18,1
6,19,3
6,21,4
6,22,7
6,23,4
6,25,5
6,26,1
6,27,3
6,28,1
6,31,3
6,32,3
6,34,8
6,35,8
6,36,4
6,37,3
6,42,2
6,44,1
6,45,3
6,46,1
6,49,16
6,51,6
6,52,3
6,53,8
6,55,2
6,58,1
6,61,1
6,62,1
6,68,4
6,69,4
6,70,2
6,72,1
6,74,4
6,76,1
6,77,7
6,78,11
6,79,2
6,80,77
6,81,12
6,82,7
6,84,6
6,85,1
6,88,1
6,91,2
6,93,1
6,94,6
6,95,1
6,96,3
6,97,21
6,100,2
6,101,7
6,102,5
6,103,3
6,104,5
6,105,1
6,106,3
6,107,3
6,108,2
6,110,4
6,111,22
6,113,5
6,115,5
6,116,2
6,117,1
6,118,7
6,119,3
6,120,1
6,121,2
6,122,2
6,123,6
6,124,3
6,126,2
6,127,10
6,128,3
6,129,1
6,130,5
6,131,9
6,132,9
6,135,4
6,136,4
6,140,11
6,141,26
6,142,8
6,144,11
6,145,120
6,146,7
6,147,2
6,148,1
6,152,71
6,153,2
6,154,3
6,155,66
6,156,5
6,157,2
6,158,5
6,159,18
6,160,1
6,162,23
6,163,2
6,164,1
6,166,4
6,167,3
6,169,4
6,170,12
6,171,2
6,173,2
6,175,1
6,176,1
6,179,10
6,180,4
6,181,13
6,182,4
6,183,3
6,185,1
6,186,8
6,188,4
6,189,1
6,191,2
6,192,2
6,193,3
6,194,3
7,1,2
7,6,2
7,8,2
7,9,6
7,12,28
7,15,1
7,17,2
7,19,4
7,21,12
7,23,3
7,24,1
7,25,2
7,26,2
7,29,3
7,31,1
7,32,8
7,33,1
7,34,6
7,35,3
7,36,5
7,43,1
7,47,1
7,49,16
7,51,6
7,52,8
7,53,1
7,55,10
7,58,1
7,60,2
7,63,2
7,64,6
7,68,1
7,69,1
7,72,1
7,73,4
7,75,2
7,77,4
7,78,7
7,79,6
7,80,56
7,81,12
7,82,2
7,83,2
7,84,1
7,87,1
7,89,1
7,94,8
7,97,7
7,98,1
7,100,1
7,101,2
7,102,7
7,103,1
7,109,1
7,111,5
7,113,2
7,114,1
7,115,3
7,116,1
7,117,1
7,118,1
7,119,1
7,120,2
7,124,1
7,126,1
7,127,5
7,128,4
7,129,1
7,130,9
7,131,2
7,132,3
7,135,1
7,137,3
7,138,1
7,140,4
7,141,10
7,142,2
7,144,7
7,145,54
7,146,3
7,147,1
7,148,4
7,149,1
7,151,1
7,152,33
7,153,3
7,155,40
7,156,4
7,158,5
7,159,22
7,162,5
7,164,7
7,170,4
7,171,2
7,173,1
7,176,1
7,177,1
7,179,3
7,182,2
7,186,4
7,190,1
7,192,1
7,193,1
8,1,1
8,4,8
8,7,8
8,9,12
8,10,1
8,11,4
8,12,29
8,13,1
8,14,7
8,15,8
8,16,1
8,17,4
8,18,1
8,19,5
8,21,9
8,22,17
8,23,5
8,24,1
8,25,15
8,27,11
8,28,11
8,29,8
8,30,9
8,31,5
8,32,11
8,33,7
8,34,18
8,35,4
8,36,3
8,38,5
8,42,2
8,43,2
8,44,4
8,45,18
8,47,4
8,48,11
8,49,33
8,50,1
8,51,14
8,52,8
8,53,8
8,54,13
8,55,1
8,56,3
8,60,1
8,61,7
8,62,9
8,63,1
8,65,4
8,66,7
8,67,1
8,68,6
8,69,2
8,70,3
8,71,10
8,72,4
8,73,6
8,74,19
8,75,8
8,76,11
8,77,1
8,78,33
8,80,192
8,81,21
8,82,21
8,83,5
8,84,10
8,86,4
8,87,8
8,88,7
8,89,14
8,90,2
8,91,3
8,92,9
8,93,1
8,94,13
8,95,6
8,96,8
8,97,59
8,98,20
8,99,12
8,101,15
8,102,19
8,103,3
8,104,4
8,105,2
8,106,6
8,107,6
8,108,2
8,110,2
8,111,18
8,112,10
8,114,5
8,115,6
8,116,2
8,117,1
8,118,2
8,119,2
8,120,3
8,121,4
8,122,4
8,123,1
8,124,4
8,126,11
8,127,19
8,128,6
8,129,1
8,130,10
8,131,11
8,132,26
8,134,6
8,135,12
8,136,4
8,137,5
8,138,16
8,140,50
8,141,40
8,142,19
8,143,13
8,144,52
8,145,234
8,146,26
8,147,5
8,148,12
8,149,14
8,150,12
8,151,26
8,152,142
8,153,14
8,154,8
8,155,131
8,156,29
8,157,5
8,158,19
8,159,60
8,160,9
8,161,3
8,162,53
8,163,6
8,164,9
8,165,8
8,166,17
8,167,12
8,168,1
8,169,5
8,170,38
8,171,1
8,172,4
8,173,9
8,174,4
8,175,16
8,176,7
8,177,3
8,178,1
8,179,29
8,180,36
8,181,23
8,182,14
8,183,10
8,184,1
8,185,6
8,186,3
8,187,4
8,188,4
8,189,1
8,192,4
8,193,4
8,194,8
9,1,1
9,4,2
9,5,2
9,6,2
9,7,6
9,8,4
9,11,1
9,12,43
9,13,2
9,14,2
9,15,4
9,16,2
9,17,1
9,18,1
9,21,17
9,23,6
9,24,2
9,25,10
9,27,13
9,28,4
9,29,6
9,30,8
9,31,3
9,32,5
9,34,23
9,35,12
9,36,8
9,38,2
9,39,1
9,43,3
9,44,3
9,45,1
9,46,1
9,48,3
9,49,40
9,51,19
9,52,14
9,53,24
9,54,7
9,55,4
9,57,3
9,58,1
9,60,2
9,61,2
9,63,2
9,64,2
9,65,2
9,67,3
9,68,2
9,69,2
9,70,2
9,71,5
9,73,4
9,74,8
9,75,5
9,76,7
9,77,19
9,78,47
9,79,1
9,80,177
9,81,11
9,82,7
9,83,1
9,84,2
9,85,3
9,86,2
9,88,3
9,89,2
9,92,3
9,94,11
9,95,1
9,96,1
9,97,38
9,98,4
9,100,1
9,101,10
9,102,10
9,103,5
9,104,1
9,105,4
9,106,3
9,107,9
9,108,14
9,109,5
9,110,6
9,111,10
9,112,1
9,113,6
9,114,3
9,115,6
9,118,3
9,119,4
9,120,5
9,121,2
9,122,3
9,123,2
9,126,8
9,127,5
9,129,1
9,130,2
9,131,5
9,132,12
9,133,1
9,134,1
9,135,7
9,136,2
9,137,1
9,138,1
9,139,1
9,140,23
9,141,49
9,142,16
9,143,2
9,144,49
9,145,283
9,146,10
9,147,5
9,148,6
9,149,16
9,150,2
9,151,8
9,152,192
9,153,17
9,154,5
9,155,117
9,156,18
9,157,3
9,158,5
9,159,34
9,160,5
9,161,6
9,162,29
9,163,6
9,164,5
9,165,1
9,166,5
9,167,2
9,169,5
9,170,23
9,171,4
9,172,3
9,173,2
9,175,8
9,176,2
9,177,1
9,178,2
9,179,9
9,180,13
9,181,5
9,182,4
9,183,1
9,184,1
9,185,7
9,186,6
9,187,3
9,188,9
9,190,2
9,191,1
9,192,6
9,193,6
9,194,1
10,1,2
10,5,2
10,7,10
10,9,6
10,11,1
10,12,36
10,14,6
10,15,1
10,16,3
10,17,3
10,18,1
10,19,6
10,20,2
10,21,7
10,23,3
10,25,1
10,26,1
10,27,2
10,28,3
10,29,6
10,30,3
10,31,5
10,32,10
10,33,5
10,34,26
10,35,4
10,36,5
10,42,2
10,43,1
10,44,3
10,46,1
10,48,2
10,49,22
10,51,10
10,52,10
10,53,9
10,54,5
10,55,4
10,56,1
10,58,3
10,59,3
10,60,2
10,61,2
10,64,1
10,65,7
10,66,6
10,67,3
10,68,3
10,69,4
10,70,1
10,73,7
10,74,4
10,75,2
10,76,2
10,77,5
10,78,14
10,79,2
10,80,119
10,81,2
10,82,11
10,83,1
10,84,4
10,87,1
10,88,6
10,89,2
10,92,1
10,94,4
10,95,6
10,96,3
10,97,16
10,98,4
10,101,3
10,103,5
10,105,1
10,107,1
10,110,5
10,111,9
10,112,2
10,114,6
10,115,3
10,116,3
10,118,7
10,119,2
10,120,2
10,121,1
10,122,3
10,123,3
10,124,2
10,126,1
10,127,2
10,128,12
10,130,6
10,131,9
10,132,5
10,133,3
10,135,7
10,137,3
10,140,12
10,141,13
10,142,6
10,144,35
10,145,138
10,146,25
10,147,1
10,148,4
10,149,6
10,150,4
10,151,5
10,152,108
10,153,18
10,154,2
10,155,118
10,156,11
10,157,1
10,158,1
10,159,24
10,160,4
10,161,1
10,162,25
10,163,1
10,164,7
10,165,5
10,166,11
10,167,5
10,169,1
10,170,29
10,171,6
10,175,11
10,176,1
10,177,1
10,179,10
10,180,8
10,181,8
10,182,6
10,183,1
10,185,2
10,186,5
10,187,1
10,188,4
10,189,1
10,192,5
10,193,1
10,194,3
11,1,3
11,2,3
11,4,4
11,5,5
11,7,2
11,8,3
11,9,3
11,10,4
11,12,53
11,13,8
11,14,7
11,15,5
11,16,6
11,17,5
11,18,3
11,19,5
11,20,1
11,21,14
11,22,3
11,23,8
11,24,3
11,25,15
11,26,10
11,27,4
11,28,6
11,29,11
11,30,6
11,31,5
11,32,10
11,33,7
11,34,12
11,35,8
11,36,9
11,38,3
11,43,3
11,44,4
11,45,2
11,46,1
11,47,2
11,48,3
11,49,22
11,51,19
11,52,12
11,53,13
11,54,11
11,55,1
11,58,5
11,59,8
11,60,8
11,61,1
11,63,3
11,64,2
11,65,5
11,66,13
11,67,3
11,68,3
11,69,8
11,71,6
11,72,4
11,73,4
11,74,11
11,75,1
11,76,9
11,77,12
11,78,35
11,79,2
11,80,189
11,81,22
11,82,10
11,83,1
11,85,5
11,86,9
11,88,8
11,89,5
11,90,3
11,91,2
11,93,1
11,94,19
11,95,5
11,96,3
11,97,24
11,98,19
11,99,2
11,101,6
11,102,13
11,104,1
11,105,3
11,106,4
11,107,5
11,108,1
11,109,3
11,110,3
11,111,19
11,112,3
11,113,4
11,114,4
11,115,4
11,116,1
11,118,2
11,119,3
11,120,1
11,121,4
11,122,2
11,123,7
11,124,4
11,126,6
11,127,9
11,128,4
11,129,1
11,130,9
11,131,15
11,132,8
11,133,1
11,134,1
11,135,7
11,136,6
11,137,4
11,138,4
11,139,1
11,140,29
11,141,22
11,142,11
11,143,2
11,144,39
11,145,213
11,146,26
11,147,6
11,148,13
11,149,16
11,150,4
11,151,11
11,152,154
11,153,14
11,154,5
11,155,152
11,156,18
11,157,2
11,158,15
11,159,46
11,160,14
11,161,7
11,162,39
11,163,13
11,164,8
11,165,10
11,166,1
11,167,8
11,168,4
11,169,6
11,170,22
11,171,3
11,172,2
11,174,1
11,175,13
11,176,6
11,178,4
11,179,14
11,180,20
11,181,9
11,182,15
11,183,7
11,184,1
11,185,1
11,186,4
11,187,3
11,188,9
11,190,2
11,192,4
11,193,2
11,194,7
12,4,1
12,6,1
12,7,1
12,8,1
12,13,1
12,15,1
12,16,2
12,17,1
12,19,3
12,22,2
12,24,1
12,27,1
12,31,2
12,32,1
12,34,2
12,35,1
12,36,4
12,43,6
12,45,1
12,51,1
12,52,2
12,53,5
12,57,1
12,60,1
12,66,1
12,68,1
12,69,2
12,71,3
12,72,1
12,74,1
12,75,3
12,76,1
12,78,11
12,80,22
12,81,6
12,82,1
12,83,1
12,85,2
12,86,1
12,93,2
12,94,1
12,96,2
12,97,1
12,98,2
12,100,3
12,101,1
12,102,4
12,104,1
12,107,1
12,109,2
12,110,5
12,111,6
12,112,1
12,113,1
12,117,1
12,118,1
12,120,5
12,127,3
12,130,2
12,131,3
12,132,2
12,135,6
12,137,2
12,140,5
12,141,3
12,142,4
12,144,7
12,145,37
12,146,7
12,147,3
12,152,28
12,154,1
12,155,21
12,156,3
12,159,6
12,163,1
12,164,1
12,169,2
12,171,1
12,173,6
12,178,3
12,179,5
12,180,6
12,182,2
12,183,3
12,185,4
12,186,2
12,188,1
12,192,7
12,194,2
13,1,6
13,2,1
13,4,1
13,5,6
13,7,8
13,8,6
13,9,4
13,11,1
13,12,12
13,14,8
13,15,5
13,16,12
13,17,6
13,18,1
13,19,6
13,21,15
13,22,18
13,23,8
13,24,1
13,25,21
13,27,20
13,28,12
13,29,6
13,30,3
13,31,14
13,32,9
13,33,1
13,34,41
13,35,11
13,36,9
13,37,1
13,38,2
13,39,1
13,40,2
13,43,3
13,44,6
13,45,2
13,49,58
13,50,4
13,51,7
13,52,19
13,53,7
13,54,14
13,56,1
13,58,2
13,59,4
13,60,14
13,61,9
13,63,2
13,65,2
13,66,2
13,67,1
13,68,11
13,69,9
13,70,2
13,71,3
13,72,2
13,73,1
13,74,5
13,75,1
13,76,3
13,77,7
13,78,39
13,79,8
13,80,190
13,81,5
13,82,17
13,83,2
13,85,2
13,87,1
13,88,4
13,89,5
13,92,3
13,94,9
13,95,1
13,96,5
13,97,21
13,98,7
13,99,6
13,101,13
13,102,9
13,103,5
13,104,3
13,105,3
13,106,5
13,107,13
13,108,1
13,110,15
13,111,16
13,112,1
13,113,4
13,114,8
13,115,7
13,116,4
13,118,1
13,119,2
13,120,6
13,122,2
13,124,1
13,126,11
13,127,21
13,128,9
13,129,2
13,130,10
13,131,11
13,132,5
13,133,1
13,134,1
13,135,8
13,136,9
13,137,3
13,138,1
13,140,45
13,141,31
13,142,4
13,143,1
13,144,67
13,145,312
13,146,11
13,147,7
13,148,4
13,149,27
13,150,4
13,151,10
13,152,196
13,153,24
13,154,10
13,155,119
13,156,18
13,158,1
13,159,45
13,160,1
13,162,45
13,163,5
13,164,5
13,165,7
13,166,8
13,167,9
13,168,2
13,169,2
13,170,22
13,171,6
13,173,2
13,175,3
13,176,3
13,179,14
13,180,19
13,181,15
13,182,11
13,183,6
13,185,1
13,186,7
13,187,1
13,188,12
13,190,1
13,191,2
13,192,4
13,193,2
14,1,13
14,4,6
14,5,1
14,6,2
14,7,7
14,8,2
14,9,9
14,11,5
14,12,37
14,13,13
14,15,18
14,16,10
14,17,11
14,18,5
14,19,5
14,20,2
14,21,20
14,22,6
14,23,16
14,24,1
14,25,20
14,26,3
14,27,27
14,28,15
14,29,14
14,30,24
14,31,21
14,32,17
14,33,8
14,34,44
14,35,12
14,36,15
14,37,3
14,38,10
14,43,2
14,44,4
14,47,1
14,48,1
14,49,66
14,51,20
14,52,9
14,53,9
14,54,11
14,55,7
14,56,1
14,57,2
14,58,6
14,59,1
14,60,4
14,61,10
14,63,6
14,64,4
14,65,1
14,66,2
14,67,2
14,68,5
14,69,9
14,70,2
14,71,1
14,72,9
14,73,4
14,74,20
14,75,2
14,76,6
14,77,7
14,78,51
14,79,9
14,80,269
14,81,13
14,82,14
14,84,5
14,85,2
14,86,4
14,87,3
14,88,8
14,89,4
14,91,3
14,92,2
14,93,1
14,94,22
14,95,1
14,96,10
14,97,46
14,98,4
14,99,1
14,100,1
14,101,16
14,102,16
14,103,2
14,104,5
14,105,3
14,106,12
14,107,6
14,108,6
14,110,3
14,111,23
14,112,2
14,113,2
14,114,6
14,115,5
14,116,12
14,118,3
14,119,1
14,120,5
14,121,9
14,124,1
14,126,11
14,127,8
14,128,9
14,129,2
14,130,4
14,131,16
14,132,8
14,135,19
14,136,5
14,137,15
14,138,2
14,139,1
14,140,34
14,141,61
14,142,14
14,143,2
14,144,40
14,145,282
14,146,28
14,147,3
14,148,15
14,149,19
14,150,4
14,151,22
14,152,217
14,153,20
14,154,1
14,155,183
14,156,33
14,158,7
14,159,51
14,160,7
14,161,6
14,162,55
14,163,3
14,164,3
14,165,5
14,166,5
14,167,9
14,168,5
14,169,2
14,170,37
14,171,2
14,173,3
14,174,1
14,175,10
14,176,4
14,178,1
14,179,25
14,180,23
14,181,17
14,182,11
14,183,4
14,184,2
14,185,6
14,186,3
14,187,12
14,188,9
14,190,1
14,191,1
14,192,10
14,193,5
15,1,17
15,4,6
15,7,12
15,9,6
15,12,35
15,13,12
15,14,8
15,16,26
15,17,7
15,18,3
15,19,7
15,21,14
15,22,6
15,23,9
15,24,11
15,25,6
15,26,3
15,27,14
15,28,5
15,29,2
15,30,16
15,31,9
15,32,11
15,33,1
15,34,19
15,35,3
15,36,9
15,37,3
15,38,1
15,43,1
15,44,2
15,45,2
15,47,2
15,49,33
15,51,16
15,52,20
15,53,7
15,54,13
15,55,6
15,56,2
15,58,2
15,59,1
15,60,10
15,61,4
15,62,3
15,63,4
15,64,1
15,66,4
15,67,1
15,68,3
15,69,2
15,70,1
15,71,2
15,72,7
15,73,5
15,74,5
15,75,1
15,77,8
15,78,38
15,79,5
15,80,181
15,81,10
15,82,17
15,83,1
15,86,1
15,88,3
15,92,4
15,94,16
15,96,2
15,97,21
15,98,2
15,101,11
15,102,13
15,103,3
15,104,8
15,105,1
15,106,4
15,107,12
15,108,2
15,109,6
15,110,6
15,111,8
15,112,1
15,113,3
15,114,6
15,115,6
15,116,1
15,118,2
15,119,1
15,120,7
15,121,3
15,122,3
15,123,1
15,124,5
15,126,1
15,127,7
15,128,3
15,130,9
15,131,21
15,132,6
15,133,1
15,134,1
15,135,19
15,136,11
15,137,1
15,140,44
15,141,36
15,142,17
15,143,1
15,144,22
15,145,210
15,146,21
15,147,3
15,148,9
15,149,5
15,150,6
15,151,8
15,152,136
15,153,14
15,154,2
15,155,112
15,156,8
15,157,1
15,158,4
15,159,41
15,160,5
15,161,2
15,162,33
15,163,6
15,164,9
15,165,2
15,166,11
15,167,6
15,168,6
15,169,2
15,170,32
15,171,6
15,172,1
15,173,3
15,175,3
15,176,2
15,177,1
15,178,1
15,179,8
15,180,14
15,181,9
15,182,6
15,183,8
15,184,1
15,185,2
15,186,3
15,187,1
15,188,6
15,192,4
15,193,1
16,1,2
16,2,2
16,4,2
16,7,2
16,8,6
16,9,2
16,11,2
16,12,28
16,13,1
16,14,19
16,15,2
16,17,7
16,18,1
16,19,12
16,20,1
16,21,19
16,22,20
16,23,5
16,24,2
16,25,4
16,26,1
16,27,9
16,28,5
16,29,9
16,30,3
16,31,4
16,32,7
16,33,3
16,34,23
16,35,6
16,36,9
16,37,2
16,38,10
16,39,1
16,41,1
16,42,2
16,43,1
16,44,5
16,49,28
16,50,2
16,51,16
16,52,19
16,53,16
16,54,7
16,55,7
16,56,2
16,57,2
16,58,3
16,60,5
16,61,7
16,63,5
16,65,2
16,66,2
16,67,1
16,68,6
16,69,3
16,70,3
16,71,6
16,72,10
16,74,18
16,76,2
16,77,7
16,78,37
16,79,2
16,80,135
16,81,13
16,82,18
16,83,5
16,84,2
16,85,7
16,86,1
16,87,2
16,88,1
16,89,4
16,91,1
16,92,1
16,94,16
16,95,2
16,96,5
16,97,29
16,98,2
16,101,18
16,102,6
16,103,5
16,104,5
16,105,2
16,106,3
16,107,13
16,108,2
16,109,4
16,110,6
16,111,14
16,112,1
16,113,1
16,114,10
16,115,5
16,116,5
16,117,1
16,118,1
16,119,1
16,120,5
16,121,2
16,125,1
16,126,7
16,127,4
16,128,9
16,129,1
16,130,14
16,131,14
16,132,5
16,134,1
16,135,14
16,136,7
16,137,3
16,138,3
16,140,26
16,141,43
16,142,21
16,144,43
16,145,197
16,146,19
16,147,7
16,148,6
16,149,8
16,150,5
16,152,136
16,153,12
16,154,2
16,155,87
16,156,15
16,157,5
16,158,5
16,159,37
16,160,3
16,161,2
16,162,35
16,163,15
16,164,4
16,165,15
16,166,8
16,167,10
16,168,1
16,169,3
16,170,24
16,171,4
16,174,1
16,175,6
16,176,5
16,177,4
16,178,3
16,179,10
16,180,12
16,181,11
16,182,11
16,185,9
16,186,3
16,187,2
16,188,7
16,191,2
16,192,2
16,193,6
16,194,1
17,1,5
17,5,1
17,6,3
17,7,7
17,8,1
17,9,2
17,10,3
17,11,1
17,12,16
17,13,4
17,14,4
17,15,3
17,16,4
17,18,4
17,19,10
17,21,8
17,22,12
17,23,3
17,24,4
17,25,8
17,27,4
17,28,2
17,29,5
17,30,5
17,31,14
17,32,12
17,33,5
17,34,22
17,35,8
17,36,5
17,38,3
17,43,1
17,46,3
17,47,2
17,49,22
17,50,3
17,51,4
17,52,18
17,53,1
17,54,5
17,55,16
17,56,2
17,58,2
17,59,1
17,60,5
17,61,5
17,63,1
17,65,1
17,68,7
17,69,6
17,70,1
17,71,4
17,72,2
17,73,5
17,74,6
17,75,1
17,76,16
17,77,9
17,78,40
17,79,1
17,80,125
17,81,10
17,82,16
17,83,1
17,85,1
17,86,2
17,87,1
17,89,2
17,92,2
17,93,4
17,94,8
17,95,1
17,96,7
17,97,29
17,98,1
17,100,2
17,101,16
17,102,19
17,103,3
17,104,3
17,105,2
17,106,5
17,107,7
17,108,5
17,109,5
17,110,5
17,111,7
17,112,1
17,114,5
17,118,1
17,119,1
17,121,2
17,122,1
17,125,1
17,126,14
17,127,15
17,128,7
17,129,3
17,130,7
17,131,3
17,132,4
17,134,1
17,135,12
17,136,7
17,140,16
17,141,27
17,142,15
17,144,24
17,145,216
17,146,6
17,147,5
17,148,8
17,149,11
17,150,4
17,151,7
17,152,151
17,153,5
17,154,2
17,155,66
17,156,9
17,157,4
17,158,1
17,159,33
17,160,1
17,161,1
17,162,30
17,163,9
17,164,1
17,165,5
17,166,8
17,167,2
17,169,5
17,170,18
17,172,4
17,175,3
17,176,2
17,177,2
17,178,3
17,179,4
17,180,7
17,181,2
17,182,6
17,183,4
17,184,1
17,185,3
17,186,2
17,187,2
17,188,1
17,190,2
17,191,1
17,192,2
17,193,1
18,1,3
18,5,1
18,8,5
18,9,3
18,10,1
18,12,19
18,13,1
18,15,2
18,16,5
18,17,2
18,19,24
18,20,4
18,21,17
18,22,10
18,23,6
18,24,2
18,25,3
18,26,1
18,27,8
18,29,3
18,30,2
18,31,20
18,32,11
18,33,7
18,34,34
18,35,12
18,36,3
18,37,2
18,38,2
18,41,1
18,43,3
18,44,3
18,49,29
18,51,7
18,52,11
18,53,2
18,54,7
18,55,8
18,56,1
18,57,2
18,58,1
18,60,12
18,61,9
18,63,2
18,64,7
18,65,2
18,66,2
18,68,7
18,69,4
18,71,2
18,72,2
18,73,7
18,74,10
18,75,2
18,76,6
18,77,7
18,78,53
18,79,2
18,80,87
18,81,7
18,82,6
18,83,6
18,85,3
18,87,1
18,89,2
18,90,1
18,91,1
18,93,3
18,94,6
18,96,3
18,97,12
18,99,4
18,101,18
18,102,22
18,103,2
18,104,1
18,106,3
18,107,8
18,108,11
18,109,7
18,110,8
18,111,16
18,114,7
18,115,2
18,117,1
18,120,1
18,121,2
18,125,1
18,126,5
18,127,4
18,128,8
18,129,2
18,130,4
18,131,9
18,132,4
18,135,2
18,136,11
18,140,8
18,141,30
18,142,5
18,144,20
18,145,157
18,146,8
18,147,1
18,148,4
18,149,9
18,150,5
18,151,6
18,152,113
18,153,5
18,154,5
18,155,47
18,156,13
18,157,1
18,158,3
18,159,25
18,160,1
18,161,2
18,162,28
18,163,6
18,164,3
18,165,7
18,166,5
18,167,9
18,168,1
18,170,12
18,171,3
18,173,2
18,175,2
18,176,3
18,177,5
18,179,3
18,180,14
18,181,13
18,182,8
18,183,1
18,184,2
18,185,4
18,186,8
18,187,2
18,188,5
18,192,3
18,193,1
18,194,2
19,1,1
19,4,1
19,5,1
19,6,1
19,7,3
19,8,2
19,9,8
19,11,1
19,12,36
19,13,8
19,15,3
19,16,7
19,17,13
19,18,8
19,20,5
19,21,22
19,22,10
19,23,10
19,24,7
19,25,3
19,26,3
19,27,12
19,29,10
19,30,7
19,31,33
19,32,10
19,33,4
19,34,42
19,35,13
19,36,6
19,37,1
19,38,3
19,40,2
19,41,1
19,42,1
19,43,5
19,44,1
19,46,1
19,47,2
19,49,40
19,51,13
19,52,25
19,53,5
19,54,4
19,55,14
19,56,4
19,57,1
19,60,15
19,61,10
19,63,3
19,64,2
19,65,4
19,66,2
19,68,12
19,69,11
19,70,1
19,71,8
19,72,3
19,73,5
19,74,16
19,75,2
19,76,13
19,77,11
19,78,56
19,79,5
19,80,172
19,81,21
19,82,24
19,83,3
19,84,3
19,85,4
19,87,5
19,88,3
19,89,1
19,92,3
19,93,5
19,94,15
19,95,2
19,96,2
19,97,21
19,98,2
19,99,3
19,100,5
19,101,11
19,102,27
19,103,17
19,105,3
19,106,10
19,107,23
19,108,12
19,109,5
19,110,4
19,111,22
19,112,1
19,113,3
19,114,6
19,115,4
19,116,4
19,117,3
19,120,2
19,121,1
19,126,8
19,127,15
19,128,12
19,131,14
19,132,1
19,134,1
19,135,8
19,136,4
19,137,2
19,138,2
19,140,28
19,141,29
19,142,17
19,143,1
19,144,35
19,145,242
19,146,15
19,147,6
19,148,15
19,149,10
19,150,2
19,151,12
19,152,206
19,153,20
19,154,4
19,155,122
19,156,25
19,158,4
19,159,42
19,160,3
19,161,4
19,162,69
19,163,4
19,164,11
19,165,2
19,166,7
19,167,7
19,169,1
19,170,30
19,171,3
19,173,1
19,174,1
19,175,9
19,176,8
19,179,11
19,180,11
19,181,8
19,182,8
19,183,5
19,185,1
19,186,10
19,188,4
19,190,1
19,192,1
19,193,4
20,2,1
20,5,1
20,6,3
20,7,6
20,8,3
20,9,8
20,12,23
20,13,1
20,14,1
20,15,2
20,16,2
20,17,9
20,18,2
20,19,12
20,21,31
20,22,11
20,23,9
20,25,7
20,27,1
20,28,1
20,29,1
20,30,1
20,31,19
20,32,10
20,33,1
20,34,31
20,35,5
20,36,3
20,38,6
20,44,2
20,45,2
20,47,1
20,48,1
20,49,23
20,50,1
20,51,14
20,52,10
20,53,6
20,54,18
20,55,9
20,56,4
20,60,4
20,61,1
20,63,4
20,65,1
20,68,8
20,70,1
20,71,1
20,72,5
20,73,2
20,74,1
20,75,1
20,76,9
20,77,10
20,78,31
20,79,1
20,80,111
20,82,6
20,83,2
20,85,2
20,87,1
20,88,3
20,89,1
20,92,1
20,94,10
20,95,1
20,96,2
20,97,10
20,98,1
20,100,5
20,101,4
20,102,7
20,103,4
20,104,4
20,105,3
20,106,8
20,107,4
20,108,4
20,109,4
20,110,3
20,111,9
20,113,4
20,114,3
20,115,6
20,116,1
20,117,2
20,118,2
20,119,1
20,121,5
20,126,8
20,127,2
20,128,4
20,130,3
20,131,8
20,133,1
20,134,2
20,136,5
20,137,1
20,138,4
20,139,1
20,140,7
20,141,33
20,142,3
20,143,5
20,144,17
20,145,154
20,146,10
20,148,9
20,149,7
20,150,3
20,151,5
20,152,126
20,153,9
20,154,6
20,155,64
20,156,4
20,159,25
20,160,1
20,161,3
20,162,37
20,163,3
20,164,3
20,165,5
20,166,3
20,167,5
20,168,1
20,170,19
20,173,2
20,175,5
20,176,2
20,178,2
20,179,10
20,180,18
20,181,10
20,182,3
20,183,2
20,185,1
20,186,5
20,188,1
20,191,2
20,192,6
20,193,4
20,194,1
21,4,1
21,9,1
21,12,1
21,15,1
21,17,1
21,22,1
21,27,2
21,38,1
21,49,3
21,69,1
21,72,1
21,74,1
21,77,3
21,78,3
21,79,1
21,80,10
21,82,1
21,85,1
21,87,1
21,93,1
21,100,1
21,108,1
21,110,1
21,112,1
21,122,1
21,133,1
21,137,1
21,142,1
21,144,1
21,145,13
21,146,1
21,148,1
21,151,1
21,152,15
21,153,1
21,155,3
21,158,1
21,159,1
21,162,2
21,163,4
21,175,1
21,182,1
22,5,1
22,8,1
22,12,1
22,13,1
22,14,1
22,21,1
22,35,1
22,45,1
22,46,1
22,49,3
22,51,2
22,52,1
22,58,1
22,74,1
22,80,9
22,81,1
22,89,1
22,109,1
22,110,1
22,111,1
22,115,1
22,130,1
22,140,1
22,141,1
22,142,1
22,144,2
22,145,11
22,146,2
22,152,5
22,155,4
22,156,2
22,158,1
22,159,1
22,160,1
22,162,3
22,166,1
22,175,1
22,180,1
22,187,1
22,192,1
22,193,2
23,1,1
23,6,3
23,7,1
23,9,6
23,11,1
23,12,26
23,13,1
23,14,1
23,15,6
23,16,5
23,17,5
23,18,4
23,19,6
23,21,5
23,22,6
23,24,6
23,25,27
23,26,4
23,27,11
23,28,3
23,29,14
23,30,6
23,31,8
23,32,2
23,33,4
23,34,13
23,35,7
23,36,4
23,37,2
23,38,1
23,43,5
23,48,1
23,49,32
23,50,2
23,51,6
23,52,5
23,53,14
23,54,7
23,55,1
23,56,1
23,57,4
23,58,4
23,60,9
23,63,13
23,64,2
23,65,3
23,66,5
23,68,4
23,69,2
23,70,1
23,71,2
23,72,2
23,73,2
23,74,3
23,76,4
23,77,5
23,78,44
23,79,2
23,80,121
23,81,15
23,82,6
23,83,2
23,84,1
23,85,1
23,87,5
23,89,3
23,91,1
23,92,1
23,93,1
23,94,13
23,96,3
23,97,9
23,98,1
23,99,1
23,101,5
23,102,5
23,103,6
23,104,2
23,106,3
23,107,8
23,108,1
23,109,5
23,110,4
23,111,4
23,114,8
23,115,4
23,116,1
23,119,2
23,120,3
23,121,2
23,126,5
23,127,5
23,128,7
23,130,8
23,131,13
23,133,1
23,135,3
23,136,2
23,137,2
23,140,24
23,141,24
23,142,13
23,143,2
23,144,17
23,145,178
23,146,14
23,147,4
23,148,9
23,149,7
23,150,5
23,151,19
23,152,108
23,153,20
23,154,4
23,155,104
23,156,19
23,157,1
23,159,36
23,160,1
23,161,2
23,162,29
23,163,4
23,164,3
23,165,5
23,167,5
23,168,1
23,169,1
23,170,16
23,171,4
23,173,1
23,174,3
23,176,2
23,177,4
23,179,5
23,180,11
23,181,15
23,182,10
23,183,3
23,185,2
23,186,8
23,187,1
23,188,6
23,192,1
23,193,5
24,1,4
24,5,3
24,6,2
24,7,5
24,8,3
24,9,1
24,11,2
24,12,37
24,13,5
24,14,9
24,15,7
24,16,7
24,17,2
24,18,5
24,19,9
24,21,7
24,22,3
24,23,20
24,25,14
24,27,7
24,28,3
24,29,18
24,30,9
24,31,6
24,32,13
24,33,3
24,34,15
24,35,2
24,36,5
24,38,5
24,42,3
24,43,4
24,44,5
24,45,3
24,49,22
24,50,2
24,51,13
24,52,14
24,53,14
24,54,16
24,55,6
24,56,2
24,57,1
24,58,1
24,60,1
24,61,3
24,62,2
24,63,7
24,64,1
24,65,1
24,66,6
24,67,1
24,68,5
24,69,6
24,70,1
24,71,2
24,72,3
24,73,1
24,74,16
24,75,4
24,76,7
24,77,9
24,78,25
24,79,3
24,80,127
24,81,17
24,82,6
24,83,1
24,85,2
24,88,5
24,89,2
24,90,3
24,91,1
24,94,12
24,96,15
24,97,24
24,98,1
24,101,16
24,102,9
24,103,5
24,104,4
24,105,1
24,106,4
24,107,9
24,109,3
24,110,2
24,111,13
24,112,1
24,113,3
24,114,3
24,115,4
24,116,6
24,117,2
24,118,4
24,119,2
24,120,3
24,121,1
24,124,1
24,126,9
24,127,3
24,128,8
24,129,1
24,130,5
24,131,4
24,132,5
24,133,5
24,134,3
24,135,10
24,136,1
24,137,2
24,140,22
24,141,33
24,142,14
24,143,3
24,144,33
24,145,218
24,146,10
24,148,7
24,149,12
24,150,3
24,151,9
24,152,139
24,153,18
24,154,6
24,155,117
24,156,21
24,158,6
24,159,35
24,160,3
24,162,31
24,163,3
24,164,2
24,165,4
24,166,2
24,167,5
24,168,1
24,170,21
24,171,2
24,175,10
24,176,2
24,178,3
24,179,4
24,180,10
24,181,2
24,182,1
24,183,7
24,184,1
24,185,1
24,186,7
24,187,3
24,188,3
24,190,2
24,191,2
24,192,1
24,193,4
25,1,8
25,2,1
25,4,3
25,5,6
25,7,6
25,8,3
25,9,13
25,10,2
25,11,1
25,12,49
25,13,10
25,14,3
25,15,4
25,16,5
25,17,3
25,18,3
25,19,17
25,20,2
25,21,27
25,22,11
25,23,15
25,24,8
25,26,1
25,27,31
25,28,1
25,29,15
25,30,4
25,31,19
25,32,18
25,33,5
25,34,35
25,35,7
25,36,13
25,38,9
25,40,1
25,42,2
25,43,2
25,44,3
25,45,3
25,46,1
25,47,2
25,48,1
25,49,44
25,50,1
25,51,17
25,52,17
25,53,20
25,54,18
25,55,4
25,57,4
25,58,7
25,59,3
25,60,2
25,61,5
25,62,3
25,63,4
25,64,5
25,65,2
25,66,1
25,67,2
25,68,6
25,69,6
25,70,6
25,71,1
25,72,5
25,73,3
25,74,9
25,75,2
25,76,4
25,77,6
25,78,50
25,79,1
25,80,250
25,81,17
25,82,29
25,83,1
25,84,1
25,85,6
25,88,7
25,89,4
25,92,2
25,93,1
25,94,24
25,95,2
25,96,6
25,97,32
25,98,3
25,99,5
25,100,2
25,101,6
25,102,16
25,103,3
25,104,6
25,105,6
25,106,2
25,107,8
25,108,4
25,110,1
25,111,18
25,112,1
25,114,12
25,115,5
25,116,11
25,118,8
25,119,2
25,120,8
25,121,3
25,122,2
25,126,7
25,127,8
25,128,5
25,130,14
25,131,19
25,132,7
25,134,3
25,135,16
25,136,12
25,137,1
25,138,6
25,140,45
25,141,42
25,142,29
25,143,4
25,144,61
25,145,264
25,146,16
25,147,6
25,148,14
25,149,23
25,150,5
25,151,4
25,152,214
25,153,11
25,154,4
25,155,155
25,156,29
25,157,3
25,158,7
25,159,51
25,160,4
25,161,7
25,162,74
25,163,11
25,164,15
25,165,14
25,166,5
25,167,10
25,168,8
25,169,9
25,170,42
25,171,2
25,172,2
25,175,6
25,176,4
25,179,12
25,180,33
25,181,21
25,182,10
25,183,8
25,184,6
25,185,1
25,186,13
25,187,2
25,188,11
25,189,2
25,190,1
25,191,5
25,192,4
25,193,2
25,194,2
26,1,4
26,2,2
26,4,3
26,5,5
26,7,3
26,8,2
26,9,5
26,12,36
26,13,5
26,14,5
26,15,1
26,16,1
26,17,3
26,18,1
26,19,7
26,21,12
26,22,4
26,23,6
26,24,6
26,25,19
26,27,19
26,29,5
26,30,2
26,31,8
26,32,4
26,33,4
26,34,18
26,35,8
26,36,5
26,37,1
26,43,3
26,44,4
26,45,4
26,46,1
26,47,1
26,48,4
26,49,16
26,51,12
26,52,15
26,53,6
26,54,8
26,55,4
26,57,1
26,58,4
26,60,4
26,62,3
26,63,6
26,64,1
26,66,1
26,67,1
26,68,1
26,69,11
26,70,1
26,72,4
26,73,2
26,74,11
26,75,1
26,76,4
26,77,4
26,78,23
26,80,136
26,81,12
26,82,4
26,83,3
26,85,5
26,87,1
26,88,4
26,89,2
26,92,1
26,94,6
26,97,14
26,98,2
26,99,2
26,101,6
26,102,10
26,103,1
26,104,1
26,105,3
26,106,2
26,107,3
26,108,4
26,109,2
26,110,5
26,111,16
26,112,4
26,114,1
26,115,1
26,116,1
26,118,2
26,120,4
26,126,4
26,127,3
26,128,4
26,129,1
26,130,2
26,131,4
26,132,2
26,135,6
26,136,2
26,138,2
26,139,1
26,140,21
26,141,18
26,142,4
26,144,25
26,145,158
26,146,6
26,147,1
26,148,8
26,149,11
26,150,4
26,151,5
26,152,97
26,153,17
26,154,2
26,155,81
26,156,3
26,157,1
26,158,6
26,159,24
26,160,2
26,161,2
26,162,28
26,163,5
26,164,2
26,165,2
26,166,10
26,169,5
26,170,18
26,171,2
26,173,1
26,175,1
26,176,3
26,179,8
26,180,6
26,181,2
26,182,5
26,185,3
26,186,4
26,188,2
26,189,1
26,190,2
26,191,3
26,192,2
26,193,6
26,194,6
27,1,18
27,5,4
27,6,3
27,7,8
27,8,2
27,9,1
27,10,2
27,12,58
27,13,6
27,14,10
27,15,4
27,16,8
27,17,5
27,18,2
27,19,8
27,20,2
27,21,24
27,22,12
27,23,14
27,24,5
27,25,27
27,26,10
27,28,8
27,29,9
27,30,5
27,31,13
27,32,8
27,33,3
27,34,32
27,35,2
27,36,3
27,37,1
27,38,3
27,40,2
27,43,4
27,44,1
27,45,1
27,48,6
27,49,54
27,51,23
27,52,18
27,53,9
27,54,15
27,55,1
27,58,8
27,59,5
27,60,12
27,61,10
27,62,2
27,63,12
27,64,2
27,65,3
27,66,11
27,68,9
27,69,4
27,70,1
27,71,4
27,72,6
27,73,7
27,74,11
27,75,5
27,76,7
27,77,10
27,78,33
27,79,1
27,80,253
27,81,15
27,82,20
27,83,2
27,84,5
27,85,4
27,86,2
27,87,2
27,88,12
27,89,6
27,91,1
27,92,7
27,93,4
27,94,22
27,95,2
27,96,8
27,97,7
27,98,7
27,100,3
27,101,22
27,102,12
27,103,5
27,104,4
27,105,1
27,106,12
27,107,12
27,108,2
27,109,4
27,110,1
27,111,28
27,113,1
27,114,3
27,115,1
27,116,2
27,118,4
27,119,1
27,120,5
27,121,4
27,122,1
27,123,2
27,124,3
27,126,7
27,127,16
27,128,19
27,129,1
27,130,8
27,131,5
27,132,6
27,133,1
27,134,2
27,135,20
27,136,6
27,137,7
27,138,1
27,140,37
27,141,32
27,142,20
27,144,47
27,145,235
27,146,32
27,147,5
27,148,21
27,149,12
27,150,4
27,151,18
27,152,187
27,153,20
27,154,6
27,155,169
27,156,17
27,157,1
27,158,7
27,159,35
27,160,7
27,161,1
27,162,56
27,163,10
27,164,3
27,165,4
27,166,6
27,167,4
27,168,3
27,169,2
27,170,25
27,171,1
27,173,2
27,174,1
27,175,12
27,177,1
27,179,21
27,180,28
27,181,14
27,182,4
27,183,5
27,185,5
27,187,2
27,188,6
27,189,2
27,190,1
27,191,2
27,192,9
27,193,2
27,194,1
28,1,3
28,7,2
28,8,2
28,9,7
28,10,1
28,11,1
28,12,19
28,13,8
28,14,6
28,15,5
28,16,3
28,17,4
28,18,2
28,19,8
28,20,2
28,21,11
28,22,4
28,23,8
28,25,5
28,26,1
28,27,13
28,29,4
28,30,9
28,31,7
28,32,6
28,33,2
28,34,29
28,35,2
28,36,6
28,38,2
28,42,2
28,43,12
28,44,5
28,48,2
28,49,41
28,51,18
28,52,17
28,53,9
28,54,18
28,55,6
28,57,2
28,58,2
28,59,2
28,60,2
28,61,1
28,63,3
28,64,4
28,65,3
28,66,3
28,68,5
28,69,3
28,71,4
28,72,2
28,73,2
28,74,5
28,75,5
28,76,8
28,77,4
28,78,20
28,79,2
28,80,159
28,81,7
28,82,1
28,83,2
28,85,2
28,86,2
28,88,2
28,89,1
28,91,2
28,94,8
28,96,1
28,97,13
28,98,2
28,99,3
28,100,3
28,101,4
28,102,10
28,103,2
28,104,2
28,105,1
28,106,2
28,107,10
28,109,2
28,110,1
28,111,10
28,115,3
28,116,1
28,118,3
28,119,1
28,120,2
28,121,2
28,122,2
28,126,6
28,127,11
28,128,11
28,130,3
28,131,7
28,132,1
28,134,3
28,135,19
28,136,1
28,137,2
28,138,1
28,140,17
28,141,16
28,142,13
28,143,1
28,144,34
28,145,179
28,146,9
28,147,14
28,148,8
28,149,9
28,150,12
28,151,5
28,152,116
28,153,16
28,154,2
28,155,91
28,156,2
28,157,4
28,158,3
28,159,34
28,160,1
28,162,38
28,163,7
28,164,3
28,165,5
28,166,7
28,167,4
28,168,1
28,169,1
28,170,13
28,171,1
28,173,2
28,175,2
28,176,1
28,177,2
28,179,6
28,180,15
28,181,4
28,183,6
28,184,3
28,185,2
28,186,2
28,187,2
28,188,4
28,192,2
29,1,9
29,2,2
29,4,1
29,6,2
29,7,5
29,9,8
29,10,2
29,12,37
29,13,1
29,14,2
29,15,3
29,16,1
29,17,6
29,18,4
29,19,1
29,21,7
29,22,6
29,23,8
29,24,7
29,25,14
29,27,10
29,28,9
29,30,5
29,31,2
29,32,4
29,34,16
29,35,4
29,36,4
29,37,2
29,40,1
29,42,1
29,43,4
29,44,1
29,47,1
29,48,2
29,49,29
29,51,8
29,52,7
29,53,5
29,54,8
29,55,8
29,57,4
29,58,8
29,59,1
29,60,3
29,61,4
29,63,9
29,64,1
29,65,3
29,68,1
29,69,6
29,72,3
29,73,2
29,74,5
29,75,2
29,76,3
29,77,14
29,78,16
29,79,5
29,80,156
29,81,9
29,82,7
29,85,2
29,87,3
29,88,2
29,89,8
29,91,1
29,94,13
29,96,6
29,97,20
29,98,3
29,99,2
29,100,3
29,101,2
29,102,7
29,103,2
29,104,2
29,105,4
29,107,11
29,109,1
29,110,4
29,111,10
29,112,2
29,114,5
29,115,6
29,116,8
29,117,1
29,118,2
29,119,2
29,123,1
29,125,4
29,126,5
29,127,10
29,128,13
29,130,15
29,131,18
29,132,4
29,133,1
29,134,1
29,135,8
29,136,4
29,137,3
29,140,21
29,141,41
29,142,7
29,144,26
29,145,178
29,146,16
29,147,1
29,148,7
29,149,4
29,150,3
29,151,7
29,152,107
29,153,21
29,154,3
29,155,87
29,156,6
29,157,4
29,158,5
29,159,34
29,160,4
29,161,1
29,162,24
29,163,4
29,164,3
29,165,5
29,166,2
29,167,4
29,168,4
29,169,2
29,170,25
29,171,6
29,173,1
29,177,1
29,179,13
29,180,19
29,181,10
29,182,5
29,183,3
29,185,3
29,186,5
29,188,2
29,191,3
29,192,7
29,193,1
29,194,1
30,1,5
30,4,2
30,7,1
30,8,3
30,9,4
30,11,2
30,12,18
30,13,10
30,14,2
30,15,4
30,16,1
30,17,1
30,18,3
30,19,10
30,21,7
30,22,6
30,23,6
30,24,9
30,25,6
30,26,2
30,27,3
30,28,3
30,29,26
30,31,6
30,32,1
30,33,3
30,34,18
30,35,4
30,36,3
30,37,6
30,38,1
30,42,1
30,43,2
30,44,3
30,45,1
30,49,21
30,51,3
30,52,8
30,53,11
30,54,11
30,55,4
30,57,1
30,58,2
30,59,2
30,60,1
30,61,1
30,62,1
30,64,1
30,65,3
30,67,3
30,68,6
30,69,1
30,70,2
30,71,1
30,72,2
30,73,3
30,74,3
30,75,4
30,76,5
30,77,2
30,78,37
30,79,5
30,80,120
30,81,5
30,82,6
30,84,1
30,85,1
30,87,3
30,88,4
30,89,4
30,91,3
30,92,1
30,94,15
30,95,1
30,96,1
30,97,20
30,98,3
30,101,10
30,102,11
30,103,1
30,104,8
30,105,1
30,107,7
30,108,3
30,109,1
30,110,4
30,111,8
30,113,3
30,114,4
30,115,3
30,116,2
30,118,2
30,119,2
30,120,2
30,121,3
30,125,1
30,126,4
30,127,4
30,128,2
30,130,2
30,131,6
30,132,3
30,134,1
30,135,16
30,136,1
30,137,2
30,139,1
30,140,9
30,141,26
30,142,9
30,143,2
30,144,19
30,145,167
30,146,14
30,147,3
30,148,8
30,149,12
30,151,7
30,152,80
30,153,3
30,154,5
30,155,76
30,156,12
30,158,1
30,159,14
30,162,34
30,163,5
30,164,5
30,165,9
30,166,3
30,167,7
30,168,5
30,169,2
30,170,16
30,175,3
30,176,3
30,178,1
30,179,7
30,180,5
30,181,4
30,182,10
30,183,5
30,184,2
30,185,3
30,186,4
30,187,1
30,188,3
30,189,1
31,2,1
31,7,1
31,8,1
31,12,11
31,14,1
31,15,1
31,19,2
31,20,1
31,21,6
31,22,2
31,23,1
31,25,1
31,27,5
31,28,1
31,29,3
31,32,2
31,33,1
31,34,26
31,35,4
31,36,2
31,37,1
31,38,4
31,39,1
31,40,1
31,44,1
31,47,1
31,49,27
31,51,1
31,52,32
31,53,1
31,54,5
31,64,2
31,68,1
31,69,1
31,70,4
31,71,1
31,73,5
31,74,2
31,75,4
31,76,3
31,77,2
31,78,10
31,79,1
31,80,57
31,81,5
31,82,10
31,88,2
31,93,2
31,94,7
31,97,7
31,98,1
31,99,2
31,101,7
31,102,3
31,106,2
31,107,7
31,108,5
31,109,5
31,110,6
31,111,2
31,112,2
31,114,5
31,115,3
31,116,1
31,117,3
31,118,3
31,119,1
31,120,3
31,126,8
31,127,6
31,129,1
31,131,3
31,132,1
31,133,1
31,140,19
31,141,24
31,142,1
31,144,23
31,145,250
31,146,9
31,147,8
31,148,1
31,149,3
31,150,2
31,152,193
31,153,20
31,154,2
31,155,51
31,156,4
31,157,1
31,158,3
31,159,30
31,160,4
31,162,67
31,163,5
31,164,1
31,165,3
31,166,8
31,167,1
31,169,1
31,170,5
31,171,4
31,173,1
31,176,4
31,178,1
31,179,3
31,180,1
31,181,1
31,182,1
31,186,1
31,187,1
31,188,1
31,191,1
31,192,3
32,7,2
32,8,5
32,9,1
32,10,1
32,12,7
32,13,4
32,14,2
32,15,1
32,17,5
32,18,2
32,21,9
32,22,3
32,23,1
32,25,5
32,27,4
32,29,1
32,31,29
32,33,4
32,34,37
32,35,6
32,36,2
32,38,1
32,39,1
32,43,2
32,45,2
32,49,35
32,51,4
32,52,40
32,53,2
32,54,1
32,55,1
32,56,1
32,57,1
32,58,4
32,63,4
32,64,2
32,65,1
32,69,7
32,70,1
32,72,4
32,73,3
32,74,9
32,75,3
32,76,8
32,77,4
32,78,28
32,79,1
32,80,139
32,81,11
32,82,21
32,86,5
32,91,2
32,94,8
32,95,2
32,96,4
32,97,13
32,99,1
32,100,1
32,101,12
32,102,10
32,104,1
32,106,8
32,107,5
32,108,12
32,109,11
32,110,5
32,111,6
32,112,1
32,114,1
32,115,3
32,116,6
32,117,3
32,118,3
32,119,1
32,120,1
32,121,2
32,123,1
32,126,14
32,127,3
32,128,3
32,130,4
32,131,6
32,132,6
32,136,1
32,137,10
32,140,42
32,141,99
32,142,30
32,143,1
32,144,45
32,145,386
32,146,15
32,147,3
32,148,17
32,149,1
32,150,11
32,152,288
32,153,25
32,154,7
32,155,101
32,156,29
32,157,2
32,158,1
32,159,53
32,160,1
32,161,1
32,162,88
32,163,3
32,164,1
32,165,5
32,166,8
32,167,5
32,169,6
32,170,20
32,171,3
32,173,1
32,175,2
32,176,1
32,177,3
32,179,15
32,180,8
32,181,12
32,182,7
32,183,1
32,184,1
32,185,2
32,186,1
32,187,4
32,188,4
32,190,1
32,192,4
32,193,8
33,1,1
33,4,1
33,8,1
33,9,2
33,12,8
33,14,2
33,16,1
33,17,1
33,21,6
33,23,5
33,25,4
33,26,1
33,27,5
33,29,3
33,31,10
33,32,4
33,34,35
33,35,7
33,36,7
33,37,6
33,41,1
33,44,2
33,49,11
33,50,2
33,52,12
33,53,2
33,55,3
33,56,1
33,59,1
33,60,1
33,61,1
33,62,1
33,63,2
33,64,1
33,66,1
33,67,1
33,68,5
33,69,2
33,72,1
33,73,4
33,74,6
33,75,1
33,76,1
33,77,2
33,78,19
33,79,2
33,80,74
33,81,5
33,82,3
33,83,3
33,87,1
33,88,2
33,89,1
33,94,3
33,97,7
33,101,5
33,102,8
33,103,3
33,104,2
33,106,4
33,107,20
33,108,2
33,109,2
33,110,2
33,111,5
33,112,2
33,114,2
33,115,5
33,116,3
33,120,1
33,126,5
33,127,7
33,128,2
33,129,1
33,131,11
33,132,1
33,134,1
33,135,2
33,136,2
33,140,21
33,141,29
33,142,5
33,143,1
33,144,24
33,145,200
33,146,11
33,147,2
33,148,8
33,150,2
33,151,1
33,152,138
33,153,6
33,154,3
33,155,58
33,156,18
33,158,3
33,159,18
33,162,46
33,163,3
33,164,2
33,165,2
33,166,2
33,167,5
33,169,2
33,170,10
33,172,4
33,173,1
33,175,2
33,178,1
33,179,1
33,180,7
33,182,9
33,183,2
33,184,1
33,185,1
33,188,2
33,192,5
33,193,2
34,1,2
34,2,1
34,3,1
34,4,1
34,5,2
34,7,1
34,8,9
34,9,3
34,12,17
34,15,1
34,17,5
34,18,2
34,19,7
34,21,7
34,22,9
34,23,5
34,25,4
34,26,4
34,27,13
34,31,19
34,32,7
34,33,4
34,35,14
34,36,14
34,37,2
34,38,7
34,39,2
34,43,4
34,44,1
34,49,38
34,50,1
34,51,4
34,52,34
34,53,5
34,54,1
34,55,3
34,59,2
34,60,1
34,61,4
34,62,5
34,63,1
34,64,5
34,65,3
34,67,1
34,68,1
34,69,4
34,71,3
34,72,1
34,73,2
34,74,9
34,75,1
34,76,4
34,77,7
34,78,55
34,79,2
34,80,148
34,81,16
34,82,35
34,85,2
34,87,3
34,88,1
34,91,1
34,92,2
34,93,4
34,94,11
34,95,1
34,96,2
34,97,14
34,98,7
34,99,1
34,100,3
34,101,17
34,102,1
34,103,1
34,104,4
34,105,4
34,106,3
34,107,6
34,108,10
34,109,1
34,110,14
34,111,13
34,112,2
34,113,10
34,114,5
34,115,7
34,116,6
34,117,5
34,118,1
34,119,5
34,121,1
34,126,20
34,127,5
34,128,5
34,129,2
34,130,4
34,131,20
34,132,7
34,135,13
34,136,2
34,137,8
34,140,24
34,141,63
34,142,9
34,143,7
34,144,62
34,145,430
34,146,14
34,147,3
34,148,14
34,149,2
34,150,4
34,151,1
34,152,289
34,153,20
34,154,2
34,155,138
34,156,47
34,157,2
34,158,1
34,159,48
34,160,2
34,162,82
34,163,7
34,164,1
34,165,14
34,166,6
34,167,10
34,168,1
34,169,3
34,170,25
34,171,7
34,172,1
34,173,5
34,174,2
34,175,2
34,176,7
34,177,3
34,178,1
34,179,18
34,180,8
34,181,12
34,182,8
34,183,3
34,185,4
34,186,4
34,187,3
34,188,3
34,192,7
34,193,1
35,1,3
35,7,6
35,8,11
35,9,2
35,11,1
35,12,22
35,13,1
35,15,1
35,17,2
35,18,1
35,19,4
35,21,4
35,22,8
35,24,1
35,25,2
35,27,1
35,29,4
35,30,1
35,31,7
35,32,8
35,33,3
35,34,50
35,36,7
35,37,1
35,38,6
35,40,3
35,42,5
35,43,1
35,44,3
35,45,3
35,48,1
35,49,28
35,50,3
35,51,1
35,52,38
35,53,3
35,54,1
35,55,1
35,56,1
35,58,1
35,60,3
35,61,1
35,62,1
35,63,3
35,66,2
35,68,1
35,69,1
35,70,8
35,71,3
35,72,7
35,73,2
35,74,12
35,75,2
35,76,4
35,77,5
35,78,23
35,79,1
35,80,122
35,81,19
35,82,29
35,83,2
35,85,3
35,87,1
35,88,1
35,91,1
35,92,4
35,94,2
35,96,1
35,97,17
35,98,3
35,102,4
35,103,2
35,105,1
35,106,1
35,107,7
35,108,4
35,109,3
35,110,4
35,112,1
35,113,4
35,114,6
35,115,4
35,116,8
35,119,8
35,121,1
35,126,7
35,127,6
35,128,7
35,129,1
35,130,8
35,131,17
35,132,8
35,133,2
35,135,2
35,136,2
35,137,5
35,138,2
35,140,37
35,141,87
35,142,11
35,143,6
35,144,40
35,145,378
35,146,6
35,147,9
35,148,9
35,150,3
35,151,1
35,152,228
35,153,21
35,154,2
35,155,91
35,156,25
35,158,3
35,159,28
35,160,1
35,161,1
35,162,80
35,163,11
35,164,6
35,165,2
35,166,2
35,167,3
35,169,7
35,170,19
35,171,4
35,172,2
35,173,2
35,175,6
35,176,1
35,178,1
35,179,6
35,180,8
35,181,6
35,182,14
35,185,2
35,186,2
35,187,4
35,188,2
35,192,8
35,193,9
36,7,2
36,8,3
36,9,6
36,11,2
36,12,15
36,13,4
36,14,1
36,16,1
36,17,3
36,19,2
36,20,4
36,21,6
36,22,9
36,23,3
36,25,3
36,27,6
36,29,7
36,31,10
36,32,4
36,33,1
36,34,36
36,35,15
36,37,7
36,38,5
36,42,1
36,43,4
36,47,1
36,48,2
36,49,39
36,50,2
36,51,13
36,52,19
36,53,6
36,54,1
36,55,5
36,58,1
36,60,1
36,61,1
36,63,3
36,64,1
36,65,1
36,68,1
36,69,1
36,70,10
36,71,5
36,72,2
36,73,2
36,74,12
36,75,5
36,76,2
36,77,15
36,78,45
36,79,4
36,80,127
36,81,20
36,82,40
36,83,3
36,84,1
36,85,2
36,87,5
36,92,2
36,94,6
36,96,2
36,97,22
36,99,1
36,100,1
36,101,7
36,102,6
36,104,4
36,105,3
36,106,5
36,107,22
36,108,4
36,109,4
36,110,6
36,111,5
36,112,1
36,113,4
36,114,15
36,115,11
36,116,7
36,117,1
36,118,2
36,119,2
36,120,4
36,121,2
36,126,6
36,127,4
36,128,1
36,129,5
36,130,10
36,131,18
36,132,4
36,133,1
36,134,3
36,135,4
36,137,6
36,138,2
36,140,48
36,141,87
36,142,32
36,143,3
36,144,54
36,145,479
36,146,14
36,147,7
36,148,6
36,149,4
36,151,1
36,152,275
36,153,10
36,154,2
36,155,159
36,156,34
36,157,1
36,158,1
36,159,27
36,161,6
36,162,88
36,163,2
36,164,8
36,165,3
36,166,6
36,167,2
36,169,1
36,170,26
36,171,2
36,172,2
36,173,4
36,174,1
36,175,6
36,176,1
36,177,8
36,179,3
36,180,4
36,181,13
36,182,11
36,183,1
36,185,6
36,186,10
36,187,1
36,188,4
36,190,2
36,192,10
36,193,5
36,194,2
37,5,1
37,7,1
37,8,4
37,11,1
37,12,11
37,13,2
37,14,1
37,15,1
37,16,1
37,18,1
37,21,13
37,22,5
37,23,3
37,25,3
37,29,1
37,30,1
37,31,9
37,32,10
37,33,3
37,34,10
37,35,5
37,36,7
37,38,11
37,43,1
37,45,1
37,46,1
37,49,40
37,51,3
37,52,17
37,53,2
37,55,1
37,57,1
37,58,1
37,59,1
37,64,1
37,65,1
37,66,1
37,67,1
37,69,2
37,70,1
37,72,6
37,74,8
37,76,4
37,77,5
37,78,21
37,79,1
37,80,113
37,81,4
37,82,7
37,83,5
37,85,1
37,87,2
37,92,1
37,94,1
37,95,1
37,97,12
37,98,1
37,101,1
37,102,3
37,103,2
37,104,1
37,107,6
37,108,2
37,109,2
37,110,2
37,111,4
37,112,2
37,113,4
37,114,7
37,115,8
37,116,2
37,120,2
37,126,6
37,128,3
37,129,3
37,130,3
37,131,6
37,132,7
37,134,1
37,136,1
37,140,29
37,141,49
37,142,16
37,144,37
37,145,225
37,146,8
37,147,5
37,148,4
37,149,7
37,152,135
37,153,15
37,155,69
37,156,17
37,159,25
37,162,43
37,163,4
37,164,6
37,165,1
37,166,2
37,167,5
37,168,1
37,170,13
37,171,2
37,172,2
37,173,1
37,176,4
37,177,1
37,179,3
37,180,4
37,181,1
37,182,4
37,184,1
37,185,5
37,187,1
37,192,4
37,193,2
37,194,3
38,7,2
38,8,8
38,9,1
38,11,1
38,12,5
38,15,1
38,16,2
38,17,2
38,19,5
38,20,1
38,21,3
38,22,4
38,25,1
38,26,1
38,27,2
38,28,1
38,29,3
38,30,1
38,31,2
38,32,5
38,33,6
38,34,14
38,35,3
38,36,5
38,37,2
38,43,2
38,44,1
38,45,1
38,49,50
38,51,4
38,52,19
38,53,7
38,54,1
38,55,1
38,61,1
38,63,2
38,65,1
38,70,2
38,72,2
38,73,2
38,74,7
38,75,4
38,77,3
38,78,29
38,79,1
38,80,115
38,81,6
38,82,23
38,83,2
38,89,2
38,94,1
38,97,11
38,98,1
38,101,4
38,102,3
38,104,2
38,105,1
38,107,2
38,108,7
38,109,2
38,110,3
38,111,1
38,112,4
38,113,1
38,114,2
38,115,5
38,116,3
38,119,3
38,126,3
38,127,2
38,129,3
38,131,4
38,132,3
38,134,1
38,137,7
38,140,30
38,141,68
38,142,17
38,144,48
38,145,316
38,146,9
38,148,2
38,149,1
38,150,1
38,152,184
38,153,11
38,154,4
38,155,95
38,156,12
38,159,40
38,160,1
38,161,1
38,162,56
38,163,5
38,164,5
38,165,2
38,166,2
38,167,2
38,169,1
38,170,23
38,172,2
38,173,9
38,176,2
38,177,4
38,179,2
38,180,1
38,181,2
38,182,3
38,185,7
38,187,4
38,188,1
38,189,1
38,191,1
38,192,6
38,194,2
39,1,1
39,4,1
39,5,4
39,8,2
39,9,4
39,11,1
39,12,10
39,14,1
39,16,1
39,17,1
39,19,3
39,21,8
39,22,3
39,23,1
39,25,1
39,28,1
39,29,1
39,31,1
39,32,1
39,34,17
39,36,5
39,37,1
39,38,1
39,41,1
39,49,32
39,50,1
39,51,5
39,52,9
39,53,1
39,54,2
39,55,1
39,63,1
39,66,3
39,67,3
39,68,2
39,72,4
39,73,2
39,74,5
39,76,3
39,77,5
39,78,19
39,79,8
39,80,95
39,81,4
39,82,31
39,85,1
39,86,3
39,87,4
39,88,1
39,92,1
39,94,4
39,95,2
39,96,3
39,97,12
39,100,1
39,101,1
39,102,3
39,103,2
39,105,1
39,107,4
39,108,2
39,110,2
39,112,3
39,113,2
39,114,2
39,115,2
39,116,6
39,117,1
39,118,3
39,124,1
39,126,2
39,127,3
39,129,3
39,131,7
39,132,4
39,136,1
39,137,18
39,138,2
39,140,22
39,141,46
39,142,18
39,144,52
39,145,269
39,146,3
39,148,8
39,149,3
39,151,2
39,152,190
39,153,8
39,154,1
39,155,62
39,156,11
39,159,26
39,160,1
39,161,1
39,162,59
39,163,2
39,164,1
39,166,2
39,167,3
39,170,14
39,171,1
39,172,1
39,173,6
39,175,4
39,176,1
39,177,2
39,179,1
39,180,3
39,181,2
39,182,2
39,184,2
39,185,1
39,186,3
39,188,1
39,191,3
39,192,1
39,194,2
40,4,1
40,5,2
40,7,2
40,8,4
40,9,4
40,12,26
40,13,1
40,15,2
40,16,1
40,17,1
40,20,1
40,21,6
40,22,2
40,23,3
40,27,4
40,30,2
40,31,2
40,32,3
40,34,14
40,35,6
40,36,7
40,37,3
40,38,4
40,39,1
40,43,1
40,49,27
40,51,11
40,52,15
40,53,3
40,54,2
40,55,1
40,57,1
40,58,1
40,59,2
40,61,4
40,67,1
40,68,1
40,69,3
40,71,1
40,72,3
40,73,7
40,74,11
40,77,2
40,78,33
40,79,11
40,80,119
40,81,15
40,82,20
40,83,4
40,84,3
40,85,1
40,86,1
40,87,3
40,94,7
40,96,1
40,97,15
40,98,1
40,99,1
40,101,1
40,104,3
40,105,2
40,107,3
40,108,4
40,109,4
40,110,1
40,111,6
40,115,7
40,116,10
40,117,2
40,118,22
40,119,4
40,120,2
40,121,11
40,122,1
40,126,10
40,127,4
40,128,2
40,129,1
40,130,4
40,131,11
40,132,1
40,134,3
40,135,3
40,137,13
40,140,27
40,141,76
40,142,10
40,143,1
40,144,40
40,145,340
40,146,15
40,147,4
40,148,7
40,149,3
40,150,1
40,152,186
40,153,13
40,154,1
40,155,80
40,156,14
40,159,28
40,160,1
40,161,2
40,162,43
40,163,5
40,164,3
40,165,6
40,166,4
40,167,7
40,169,2
40,170,16
40,171,2
40,172,1
40,173,1
40,175,5
40,176,4
40,177,1
40,178,3
40,179,1
40,180,3
40,181,2
40,182,2
40,184,2
40,185,1
40,186,10
40,187,1
40,188,6
40,191,2
40,192,8
40,193,1
41,4,2
41,5,2
41,8,5
41,9,3
41,11,1
41,12,4
41,13,1
41,14,2
41,16,1
41,19,1
41,21,5
41,22,1
41,23,1
41,25,2
41,31,1
41,32,1
41,34,8
41,36,1
41,43,4
41,44,2
41,49,10
41,51,1
41,52,2
41,53,2
41,61,1
41,65,1
41,68,2
41,69,2
41,70,1
41,72,2
41,74,3
41,77,5
41,78,10
41,79,1
41,80,55
41,81,4
41,82,13
41,83,1
41,87,3
41,88,1
41,91,1
41,94,1
41,96,5
41,97,11
41,99,2
41,102,4
41,108,2
41,109,2
41,110,8
41,111,3
41,112,1
41,114,2
41,115,1
41,116,2
41,118,5
41,119,3
41,121,3
41,124,3
41,126,2
41,127,1
41,130,1
41,131,1
41,132,2
41,136,1
41,137,3
41,138,1
41,140,15
41,141,34
41,142,4
41,144,33
41,145,170
41,146,6
41,148,6
41,149,2
41,150,1
41,152,110
41,153,8
41,154,1
41,155,55
41,156,16
41,158,2
41,159,12
41,162,40
41,165,1
41,167,2
41,168,1
41,169,1
41,170,9
41,179,4
41,180,4
41,182,2
41,184,1
41,186,3
41,187,1
41,191,1
41,192,4
41,193,4
42,5,1
42,7,2
42,8,1
42,9,2
42,12,20
42,14,1
42,17,1
42,19,3
42,21,5
42,22,3
42,24,1
42,25,4
42,26,1
42,27,4
42,29,1
42,31,7
42,32,8
42,34,9
42,35,3
42,36,4
42,37,1
42,39,1
42,41,1
42,43,2
42,44,3
42,46,1
42,47,1
42,48,1
42,49,28
42,51,4
42,52,2
42,53,7
42,55,2
42,58,1
42,61,3
42,63,2
42,64,1
42,65,1
42,68,2
42,69,2
42,70,1
42,72,2
42,73,2
42,74,1
42,76,2
42,77,5
42,78,26
42,80,126
42,81,9
42,82,11
42,83,1
42,85,3
42,89,1
42,94,13
42,95,1
42,97,21
42,98,2
42,102,2
42,105,3
42,106,2
42,108,4
42,109,1
42,110,7
42,111,7
42,115,2
42,116,7
42,118,1
42,119,4
42,120,7
42,121,3
42,122,1
42,123,1
42,124,1
42,126,4
42,127,5
42,128,1
42,129,1
42,131,7
42,132,5
42,134,3
42,135,1
42,136,1
42,137,2
42,139,3
42,140,14
42,141,40
42,142,16
42,143,1
42,144,36
42,145,247
42,146,7
42,147,6
42,148,6
42,149,2
42,150,3
42,151,1
42,152,132
42,153,11
42,155,88
42,156,11
42,157,1
42,159,14
42,160,1
42,161,1
42,162,56
42,163,1
42,164,1
42,165,2
42,167,7
42,168,1
42,169,5
42,170,19
42,171,1
42,172,3
42,173,3
42,174,2
42,175,1
42,179,4
42,180,5
42,181,2
42,182,7
42,184,1
42,185,1
42,186,4
42,187,6
42,189,1
42,191,2
42,192,3
42,194,3
43,7,3
43,9,2
43,12,9
43,13,1
43,18,1
43,20,2
43,21,3
43,22,4
43,23,2
43,24,1
43,25,6
43,27,9
43,28,2
43,29,2
43,31,9
43,32,4
43,34,11
43,36,3
43,37,1
43,38,1
43,40,1
43,41,1
43,42,2
43,45,1
43,46,6
43,47,1
43,49,21
43,50,1
43,51,23
43,52,16
43,53,4
43,54,5
43,57,2
43,58,5
43,61,1
43,63,5
43,64,1
43,65,5
43,66,2
43,67,2
43,68,1
43,70,2
43,71,11
43,72,9
43,73,5
43,74,4
43,77,6
43,78,30
43,79,1
43,80,89
43,81,9
43,82,2
43,83,2
43,88,2
43,89,1
43,94,6
43,95,1
43,97,13
43,98,2
43,99,1
43,101,4
43,102,4
43,103,2
43,104,1
43,107,4
43,108,4
43,109,4
43,110,6
43,111,6
43,112,1
43,114,5
43,115,4
43,116,2
43,118,3
43,119,6
43,120,2
43,121,5
43,122,1
43,123,2
43,126,8
43,128,3
43,130,1
43,131,7
43,132,2
43,133,1
43,134,2
43,135,5
43,136,1
43,140,11
43,141,39
43,142,12
43,144,36
43,145,180
43,146,7
43,148,3
43,149,5
43,150,1
43,151,2
43,152,111
43,153,6
43,155,67
43,156,19
43,158,4
43,159,8
43,160,2
43,162,28
43,163,1
43,164,4
43,165,2
43,166,4
43,167,4
43,169,5
43,170,15
43,171,2
43,172,4
43,173,1
43,175,1
43,177,4
43,179,1
43,180,3
43,181,4
43,182,2
43,183,5
43,186,2
43,187,2
43,188,3
43,192,2
43,194,2
44,1,5
44,2,1
44,4,4
44,5,1
44,7,4
44,8,9
44,9,11
44,12,29
44,14,2
44,15,2
44,17,3
44,18,3
44,19,1
44,20,3
44,21,10
44,22,14
44,23,6
44,24,4
44,25,19
44,26,4
44,27,7
44,28,6
44,29,7
44,31,9
44,32,9
44,33,5
44,34,23
44,35,4
44,36,10
44,37,1
44,38,9
44,40,3
44,42,2
44,43,7
44,45,15
44,46,4
44,47,9
44,48,2
44,49,35
44,50,2
44,51,19
44,52,12
44,53,13
44,54,7
44,55,1
44,56,1
44,58,1
44,59,2
44,60,3
44,61,4
44,63,5
44,64,1
44,65,9
44,66,7
44,67,5
44,68,7
44,69,2
44,70,2
44,71,5
44,72,5
44,73,4
44,74,11
44,75,4
44,76,13
44,77,8
44,78,32
44,79,8
44,80,216
44,81,21
44,82,26
44,83,9
44,84,5
44,85,2
44,87,2
44,88,7
44,89,1
44,91,7
44,92,3
44,94,13
44,96,6
44,97,61
44,98,8
44,99,2
44,101,5
44,102,14
44,103,2
44,105,1
44,106,6
44,107,10
44,108,5
44,109,1
44,110,1
44,111,19
44,112,3
44,113,1
44,114,10
44,115,2
44,116,5
44,117,2
44,118,5
44,119,7
44,120,2
44,121,3
44,122,2
44,124,4
44,126,4
44,127,5
44,128,8
44,129,1
44,130,17
44,131,23
44,132,16
44,135,9
44,136,4
44,137,8
44,138,41
44,139,2
44,140,48
44,141,49
44,142,29
44,143,3
44,144,64
44,145,297
44,146,26
44,147,8
44,148,14
44,149,26
44,150,1
44,151,16
44,152,212
44,153,20
44,154,10
44,155,197
44,156,22
44,157,5
44,158,10
44,159,50
44,160,3
44,161,5
44,162,68
44,163,8
44,164,3
44,165,9
44,166,13
44,167,11
44,168,1
44,169,7
44,170,31
44,171,4
44,172,5
44,173,7
44,174,1
44,175,7
44,177,6
44,178,2
44,179,23
44,180,39
44,181,14
44,182,9
44,183,9
44,184,1
44,185,1
44,186,9
44,187,10
44,188,10
44,189,1
44,190,1
44,191,3
44,192,6
44,194,2
45,4,3
45,7,6
45,8,10
45,9,1
45,11,2
45,12,17
45,14,1
45,15,7
45,17,1
45,19,1
45,22,1
45,23,7
45,24,3
45,25,5
45,26,4
45,27,7
45,28,6
45,29,1
45,30,2
45,31,8
45,32,7
45,33,1
45,34,8
45,35,6
45,36,3
45,38,4
45,40,1
45,42,1
45,43,7
45,44,4
45,47,3
45,48,1
45,49,15
45,51,4
45,52,1
45,53,7
45,54,1
45,55,2
45,57,1
45,58,3
45,59,5
45,60,2
45,61,2
45,62,5
45,63,4
45,64,2
45,65,5
45,66,8
45,67,1
45,68,4
45,69,1
45,70,1
45,71,2
45,72,4
45,73,3
45,74,6
45,75,2
45,76,6
45,77,6
45,78,37
45,79,8
45,80,123
45,81,16
45,82,17
45,83,5
45,84,2
45,85,6
45,86,1
45,87,6
45,88,3
45,89,17
45,90,2
45,91,1
45,92,3
45,93,2
45,94,17
45,95,1
45,96,12
45,97,54
45,98,12
45,99,5
45,100,1
45,101,6
45,102,25
45,103,3
45,104,3
45,105,4
45,107,5
45,108,4
45,109,3
45,110,6
45,111,17
45,112,1
45,113,1
45,114,6
45,115,3
45,116,2
45,118,2
45,119,5
45,120,2
45,121,5
45,123,1
45,124,3
45,126,5
45,127,13
45,128,2
45,130,4
45,131,29
45,132,11
45,133,1
45,134,5
45,135,7
45,137,8
45,138,13
45,140,36
45,141,33
45,142,14
45,143,1
45,144,34
45,145,177
45,146,19
45,147,2
45,148,8
45,149,35
45,150,3
45,151,14
45,152,126
45,153,7
45,154,9
45,155,140
45,156,20
45,157,1
45,158,9
45,159,27
45,160,7
45,161,3
45,162,32
45,163,4
45,164,15
45,165,9
45,166,5
45,167,13
45,168,5
45,169,6
45,170,35
45,171,4
45,172,2
45,173,2
45,174,1
45,175,7
45,176,1
45,179,12
45,180,25
45,181,20
45,182,9
45,183,9
45,184,4
45,186,11
45,187,5
45,188,9
45,190,5
45,191,1
45,192,10
45,193,5
45,194,2
46,1,4
46,2,2
46,4,1
46,5,1
46,6,3
46,7,2
46,8,3
46,9,5
46,11,1
46,12,29
46,13,2
46,14,4
46,15,2
46,17,4
46,19,3
46,20,2
46,21,3
46,22,2
46,23,2
46,24,1
46,25,8
46,26,5
46,27,8
46,29,4
46,30,1
46,31,12
46,32,12
46,34,9
46,35,2
46,36,3
46,41,3
46,43,2
46,44,9
46,45,3
46,49,15
46,50,1
46,51,10
46,52,6
46,53,6
46,55,8
46,60,8
46,61,3
46,62,5
46,64,1
46,65,1
46,66,8
46,67,3
46,68,2
46,69,1
46,70,2
46,71,6
46,72,2
46,74,8
46,75,2
46,76,4
46,77,4
46,78,23
46,79,3
46,80,132
46,81,11
46,82,14
46,84,4
46,85,14
46,86,5
46,87,3
46,88,1
46,89,2
46,91,3
46,92,9
46,93,1
46,94,21
46,95,2
46,96,10
46,97,40
46,98,7
46,99,5
46,101,1
46,102,9
46,103,3
46,104,3
46,105,8
46,106,2
46,107,5
46,108,2
46,109,3
46,110,2
46,111,13
46,113,1
46,114,5
46,115,1
46,116,4
46,118,5
46,119,1
46,120,4
46,121,2
46,123,1
46,124,5
46,126,3
46,127,8
46,128,1
46,130,2
46,131,17
46,132,17
46,134,10
46,135,3
46,137,2
46,138,13
46,139,1
46,140,35
46,141,35
46,142,17
46,143,2
46,144,27
46,145,133
46,146,22
46,147,6
46,148,17
46,149,5
46,150,6
46,151,16
46,152,95
46,153,12
46,154,1
46,155,113
46,156,18
46,157,5
46,158,4
46,159,47
46,160,7
46,161,3
46,162,32
46,163,1
46,164,4
46,165,1
46,166,3
46,167,9
46,168,1
46,169,4
46,170,32
46,171,4
46,172,2
46,173,6
46,174,1
46,175,17
46,176,5
46,179,11
46,180,25
46,181,13
46,182,15
46,183,10
46,185,3
46,186,9
46,187,7
46,188,6
46,189,2
46,190,6
46,192,6
46,193,1
46,194,6
47,2,1
47,8,12
47,9,5
47,12,17
47,13,1
47,14,1
47,15,2
47,16,1
47,17,1
47,18,1
47,19,5
47,20,2
47,21,5
47,22,1
47,23,6
47,24,2
47,25,10
47,27,7
47,29,2
47,30,2
47,31,6
47,32,5
47,33,3
47,34,8
47,35,2
47,36,2
47,37,2
47,38,2
47,42,1
47,44,5
47,45,12
47,46,2
47,48,1
47,49,17
47,51,9
47,52,11
47,53,4
47,54,5
47,55,5
47,58,3
47,60,1
47,65,2
47,66,4
47,67,1
47,68,2
47,69,1
47,70,3
47,71,8
47,72,6
47,73,4
47,74,5
47,75,2
47,76,8
47,77,2
47,78,34
47,79,2
47,80,116
47,81,8
47,82,10
47,83,4
47,84,1
47,85,6
47,86,3
47,88,7
47,89,8
47,91,2
47,92,5
47,94,14
47,95,1
47,96,1
47,97,38
47,98,14
47,99,3
47,101,4
47,102,2
47,103,1
47,104,1
47,105,1
47,106,5
47,107,7
47,108,3
47,109,1
47,110,6
47,111,10
47,114,15
47,115,2
47,116,3
47,118,2
47,119,4
47,120,1
47,121,8
47,122,3
47,124,1
47,126,6
47,127,9
47,128,3
47,130,7
47,131,13
47,132,14
47,133,1
47,134,7
47,135,1
47,136,2
47,137,4
47,138,6
47,139,1
47,140,36
47,141,24
47,142,21
47,143,2
47,144,24
47,145,132
47,146,21
47,147,2
47,148,2
47,149,14
47,150,5
47,151,4
47,152,69
47,153,9
47,154,3
47,155,90
47,156,15
47,159,24
47,160,2
47,162,20
47,163,2
47,164,2
47,165,3
47,166,5
47,167,6
47,168,2
47,169,1
47,170,15
47,171,2
47,172,3
47,173,1
47,175,5
47,176,2
47,177,1
47,179,16
47,180,17
47,181,8
47,182,10
47,183,5
47,184,1
47,186,10
47,187,2
47,188,5
47,190,3
47,193,2
47,194,2
48,2,2
48,4,1
48,5,4
48,8,1
48,9,6
48,12,19
48,13,6
48,14,4
48,15,6
48,16,2
48,19,5
48,22,5
48,23,8
48,24,2
48,25,11
48,26,1
48,27,5
48,28,1
48,29,3
48,30,3
48,31,10
48,32,5
48,33,2
48,34,11
48,35,6
48,36,6
48,38,5
48,44,6
48,45,5
48,46,2
48,47,1
48,49,26
48,51,10
48,52,5
48,53,8
48,54,6
48,55,7
48,56,1
48,57,1
48,58,2
48,59,2
48,61,3
48,62,2
48,63,3
48,64,1
48,65,1
48,66,2
48,67,5
48,68,4
48,69,1
48,70,1
48,71,6
48,72,3
48,74,3
48,76,3
48,77,6
48,78,24
48,79,3
48,80,143
48,81,14
48,82,13
48,83,3
48,84,1
48,85,6
48,87,3
48,88,8
48,89,18
48,91,1
48,92,1
48,93,3
48,94,16
48,95,1
48,96,4
48,97,24
48,98,4
48,99,2
48,101,2
48,102,4
48,103,4
48,104,5
48,105,3
48,106,2
48,107,6
48,109,1
48,110,2
48,111,11
48,112,1
48,113,5
48,114,1
48,115,7
48,117,1
48,118,5
48,119,5
48,120,4
48,122,1
48,123,1
48,124,2
48,126,9
48,127,7
48,128,2
48,129,2
48,130,9
48,131,13
48,132,4
48,133,1
48,134,7
48,135,8
48,136,4
48,137,4
48,138,1
48,139,3
48,140,45
48,141,26
48,142,15
48,143,5
48,144,51
48,145,157
48,146,15
48,147,2
48,148,13
48,149,12
48,150,8
48,151,7
48,152,121
48,153,10
48,154,3
48,155,121
48,156,12
48,157,2
48,158,10
48,159,50
48,160,10
48,161,3
48,162,25
48,163,14
48,164,5
48,165,7
48,166,3
48,167,12
48,168,2
48,169,9
48,170,16
48,171,4
48,172,1
48,173,7
48,175,8
48,176,4
48,178,1
48,179,11
48,180,25
48,181,9
48,182,12
48,183,4
48,184,1
48,186,9
48,187,3
48,188,8
48,190,5
48,191,1
48,192,1
48,193,1
48,194,1
49,7,1
49,9,5
49,11,1
49,12,20
49,13,1
49,14,2
49,16,3
49,18,1
49,19,5
49,21,13
49,22,10
49,23,5
49,25,5
49,27,5
49,28,2
49,29,1
49,30,3
49,31,10
49,32,3
49,33,3
49,34,13
49,35,3
49,36,3
49,37,2
49,38,5
49,39,2
49,44,2
49,45,1
49,46,1
49,51,3
49,52,11
49,53,9
49,54,6
49,55,4
49,57,3
49,59,1
49,60,1
49,61,2
49,63,1
49,64,1
49,65,2
49,67,1
49,68,1
49,69,1
49,70,1
49,71,2
49,72,7
49,74,2
49,75,1
49,76,6
49,77,7
49,78,25
49,79,3
49,80,273
49,81,10
49,82,6
49,83,6
49,87,2
49,88,1
49,89,1
49,94,13
49,95,1
49,97,8
49,101,3
49,102,4
49,104,2
49,107,4
49,108,3
49,109,4
49,110,4
49,111,3
49,112,2
49,113,4
49,114,3
49,115,6
49,116,12
49,117,1
49,118,3
49,120,4
49,121,1
49,122,1
49,124,1
49,126,7
49,127,3
49,128,3
49,130,9
49,131,1
49,132,6
49,135,6
49,137,5
49,140,23
49,141,36
49,142,22
49,143,5
49,144,43
49,145,235
49,146,15
49,148,4
49,149,3
49,151,3
49,152,167
49,153,5
49,154,1
49,155,57
49,156,12
49,157,1
49,159,18
49,160,1
49,161,2
49,162,45
49,163,1
49,164,5
49,165,3
49,166,7
49,167,5
49,170,8
49,171,3
49,173,3
49,175,3
49,177,2
49,178,1
49,179,2
49,180,4
49,181,1
49,182,2
49,183,1
49,185,2
49,186,4
49,187,2
49,188,2
49,191,2
49,192,2
49,194,1
50,2,1
50,4,3
50,7,5
50,8,4
50,9,9
50,11,2
50,12,22
50,13,2
50,14,1
50,15,5
50,17,2
50,19,2
50,20,4
50,21,16
50,22,1
50,23,5
50,25,1
50,26,2
50,27,12
50,29,7
50,31,6
50,32,6
50,33,1
50,34,31
50,35,8
50,36,3
50,37,2
50,38,2
50,40,1
50,43,5
50,44,4
50,45,1
50,47,1
50,48,1
50,49,48
50,51,26
50,52,24
50,53,24
50,55,3
50,57,2
50,58,3
50,60,3
50,61,2
50,63,1
50,66,2
50,67,7
50,68,2
50,69,1
50,72,4
50,73,3
50,74,5
50,75,5
50,76,7
50,77,2
50,78,49
50,79,9
50,80,199
50,81,14
50,82,7
50,83,3
50,85,2
50,87,9
50,92,1
50,94,13
50,96,6
50,97,35
50,99,2
50,101,7
50,102,6
50,104,9
50,105,10
50,106,1
50,107,16
50,108,2
50,109,2
50,110,7
50,111,12
50,114,1
50,115,7
50,116,7
50,118,2
50,119,3
50,121,3
50,123,6
50,126,4
50,127,3
50,128,2
50,129,2
50,130,4
50,131,7
50,132,6
50,133,1
50,135,6
50,136,3
50,137,4
50,138,3
50,139,1
50,140,27
50,141,59
50,142,20
50,143,4
50,144,58
50,145,301
50,146,12
50,147,8
50,148,6
50,149,1
50,151,2
50,152,215
50,153,7
50,154,4
50,155,143
50,156,13
50,157,3
50,158,4
50,159,21
50,160,2
50,161,2
50,162,64
50,163,7
50,164,3
50,165,2
50,166,4
50,167,6
50,169,3
50,170,22
50,171,6
50,173,5
50,174,1
50,175,10
50,176,2
50,177,4
50,178,1
50,179,8
50,180,14
50,181,4
50,182,5
50,186,10
50,187,3
50,188,6
50,190,1
50,191,2
50,192,3
50,193,2
51,2,1
51,3,1
51,5,4
51,6,1
51,7,2
51,8,8
51,9,11
51,10,1
51,12,22
51,13,3
51,15,2
51,17,1
51,19,7
51,20,2
51,21,9
51,22,17
51,23,1
51,24,2
51,25,4
51,26,2
51,27,8
51,28,1
51,29,5
51,30,2
51,31,6
51,32,8
51,33,6
51,34,14
51,35,5
51,36,5
51,38,2
51,39,1
51,41,2
51,42,3
51,44,18
51,45,7
51,46,2
51,49,25
51,50,1
51,52,20
51,53,17
51,54,2
51,55,1
51,56,2
51,57,2
51,58,4
51,59,6
51,60,1
51,61,6
51,62,3
51,63,7
51,64,5
51,65,5
51,67,4
51,69,3
51,71,26
51,72,3
51,73,8
51,74,16
51,75,3
51,76,2
51,77,5
51,78,39
51,79,8
51,80,170
51,81,23
51,82,13
51,83,9
51,84,3
51,86,6
51,87,7
51,88,5
51,89,1
51,91,2
51,92,4
51,93,2
51,94,8
51,95,3
51,96,3
51,97,37
51,98,6
51,99,1
51,100,1
51,101,3
51,102,9
51,105,3
51,106,1
51,107,7
51,108,7
51,109,3
51,110,2
51,111,12
51,114,8
51,115,9
51,116,7
51,117,2
51,118,4
51,119,4
51,120,10
51,121,2
51,122,1
51,125,3
51,126,3
51,127,16
51,128,1
51,129,1
51,130,9
51,131,16
51,132,13
51,133,1
51,134,3
51,135,4
51,136,5
51,137,2
51,138,6
51,139,1
51,140,30
51,141,34
51,142,15
51,143,1
51,144,64
51,145,282
51,146,16
51,147,6
51,148,9
51,149,6
51,150,1
51,151,3
51,152,216
51,153,19
51,154,4
51,155,116
51,156,27
51,158,6
51,159,46
51,160,4
51,161,1
51,162,54
51,163,3
51,164,2
51,165,6
51,166,6
51,167,4
51,168,2
51,169,1
51,170,22
51,171,4
51,172,1
51,173,3
51,174,1
51,175,5
51,176,1
51,178,1
51,179,15
51,180,16
51,181,3
51,182,5
51,184,1
51,185,4
51,186,3
51,187,6
51,188,10
51,190,1
51,191,3
51,192,8
51,193,1
51,194,2
52,1,1
52,7,2
52,8,3
52,9,1
52,12,11
52,15,3
52,16,1
52,18,1
52,19,3
52,21,8
52,22,5
52,23,1
52,27,2
52,29,1
52,31,7
52,32,9
52,34,18
52,35,6
52,36,3
52,39,4
52,44,2
52,45,1
52,49,12
52,51,4
52,54,2
52,58,2
52,59,1
52,60,1
52,61,4
52,63,2
52,64,1
52,66,2
52,68,1
52,71,2
52,72,6
52,73,5
52,74,17
52,76,1
52,77,3
52,78,19
52,79,6
52,80,45
52,81,7
52,82,18
52,88,1
52,91,1
52,93,2
52,94,7
52,96,1
52,97,4
52,101,9
52,102,3
52,103,1
52,105,1
52,107,14
52,108,3
52,109,4
52,110,5
52,111,10
52,114,1
52,116,4
52,118,4
52,119,3
52,126,7
52,127,7
52,128,1
52,130,1
52,131,4
52,132,3
52,135,2
52,137,2
52,140,29
52,141,22
52,142,13
52,144,24
52,145,247
52,146,9
52,147,2
52,148,8
52,149,5
52,151,1
52,152,148
52,153,5
52,154,4
52,155,35
52,156,13
52,157,1
52,158,2
52,159,38
52,161,6
52,162,59
52,163,4
52,164,3
52,165,6
52,166,3
52,167,3
52,169,1
52,170,11
52,171,3
52,172,2
52,173,1
52,175,3
52,177,3
52,179,9
52,182,4
52,184,2
52,186,8
52,187,2
52,188,1
52,190,2
52,191,2
52,192,3
53,1,3
53,4,2
53,5,1
53,6,3
53,7,6
53,8,8
53,9,11
53,12,24
53,13,3
53,14,7
53,17,4
53,18,1
53,19,5
53,20,1
53,21,2
53,22,6
53,23,4
53,24,3
53,25,14
53,27,9
53,28,4
53,29,2
53,31,10
53,32,11
53,33,4
53,34,12
53,35,12
53,36,5
53,37,2
53,38,4
53,39,1
53,47,1
53,49,35
53,50,4
53,51,5
53,52,12
53,54,1
53,56,1
53,58,11
53,60,1
53,63,1
53,65,3
53,66,3
53,67,1
53,68,1
53,69,1
53,70,2
53,73,1
53,75,4
53,76,1
53,77,16
53,78,28
53,80,161
53,81,18
53,82,8
53,83,3
53,84,2
53,85,1
53,87,3
53,88,5
53,91,1
53,94,6
53,95,1
53,96,6
53,97,21
53,98,5
53,101,7
53,102,5
53,104,5
53,105,1
53,106,1
53,107,6
53,108,2
53,109,6
53,110,7
53,111,2
53,112,2
53,113,3
53,114,1
53,115,1
53,118,1
53,119,2
53,120,1
53,121,1
53,124,1
53,126,7
53,127,10
53,128,3
53,129,1
53,130,6
53,131,2
53,132,1
53,134,3
53,135,2
53,136,1
53,137,3
53,138,4
53,140,17
53,141,36
53,142,18
53,144,40
53,145,304
53,146,7
53,147,4
53,148,18
53,149,9
53,150,2
53,151,2
53,152,171
53,153,15
53,154,2
53,155,100
53,156,14
53,158,6
53,159,36
53,160,2
53,161,1
53,162,63
53,163,4
53,164,4
53,165,3
53,166,2
53,167,2
53,168,1
53,170,15
53,171,1
53,173,1
53,174,1
53,175,5
53,176,1
53,177,3
53,179,10
53,180,7
53,181,4
53,182,9
53,183,5
53,184,1
53,185,2
53,186,7
53,187,3
53,188,5
53,190,1
53,192,9
53,193,4
53,194,2
54,1,5
54,4,1
54,7,4
54,8,4
54,9,10
54,10,1
54,12,32
54,13,5
54,14,3
54,15,1
54,16,12
54,17,2
54,18,3
54,19,4
54,21,12
54,22,9
54,23,4
54,24,4
54,25,6
54,26,1
54,27,3
54,28,2
54,29,4
54,30,3
54,31,8
54,32,8
54,33,10
54,34,26
54,35,4
54,36,9
54,37,1
54,38,5
54,40,3
54,42,2
54,43,3
54,44,5
54,49,33
54,51,12
54,52,8
54,53,8
54,55,3
54,57,1
54,58,6
54,60,2
54,61,2
54,63,8
54,64,4
54,68,6
54,69,3
54,70,1
54,71,1
54,72,1
54,73,1
54,74,3
54,75,2
54,76,11
54,77,2
54,78,30
54,79,2
54,80,111
54,81,3
54,82,15
54,84,2
54,85,8
54,88,1
54,89,3
54,91,2
54,92,4
54,93,1
54,94,10
54,96,10
54,97,15
54,98,2
54,99,1
54,101,12
54,102,9
54,103,3
54,104,3
54,106,3
54,107,4
54,108,8
54,109,6
54,110,8
54,111,9
54,112,1
54,113,1
54,114,5
54,115,4
54,116,3
54,117,2
54,118,3
54,119,1
54,120,6
54,124,2
54,126,10
54,127,5
54,128,5
54,129,3
54,130,3
54,131,13
54,132,5
54,133,1
54,135,10
54,136,4
54,137,4
54,138,2
54,140,22
54,141,26
54,142,7
54,143,5
54,144,29
54,145,220
54,146,5
54,147,3
54,148,6
54,149,6
54,150,1
54,151,7
54,152,159
54,153,10
54,154,2
54,155,108
54,156,25
54,157,2
54,158,2
54,159,35
54,160,1
54,161,1
54,162,47
54,163,6
54,164,7
54,165,1
54,166,6
54,167,8
54,168,2
54,169,6
54,170,21
54,171,2
54,172,1
54,175,2
54,177,1
54,179,4
54,180,17
54,181,5
54,182,6
54,183,10
54,185,3
54,186,8
54,187,2
54,188,2
54,190,3
54,191,1
54,192,9
54,193,3
55,5,2
55,7,2
55,8,2
55,9,3
55,12,23
55,13,2
55,14,2
55,16,4
55,17,5
55,18,3
55,19,17
55,21,29
55,22,7
55,23,2
55,24,5
55,25,9
55,26,1
55,27,5
55,29,6
55,30,4
55,31,36
55,32,12
55,33,8
55,34,36
55,35,11
55,36,8
55,37,1
55,38,4
55,40,1
55,43,1
55,44,1
55,45,2
55,48,1
55,49,23
55,50,3
55,51,9
55,52,39
55,53,7
55,54,7
55,56,3
55,58,3
55,59,1
55,60,5
55,61,3
55,62,2
55,63,2
55,64,2
55,66,2
55,67,1
55,68,19
55,69,1
55,71,4
55,72,3
55,73,1
55,74,7
55,75,2
55,76,12
55,77,4
55,78,26
55,79,4
55,80,123
55,81,17
55,82,22
55,83,1
55,84,3
55,85,1
55,86,2
55,88,1
55,89,1
55,91,2
55,92,1
55,94,4
55,96,1
55,97,18
55,98,6
55,101,15
55,102,18
55,103,5
55,104,2
55,106,3
55,107,18
55,108,5
55,109,1
55,110,7
55,111,23
55,112,1
55,113,5
55,114,5
55,115,6
55,116,2
55,118,1
55,119,2
55,120,5
55,121,1
55,122,7
55,126,11
55,127,12
55,128,11
55,129,3
55,130,8
55,131,6
55,132,5
55,133,1
55,134,1
55,135,9
55,136,5
55,137,2
55,138,1
55,140,31
55,141,29
55,142,19
55,143,6
55,144,24
55,145,237
55,146,20
55,147,3
55,148,18
55,149,6
55,150,8
55,151,7
55,152,220
55,153,21
55,154,1
55,155,107
55,156,21
55,157,1
55,158,4
55,159,42
55,161,2
55,162,52
55,163,7
55,164,1
55,165,6
55,166,11
55,167,8
55,168,2
55,169,5
55,170,12
55,172,1
55,175,3
55,176,4
55,177,7
55,178,2
55,179,8
55,180,24
55,181,5
55,182,11
55,183,3
55,184,2
55,185,1
55,186,4
55,187,6
55,188,6
55,190,5
55,191,3
55,192,1
55,193,1
56,6,1
56,9,1
56,11,1
56,12,2
56,15,2
56,17,1
56,21,12
56,22,1
56,23,1
56,24,2
56,25,1
56,26,4
56,31,11
56,32,8
56,33,2
56,34,3
56,35,1
56,37,1
56,38,3
56,43,2
56,44,1
56,45,1
56,49,14
56,51,4
56,52,11
56,53,3
56,54,1
56,60,1
56,68,1
56,72,1
56,74,5
56,75,1
56,76,3
56,77,2
56,78,5
56,79,1
56,80,48
56,81,3
56,82,6
56,93,1
56,94,7
56,96,1
56,97,4
56,101,2
56,107,1
56,108,3
56,109,8
56,110,9
56,111,3
56,115,3
56,118,1
56,119,1
56,126,8
56,127,2
56,132,2
56,135,2
56,136,1
56,140,8
56,141,8
56,142,2
56,144,5
56,145,101
56,146,3
56,147,1
56,148,3
56,149,6
56,151,2
56,152,99
56,153,5
56,154,1
56,155,40
56,156,2
56,158,2
56,159,24
56,160,1
56,162,26
56,163,4
56,164,5
56,166,3
56,169,1
56,170,2
56,172,1
56,173,2
56,175,2
56,177,3
56,178,1
56,179,4
56,180,3
56,181,2
56,182,1
56,185,1
56,186,1
56,187,1
56,192,1
57,5,2
57,7,6
57,8,1
57,10,2
57,12,8
57,15,4
57,16,3
57,17,4
57,18,2
57,21,13
57,22,3
57,23,5
57,24,1
57,25,4
57,27,10
57,29,4
57,30,2
57,31,3
57,32,5
57,33,1
57,34,22
57,35,4
57,36,3
57,37,1
57,38,2
57,43,4
57,45,1
57,47,1
57,48,1
57,49,25
57,51,8
57,52,16
57,53,10
57,54,8
57,55,3
57,56,2
57,58,1
57,60,1
57,61,1
57,63,9
57,65,1
57,68,1
57,69,1
57,72,1
57,73,5
57,74,3
57,75,4
57,76,2
57,77,1
57,78,33
57,79,2
57,80,115
57,81,1
57,82,7
57,84,1
57,89,1
57,94,6
57,96,2
57,97,7
57,98,4
57,99,1
57,100,4
57,101,5
57,102,6
57,104,1
57,105,3
57,109,2
57,110,7
57,111,4
57,114,5
57,115,1
57,117,1
57,118,1
57,119,3
57,120,1
57,121,4
57,122,1
57,124,1
57,126,14
57,127,13
57,128,6
57,130,1
57,131,5
57,132,3
57,134,1
57,135,3
57,136,2
57,137,4
57,140,13
57,141,21
57,142,12
57,143,3
57,144,22
57,145,166
57,146,6
57,147,4
57,148,3
57,149,1
57,150,2
57,151,4
57,152,103
57,153,7
57,155,82
57,156,12
57,158,9
57,159,21
57,160,1
57,162,31
57,163,5
57,164,2
57,166,3
57,167,3
57,168,1
57,169,2
57,170,21
57,171,6
57,172,1
57,173,1
57,174,2
57,177,1
57,179,7
57,180,5
57,181,10
57,182,3
57,183,3
57,186,4
57,187,5
57,188,4
57,190,4
57,193,5
57,194,3
58,1,2
58,2,2
58,4,1
58,6,1
58,7,2
58,8,3
58,9,7
58,12,22
58,13,3
58,14,2
58,17,3
58,18,1
58,19,4
58,20,2
58,21,6
58,22,11
58,23,10
58,24,3
58,25,9
58,26,1
58,27,11
58,28,4
58,29,13
58,30,2
58,31,10
58,32,12
58,33,3
58,34,28
58,35,3
58,36,7
58,37,1
58,38,3
58,42,3
58,43,1
58,44,1
58,45,2
58,47,2
58,49,33
58,50,3
58,51,17
58,52,7
58,53,18
58,54,5
58,55,3
58,56,2
58,61,1
58,62,2
58,63,7
58,64,1
58,65,2
58,66,1
58,68,1
58,69,2
58,70,1
58,72,2
58,74,7
58,75,6
58,76,13
58,77,11
58,78,35
58,79,5
58,80,143
58,81,10
58,82,8
58,83,3
58,84,4
58,85,6
58,87,3
58,88,3
58,89,1
58,93,1
58,94,7
58,95,1
58,97,29
58,98,4
58,99,4
58,101,6
58,102,7
58,103,7
58,104,10
58,105,1
58,106,3
58,107,4
58,108,3
58,110,3
58,111,5
58,112,1
58,114,3
58,115,6
58,116,5
58,119,3
58,120,3
58,121,3
58,126,10
58,127,2
58,128,5
58,130,7
58,131,9
58,132,7
58,134,1
58,135,5
58,136,2
58,137,9
58,138,2
58,139,1
58,140,16
58,141,32
58,142,11
58,143,1
58,144,31
58,145,233
58,146,25
58,147,7
58,148,14
58,149,18
58,151,1
58,152,144
58,153,12
58,155,110
58,156,24
58,158,4
58,159,40
58,160,2
58,161,1
58,162,41
58,163,4
58,164,3
58,166,5
58,167,5
58,169,1
58,170,10
58,171,3
58,173,1
58,175,3
58,176,1
58,177,1
58,178,1
58,179,6
58,180,10
58,181,5
58,182,8
58,183,2
58,184,1
58,185,1
58,186,4
58,188,6
58,190,2
58,191,1
58,192,4
58,193,1
59,1,6
59,2,2
59,4,4
59,5,3
59,6,1
59,7,5
59,8,11
59,9,23
59,10,3
59,11,9
59,12,52
59,13,3
59,14,4
59,16,2
59,17,10
59,18,3
59,19,1
59,21,9
59,22,4
59,23,11
59,24,3
59,25,22
59,26,2
59,27,3
59,28,7
59,29,5
59,31,17
59,32,11
59,33,3
59,34,17
59,35,8
59,36,9
59,37,2
59,38,1
59,42,3
59,43,1
59,44,4
59,45,6
59,47,4
59,48,1
59,49,27
59,50,5
59,51,9
59,52,3
59,53,13
59,54,1
59,55,6
59,58,4
59,60,2
59,61,6
59,62,5
59,63,6
59,64,1
59,65,3
59,66,6
59,67,1
59,68,6
59,69,4
59,70,1
59,71,9
59,73,11
59,74,11
59,75,7
59,76,9
59,77,19
59,78,28
59,79,6
59,80,199
59,81,27
59,82,14
59,83,1
59,84,6
59,85,4
59,86,3
59,87,2
59,88,2
59,89,15
59,90,1
59,91,4
59,92,8
59,93,3
59,94,18
59,95,1
59,96,10
59,97,56
59,98,6
59,99,4
59,100,1
59,101,11
59,102,7
59,103,2
59,104,6
59,105,4
59,106,8
59,107,11
59,108,1
59,110,3
59,111,15
59,114,3
59,115,2
59,116,8
59,117,1
59,118,5
59,119,7
59,120,5
59,122,1
59,124,2
59,125,1
59,126,11
59,127,8
59,128,7
59,130,9
59,131,14
59,132,8
59,134,2
59,135,18
59,136,1
59,137,6
59,138,2
59,139,1
59,140,74
59,141,38
59,142,18
59,143,6
59,144,43
59,145,229
59,146,40
59,147,7
59,148,31
59,149,34
59,150,17
59,151,18
59,152,157
59,153,27
59,154,9
59,155,138
59,156,23
59,157,2
59,158,10
59,159,49
59,160,16
59,161,11
59,162,32
59,163,7
59,164,8
59,165,12
59,166,12
59,167,20
59,168,3
59,169,10
59,170,24
59,171,3
59,172,5
59,173,3
59,174,2
59,175,14
59,176,1
59,177,6
59,178,3
59,179,14
59,180,51
59,181,27
59,182,30
59,183,14
59,184,3
59,185,1
59,186,9
59,187,10
59,188,5
59,190,7
59,192,12
59,193,2
59,194,3
60,2,3
60,5,4
60,8,2
60,9,4
60,12,22
60,15,1
60,17,8
60,18,4
60,19,7
60,21,11
60,22,7
60,23,3
60,24,1
60,25,4
60,26,2
60,27,4
60,28,1
60,29,1
60,30,3
60,31,27
60,32,12
60,33,9
60,34,27
60,35,8
60,36,10
60,37,3
60,38,7
60,43,1
60,44,4
60,45,3
60,47,2
60,49,18
60,52,9
60,53,7
60,54,3
60,55,7
60,56,2
60,58,6
60,59,2
60,61,3
60,63,1
60,64,6
60,68,8
60,69,21
60,72,10
60,73,2
60,74,9
60,75,1
60,76,7
60,77,7
60,78,32
60,79,4
60,80,105
60,81,10
60,82,13
60,83,2
60,84,2
60,88,1
60,89,2
60,91,3
60,92,1
60,94,13
60,96,2
60,97,16
60,100,2
60,101,20
60,102,20
60,103,7
60,104,7
60,106,10
60,107,12
60,108,9
60,109,7
60,110,2
60,111,16
60,113,4
60,114,2
60,115,5
60,116,2
60,117,1
60,118,1
60,119,1
60,120,2
60,121,2
60,124,2
60,126,5
60,127,10
60,128,10
60,129,6
60,130,3
60,131,13
60,132,3
60,135,8
60,136,12
60,137,1
60,140,28
60,141,36
60,142,11
60,143,1
60,144,23
60,145,202
60,146,15
60,147,1
60,148,12
60,149,2
60,150,1
60,151,1
60,152,205
60,153,23
60,155,79
60,156,11
60,157,3
60,158,1
60,159,19
60,160,2
60,162,61
60,163,6
60,164,3
60,165,8
60,166,1
60,167,2
60,169,1
60,170,21
60,171,5
60,172,2
60,173,3
60,175,2
60,177,3
60,179,15
60,180,18
60,181,6
60,182,4
60,183,6
60,186,3
60,188,2
60,190,2
60,191,1
60,192,6
60,193,1
61,5,3
61,7,1
61,9,2
61,11,1
61,12,19
61,13,2
61,14,2
61,16,2
61,17,4
61,18,1
61,19,5
61,21,6
61,22,6
61,23,4
61,24,1
61,25,8
61,26,2
61,27,2
61,29,4
61,31,6
61,32,9
61,33,5
61,34,24
61,35,9
61,36,10
61,38,2
61,43,2
61,44,1
61,47,1
61,48,2
61,49,18
61,51,8
61,52,16
61,53,7
61,54,1
61,55,10
61,56,1
61,58,4
61,60,5
61,63,1
61,65,4
61,68,17
61,69,11
61,70,1
61,71,1
61,72,3
61,73,2
61,74,9
61,75,3
61,76,6
61,77,4
61,78,31
61,79,5
61,80,129
61,81,9
61,82,12
61,83,1
61,84,1
61,87,3
61,88,2
61,89,1
61,93,3
61,94,12
61,95,1
61,96,2
61,97,20
61,98,1
61,99,3
61,100,3
61,101,9
61,102,8
61,103,5
61,104,3
61,105,2
61,106,3
61,107,11
61,108,8
61,109,8
61,110,3
61,111,19
61,112,3
61,113,7
61,114,4
61,115,6
61,116,3
61,118,3
61,119,1
61,120,2
61,121,1
61,126,8
61,127,8
61,128,14
61,130,6
61,131,8
61,132,2
61,135,7
61,136,3
61,137,4
61,138,3
61,139,1
61,140,21
61,141,24
61,142,2
61,143,3
61,144,32
61,145,157
61,146,7
61,147,5
61,148,1
61,149,1
61,151,6
61,152,132
61,153,10
61,154,1
61,155,82
61,156,10
61,158,2
61,159,24
61,160,3
61,161,2
61,162,40
61,163,9
61,164,4
61,165,11
61,166,6
61,167,3
61,169,6
61,170,12
61,171,2
61,174,2
61,175,5
61,176,2
61,178,2
61,179,4
61,180,14
61,181,7
61,182,2
61,183,4
61,184,5
61,185,1
61,186,4
61,187,5
61,188,4
61,189,1
61,191,1
61,192,5
61,193,3
62,1,4
62,4,1
62,5,2
62,6,1
62,7,3
62,8,4
62,9,7
62,10,1
62,12,11
62,14,3
62,15,10
62,16,1
62,17,2
62,18,1
62,19,4
62,21,7
62,23,7
62,24,1
62,25,6
62,26,5
62,27,5
62,28,9
62,29,3
62,30,2
62,31,3
62,32,1
62,33,1
62,34,23
62,35,6
62,36,6
62,38,5
62,41,1
62,43,2
62,44,5
62,45,2
62,46,1
62,47,10
62,48,4
62,49,29
62,51,16
62,52,3
62,53,9
62,54,6
62,55,6
62,58,2
62,60,4
62,61,5
62,63,2
62,64,2
62,65,6
62,66,10
62,67,1
62,68,4
62,70,2
62,71,3
62,72,4
62,73,1
62,74,3
62,75,4
62,76,9
62,77,3
62,78,21
62,79,1
62,80,157
62,81,10
62,82,10
62,83,2
62,85,6
62,86,1
62,87,2
62,88,8
62,89,7
62,92,3
62,93,2
62,94,10
62,95,8
62,96,1
62,97,33
62,98,4
62,99,3
62,101,4
62,102,5
62,104,3
62,105,3
62,106,1
62,107,1
62,110,4
62,111,4
62,113,2
62,114,1
62,115,4
62,116,4
62,118,1
62,119,1
62,120,6
62,121,1
62,122,5
62,124,9
62,126,4
62,127,6
62,128,4
62,130,4
62,131,8
62,132,1
62,133,1
62,134,1
62,135,4
62,136,10
62,137,7
62,138,4
62,140,44
62,141,18
62,142,15
62,143,8
62,144,36
62,145,132
62,146,20
62,147,2
62,148,4
62,149,10
62,150,8
62,151,17
62,152,105
62,153,12
62,154,6
62,155,104
62,156,11
62,158,7
62,159,42
62,160,5
62,161,2
62,162,20
62,163,11
62,164,4
62,165,4
62,166,4
62,167,9
62,168,2
62,169,6
62,170,16
62,172,1
62,173,1
62,174,1
62,175,1
62,176,1
62,177,4
62,179,17
62,180,21
62,181,10
62,182,15
62,183,9
62,185,5
62,186,13
62,187,2
62,188,9
62,190,4
62,192,7
62,193,4
62,194,3
63,1,2
63,2,1
63,7,2
63,8,5
63,9,4
63,12,17
63,14,1
63,15,1
63,16,7
63,18,3
63,19,5
63,21,13
63,22,14
63,23,3
63,25,5
63,27,7
63,28,1
63,29,3
63,31,5
63,32,4
63,33,2
63,34,19
63,35,2
63,36,6
63,37,5
63,38,7
63,40,1
63,43,1
63,45,2
63,47,1
63,49,60
63,51,3
63,52,16
63,53,4
63,54,19
63,55,4
63,58,6
63,60,1
63,61,4
63,64,2
63,65,1
63,66,3
63,67,1
63,68,3
63,69,2
63,72,1
63,73,3
63,74,8
63,75,1
63,76,1
63,77,6
63,78,37
63,79,4
63,80,164
63,81,12
63,82,14
63,83,5
63,87,3
63,88,2
63,89,3
63,93,1
63,94,9
63,96,3
63,97,10
63,98,1
63,99,1
63,101,5
63,102,2
63,103,1
63,104,2
63,105,3
63,107,5
63,108,1
63,109,4
63,110,8
63,111,5
63,114,9
63,115,6
63,116,5
63,117,1
63,118,5
63,119,7
63,120,3
63,121,3
63,122,1
63,126,6
63,127,2
63,128,11
63,130,3
63,131,9
63,132,2
63,135,11
63,136,5
63,137,10
63,138,1
63,140,24
63,141,43
63,142,23
63,144,27
63,145,239
63,146,11
63,147,1
63,148,6
63,149,3
63,150,1
63,151,3
63,152,144
63,153,11
63,155,77
63,156,8
63,157,1
63,158,3
63,159,24
63,160,1
63,161,2
63,162,45
63,163,10
63,165,4
63,166,8
63,168,1
63,169,2
63,170,17
63,172,1
63,173,1
63,175,2
63,176,2
63,179,2
63,180,7
63,181,8
63,182,4
63,184,1
63,185,2
63,186,6
63,187,2
63,188,4
63,189,2
63,191,4
63,192,11
63,193,1
63,194,4
64,1,1
64,2,1
64,5,1
64,6,1
64,7,1
64,8,1
64,9,7
64,12,21
64,13,2
64,14,1
64,15,3
64,16,3
64,17,5
64,18,7
64,19,5
64,21,13
64,22,5
64,23,4
64,24,1
64,25,7
64,26,1
64,27,12
64,29,5
64,31,5
64,32,11
64,33,9
64,34,22
64,35,4
64,36,2
64,37,1
64,38,1
64,43,1
64,44,1
64,45,2
64,48,1
64,49,49
64,50,1
64,51,12
64,52,15
64,53,3
64,54,10
64,55,3
64,56,2
64,58,4
64,60,3
64,61,2
64,63,3
64,65,1
64,68,1
64,69,4
64,71,1
64,72,1
64,73,6
64,74,15
64,75,1
64,76,3
64,77,14
64,78,37
64,79,7
64,80,190
64,81,12
64,82,20
64,83,1
64,86,1
64,88,4
64,89,1
64,92,2
64,94,19
64,95,1
64,96,1
64,97,11
64,98,2
64,100,3
64,101,7
64,102,12
64,103,1
64,104,1
64,105,1
64,107,4
64,108,5
64,110,5
64,111,7
64,112,2
64,113,3
64,114,2
64,116,6
64,118,5
64,123,1
64,125,1
64,126,8
64,127,3
64,128,1
64,130,11
64,131,15
64,132,7
64,133,1
64,134,1
64,135,10
64,136,4
64,137,2
64,139,1
64,140,23
64,141,38
64,142,13
64,144,38
64,145,282
64,146,15
64,147,4
64,148,13
64,149,3
64,150,3
64,151,3
64,152,188
64,153,11
64,154,1
64,155,87
64,156,20
64,158,1
64,159,21
64,160,5
64,162,42
64,163,5
64,164,3
64,165,10
64,167,1
64,169,5
64,170,19
64,171,2
64,172,1
64,173,2
64,174,1
64,175,2
64,176,7
64,178,1
64,179,10
64,180,11
64,181,2
64,182,3
64,186,4
64,187,4
64,188,2
64,191,2
64,192,3
65,1,2
65,4,2
65,5,1
65,7,1
65,8,4
65,9,10
65,10,1
65,12,8
65,13,1
65,14,2
65,15,5
65,16,2
65,17,1
65,19,3
65,21,10
65,22,3
65,23,2
65,24,2
65,25,11
65,26,1
65,27,7
65,28,1
65,29,5
65,31,7
65,32,4
65,33,2
65,34,26
65,35,4
65,36,4
65,37,3
65,41,4
65,43,4
65,44,6
65,45,1
65,47,1
65,48,2
65,49,31
65,51,18
65,52,4
65,53,11
65,54,2
65,55,3
65,56,1
65,57,2
65,58,1
65,60,1
65,61,1
65,63,2
65,66,1
65,67,2
65,68,5
65,69,2
65,70,4
65,71,2
65,72,1
65,73,4
65,74,1
65,76,6
65,77,2
65,78,20
65,79,2
65,80,101
65,81,11
65,82,3
65,83,5
65,85,1
65,86,1
65,89,3
65,91,1
65,94,4
65,95,2
65,96,4
65,97,18
65,98,2
65,101,3
65,102,13
65,104,2
65,105,1
65,106,2
65,107,2
65,108,1
65,109,1
65,110,1
65,114,3
65,115,4
65,116,2
65,118,3
65,119,3
65,120,5
65,121,4
65,122,2
65,126,8
65,127,3
65,128,3
65,129,1
65,130,3
65,131,8
65,132,10
65,135,2
65,136,6
65,137,2
65,138,4
65,140,21
65,141,16
65,142,12
65,143,1
65,144,39
65,145,217
65,146,6
65,147,1
65,148,5
65,149,3
65,150,4
65,151,3
65,152,109
65,153,9
65,154,2
65,155,92
65,156,15
65,157,2
65,158,8
65,159,29
65,160,7
65,161,2
65,162,22
65,165,2
65,166,6
65,167,3
65,169,3
65,170,16
65,171,3
65,177,1
65,179,3
65,180,8
65,181,2
65,182,3
65,184,1
65,186,1
65,187,2
65,188,6
65,192,2
66,1,1
66,2,4
66,6,1
66,7,5
66,8,4
66,9,13
66,11,2
66,12,43
66,15,1
66,17,5
66,18,1
66,19,5
66,21,11
66,22,9
66,23,5
66,25,14
66,26,6
66,27,5
66,28,9
66,29,10
66,30,15
66,31,6
66,32,4
66,33,3
66,34,21
66,35,4
66,36,7
66,37,2
66,39,2
66,43,7
66,44,10
66,45,2
66,46,3
66,47,5
66,49,20
66,50,2
66,51,14
66,52,6
66,53,19
66,54,14
66,55,19
66,57,3
66,59,5
66,60,4
66,61,2
66,62,2
66,63,3
66,64,3
66,65,10
66,67,4
66,68,2
66,69,4
66,70,3
66,71,1
66,72,6
66,73,2
66,74,9
66,75,5
66,76,2
66,77,12
66,78,25
66,79,1
66,80,135
66,81,13
66,82,7
66,83,5
66,84,1
66,85,4
66,86,4
66,87,3
66,88,5
66,89,10
66,90,2
66,92,2
66,94,13
66,95,3
66,96,15
66,97,51
66,98,8
66,99,1
66,100,3
66,101,9
66,102,5
66,103,2
66,104,5
66,105,1
66,106,7
66,107,11
66,108,4
66,109,1
66,110,1
66,111,14
66,112,3
66,113,5
66,114,6
66,115,6
66,116,4
66,117,1
66,118,5
66,119,2
66,120,1
66,121,7
66,124,1
66,125,1
66,126,11
66,127,12
66,130,4
66,131,23
66,132,9
66,133,3
66,134,7
66,135,12
66,136,1
66,137,4
66,140,46
66,141,47
66,142,16
66,144,33
66,145,193
66,146,16
66,147,2
66,148,24
66,149,15
66,150,7
66,151,28
66,152,130
66,153,13
66,154,9
66,155,118
66,156,27
66,157,7
66,158,2
66,159,62
66,160,4
66,161,3
66,162,39
66,163,6
66,164,6
66,165,1
66,166,7
66,167,6
66,169,3
66,170,36
66,171,6
66,172,5
66,173,1
66,175,13
66,176,1
66,177,3
66,178,2
66,179,16
66,180,17
66,181,16
66,182,14
66,183,14
66,185,3
66,186,5
66,187,2
66,188,6
66,190,3
66,191,6
66,192,8
66,193,2
67,4,5
67,7,1
67,8,6
67,9,2
67,10,1
67,11,1
67,12,34
67,15,2
67,16,4
67,17,4
67,21,8
67,22,3
67,23,3
67,25,6
67,26,2
67,27,7
67,28,3
67,29,4
67,30,2
67,31,3
67,32,7
67,33,6
67,34,13
67,35,1
67,36,8
67,37,1
67,38,2
67,39,1
67,42,1
67,43,1
67,44,3
67,45,4
67,47,1
67,49,11
67,51,21
67,52,10
67,53,13
67,54,2
67,55,3
67,57,1
67,59,6
67,60,1
67,62,3
67,63,1
67,64,1
67,65,4
67,66,6
67,68,3
67,69,3
67,70,1
67,71,2
67,73,1
67,74,5
67,75,1
67,76,5
67,77,1
67,78,25
67,80,93
67,81,13
67,82,2
67,83,2
67,85,1
67,87,6
67,88,2
67,89,8
67,90,2
67,92,4
67,94,8
67,95,1
67,96,5
67,97,25
67,98,4
67,99,3
67,101,2
67,102,5
67,103,1
67,104,3
67,105,1
67,106,1
67,107,10
67,111,3
67,112,2
67,114,1
67,115,3
67,116,6
67,117,1
67,118,2
67,119,1
67,120,5
67,123,3
67,126,3
67,127,6
67,128,1
67,129,1
67,130,4
67,131,15
67,132,7
67,134,2
67,135,3
67,137,6
67,138,4
67,139,2
67,140,31
67,141,31
67,142,11
67,144,20
67,145,129
67,146,9
67,147,5
67,148,5
67,149,12
67,150,4
67,151,3
67,152,86
67,153,3
67,154,1
67,155,91
67,156,2
67,157,1
67,158,5
67,159,23
67,160,3
67,162,30
67,163,4
67,164,2
67,166,4
67,167,2
67,169,4
67,170,13
67,171,4
67,173,2
67,175,6
67,176,2
67,178,4
67,179,12
67,180,12
67,181,8
67,182,18
67,183,7
67,184,1
67,185,3
67,186,7
67,187,3
67,188,3
67,189,3
67,193,1
68,6,2
68,7,4
68,8,4
68,9,1
68,12,16
68,14,2
68,15,2
68,16,2
68,17,3
68,18,4
68,19,8
68,20,1
68,21,16
68,22,3
68,23,2
68,25,1
68,27,2
68,28,6
68,29,6
68,30,2
68,31,11
68,32,18
68,33,6
68,34,17
68,35,1
68,36,4
68,38,4
68,41,1
68,43,2
68,44,3
68,46,1
68,48,1
68,49,11
68,51,3
68,52,21
68,54,8
68,55,5
68,56,2
68,60,3
68,63,4
68,64,1
68,66,4
68,69,9
68,70,1
68,71,1
68,72,12
68,73,4
68,74,13
68,75,2
68,76,11
68,77,8
68,78,27
68,79,6
68,80,106
68,81,9
68,82,9
68,83,3
68,84,3
68,85,1
68,86,1
68,87,1
68,88,1
68,92,1
68,93,2
68,94,7
68,95,1
68,96,1
68,97,17
68,98,1
68,99,1
68,101,23
68,102,18
68,103,2
68,104,2
68,105,3
68,106,5
68,107,4
68,108,6
68,109,5
68,110,5
68,111,11
68,112,1
68,113,3
68,114,3
68,115,3
68,116,1
68,117,6
68,118,3
68,119,1
68,121,3
68,122,1
68,126,4
68,127,13
68,128,16
68,129,4
68,130,2
68,131,8
68,132,2
68,135,4
68,136,2
68,137,2
68,138,1
68,140,11
68,141,25
68,142,16
68,143,2
68,144,18
68,145,204
68,146,7
68,147,5
68,148,9
68,149,2
68,150,7
68,151,1
68,152,159
68,153,15
68,154,1
68,155,66
68,156,17
68,159,31
68,160,4
68,162,50
68,163,6
68,164,7
68,165,4
68,166,7
68,167,6
68,169,4
68,170,8
68,172,1
68,175,1
68,176,1
68,177,1
68,179,9
68,180,11
68,181,7
68,182,8
68,183,7
68,184,1
68,185,7
68,187,3
68,188,5
68,190,1
68,191,2
68,192,9
68,193,1
68,194,1
69,4,1
69,6,1
69,7,6
69,8,2
69,9,5
69,12,23
69,13,3
69,14,4
69,16,1
69,17,8
69,18,2
69,19,6
69,21,17
69,22,7
69,23,9
69,25,4
69,26,1
69,27,1
69,29,8
69,30,1
69,31,17
69,32,13
69,33,8
69,34,34
69,35,6
69,36,13
69,37,2
69,38,5
69,43,1
69,44,2
69,46,1
69,47,2
69,48,1
69,49,35
69,51,10
69,52,32
69,53,6
69,54,3
69,55,14
69,56,3
69,57,3
69,58,2
69,59,1
69,60,5
69,61,6
69,65,1
69,67,2
69,68,13
69,70,6
69,71,2
69,72,3
69,74,9
69,75,8
69,76,5
69,77,7
69,78,34
69,79,3
69,80,137
69,81,11
69,82,12
69,83,3
69,85,4
69,86,1
69,89,8
69,92,2
69,93,4
69,94,22
69,96,5
69,97,26
69,98,5
69,100,2
69,101,15
69,102,31
69,103,4
69,104,1
69,106,5
69,107,17
69,108,7
69,109,11
69,110,11
69,111,12
69,113,1
69,114,2
69,115,3
69,116,6
69,117,3
69,118,3
69,120,5
69,122,1
69,123,2
69,124,1
69,126,7
69,127,3
69,128,5
69,129,2
69,130,7
69,131,13
69,132,2
69,133,1
69,135,2
69,136,7
69,137,9
69,139,1
69,140,31
69,141,45
69,142,15
69,144,32
69,145,274
69,146,12
69,147,1
69,148,6
69,149,5
69,150,6
69,151,8
69,152,233
69,153,16
69,154,4
69,155,114
69,156,13
69,157,3
69,159,61
69,160,3
69,161,2
69,162,40
69,163,4
69,164,5
69,165,2
69,166,7
69,167,11
69,168,6
69,169,2
69,170,27
69,171,5
69,172,1
69,173,3
69,175,10
69,177,2
69,178,1
69,179,14
69,180,12
69,181,7
69,182,4
69,183,2
69,186,3
69,187,3
69,188,8
69,190,1
69,191,4
69,192,8
69,193,3
69,194,4
70,1,1
70,4,1
70,8,5
70,9,3
70,10,1
70,12,12
70,14,1
70,15,1
70,17,1
70,20,2
70,21,7
70,22,2
70,23,2
70,25,2
70,26,1
70,27,2
70,31,3
70,32,5
70,33,1
70,34,13
70,35,3
70,36,1
70,38,2
70,41,3
70,43,3
70,44,1
70,49,7
70,51,5
70,52,14
70,53,2
70,54,1
70,58,2
70,60,2
70,65,3
70,71,2
70,74,1
70,77,3
70,78,16
70,80,72
70,81,8
70,82,20
70,83,8
70,85,1
70,87,1
70,88,2
70,92,2
70,94,2
70,96,2
70,97,1
70,98,2
70,101,2
70,104,2
70,106,3
70,107,6
70,108,10
70,110,1
70,111,4
70,112,2
70,114,1
70,115,1
70,116,4
70,119,7
70,120,3
70,122,1
70,126,4
70,127,4
70,130,8
70,131,7
70,132,1
70,135,3
70,136,1
70,137,5
70,140,24
70,141,28
70,142,9
70,143,2
70,144,30
70,145,208
70,146,3
70,147,6
70,148,2
70,149,4
70,150,1
70,151,1
70,152,121
70,153,4
70,154,4
70,155,65
70,156,13
70,158,1
70,159,27
70,160,3
70,161,1
70,162,47
70,163,4
70,164,4
70,170,5
70,171,2
70,172,2
70,173,10
70,176,1
70,177,2
70,179,1
70,180,1
70,181,1
70,182,4
70,185,4
70,186,4
70,187,1
70,191,1
70,192,3
71,1,3
71,6,1
71,7,3
71,9,2
71,10,1
71,12,20
71,14,1
71,17,1
71,19,3
71,21,8
71,22,2
71,23,1
71,24,1
71,25,1
71,27,6
71,31,3
71,32,1
71,33,1
71,34,13
71,35,7
71,36,3
71,37,1
71,38,2
71,39,3
71,41,2
71,43,2
71,47,1
71,49,18
71,50,2
71,51,8
71,52,15
71,53,1
71,55,2
71,57,2
71,59,1
71,61,1
71,63,3
71,66,1
71,67,1
71,69,2
71,70,4
71,72,5
71,73,9
71,74,9
71,75,1
71,76,2
71,77,4
71,78,38
71,79,4
71,80,109
71,81,9
71,82,14
71,83,1
71,85,1
71,87,6
71,88,3
71,94,4
71,97,28
71,98,1
71,99,2
71,100,2
71,101,1
71,103,1
71,105,3
71,106,1
71,107,1
71,108,7
71,109,5
71,110,2
71,111,1
71,112,4
71,113,5
71,115,3
71,116,4
71,118,3
71,119,4
71,120,1
71,121,1
71,122,2
71,123,3
71,126,4
71,127,1
71,130,3
71,131,6
71,132,8
71,133,3
71,134,1
71,135,4
71,136,1
71,137,5
71,140,28
71,141,46
71,142,16
71,143,1
71,144,36
71,145,209
71,146,16
71,147,4
71,148,1
71,149,1
71,150,2
71,151,1
71,152,152
71,153,7
71,155,80
71,156,14
71,157,1
71,159,18
71,161,1
71,162,61
71,163,4
71,164,4
71,167,3
71,169,4
71,170,17
71,171,3
71,172,1
71,173,1
71,175,1
71,177,2
71,179,6
71,180,5
71,181,4
71,182,3
71,186,4
71,187,3
71,188,8
71,191,2
71,192,8
71,193,1
71,194,1
72,8,7
72,10,1
72,14,1
72,19,1
72,21,10
72,22,3
72,23,4
72,27,1
72,31,6
72,33,1
72,34,9
72,35,3
72,36,2
72,37,4
72,38,1
72,41,1
72,44,1
72,49,5
72,52,25
72,54,2
72,55,1
72,60,1
72,66,1
72,68,1
72,73,8
72,74,9
72,77,2
72,78,6
72,79,1
72,80,48
72,81,2
72,82,13
72,83,1
72,91,1
72,94,4
72,95,1
72,97,2
72,98,1
72,101,4
72,102,3
72,107,5
72,108,3
72,109,1
72,110,3
72,111,2
72,114,1
72,115,1
72,116,2
72,121,3
72,123,1
72,126,9
72,130,2
72,131,2
72,134,1
72,135,5
72,136,1
72,140,12
72,141,42
72,142,2
72,143,2
72,144,30
72,145,299
72,146,14
72,147,11
72,148,16
72,149,2
72,152,188
72,153,12
72,154,3
72,155,56
72,156,12
72,159,28
72,162,57
72,163,3
72,164,1
72,166,1
72,167,2
72,170,7
72,176,2
72,177,1
72,178,3
72,179,4
72,181,1
72,182,2
72,184,2
72,185,2
72,186,1
72,187,2
72,188,8
72,191,3
72,192,1
72,194,1
73,7,1
73,8,3
73,9,5
73,12,2
73,13,1
73,21,6
73,22,4
73,23,1
73,26,1
73,27,1
73,28,2
73,31,17
73,32,11
73,33,4
73,34,3
73,35,2
73,37,1
73,38,1
73,43,3
73,44,1
73,47,1
73,48,2
73,49,5
73,51,5
73,52,15
73,53,7
73,54,1
73,60,1
73,62,1
73,63,2
73,64,1
73,72,1
73,74,21
73,75,1
73,77,5
73,78,12
73,79,3
73,80,55
73,81,6
73,82,22
73,83,1
73,88,1
73,92,1
73,93,1
73,94,1
73,96,1
73,97,11
73,98,1
73,99,1
73,101,1
73,103,1
73,105,1
73,107,18
73,108,11
73,110,1
73,111,4
73,114,6
73,115,3
73,116,4
73,117,1
73,119,4
73,122,2
73,126,5
73,127,2
73,131,2
73,132,5
73,134,3
73,135,1
73,140,35
73,141,53
73,142,9
73,143,4
73,144,27
73,145,369
73,146,16
73,147,7
73,148,5
73,149,2
73,152,218
73,153,12
73,154,1
73,155,56
73,156,15
73,159,20
73,160,2
73,162,110
73,163,5
73,164,1
73,165,1
73,166,1
73,167,1
73,170,8
73,171,3
73,175,2
73,176,3
73,177,3
73,178,1
73,179,18
73,180,1
73,181,2
73,182,5
73,186,9
73,188,3
73,191,5
73,192,1
74,7,1
74,8,7
74,9,2
74,11,2
74,12,4
74,15,1
74,16,2
74,21,6
74,22,1
74,23,1
74,28,1
74,31,3
74,32,5
74,34,8
74,35,2
74,36,5
74,38,3
74,41,1
74,43,3
74,44,1
74,45,1
74,49,17
74,50,1
74,52,16
74,53,4
74,55,2
74,56,1
74,61,1
74,64,1
74,70,1
74,71,2
74,75,3
74,76,2
74,77,3
74,78,10
74,80,61
74,81,3
74,82,35
74,83,2
74,87,1
74,88,2
74,92,2
74,93,1
74,94,12
74,97,2
74,101,1
74,102,2
74,104,2
74,106,1
74,107,7
74,108,14
74,110,1
74,111,1
74,113,2
74,115,5
74,116,9
74,117,1
74,118,1
74,121,3
74,122,1
74,126,4
74,127,3
74,129,1
74,131,6
74,132,1
74,135,1
74,136,1
74,139,2
74,140,34
74,141,60
74,142,16
74,143,1
74,144,32
74,145,377
74,146,12
74,147,7
74,148,3
74,149,5
74,152,307
74,153,12
74,154,4
74,155,94
74,156,12
74,159,42
74,160,1
74,161,1
74,162,73
74,163,4
74,164,8
74,165,4
74,166,8
74,167,8
74,169,2
74,170,3
74,171,5
74,175,1
74,176,5
74,177,1
74,178,4
74,179,1
74,180,1
74,182,1
74,183,1
74,184,2
74,186,2
74,188,1
74,191,1
74,192,5
74,193,4
74,194,1
75,3,1
75,8,5
75,9,4
75,12,7
75,19,4
75,21,4
75,22,2
75,26,1
75,29,1
75,31,5
75,32,4
75,34,6
75,35,2
75,38,1
75,39,2
75,43,1
75,49,7
75,50,2
75,51,1
75,52,18
75,53,4
75,54,1
75,55,1
75,58,1
75,61,1
75,63,1
75,71,2
75,73,1
75,74,9
75,76,4
75,77,5
75,78,12
75,79,6
75,80,32
75,81,4
75,82,15
75,83,3
75,84,1
75,89,1
75,93,1
75,94,11
75,96,2
75,97,12
75,102,1
75,104,3
75,105,1
75,106,2
75,107,4
75,108,8
75,109,2
75,111,4
75,114,3
75,115,2
75,116,3
75,117,1
75,120,1
75,123,1
75,126,4
75,127,3
75,128,2
75,130,1
75,131,3
75,132,1
75,137,1
75,140,12
75,141,38
75,142,2
75,143,1
75,144,20
75,145,284
75,146,9
75,147,4
75,148,3
75,149,2
75,150,1
75,152,208
75,153,25
75,154,1
75,155,50
75,156,18
75,159,33
75,162,43
75,163,7
75,164,4
75,165,3
75,166,3
75,167,1
75,169,3
75,170,6
75,173,2
75,175,1
75,176,1
75,177,3
75,179,2
75,180,4
75,181,1
75,185,1
75,188,2
76,8,10
76,9,1
76,12,5
76,14,2
76,17,1
76,19,1
76,22,3
76,27,2
76,28,1
76,31,5
76,32,2
76,33,2
76,34,20
76,35,5
76,36,1
76,37,1
76,39,1
76,43,2
76,49,19
76,51,4
76,52,15
76,53,2
76,60,4
76,61,1
76,66,1
76,67,3
76,69,1
76,70,4
76,72,5
76,73,2
76,74,8
76,75,1
76,78,32
76,79,2
76,80,60
76,81,2
76,82,18
76,83,2
76,84,1
76,86,1
76,87,2
76,94,10
76,96,1
76,97,8
76,98,3
76,100,1
76,101,3
76,102,2
76,104,1
76,106,1
76,107,5
76,108,5
76,109,1
76,110,2
76,111,12
76,112,1
76,113,2
76,114,2
76,116,3
76,118,2
76,119,1
76,126,15
76,127,4
76,130,2
76,131,8
76,132,1
76,133,1
76,134,1
76,137,2
76,140,31
76,141,50
76,142,6
76,143,6
76,144,26
76,145,376
76,146,4
76,147,3
76,148,1
76,149,3
76,151,2
76,152,228
76,153,12
76,154,4
76,155,73
76,156,21
76,157,2
76,159,20
76,162,54
76,163,9
76,164,3
76,165,4
76,166,2
76,167,1
76,169,3
76,170,8
76,171,6
76,172,3
76,175,2
76,176,4
76,177,3
76,178,1
76,179,6
76,180,7
76,181,3
76,182,2
76,184,1
76,185,4
76,188,2
76,191,4
76,192,1
76,193,2
77,1,1
77,2,1
77,5,1
77,6,2
77,8,3
77,12,8
77,13,2
77,15,1
77,18,3
77,21,5
77,22,3
77,25,1
77,26,1
77,27,1
77,31,1
77,32,2
77,34,12
77,35,4
77,36,2
77,43,2
77,46,1
77,49,10
77,50,2
77,51,10
77,52,3
77,53,4
77,58,1
77,60,2
77,65,1
77,66,2
77,68,1
77,71,3
77,72,3
77,74,13
77,75,1
77,76,3
77,78,31
77,79,4
77,80,69
77,81,5
77,82,6
77,87,1
77,91,1
77,92,2
77,93,1
77,94,7
77,97,8
77,98,1
77,102,3
77,104,3
77,107,2
77,108,5
77,110,8
77,111,10
77,112,1
77,113,1
77,114,1
77,115,3
77,116,2
77,117,1
77,120,1
77,122,1
77,123,1
77,126,11
77,127,5
77,128,8
77,129,2
77,130,1
77,131,3
77,132,1
77,135,2
77,136,2
77,137,2
77,140,10
77,141,36
77,142,5
77,143,3
77,144,32
77,145,217
77,146,13
77,147,5
77,148,7
77,149,4
77,150,1
77,151,4
77,152,114
77,153,6
77,154,3
77,155,85
77,156,14
77,158,1
77,159,17
77,160,1
77,162,37
77,163,7
77,164,4
77,165,7
77,166,5
77,167,4
77,168,3
77,169,3
77,170,22
77,171,2
77,172,2
77,173,1
77,175,2
77,176,1
77,178,1
77,179,8
77,180,6
77,181,2
77,182,16
77,183,3
77,186,5
77,188,1
77,192,2
77,193,2
78,2,2
78,8,3
78,12,8
78,13,4
78,16,1
78,17,1
78,18,1
78,20,1
78,21,4
78,23,1
78,25,2
78,31,4
78,32,2
78,33,1
78,34,7
78,35,1
78,36,3
78,37,2
78,41,2
78,44,3
78,48,1
78,49,13
78,51,4
78,52,12
78,53,1
78,63,4
78,65,1
78,66,1
78,68,2
78,69,1
78,70,4
78,71,1
78,72,8
78,73,5
78,74,8
78,75,1
78,76,2
78,77,5
78,79,4
78,80,74
78,81,6
78,82,18
78,83,1
78,85,2
78,86,1
78,88,1
78,92,1
78,94,3
78,95,1
78,96,3
78,97,9
78,101,2
78,102,6
78,106,1
78,107,5
78,108,5
78,109,2
78,110,1
78,111,3
78,112,1
78,114,6
78,115,2
78,116,6
78,118,5
78,120,1
78,121,2
78,122,2
78,126,4
78,127,1
78,130,7
78,131,9
78,132,3
78,137,2
78,140,35
78,141,82
78,142,13
78,143,2
78,144,55
78,145,325
78,146,13
78,147,4
78,148,1
78,149,2
78,150,2
78,152,178
78,153,12
78,155,117
78,156,26
78,157,3
78,158,3
78,159,25
78,160,2
78,161,2
78,162,50
78,163,4
78,164,1
78,165,9
78,166,3
78,169,2
78,170,19
78,173,1
78,175,4
78,176,1
78,177,3
78,179,3
78,180,11
78,181,5
78,182,4
78,185,5
78,186,7
78,188,2
78,191,3
78,192,11
78,194,3
79,8,2
79,9,2
79,12,11
79,14,3
79,15,2
79,17,1
79,21,3
79,23,1
79,25,1
79,27,1
79,30,1
79,31,1
79,32,3
79,33,3
79,34,11
79,35,9
79,36,2
79,38,1
79,40,1
79,42,1
79,43,1
79,46,1
79,49,16
79,50,1
79,51,1
79,52,5
79,53,2
79,54,3
79,55,1
79,58,2
79,61,1
79,63,1
79,66,1
79,67,1
79,72,9
79,73,4
79,74,12
79,75,5
79,76,1
79,78,24
79,80,68
79,81,6
79,82,25
79,83,5
79,86,1
79,87,3
79,88,2
79,89,1
79,93,1
79,94,6
79,96,3
79,97,20
79,98,2
79,102,2
79,103,1
79,107,5
79,108,5
79,109,5
79,110,3
79,111,11
79,112,2
79,113,2
79,114,7
79,115,2
79,116,2
79,117,4
79,118,3
79,120,2
79,124,1
79,126,4
79,127,3
79,129,3
79,130,11
79,131,5
79,132,1
79,135,1
79,136,1
79,137,6
79,140,25
79,141,76
79,142,16
79,143,2
79,144,38
79,145,318
79,146,10
79,148,10
79,149,7
79,152,169
79,153,8
79,154,1
79,155,102
79,156,19
79,157,5
79,159,33
79,160,1
79,162,53
79,163,3
79,164,2
79,165,1
79,166,6
79,167,6
79,169,1
79,170,32
79,171,2
79,172,4
79,173,1
79,174,1
79,175,2
79,177,1
79,179,4
79,180,13
79,181,12
79,182,16
79,183,7
79,184,1
79,185,3
79,186,12
79,188,3
79,192,2
79,193,1
79,194,6
80,7,2
80,8,6
80,9,3
80,12,5
80,16,1
80,22,1
80,23,3
80,27,1
80,29,5
80,31,8
80,32,1
80,34,3
80,35,1
80,36,3
80,38,2
80,43,1
80,44,2
80,47,1
80,49,5
80,50,2
80,51,2
80,52,1
80,53,1
80,55,3
80,65,1
80,66,3
80,70,6
80,72,3
80,73,1
80,74,1
80,75,4
80,76,1
80,77,6
80,78,12
80,79,4
80,81,7
80,82,12
80,84,1
80,92,2
80,94,2
80,96,1
80,97,9
80,98,2
80,99,1
80,102,2
80,105,1
80,106,2
80,107,3
80,110,2
80,111,1
80,112,1
80,113,4
80,114,1
80,115,3
80,116,2
80,119,2
80,121,1
80,122,1
80,126,2
80,127,3
80,130,7
80,131,8
80,132,7
80,134,1
80,140,29
80,141,43
80,142,21
80,144,17
80,145,128
80,146,17
80,147,5
80,148,11
80,150,1
80,152,90
80,153,2
80,154,2
80,155,80
80,156,17
80,158,1
80,159,21
80,162,33
80,164,2
80,170,6
80,171,5
80,175,1
80,177,1
80,178,3
80,179,7
80,180,6
80,181,1
80,182,3
80,183,1
80,185,1
80,186,3
80,187,1
80,188,2
80,190,2
80,191,2
80,192,6
81,4,1
81,7,3
81,8,9
81,9,1
81,12,13
81,15,4
81,17,2
81,19,2
81,21,10
81,22,5
81,23,5
81,26,2
81,27,1
81,30,4
81,31,2
81,32,1
81,34,17
81,35,3
81,36,11
81,38,7
81,43,4
81,44,2
81,45,2
81,48,2
81,49,21
81,51,9
81,52,10
81,53,4
81,55,1
81,56,1
81,58,2
81,60,2
81,63,5
81,64,2
81,65,1
81,66,1
81,67,2
81,68,1
81,69,3
81,70,4
81,72,1
81,74,14
81,75,5
81,76,7
81,77,7
81,78,30
81,79,6
81,80,132
81,82,40
81,84,3
81,85,2
81,86,7
81,87,7
81,88,1
81,92,1
81,93,2
81,94,15
81,95,3
81,96,6
81,97,24
81,98,2
81,99,1
81,100,4
81,101,11
81,102,2
81,104,4
81,105,2
81,106,1
81,107,6
81,108,2
81,109,7
81,110,4
81,111,6
81,112,1
81,113,7
81,114,4
81,115,4
81,116,10
81,118,14
81,119,2
81,120,4
81,121,4
81,122,2
81,123,1
81,126,3
81,127,3
81,128,3
81,129,7
81,130,16
81,131,35
81,132,5
81,133,1
81,134,1
81,135,5
81,137,6
81,138,1
81,140,50
81,141,82
81,142,25
81,143,2
81,144,45
81,145,324
81,146,18
81,147,5
81,148,11
81,149,3
81,150,1
81,151,1
81,152,181
81,153,15
81,154,6
81,155,145
81,156,24
81,158,8
81,159,20
81,160,6
81,162,56
81,163,7
81,164,7
81,165,1
81,166,3
81,167,6
81,168,1
81,169,7
81,170,29
81,171,4
81,173,2
81,174,2
81,175,10
81,176,2
81,177,2
81,178,1
81,179,11
81,180,20
81,181,12
81,182,14
81,183,4
81,185,5
81,186,12
81,187,17
81,188,8
81,190,3
81,191,2
81,192,15
81,193,1
81,194,4
82,2,1
82,4,7
82,6,5
82,8,3
82,12,21
82,15,1
82,18,1
82,21,1
82,22,5
82,23,2
82,26,1
82,27,1
82,28,1
82,31,5
82,32,2
82,33,3
82,34,13
82,35,3
82,36,8
82,38,4
82,42,3
82,43,2
82,44,1
82,45,1
82,46,5
82,49,16
82,51,10
82,52,6
82,53,1
82,55,3
82,56,3
82,58,3
82,66,2
82,67,1
82,68,3
82,70,1
82,71,1
82,72,4
82,73,2
82,74,6
82,75,1
82,76,2
82,77,5
82,78,29
82,79,6
82,80,85
82,81,24
82,83,4
82,84,4
82,86,2
82,87,6
82,89,3
82,92,3
82,94,6
82,95,10
82,96,6
82,97,39
82,98,1
82,99,6
82,101,1
82,103,1
82,105,2
82,107,8
82,108,2
82,109,9
82,110,3
82,111,5
82,112,3
82,114,4
82,115,7
82,116,2
82,118,6
82,119,8
82,120,1
82,121,2
82,123,1
82,124,1
82,126,11
82,127,6
82,128,2
82,129,3
82,130,16
82,131,29
82,132,16
82,137,4
82,138,3
82,140,36
82,141,85
82,142,27
82,143,5
82,144,45
82,145,278
82,146,18
82,147,3
82,148,6
82,149,5
82,150,7
82,151,1
82,152,169
82,153,6
82,155,95
82,156,43
82,157,4
82,158,5
82,159,25
82,160,1
82,161,2
82,162,46
82,163,13
82,164,9
82,165,4
82,166,6
82,167,1
82,169,5
82,170,22
82,171,8
82,172,4
82,173,3
82,174,1
82,175,5
82,176,2
82,179,11
82,180,14
82,181,11
82,182,11
82,183,3
82,184,2
82,185,3
82,186,5
82,187,5
82,188,4
82,189,1
82,190,1
82,191,2
82,192,4
82,193,3
82,194,2
83,3,1
83,6,4
83,8,6
83,9,2
83,10,1
83,12,11
83,14,1
83,15,2
83,16,1
83,18,1
83,21,2
83,22,3
83,24,1
83,26,4
83,29,1
83,30,1
83,31,2
83,32,5
83,33,1
83,34,8
83,35,4
83,36,6
83,37,3
83,38,3
83,40,3
83,41,1
83,42,1
83,43,1
83,44,11
83,45,5
83,46,2
83,49,10
83,51,6
83,52,7
83,53,4
83,55,1
83,58,2
83,59,2
83,61,4
83,63,1
83,64,3
83,65,1
83,66,1
83,68,1
83,69,1
83,70,1
83,71,6
83,72,3
83,74,3
83,75,3
83,76,5
83,77,8
83,78,44
83,79,5
83,80,110
83,81,33
83,82,21
83,84,8
83,85,8
83,87,6
83,89,2
83,93,1
83,94,3
83,95,7
83,96,2
83,97,39
83,98,2
83,100,2
83,103,1
83,104,1
83,105,5
83,107,4
83,108,4
83,109,1
83,110,2
83,111,8
83,112,2
83,113,1
83,114,1
83,115,5
83,116,2
83,117,2
83,118,8
83,120,3
83,121,3
83,122,4
83,125,1
83,126,14
83,127,9
83,128,5
83,129,3
83,130,12
83,131,25
83,132,17
83,134,3
83,135,5
83,136,1
83,137,2
83,140,30
83,141,55
83,142,27
83,143,3
83,144,59
83,145,266
83,146,18
83,147,5
83,148,3
83,149,1
83,150,2
83,151,6
83,152,137
83,153,11
83,154,8
83,155,113
83,156,24
83,158,4
83,159,22
83,160,3
83,161,7
83,162,50
83,163,4
83,164,1
83,165,3
83,166,2
83,167,5
83,169,3
83,170,17
83,171,6
83,173,3
83,174,1
83,175,6
83,177,1
83,179,4
83,180,19
83,181,4
83,182,12
83,183,1
83,184,2
83,185,1
83,186,1
83,187,4
83,188,12
83,190,3
83,192,3
83,193,3
83,194,1
84,4,4
84,5,4
84,8,3
84,9,3
84,12,5
84,13,1
84,15,2
84,16,1
84,17,2
84,18,1
84,21,4
84,22,7
84,23,1
84,25,1
84,26,1
84,27,2
84,28,1
84,29,1
84,31,1
84,32,4
84,33,2
84,34,9
84,35,3
84,36,6
84,37,2
84,38,1
84,39,1
84,41,2
84,44,4
84,45,2
84,46,2
84,48,1
84,49,17
84,51,7
84,52,9
84,53,8
84,54,2
84,55,1
84,60,4
84,61,2
84,63,1
84,66,1
84,68,2
84,70,2
84,72,1
84,73,3
84,74,8
84,75,2
84,76,3
84,77,13
84,78,10
84,79,2
84,80,112
84,81,11
84,82,20
84,83,9
84,85,4
84,86,4
84,87,4
84,93,1
84,94,4
84,95,7
84,96,3
84,97,47
84,98,4
84,100,1
84,104,3
84,108,1
84,109,1
84,110,5
84,111,4
84,112,5
84,114,10
84,115,3
84,116,8
84,118,3
84,119,2
84,120,12
84,123,1
84,126,7
84,127,4
84,128,1
84,130,10
84,131,34
84,132,26
84,133,3
84,134,1
84,135,5
84,137,5
84,139,1
84,140,27
84,141,50
84,142,30
84,143,5
84,144,39
84,145,200
84,146,9
84,147,14
84,148,2
84,149,3
84,150,1
84,151,5
84,152,115
84,153,7
84,154,2
84,155,83
84,156,27
84,157,6
84,158,14
84,159,26
84,160,5
84,162,36
84,163,1
84,164,4
84,165,2
84,166,1
84,167,4
84,169,3
84,170,19
84,171,2
84,172,1
84,175,14
84,177,2
84,179,6
84,180,19
84,181,8
84,182,16
84,186,2
84,187,3
84,188,7
84,189,2
84,190,1
84,191,1
84,192,15
84,193,1
84,194,1
85,1,1
85,2,1
85,7,2
85,8,7
85,9,4
85,10,1
85,11,1
85,12,21
85,13,2
85,14,2
85,15,5
85,16,1
85,17,5
85,19,2
85,20,3
85,21,4
85,22,4
85,23,2
85,24,2
85,25,15
85,26,1
85,27,7
85,28,2
85,29,7
85,30,4
85,31,5
85,32,10
85,33,3
85,34,3
85,35,2
85,36,7
85,38,4
85,42,2
85,43,4
85,44,7
85,45,10
85,46,3
85,47,1
85,48,3
85,49,16
85,51,13
85,52,3
85,53,13
85,54,5
85,55,6
85,57,1
85,58,2
85,59,8
85,60,3
85,61,1
85,62,2
85,64,2
85,65,2
85,66,5
85,67,4
85,68,8
85,69,2
85,70,1
85,71,2
85,72,2
85,73,4
85,74,12
85,75,1
85,76,8
85,77,11
85,78,26
85,79,4
85,80,159
85,81,11
85,82,24
85,83,5
85,84,6
85,86,1
85,87,2
85,88,17
85,89,34
85,91,6
85,92,2
85,94,6
85,95,2
85,96,27
85,97,64
85,98,6
85,99,6
85,100,2
85,102,15
85,104,4
85,105,5
85,106,3
85,107,4
85,108,3
85,109,1
85,110,2
85,111,9
85,112,2
85,114,5
85,115,2
85,116,5
85,117,5
85,119,1
85,120,4
85,122,2
85,123,1
85,124,3
85,125,1
85,126,2
85,127,9
85,128,1
85,129,2
85,130,5
85,131,20
85,132,9
85,134,7
85,135,4
85,136,8
85,137,5
85,138,4
85,140,61
85,141,35
85,142,34
85,143,14
85,144,37
85,145,149
85,146,20
85,147,6
85,148,22
85,149,39
85,150,11
85,151,20
85,152,106
85,153,38
85,154,3
85,155,138
85,156,9
85,157,4
85,158,16
85,159,72
85,160,15
85,161,1
85,162,34
85,163,5
85,164,2
85,165,8
85,166,6
85,167,7
85,168,2
85,169,7
85,170,31
85,171,1
85,172,4
85,173,2
85,174,1
85,175,28
85,176,7
85,177,1
85,179,13
85,180,20
85,181,14
85,182,9
85,183,15
85,185,3
85,186,2
85,187,2
85,188,9
85,189,1
85,190,6
85,191,1
85,192,4
85,194,6
86,2,1
86,8,4
86,9,5
86,12,7
86,15,1
86,17,2
86,19,1
86,21,2
86,22,1
86,25,4
86,26,2
86,27,3
86,31,1
86,32,4
86,34,8
86,35,2
86,36,1
86,38,2
86,43,1
86,44,1
86,45,2
86,46,1
86,48,1
86,49,14
86,51,5
86,52,8
86,53,4
86,58,2
86,63,2
86,64,1
86,65,1
86,69,1
86,70,2
86,72,4
86,73,4
86,74,4
86,75,7
86,76,1
86,77,6
86,78,17
86,79,2
86,80,104
86,81,2
86,82,33
86,83,2
86,84,1
86,85,1
86,87,10
86,88,5
86,89,2
86,91,2
86,94,5
86,95,2
86,96,3
86,97,32
86,98,3
86,99,1
86,101,3
86,102,1
86,105,1
86,107,2
86,108,2
86,109,9
86,110,8
86,111,1
86,114,2
86,117,2
86,118,4
86,119,2
86,120,4
86,122,3
86,126,2
86,127,4
86,129,1
86,130,3
86,131,11
86,132,8
86,134,2
86,136,1
86,137,6
86,140,28
86,141,32
86,142,14
86,143,9
86,144,41
86,145,172
86,146,9
86,147,5
86,149,3
86,150,2
86,151,1
86,152,87
86,153,1
86,154,3
86,155,64
86,156,9
86,158,5
86,159,24
86,160,9
86,161,2
86,162,27
86,164,2
86,166,1
86,168,1
86,170,9
86,171,2
86,172,2
86,173,7
86,175,1
86,178,1
86,180,3
86,181,3
86,182,4
86,183,1
86,185,1
86,186,2
86,187,2
86,188,8
86,189,1
86,190,4
86,191,1
86,192,5
86,193,1
87,2,1
87,4,1
87,7,2
87,8,3
87,12,16
87,13,1
87,15,2
87,17,3
87,20,1
87,21,6
87,22,6
87,25,1
87,27,2
87,29,2
87,31,7
87,32,3
87,34,20
87,35,9
87,37,1
87,38,5
87,40,1
87,43,3
87,44,3
87,45,2
87,46,1
87,48,1
87,49,27
87,50,9
87,51,15
87,52,13
87,53,6
87,55,1
87,56,1
87,59,1
87,61,3
87,63,2
87,64,1
87,65,1
87,66,1
87,69,2
87,70,3
87,71,1
87,72,2
87,74,5
87,75,2
87,76,3
87,77,9
87,78,33
87,79,2
87,80,140
87,81,13
87,82,30
87,83,3
87,85,3
87,86,7
87,88,3
87,89,1
87,91,1
87,92,2
87,94,5
87,95,2
87,96,7
87,97,35
87,98,2
87,99,1
87,100,3
87,101,1
87,102,2
87,106,2
87,107,2
87,108,4
87,109,2
87,110,7
87,111,3
87,112,3
87,113,1
87,114,6
87,115,5
87,116,3
87,117,4
87,118,8
87,119,1
87,120,6
87,121,5
87,122,2
87,123,1
87,124,4
87,126,11
87,127,5
87,128,1
87,129,2
87,130,8
87,131,24
87,132,14
87,133,2
87,134,4
87,136,2
87,138,3
87,140,40
87,141,60
87,142,22
87,143,5
87,144,33
87,145,264
87,146,12
87,147,2
87,148,2
87,149,5
87,151,2
87,152,151
87,153,5
87,154,2
87,155,95
87,156,22
87,157,2
87,158,7
87,159,22
87,160,1
87,161,3
87,162,42
87,163,1
87,165,7
87,166,5
87,167,8
87,168,3
87,169,2
87,170,11
87,171,1
87,172,2
87,173,1
87,175,9
87,177,1
87,179,7
87,180,9
87,181,4
87,182,8
87,183,4
87,185,3
87,186,9
87,187,6
87,188,18
87,190,1
87,191,1
87,192,6
87,193,1
87,194,1
88,1,3
88,2,1
88,4,4
88,7,1
88,9,7
88,11,2
88,12,12
88,13,4
88,14,3
88,15,3
88,16,2
88,17,1
88,18,1
88,19,1
88,20,2
88,21,9
88,22,9
88,23,5
88,24,2
88,25,7
88,26,3
88,27,9
88,28,4
88,29,4
88,30,2
88,31,1
88,32,2
88,33,1
88,34,10
88,35,3
88,38,1
88,43,3
88,44,10
88,45,3
88,46,1
88,47,1
88,48,2
88,49,17
88,50,2
88,51,6
88,52,9
88,53,1
88,54,14
88,55,3
88,57,3
88,58,2
88,59,2
88,60,2
88,61,1
88,62,6
88,63,2
88,64,3
88,65,4
88,66,4
88,68,8
88,69,2
88,71,1
88,72,1
88,73,3
88,74,4
88,75,3
88,76,10
88,77,7
88,78,12
88,79,4
88,80,181
88,81,14
88,82,10
88,83,6
88,84,1
88,85,7
88,86,1
88,87,1
88,89,29
88,91,2
88,92,6
88,93,1
88,94,6
88,96,12
88,97,53
88,98,5
88,99,2
88,101,5
88,102,11
88,104,3
88,105,2
88,106,4
88,107,5
88,109,3
88,110,7
88,111,8
88,112,2
88,114,7
88,115,2
88,116,1
88,117,1
88,118,4
88,120,3
88,121,4
88,122,3
88,124,8
88,125,1
88,126,4
88,127,5
88,128,2
88,130,13
88,131,8
88,132,10
88,133,1
88,134,8
88,135,7
88,136,4
88,137,4
88,138,5
88,139,1
88,140,49
88,141,23
88,142,31
88,143,1
88,144,28
88,145,118
88,146,22
88,147,4
88,148,14
88,149,14
88,150,4
88,151,27
88,152,108
88,153,11
88,154,1
88,155,131
88,156,12
88,157,5
88,158,6
88,159,42
88,160,17
88,161,6
88,162,22
88,163,5
88,164,4
88,165,5
88,166,11
88,167,7
88,168,4
88,169,3
88,170,33
88,171,5
88,172,2
88,173,2
88,174,1
88,175,7
88,179,3
88,180,23
88,181,14
88,182,6
88,183,9
88,185,3
88,186,7
88,187,5
88,188,3
88,189,3
88,190,1
88,192,7
88,193,1
88,194,3
89,1,3
89,2,2
89,4,1
89,7,2
89,8,2
89,9,3
89,10,1
89,12,13
89,13,2
89,14,1
89,20,1
89,21,1
89,23,3
89,25,13
89,26,1
89,27,3
89,28,3
89,30,3
89,31,6
89,32,4
89,33,3
89,34,7
89,36,2
89,43,4
89,44,4
89,45,4
89,46,3
89,47,2
89,48,5
89,49,19
89,50,5
89,51,10
89,52,5
89,53,2
89,54,14
89,55,3
89,57,1
89,58,4
89,59,3
89,60,4
89,61,2
89,62,2
89,63,1
89,64,3
89,67,2
89,68,3
89,70,2
89,71,2
89,72,1
89,74,7
89,75,5
89,77,2
89,78,21
89,79,1
89,80,105
89,81,16
89,82,8
89,83,3
89,84,1
89,85,10
89,86,1
89,87,2
89,88,11
89,91,11
89,92,4
89,93,3
89,94,9
89,95,5
89,96,2
89,97,35
89,98,3
89,99,4
89,100,1
89,101,10
89,102,5
89,104,3
89,105,2
89,106,4
89,108,2
89,109,4
89,110,1
89,111,15
89,112,2
89,114,2
89,115,7
89,116,6
89,119,4
89,120,3
89,121,1
89,123,4
89,125,3
89,126,5
89,127,8
89,128,2
89,129,2
89,130,11
89,131,11
89,132,2
89,133,2
89,134,3
89,135,3
89,136,2
89,137,2
89,138,4
89,140,34
89,141,17
89,142,8
89,143,2
89,144,25
89,145,130
89,146,15
89,147,4
89,148,18
89,149,24
89,150,5
89,151,7
89,152,80
89,153,15
89,154,4
89,155,113
89,156,21
89,157,5
89,158,9
89,159,32
89,160,3
89,162,18
89,163,3
89,164,4
89,165,6
89,166,5
89,167,16
89,169,5
89,170,16
89,171,5
89,172,2
89,173,2
89,175,13
89,176,4
89,177,2
89,179,10
89,180,20
89,181,13
89,182,4
89,183,6
89,184,2
89,185,1
89,186,1
89,187,2
89,188,9
89,189,5
89,190,6
89,191,5
89,192,3
89,193,2
89,194,1
90,9,1
90,10,1
90,12,7
90,13,3
90,14,3
90,18,1
90,21,1
90,23,7
90,25,4
90,26,1
90,27,3
90,29,1
90,30,1
90,31,1
90,32,1
90,33,3
90,34,5
90,35,1
90,36,3
90,41,2
90,44,4
90,48,1
90,49,7
90,50,1
90,51,5
90,52,3
90,55,4
90,59,1
90,62,1
90,65,3
90,67,2
90,69,3
90,71,2
90,72,2
90,74,4
90,75,3
90,76,2
90,77,5
90,78,10
90,80,65
90,81,1
90,82,6
90,83,1
90,85,5
90,86,1
90,87,1
90,88,1
90,89,16
90,92,1
90,93,2
90,94,5
90,96,9
90,97,13
90,98,4
90,99,3
90,100,1
90,101,1
90,102,2
90,105,1
90,106,2
90,107,3
90,108,1
90,110,2
90,111,5
90,112,2
90,114,1
90,115,1
90,116,1
90,118,1
90,119,1
90,120,1
90,121,3
90,123,1
90,125,1
90,126,3
90,127,2
90,128,1
90,130,7
90,131,9
90,132,3
90,133,2
90,134,9
90,135,1
90,137,2
90,138,6
90,140,16
90,141,7
90,142,10
90,144,12
90,145,61
90,146,15
90,147,5
90,148,7
90,149,4
90,150,2
90,151,8
90,152,53
90,153,13
90,155,47
90,156,6
90,158,3
90,159,16
90,160,1
90,161,1
90,162,14
90,163,1
90,164,4
90,165,1
90,166,3
90,167,6
90,169,4
90,170,12
90,171,3
90,172,1
90,173,3
90,175,5
90,179,3
90,180,7
90,181,10
90,182,9
90,183,1
90,184,2
90,185,4
90,186,1
90,187,2
90,188,5
90,189,3
90,190,1
90,191,3
90,192,7
90,193,3
90,194,5
91,1,4
91,2,2
91,4,3
91,7,1
91,8,3
91,9,3
91,12,15
91,14,2
91,15,5
91,19,1
91,21,9
91,22,2
91,23,2
91,25,8
91,27,5
91,28,1
91,29,1
91,30,7
91,31,6
91,32,6
91,33,3
91,34,17
91,35,4
91,36,5
91,38,3
91,39,1
91,43,7
91,44,4
91,45,1
91,49,19
91,51,7
91,52,3
91,53,12
91,54,2
91,58,2
91,59,6
91,60,3
91,61,4
91,65,9
91,66,5
91,68,4
91,69,2
91,70,1
91,71,1
91,72,2
91,73,3
91,74,6
91,76,11
91,77,1
91,78,18
91,79,1
91,80,139
91,81,15
91,82,10
91,83,3
91,85,2
91,86,4
91,88,12
91,89,6
91,90,2
91,93,1
91,94,9
91,95,1
91,96,6
91,97,52
91,98,12
91,99,3
91,101,6
91,102,14
91,103,2
91,105,1
91,107,8
91,109,3
91,110,2
91,111,14
91,112,1
91,114,10
91,115,2
91,116,3
91,118,3
91,119,1
91,120,4
91,121,1
91,122,1
91,124,1
91,125,6
91,126,3
91,127,3
91,129,7
91,130,4
91,131,17
91,132,4
91,137,2
91,138,12
91,139,1
91,140,23
91,141,20
91,142,21
91,143,4
91,144,35
91,145,116
91,146,17
91,147,7
91,148,8
91,149,13
91,150,12
91,151,14
91,152,80
91,153,10
91,154,1
91,155,86
91,156,6
91,157,1
91,158,11
91,159,42
91,160,3
91,161,8
91,162,29
91,163,6
91,164,13
91,165,2
91,166,11
91,167,13
91,168,10
91,169,3
91,170,20
91,171,3
91,173,8
91,174,1
91,175,13
91,176,3
91,177,2
91,178,3
91,179,3
91,180,26
91,181,7
91,182,4
91,183,4
91,185,1
91,186,9
91,187,2
91,189,5
91,190,8
91,194,1
92,1,1
92,2,1
92,3,2
92,5,2
92,7,2
92,8,1
92,9,3
92,11,4
92,12,17
92,15,1
92,16,2
92,17,1
92,19,1
92,20,8
92,21,5
92,23,3
92,24,1
92,25,10
92,26,2
92,27,1
92,28,1
92,29,8
92,30,1
92,31,3
92,32,3
92,33,6
92,34,18
92,35,6
92,36,3
92,38,1
92,40,1
92,43,1
92,44,2
92,48,5
92,49,21
92,51,14
92,52,3
92,53,2
92,54,6
92,55,3
92,56,1
92,57,1
92,59,1
92,60,6
92,61,1
92,63,1
92,65,1
92,66,1
92,68,3
92,69,1
92,71,2
92,72,5
92,73,1
92,74,5
92,76,11
92,77,7
92,78,42
92,79,2
92,80,150
92,81,8
92,82,13
92,83,2
92,85,5
92,86,2
92,87,1
92,88,5
92,89,9
92,90,1
92,91,6
92,93,1
92,94,14
92,95,3
92,96,18
92,97,35
92,98,7
92,101,8
92,102,7
92,104,1
92,106,3
92,107,4
92,108,3
92,110,3
92,111,7
92,114,11
92,115,6
92,116,4
92,118,1
92,119,2
92,120,2
92,121,3
92,123,1
92,126,1
92,127,11
92,128,7
92,130,7
92,131,6
92,132,4
92,134,6
92,135,1
92,136,1
92,137,2
92,139,1
92,140,44
92,141,33
92,142,8
92,143,3
92,144,50
92,145,154
92,146,21
92,147,4
92,148,6
92,149,24
92,150,3
92,151,15
92,152,142
92,153,13
92,154,4
92,155,168
92,156,17
92,157,3
92,158,15
92,159,44
92,160,12
92,162,33
92,163,1
92,164,1
92,165,6
92,166,2
92,167,9
92,168,9
92,169,14
92,170,18
92,171,8
92,172,1
92,173,2
92,175,12
92,176,2
92,179,9
92,180,12
92,181,3
92,182,12
92,185,3
92,186,7
92,187,3
92,188,10
92,189,9
92,190,1
92,191,8
92,192,6
92,194,10
93,7,1
93,8,12
93,9,2
93,12,3
93,16,3
93,21,4
93,23,3
93,25,1
93,26,1
93,27,3
93,31,6
93,32,3
93,34,5
93,35,3
93,36,2
93,38,1
93,40,2
93,44,2
93,49,9
93,51,1
93,52,21
93,58,2
93,61,2
93,66,1
93,71,1
93,72,2
93,73,5
93,74,16
93,75,4
93,76,3
93,77,5
93,78,9
93,79,3
93,80,41
93,81,4
93,82,19
93,83,4
93,84,1
93,94,4
93,96,1
93,97,5
93,98,1
93,99,1
93,101,2
93,102,3
93,103,1
93,104,1
93,105,2
93,107,7
93,108,6
93,111,2
93,112,1
93,114,4
93,115,1
93,117,1
93,121,5
93,123,1
93,126,2
93,128,1
93,129,2
93,131,1
93,132,3
93,135,1
93,136,1
93,140,21
93,141,34
93,142,6
93,143,2
93,144,41
93,145,355
93,146,14
93,147,3
93,148,9
93,149,1
93,150,6
93,151,4
93,152,186
93,153,8
93,154,3
93,155,53
93,156,6
93,158,1
93,159,21
93,160,1
93,162,68
93,163,12
93,164,2
93,165,4
93,166,3
93,170,4
93,171,2
93,175,1
93,177,11
93,179,2
93,181,1
93,182,3
93,183,2
93,184,1
93,190,1
93,191,1
93,193,4
94,1,1
94,8,6
94,9,1
94,11,1
94,12,5
94,13,2
94,21,6
94,22,1
94,23,4
94,27,4
94,29,1
94,31,5
94,32,4
94,34,10
94,35,4
94,36,2
94,37,1
94,38,1
94,39,1
94,41,1
94,43,3
94,45,1
94,49,12
94,50,2
94,51,5
94,52,6
94,53,2
94,60,1
94,68,2
94,70,1
94,73,1
94,74,9
94,75,3
94,76,3
94,77,4
94,78,15
94,80,52
94,81,4
94,82,10
94,83,1
94,93,3
94,97,6
94,98,2
94,101,3
94,102,3
94,105,2
94,109,5
94,110,5
94,111,7
94,115,5
94,117,3
94,119,1
94,121,2
94,126,7
94,127,8
94,129,1
94,130,2
94,132,2
94,137,6
94,140,26
94,141,43
94,142,10
94,143,1
94,144,37
94,145,244
94,146,9
94,147,7
94,148,9
94,149,1
94,151,1
94,152,176
94,153,9
94,155,61
94,156,13
94,157,1
94,159,41
94,162,57
94,163,3
94,164,4
94,165,10
94,166,1
94,167,1
94,168,1
94,170,18
94,171,1
94,175,1
94,177,2
94,178,1
94,179,4
94,180,4
94,181,6
94,182,1
94,186,1
94,187,2
94,188,5
94,191,3
94,192,2
94,193,4
94,194,1
95,4,1
95,8,1
95,9,2
95,10,1
95,12,1
95,13,1
95,15,1
95,16,1
95,17,1
95,19,1
95,21,1
95,22,1
95,24,1
95,29,1
95,31,2
95,32,1
95,34,3
95,36,3
95,37,1
95,38,2
95,39,1
95,43,6
95,44,7
95,45,1
95,46,2
95,49,3
95,50,2
95,51,5
95,52,7
95,53,7
95,54,1
95,55,1
95,57,3
95,58,2
95,61,1
95,66,1
95,68,1
95,70,2
95,74,4
95,76,2
95,78,21
95,79,3
95,80,81
95,81,11
95,82,13
95,83,7
95,84,4
95,85,4
95,87,1
95,89,2
95,91,2
95,94,7
95,96,5
95,97,16
95,98,3
95,101,4
95,102,1
95,104,1
95,105,1
95,106,1
95,107,2
95,108,1
95,111,4
95,114,3
95,115,1
95,117,1
95,118,1
95,119,2
95,120,1
95,121,5
95,123,2
95,124,1
95,126,11
95,127,1
95,128,1
95,129,2
95,130,13
95,131,21
95,132,5
95,135,2
95,136,1
95,137,4
95,138,1
95,139,1
95,140,21
95,141,34
95,142,17
95,143,3
95,144,25
95,145,108
95,146,9
95,148,3
95,149,2
95,150,5
95,152,52
95,153,5
95,155,59
95,156,15
95,158,2
95,159,4
95,160,3
95,162,40
95,163,4
95,165,2
95,166,5
95,167,2
95,169,1
95,170,5
95,171,1
95,172,3
95,173,5
95,175,5
95,176,2
95,178,1
95,179,3
95,180,15
95,181,4
95,182,3
95,183,1
95,186,5
95,187,5
95,188,1
95,190,1
95,191,2
95,192,5
95,193,1
95,194,1
96,1,3
96,5,5
96,8,4
96,10,1
96,12,5
96,13,1
96,15,2
96,16,1
96,17,4
96,19,2
96,21,4
96,22,9
96,23,2
96,24,2
96,25,6
96,26,3
96,27,6
96,28,1
96,29,3
96,30,2
96,31,4
96,32,2
96,34,11
96,35,2
96,36,3
96,38,1
96,39,1
96,43,1
96,44,5
96,46,3
96,47,2
96,49,16
96,51,2
96,52,1
96,53,2
96,54,4
96,55,3
96,58,1
96,59,2
96,60,4
96,65,6
96,66,6
96,68,4
96,69,2
96,70,2
96,71,5
96,72,4
96,73,8
96,74,1
96,75,4
96,76,2
96,77,1
96,78,13
96,79,2
96,80,120
96,81,7
96,82,10
96,83,1
96,84,3
96,85,2
96,87,1
96,88,4
96,89,15
96,90,1
96,91,8
96,92,6
96,94,8
96,97,43
96,98,2
96,101,13
96,102,4
96,103,1
96,104,3
96,105,3
96,106,2
96,107,5
96,108,3
96,109,3
96,110,2
96,111,2
96,112,1
96,114,3
96,115,2
96,118,6
96,119,1
96,120,1
96,121,1
96,122,3
96,123,2
96,126,3
96,127,4
96,128,1
96,130,9
96,131,3
96,132,7
96,134,2
96,135,3
96,136,5
96,137,1
96,138,5
96,140,35
96,141,29
96,142,25
96,143,5
96,144,30
96,145,132
96,146,23
96,147,3
96,148,9
96,149,7
96,150,3
96,151,5
96,152,97
96,153,8
96,154,8
96,155,88
96,156,10
96,157,3
96,158,14
96,159,36
96,160,13
96,161,2
96,162,36
96,163,1
96,164,1
96,165,1
96,166,8
96,167,6
96,169,2
96,170,27
96,171,2
96,172,4
96,173,2
96,174,3
96,175,11
96,179,5
96,180,23
96,181,14
96,182,12
96,183,4
96,186,9
96,188,2
96,189,2
96,190,5
96,191,1
96,192,3
96,193,1
96,194,2
97,1,1
97,8,3
97,12,1
97,18,1
97,23,1
97,25,3
97,28,1
97,29,1
97,32,1
97,34,3
97,43,1
97,45,1
97,47,1
97,49,6
97,51,1
97,52,4
97,56,1
97,58,2
97,62,1
97,66,3
97,68,1
97,72,1
97,73,1
97,76,1
97,78,7
97,79,1
97,80,22
97,82,4
97,85,1
97,91,1
97,92,3
97,98,1
97,101,2
97,106,1
97,108,1
97,110,1
97,118,6
97,120,1
97,124,1
97,126,1
97,127,5
97,128,2
97,130,1
97,131,7
97,139,1
97,140,5
97,141,11
97,142,10
97,144,4
97,145,24
97,146,4
97,149,1
97,152,25
97,153,5
97,154,1
97,155,17
97,156,2
97,157,4
97,158,1
97,159,6
97,160,1
97,161,1
97,162,7
97,163,1
97,164,2
97,165,1
97,167,1
97,168,2
97,169,1
97,170,2
97,171,1
97,172,3
97,173,1
97,175,2
97,179,1
97,180,1
97,182,2
97,188,1
98,1,2
98,4,2
98,5,3
98,7,10
98,8,8
98,9,5
98,10,3
98,11,2
98,12,19
98,13,3
98,14,6
98,15,5
98,16,1
98,17,4
98,18,2
98,19,9
98,21,13
98,22,4
98,23,7
98,24,7
98,25,10
98,26,4
98,27,15
98,28,2
98,29,5
98,30,1
98,31,9
98,32,10
98,33,7
98,34,22
98,35,5
98,36,14
98,37,1
98,38,11
98,40,2
98,41,1
98,42,3
98,43,3
98,44,15
98,45,7
98,46,1
98,47,2
98,48,1
98,49,24
98,50,1
98,51,21
98,52,11
98,53,14
98,54,7
98,55,6
98,56,1
98,57,2
98,58,5
98,60,1
98,61,3
98,62,2
98,63,1
98,64,2
98,65,3
98,66,2
98,68,1
98,69,4
98,70,3
98,71,5
98,72,9
98,73,6
98,74,15
98,76,13
98,77,16
98,78,23
98,79,6
98,80,181
98,81,18
98,82,26
98,83,5
98,84,5
98,85,2
98,87,4
98,88,10
98,89,13
98,90,1
98,92,3
98,93,5
98,94,10
98,95,2
98,96,12
98,97,50
98,99,11
98,101,16
98,102,6
98,103,2
98,104,1
98,105,6
98,106,6
98,107,7
98,108,2
98,109,1
98,110,5
98,111,12
98,114,6
98,115,2
98,116,2
98,117,1
98,118,1
98,119,2
98,120,4
98,121,11
98,122,4
98,123,2
98,126,4
98,127,13
98,128,2
98,129,7
98,130,7
98,131,29
98,132,20
98,133,2
98,134,4
98,135,12
98,136,4
98,137,3
98,138,9
98,139,1
98,140,30
98,141,31
98,142,25
98,143,9
98,144,42
98,145,219
98,146,27
98,147,2
98,148,15
98,149,27
98,150,4
98,151,3
98,152,175
98,153,23
98,154,19
98,155,173
98,156,14
98,157,1
98,158,15
98,159,65
98,160,5
98,162,45
98,163,7
98,164,2
98,165,4
98,166,19
98,167,13
98,168,1
98,169,10
98,170,48
98,171,5
98,172,3
98,173,4
98,175,5
98,176,4
98,178,2
98,179,26
98,180,30
98,181,16
98,182,8
98,183,15
98,184,1
98,185,3
98,186,8
98,187,1
98,188,9
98,189,3
98,190,6
98,191,1
98,193,2
98,194,3
99,1,7
99,2,1
99,4,5
99,6,1
99,7,3
99,8,13
99,9,6
99,12,22
99,13,1
99,14,2
99,15,3
99,16,1
99,17,2
99,18,2
99,19,4
99,21,5
99,22,6
99,23,7
99,24,4
99,25,7
99,27,4
99,28,2
99,29,2
99,31,9
99,32,7
99,33,1
99,34,10
99,35,10
99,36,2
99,40,1
99,43,7
99,44,2
99,45,12
99,47,10
99,48,2
99,49,14
99,51,12
99,52,2
99,53,12
99,54,6
99,55,1
99,58,3
99,59,5
99,60,1
99,62,8
99,63,6
99,64,5
99,65,7
99,66,4
99,67,1
99,68,4
99,71,1
99,72,1
99,73,1
99,74,13
99,75,3
99,76,6
99,77,8
99,78,9
99,79,4
99,80,166
99,81,22
99,82,6
99,84,1
99,85,4
99,87,1
99,88,6
99,89,4
99,91,1
99,92,8
99,94,13
99,95,1
99,96,8
99,97,26
99,98,11
99,101,6
99,102,8
99,104,1
99,105,2
99,106,8
99,107,1
99,108,1
99,109,1
99,110,7
99,111,11
99,112,6
99,114,2
99,115,3
99,116,1
99,118,1
99,119,3
99,121,3
99,122,1
99,123,1
99,124,1
99,125,1
99,126,2
99,127,8
99,128,2
99,129,3
99,130,10
99,131,19
99,132,12
99,133,2
99,135,1
99,136,2
99,138,9
99,139,3
99,140,34
99,141,36
99,142,9
99,143,4
99,144,36
99,145,141
99,146,18
99,147,1
99,148,10
99,149,25
99,150,7
99,151,25
99,152,109
99,153,14
99,154,8
99,155,100
99,156,20
99,157,6
99,158,15
99,159,49
99,160,6
99,161,3
99,162,30
99,163,8
99,164,5
99,165,13
99,166,12
99,167,6
99,168,2
99,169,9
99,170,24
99,171,3
99,173,2
99,175,8
99,177,5
99,178,1
99,179,18
99,180,21
99,181,10
99,182,22
99,183,4
99,185,2
99,186,5
99,187,2
99,188,2
99,189,2
99,190,2
99,191,1
99,192,1
99,194,4
100,8,2
100,12,11
100,13,1
100,21,4
100,22,2
100,23,3
100,24,3
100,26,1
100,27,3
100,30,1
100,31,2
100,32,3
100,33,5
100,34,14
100,35,2
100,36,2
100,38,2
100,40,1
100,41,1
100,43,2
100,44,1
100,45,1
100,49,13
100,51,7
100,52,2
100,53,8
100,57,1
100,58,1
100,60,1
100,61,1
100,65,1
100,66,1
100,69,3
100,70,3
100,72,5
100,73,3
100,74,4
100,75,1
100,76,1
100,77,5
100,78,14
100,79,2
100,80,71
100,81,2
100,82,11
100,84,1
100,85,1
100,88,3
100,91,1
100,94,1
100,96,1
100,97,7
100,98,1
100,101,4
100,102,5
100,103,1
100,104,4
100,106,2
100,107,3
100,108,2
100,111,4
100,113,1
100,114,1
100,115,1
100,116,6
100,121,1
100,122,1
100,125,1
100,126,2
100,127,2
100,130,1
100,131,2
100,132,3
100,136,1
100,137,2
100,138,1
100,140,11
100,141,25
100,142,13
100,143,1
100,144,14
100,145,83
100,146,8
100,147,5
100,148,1
100,149,2
100,150,1
100,152,73
100,153,2
100,154,1
100,155,59
100,156,9
100,159,10
100,160,2
100,162,31
100,165,1
100,166,4
100,170,5
100,175,5
100,176,1
100,177,1
100,179,5
100,180,2
100,182,1
100,185,2
100,186,1
100,187,4
100,188,2
100,192,1
101,1,1
101,3,1
101,7,2
101,8,2
101,9,5
101,12,15
101,13,2
101,14,2
101,15,2
101,17,3
101,18,4
101,19,4
101,20,1
101,21,9
101,24,2
101,25,3
101,26,1
101,27,5
101,31,18
101,32,10
101,33,3
101,34,31
101,35,7
101,36,12
101,38,5
101,41,1
101,43,1
101,44,1
101,49,19
101,50,2
101,51,7
101,52,22
101,53,1
101,54,3
101,56,2
101,61,2
101,63,3
101,66,1
101,68,2
101,69,1
101,72,4
101,74,5
101,75,4
101,76,5
101,77,9
101,78,27
101,79,5
101,80,85
101,81,2
101,82,26
101,83,3
101,84,1
101,85,3
101,87,1
101,88,1
101,91,1
101,92,1
101,94,15
101,95,2
101,96,1
101,97,19
101,98,3
101,100,3
101,102,13
101,103,3
101,106,1
101,107,1
101,108,2
101,109,8
101,110,7
101,111,4
101,113,3
101,114,4
101,115,8
101,116,6
101,117,3
101,118,1
101,119,1
101,120,2
101,125,1
101,126,7
101,127,3
101,128,2
101,129,1
101,130,2
101,131,3
101,132,5
101,134,1
101,135,10
101,136,4
101,138,4
101,140,18
101,141,48
101,142,2
101,143,5
101,144,37
101,145,232
101,146,18
101,147,3
101,148,4
101,149,3
101,150,1
101,151,3
101,152,136
101,153,19
101,154,8
101,155,70
101,156,18
101,157,1
101,159,35
101,161,4
101,162,46
101,163,4
101,164,1
101,165,1
101,166,3
101,167,3
101,168,1
101,169,1
101,170,24
101,171,5
101,172,1
101,175,4
101,177,2
101,179,7
101,180,3
101,181,3
101,182,8
101,183,5
101,184,1
101,186,2
101,187,2
101,188,12
101,190,1
101,191,1
101,192,2
101,193,1
101,194,2
102,1,3
102,8,3
102,9,1
102,11,1
102,12,12
102,13,2
102,14,1
102,15,1
102,17,7
102,18,1
102,19,3
102,20,6
102,21,4
102,22,7
102,23,1
102,24,1
102,25,4
102,26,5
102,27,7
102,28,2
102,29,1
102,30,5
102,31,8
102,32,12
102,33,6
102,34,40
102,35,10
102,36,3
102,38,5
102,40,6
102,43,1
102,44,3
102,45,2
102,49,43
102,51,7
102,52,28
102,53,5
102,55,13
102,56,1
102,58,3
102,59,2
102,60,2
102,61,1
102,62,2
102,64,1
102,67,1
102,68,14
102,69,6
102,70,2
102,71,4
102,72,5
102,73,4
102,74,7
102,76,9
102,77,7
102,78,50
102,79,2
102,80,124
102,81,9
102,82,10
102,83,2
102,84,2
102,86,1
102,88,3
102,92,1
102,94,5
102,96,3
102,97,9
102,98,3
102,100,3
102,101,17
102,104,3
102,105,3
102,106,4
102,107,7
102,108,7
102,109,4
102,110,4
102,111,11
102,112,5
102,113,1
102,114,3
102,115,1
102,116,2
102,117,3
102,118,1
102,119,1
102,121,2
102,122,2
102,126,6
102,127,8
102,128,8
102,129,1
102,130,4
102,131,10
102,132,11
102,134,1
102,135,6
102,136,3
102,137,1
102,138,1
102,140,25
102,141,65
102,142,19
102,144,28
102,145,288
102,146,24
102,147,6
102,148,7
102,149,9
102,150,1
102,151,9
102,152,208
102,153,10
102,154,2
102,155,86
102,156,13
102,157,1
102,158,2
102,159,48
102,160,6
102,162,45
102,163,13
102,164,8
102,165,6
102,166,6
102,167,10
102,169,2
102,170,9
102,171,2
102,172,3
102,173,1
102,175,7
102,177,5
102,178,1
102,179,14
102,180,4
102,181,4
102,182,10
102,183,1
102,184,2
102,185,5
102,186,2
102,187,1
102,188,4
102,190,2
102,191,3
102,192,10
102,193,2
102,194,1
103,1,2
103,2,3
103,5,1
103,7,2
103,9,2
103,10,2
103,12,11
103,13,1
103,14,4
103,15,3
103,16,1
103,17,6
103,18,3
103,19,5
103,21,9
103,22,18
103,23,5
103,25,2
103,26,1
103,27,4
103,28,3
103,29,1
103,31,22
103,32,8
103,33,11
103,34,58
103,35,5
103,36,9
103,38,4
103,39,4
103,43,1
103,44,2
103,46,1
103,47,2
103,49,24
103,51,9
103,52,20
103,53,5
103,54,6
103,55,2
103,58,1
103,60,3
103,61,1
103,63,3
103,64,2
103,66,1
103,68,6
103,69,3
103,70,1
103,71,2
103,72,7
103,73,1
103,74,10
103,76,10
103,77,11
103,78,47
103,79,2
103,80,88
103,81,10
103,82,9
103,85,4
103,86,4
103,87,2
103,88,1
103,89,1
103,92,1
103,93,1
103,94,19
103,96,1
103,97,22
103,98,1
103,99,2
103,100,2
103,101,24
103,102,27
103,104,1
103,105,2
103,106,6
103,107,9
103,108,3
103,109,1
103,110,6
103,111,25
103,112,2
103,114,9
103,115,4
103,116,2
103,117,1
103,118,8
103,119,1
103,120,4
103,127,10
103,128,9
103,129,1
103,130,9
103,131,8
103,132,6
103,134,2
103,135,5
103,137,1
103,140,39
103,141,41
103,142,14
103,143,2
103,144,45
103,145,281
103,146,22
103,147,7
103,148,8
103,149,8
103,150,1
103,151,7
103,152,197
103,153,8
103,154,4
103,155,86
103,156,19
103,159,37
103,160,3
103,161,2
103,162,38
103,163,3
103,164,2
103,165,6
103,166,7
103,167,6
103,168,2
103,169,3
103,170,14
103,173,2
103,174,2
103,175,7
103,178,1
103,179,7
103,180,12
103,181,5
103,182,7
103,183,2
103,184,3
103,185,3
103,186,1
103,188,3
103,192,7
103,193,2
103,194,2
104,3,1
104,4,4
104,7,2
104,8,8
104,9,3
104,12,7
104,14,1
104,15,2
104,17,1
104,18,2
104,21,7
104,22,7
104,23,1
104,24,1
104,25,4
104,27,2
104,28,1
104,29,1
104,30,1
104,31,7
104,32,10
104,34,39
104,35,9
104,36,3
104,37,1
104,38,9
104,39,1
104,40,2
104,42,2
104,43,4
104,49,98
104,50,1
104,51,5
104,52,17
104,53,2
104,54,4
104,55,5
104,56,2
104,57,3
104,58,1
104,59,2
104,61,2
104,63,3
104,64,1
104,65,1
104,66,1
104,68,1
104,70,1
104,71,1
104,72,3
104,73,2
104,74,1
104,75,3
104,76,6
104,77,7
104,78,27
104,79,2
104,80,215
104,81,13
104,82,14
104,83,1
104,84,2
104,85,1
104,86,1
104,88,3
104,94,4
104,95,1
104,96,1
104,97,18
104,98,2
104,101,2
104,102,1
104,105,3
104,106,1
104,107,6
104,108,3
104,109,5
104,110,6
104,111,6
104,112,3
104,114,5
104,115,1
104,116,1
104,118,6
104,119,1
104,120,1
104,121,4
104,126,10
104,127,2
104,129,2
104,130,8
104,131,1
104,132,3
104,134,3
104,135,5
104,137,2
104,140,23
104,141,46
104,142,25
104,143,2
104,144,27
104,145,273
104,146,15
104,147,9
104,148,16
104,149,3
104,152,141
104,153,5
104,155,98
104,156,26
104,157,2
104,159,19
104,162,45
104,163,3
104,165,2
104,166,2
104,167,4
104,168,2
104,170,21
104,171,3
104,172,5
104,175,2
104,176,1
104,177,1
104,179,8
104,180,9
104,181,3
104,182,4
104,183,2
104,184,1
104,185,4
104,186,9
104,187,3
104,188,4
104,190,1
104,191,1
104,192,9
105,1,1
105,7,1
105,8,3
105,9,4
105,12,7
105,13,1
105,14,6
105,15,1
105,16,3
105,20,3
105,21,2
105,22,2
105,23,5
105,24,1
105,25,1
105,27,8
105,31,6
105,32,9
105,34,11
105,35,1
105,36,1
105,38,2
105,44,3
105,47,1
105,49,13
105,51,5
105,52,3
105,53,4
105,54,2
105,55,1
105,56,1
105,58,4
105,61,2
105,62,1
105,64,1
105,65,2
105,66,1
105,67,4
105,70,3
105,74,5
105,75,1
105,77,1
105,78,20
105,79,1
105,80,65
105,81,4
105,82,5
105,84,1
105,85,4
105,88,1
105,89,2
105,94,1
105,96,6
105,97,8
105,100,1
105,101,9
105,102,5
105,106,2
105,107,4
105,108,2
105,109,1
105,110,1
105,111,3
105,114,1
105,115,4
105,116,6
105,121,2
105,122,1
105,124,1
105,126,3
105,127,1
105,128,6
105,130,4
105,131,6
105,132,3
105,135,2
105,137,2
105,140,13
105,141,16
105,142,6
105,144,20
105,145,126
105,146,11
105,147,2
105,148,2
105,149,2
105,151,1
105,152,63
105,153,4
105,154,8
105,155,45
105,156,10
105,158,8
105,159,19
105,162,8
105,163,3
105,165,2
105,166,1
105,167,5
105,168,1
105,170,11
105,173,2
105,175,4
105,179,2
105,180,2
105,181,2
105,183,1
105,186,2
105,187,1
105,188,4
105,190,1
105,192,2
106,1,5
106,2,2
106,4,2
106,5,1
106,6,1
106,7,7
106,9,5
106,11,1
106,12,19
106,13,1
106,14,1
106,16,1
106,17,2
106,18,3
106,19,1
106,20,3
106,21,15
106,22,14
106,23,10
106,24,1
106,25,9
106,26,4
106,27,9
106,28,2
106,29,3
106,31,12
106,32,3
106,33,4
106,34,56
106,35,3
106,36,18
106,37,1
106,38,3
106,43,1
106,44,9
106,45,1
106,47,2
106,48,2
106,49,26
106,51,15
106,52,36
106,53,5
106,54,9
106,55,4
106,56,1
106,58,4
106,60,11
106,61,1
106,62,1
106,63,3
106,68,6
106,69,4
106,70,6
106,72,7
106,73,1
106,74,8
106,75,2
106,76,13
106,77,10
106,78,22
106,79,1
106,80,137
106,81,14
106,82,6
106,84,2
106,89,3
106,93,3
106,94,15
106,95,1
106,96,5
106,97,10
106,101,23
106,102,30
106,103,5
106,104,5
106,105,3
106,107,28
106,108,9
106,109,1
106,110,5
106,111,19
106,112,4
106,113,4
106,114,5
106,115,5
106,116,6
106,117,2
106,118,5
106,119,4
106,121,4
106,122,1
106,124,4
106,125,1
106,126,8
106,127,4
106,128,7
106,129,5
106,130,6
106,131,5
106,132,4
106,133,2
106,134,1
106,135,16
106,136,2
106,137,1
106,138,3
106,140,48
106,141,43
106,142,11
106,143,3
106,144,32
106,145,319
106,146,4
106,147,4
106,148,7
106,149,3
106,150,5
106,151,5
106,152,214
106,153,26
106,154,2
106,155,113
106,156,9
106,158,2
106,159,35
106,160,3
106,162,73
106,163,8
106,164,1
106,165,6
106,166,3
106,167,5
106,168,5
106,169,4
106,170,15
106,171,1
106,172,2
106,173,2
106,175,1
106,176,4
106,178,1
106,179,7
106,180,23
106,181,7
106,182,11
106,183,1
106,184,1
106,185,3
106,186,2
106,187,1
106,188,3
106,191,2
106,192,1
106,193,1
107,8,13
107,9,5
107,11,1
107,12,6
107,13,1
107,21,3
107,22,2
107,26,5
107,28,1
107,31,16
107,32,2
107,34,11
107,35,2
107,36,5
107,38,3
107,41,1
107,43,1
107,44,1
107,49,11
107,52,44
107,53,3
107,55,2
107,56,2
107,58,1
107,60,4
107,61,1
107,62,2
107,64,1
107,68,2
107,70,1
107,71,2
107,72,3
107,73,5
107,74,16
107,75,1
107,76,1
107,77,2
107,78,16
107,79,5
107,80,51
107,81,7
107,82,23
107,85,3
107,92,1
107,93,2
107,94,3
107,96,1
107,97,7
107,98,1
107,99,1
107,101,4
107,102,2
107,103,1
107,108,15
107,109,2
107,110,4
107,111,3
107,112,1
107,114,2
107,116,2
107,117,1
107,118,3
107,119,3
107,120,1
107,126,5
107,127,6
107,129,1
107,130,2
107,131,4
107,132,3
107,135,4
107,136,1
107,137,2
107,140,33
107,141,42
107,142,15
107,143,1
107,144,44
107,145,432
107,146,10
107,147,2
107,148,14
107,149,2
107,150,3
107,152,239
107,153,18
107,155,74
107,156,20
107,158,1
107,159,38
107,162,87
107,163,4
107,164,3
107,165,2
107,166,5
107,167,1
107,169,1
107,170,11
107,173,1
107,175,6
107,176,2
107,177,1
107,178,1
107,179,10
107,180,3
107,181,5
107,182,9
107,184,2
107,186,2
107,187,2
107,191,4
107,192,1
107,193,2
108,4,1
108,7,1
108,8,8
108,9,2
108,11,1
108,13,1
108,17,1
108,22,1
108,27,5
108,29,1
108,31,5
108,32,5
108,34,13
108,36,4
108,38,1
108,43,1
108,44,1
108,48,2
108,49,15
108,51,1
108,52,15
108,53,1
108,54,5
108,58,1
108,69,1
108,72,5
108,73,1
108,74,7
108,75,3
108,76,5
108,77,3
108,78,17
108,79,1
108,80,35
108,81,1
108,82,9
108,86,3
108,88,2
108,92,2
108,94,5
108,95,1
108,96,1
108,97,12
108,98,1
108,101,4
108,103,1
108,104,2
108,107,4
108,109,1
108,110,3
108,111,2
108,115,1
108,116,2
108,120,1
108,124,1
108,126,9
108,127,2
108,128,1
108,130,1
108,131,3
108,137,2
108,140,18
108,141,28
108,142,5
108,143,2
108,144,21
108,145,289
108,146,10
108,147,1
108,148,20
108,149,1
108,151,2
108,152,183
108,153,22
108,154,4
108,155,41
108,156,21
108,157,1
108,158,2
108,159,41
108,160,3
108,161,1
108,162,84
108,163,7
108,164,5
108,165,4
108,166,4
108,167,2
108,169,2
108,170,10
108,171,1
108,174,2
108,175,1
108,178,1
108,179,5
108,181,1
108,182,2
108,185,6
108,186,1
108,187,2
108,188,6
108,191,4
108,192,6
108,193,1
108,194,1
109,1,1
109,5,1
109,8,3
109,11,1
109,12,5
109,13,1
109,14,2
109,19,3
109,20,1
109,21,5
109,23,1
109,25,2
109,26,2
109,27,2
109,28,1
109,31,15
109,32,5
109,33,6
109,34,21
109,35,1
109,36,2
109,38,1
109,47,1
109,49,17
109,51,1
109,52,27
109,55,1
109,56,1
109,62,1
109,64,2
109,66,1
109,68,1
109,69,1
109,70,5
109,72,5
109,74,11
109,76,3
109,78,27
109,79,1
109,80,83
109,81,3
109,82,13
109,92,1
109,93,2
109,94,5
109,97,7
109,98,2
109,100,1
109,101,6
109,102,1
109,107,5
109,108,4
109,110,4
109,111,1
109,112,3
109,114,2
109,115,2
109,117,3
109,118,1
109,119,4
109,120,1
109,121,2
109,124,1
109,126,11
109,127,1
109,131,2
109,137,5
109,140,23
109,141,54
109,142,16
109,144,30
109,145,321
109,146,23
109,147,4
109,148,11
109,152,225
109,153,24
109,154,2
109,155,68
109,156,23
109,158,1
109,159,24
109,162,73
109,163,4
109,164,1
109,165,3
109,166,1
109,167,3
109,168,1
109,169,1
109,170,2
109,171,3
109,176,5
109,177,1
109,179,1
109,180,1
109,181,2
109,182,11
109,184,3
109,187,6
109,191,2
109,192,1
109,193,2
110,8,5
110,12,1
110,15,1
110,16,9
110,20,2
110,21,3
110,23,2
110,24,1
110,25,1
110,27,1
110,31,5
110,32,1
110,34,12
110,35,1
110,36,2
110,38,1
110,43,2
110,45,1
110,49,13
110,51,1
110,52,13
110,53,1
110,61,2
110,62,1
110,64,1
110,70,2
110,71,1
110,74,4
110,75,1
110,76,4
110,78,11
110,80,60
110,81,1
110,82,11
110,91,1
110,94,1
110,97,6
110,98,1
110,101,3
110,104,1
110,105,1
110,107,1
110,108,3
110,109,5
110,111,2
110,113,1
110,114,3
110,115,3
110,116,1
110,118,1
110,119,2
110,121,5
110,122,1
110,126,6
110,127,2
110,128,3
110,130,1
110,131,1
110,132,2
110,134,1
110,135,5
110,137,1
110,140,13
110,141,39
110,142,1
110,143,2
110,144,32
110,145,217
110,146,3
110,147,1
110,148,4
110,149,1
110,150,1
110,152,138
110,153,11
110,155,39
110,156,3
110,159,28
110,162,37
110,164,1
110,165,4
110,166,1
110,167,3
110,168,1
110,170,3
110,173,2
110,176,1
110,179,5
110,180,2
110,181,3
110,182,6
110,186,1
110,187,3
110,188,2
110,191,2
110,192,2
111,1,2
111,2,1
111,7,1
111,8,7
111,12,3
111,13,2
111,14,1
111,15,3
111,17,2
111,19,2
111,21,7
111,25,3
111,27,5
111,31,3
111,32,9
111,34,15
111,35,2
111,36,3
111,37,1
111,40,1
111,44,2
111,46,1
111,49,5
111,50,1
111,51,2
111,52,9
111,53,2
111,55,5
111,58,1
111,59,1
111,61,1
111,62,3
111,63,1
111,64,1
111,66,1
111,68,1
111,69,1
111,72,3
111,73,6
111,74,7
111,75,3
111,76,4
111,77,5
111,78,13
111,80,47
111,81,10
111,82,16
111,87,1
111,94,7
111,96,1
111,97,8
111,99,1
111,101,1
111,102,3
111,104,1
111,106,2
111,107,1
111,108,2
111,109,4
111,110,3
111,114,2
111,115,3
111,116,2
111,118,2
111,126,8
111,127,7
111,128,8
111,130,3
111,131,3
111,132,2
111,135,7
111,136,1
111,140,16
111,141,22
111,142,11
111,144,24
111,145,256
111,146,15
111,147,2
111,148,9
111,149,5
111,150,2
111,151,4
111,152,125
111,153,19
111,154,2
111,155,72
111,156,17
111,159,32
111,162,34
111,163,3
111,165,7
111,166,11
111,167,3
111,169,3
111,170,18
111,171,3
111,173,1
111,175,1
111,178,3
111,179,3
111,180,6
111,181,1
111,182,10
111,183,3
111,184,3
111,185,2
111,186,2
111,187,1
111,188,7
111,191,2
111,193,1
111,194,1
112,4,1
112,5,2
112,8,3
112,9,2
112,10,2
112,12,10
112,18,1
112,21,5
112,22,1
112,23,2
112,24,1
112,25,2
112,27,1
112,28,1
112,29,3
112,31,7
112,32,9
112,33,3
112,34,16
112,35,1
112,36,3
112,37,1
112,38,2
112,41,4
112,43,3
112,45,1
112,47,1
112,48,2
112,49,17
112,51,6
112,52,14
112,53,5
112,54,7
112,55,3
112,56,2
112,58,1
112,60,3
112,61,1
112,62,3
112,63,1
112,64,2
112,66,1
112,68,2
112,69,5
112,70,1
112,72,1
112,73,2
112,74,11
112,75,3
112,76,6
112,77,7
112,78,29
112,79,7
112,80,105
112,81,13
112,82,9
112,83,2
112,88,1
112,91,2
112,92,2
112,94,12
112,96,8
112,97,14
112,98,3
112,99,1
112,101,9
112,102,5
112,103,1
112,106,2
112,107,10
112,108,6
112,109,1
112,110,2
112,111,17
112,113,6
112,114,11
112,115,6
112,116,3
112,118,2
112,119,3
112,126,8
112,127,7
112,128,4
112,129,5
112,130,5
112,131,7
112,132,7
112,134,1
112,135,5
112,137,1
112,139,1
112,140,24
112,141,37
112,142,8
112,144,23
112,145,242
112,146,10
112,147,6
112,148,5
112,149,2
112,151,3
112,152,114
112,153,12
112,154,4
112,155,92
112,156,17
112,157,1
112,158,1
112,159,19
112,160,4
112,161,2
112,162,42
112,163,10
112,164,4
112,166,8
112,167,5
112,168,3
112,169,1
112,170,12
112,173,2
112,174,1
112,175,3
112,178,1
112,179,17
112,180,8
112,181,8
112,182,4
112,183,5
112,184,1
112,185,4
112,186,7
112,187,1
112,188,6
112,192,5
112,193,1
112,194,2
113,4,1
113,8,1
113,9,3
113,12,3
113,13,1
113,17,1
113,18,1
113,21,9
113,22,5
113,23,1
113,27,2
113,29,1
113,30,1
113,31,5
113,32,8
113,33,1
113,34,16
113,35,4
113,36,8
113,38,4
113,41,3
113,42,1
113,43,2
113,45,1
113,48,1
113,49,15
113,51,1
113,52,18
113,53,3
113,55,1
113,58,1
113,60,1
113,61,2
113,64,1
113,70,3
113,71,1
113,72,4
113,74,12
113,75,2
113,76,3
113,77,2
113,78,31
113,79,2
113,80,60
113,81,8
113,82,20
113,83,1
113,86,2
113,89,2
113,94,4
113,96,1
113,97,9
113,98,1
113,101,1
113,102,2
113,104,1
113,105,2
113,107,5
113,109,1
113,110,3
113,112,2
113,114,11
113,115,2
113,116,1
113,117,1
113,118,3
113,119,2
113,121,4
113,122,2
113,125,1
113,126,3
113,127,6
113,129,2
113,130,11
113,131,6
113,132,3
113,135,5
113,136,2
113,137,2
113,138,1
113,139,1
113,140,33
113,141,49
113,142,9
113,143,3
113,144,33
113,145,274
113,146,13
113,147,2
113,148,6
113,150,1
113,151,1
113,152,142
113,153,12
113,154,7
113,155,73
113,156,15
113,157,1
113,158,3
113,159,25
113,160,6
113,161,1
113,162,42
113,163,3
113,164,1
113,165,4
113,166,2
113,167,4
113,170,16
113,173,1
113,175,3
113,177,3
113,178,1
113,179,7
113,180,4
113,181,6
113,182,4
113,185,3
113,186,7
113,192,2
113,193,4
114,1,1
114,5,2
114,8,12
114,9,1
114,12,5
114,15,1
114,16,2
114,20,1
114,21,4
114,22,5
114,23,1
114,26,2
114,27,5
114,29,1
114,31,3
114,32,3
114,33,2
114,34,12
114,35,9
114,36,6
114,37,2
114,38,5
114,41,1
114,43,1
114,44,2
114,49,30
114,51,3
114,52,26
114,53,3
114,54,3
114,56,2
114,59,1
114,63,1
114,65,2
114,69,4
114,70,5
114,71,1
114,72,1
114,73,2
114,74,8
114,75,2
114,76,3
114,77,6
114,78,36
114,79,3
114,80,96
114,81,12
114,82,21
114,83,1
114,84,3
114,87,2
114,89,1
114,91,1
114,92,1
114,94,5
114,96,3
114,97,21
114,98,1
114,100,1
114,101,3
114,102,2
114,104,6
114,105,1
114,107,3
114,108,3
114,109,6
114,110,1
114,111,4
114,112,5
114,115,10
114,116,17
114,118,1
114,119,2
114,120,2
114,121,1
114,124,1
114,126,10
114,127,3
114,129,2
114,130,11
114,131,23
114,132,13
114,133,1
114,135,3
114,137,4
114,140,30
114,141,88
114,142,17
114,143,2
114,144,58
114,145,336
114,146,8
114,147,8
114,148,4
114,150,4
114,152,194
114,153,16
114,155,123
114,156,25
114,157,1
114,158,2
114,159,42
114,161,2
114,162,69
114,163,6
114,164,9
114,165,7
114,167,6
114,168,3
114,169,3
114,170,11
114,171,5
114,173,2
114,175,1
114,176,2
114,177,2
114,178,1
114,179,7
114,180,6
114,181,2
114,182,8
114,184,2
114,185,8
114,186,11
114,187,9
114,191,5
114,192,8
114,194,2
115,1,2
115,8,13
115,10,4
115,11,2
115,12,16
115,13,1
115,16,1
115,17,3
115,18,3
115,19,2
115,21,6
115,22,5
115,23,1
115,25,4
115,27,1
115,28,6
115,31,3
115,32,3
115,34,12
115,35,6
115,36,6
115,38,8
115,39,3
115,41,1
115,43,2
115,49,21
115,51,5
115,52,12
115,53,7
115,55,1
115,58,3
115,60,2
115,62,1
115,63,1
115,64,2
115,69,1
115,70,2
115,71,3
115,72,6
115,73,3
115,74,11
115,75,1
115,76,14
115,77,2
115,78,36
115,79,6
115,80,100
115,81,29
115,82,19
115,83,2
115,85,1
115,86,2
115,87,1
115,88,5
115,92,1
115,94,3
115,95,3
115,96,3
115,97,13
115,98,1
115,101,1
115,102,2
115,103,2
115,104,3
115,105,3
115,106,1
115,107,8
115,108,4
115,109,12
115,110,5
115,111,3
115,112,1
115,113,4
115,114,14
115,116,11
115,117,4
115,118,2
115,119,4
115,120,2
115,121,1
115,122,1
115,126,7
115,127,6
115,130,18
115,131,5
115,132,12
115,135,2
115,137,2
115,140,42
115,141,94
115,142,29
115,143,1
115,144,49
115,145,387
115,146,17
115,147,2
115,148,4
115,149,2
115,152,247
115,153,8
115,155,143
115,156,41
115,158,1
115,159,32
115,160,5
115,161,5
115,162,74
115,163,4
115,166,7
115,167,3
115,170,25
115,171,3
115,172,3
115,173,1
115,175,5
115,176,2
115,179,5
115,180,8
115,181,9
115,182,14
115,183,2
115,184,1
115,185,5
115,186,9
115,187,2
115,188,6
115,191,1
115,192,5
116,4,2
116,5,1
116,7,1
116,8,2
116,11,1
116,12,9
116,14,1
116,15,1
116,21,1
116,22,7
116,23,2
116,24,2
116,26,1
116,27,2
116,31,5
116,32,1
116,33,1
116,34,17
116,35,3
116,36,7
116,38,2
116,39,1
116,40,2
116,43,4
116,49,12
116,50,1
116,51,6
116,52,6
116,53,2
116,54,2
116,61,1
116,62,1
116,63,2
116,65,6
116,70,1
116,71,1
116,72,3
116,74,8
116,75,1
116,76,3
116,77,4
116,78,20
116,79,3
116,80,96
116,81,6
116,82,23
116,83,1
116,84,1
116,87,2
116,89,1
116,91,2
116,94,3
116,95,1
116,97,5
116,98,2
116,101,1
116,102,1
116,103,1
116,104,2
116,106,2
116,107,2
116,108,2
116,109,2
116,110,9
116,111,3
116,112,1
116,113,1
116,114,8
116,115,5
116,117,1
116,118,6
116,119,2
116,120,1
116,121,2
116,126,3
116,128,4
116,130,5
116,131,9
116,132,8
116,134,2
116,135,1
116,136,2
116,137,6
116,140,47
116,141,47
116,142,11
116,143,1
116,144,39
116,145,278
116,146,8
116,147,4
116,148,4
116,150,3
116,151,3
116,152,160
116,153,10
116,154,1
116,155,96
116,156,25
116,158,1
116,159,22
116,160,1
116,161,1
116,162,43
116,163,6
116,164,2
116,165,2
116,169,4
116,170,8
116,171,5
116,173,2
116,175,7
116,176,3
116,179,4
116,180,2
116,181,7
116,182,11
116,184,1
116,185,3
116,186,17
116,187,3
116,188,3
116,191,1
116,192,5
116,194,2
117,1,1
117,2,1
117,4,1
117,8,7
117,12,15
117,19,1
117,21,9
117,22,11
117,25,1
117,26,1
117,31,7
117,32,4
117,33,1
117,34,18
117,35,2
117,36,1
117,41,1
117,43,1
117,48,1
117,49,30
117,51,7
117,52,11
117,58,3
117,61,3
117,66,3
117,67,1
117,70,1
117,73,2
117,74,5
117,75,3
117,76,5
117,77,11
117,78,26
117,80,85
117,81,5
117,82,20
117,83,1
117,85,1
117,86,2
117,87,1
117,88,3
117,89,2
117,92,2
117,94,6
117,96,1
117,97,10
117,101,1
117,106,1
117,107,4
117,108,2
117,109,1
117,111,4
117,112,4
117,113,1
117,114,3
117,116,4
117,118,5
117,119,1
117,120,1
117,121,6
117,125,1
117,126,11
117,127,2
117,129,2
117,130,2
117,131,7
117,132,4
117,134,1
117,135,9
117,136,3
117,137,13
117,138,1
117,140,25
117,141,66
117,142,13
117,143,2
117,144,38
117,145,333
117,146,4
117,147,5
117,148,5
117,149,3
117,150,1
117,152,170
117,153,11
117,154,2
117,155,104
117,156,30
117,159,29
117,160,1
117,161,1
117,162,54
117,163,8
117,164,1
117,165,2
117,166,1
117,169,1
117,170,20
117,171,1
117,172,1
117,173,3
117,175,2
117,176,3
117,177,2
117,179,3
117,180,3
117,181,3
117,182,3
117,185,3
117,186,6
117,187,1
117,188,1
117,191,3
117,192,1
117,193,3
118,8,5
118,9,6
118,10,1
118,12,14
118,15,2
118,17,2
118,21,2
118,22,2
118,24,1
118,25,1
118,27,5
118,31,2
118,32,9
118,33,3
118,34,10
118,36,2
118,37,4
118,38,3
118,41,4
118,43,2
118,46,2
118,49,27
118,51,14
118,52,10
118,53,1
118,54,1
118,55,2
118,57,1
118,58,2
118,59,1
118,61,3
118,62,1
118,64,1
118,65,1
118,67,3
118,69,1
118,70,3
118,72,4
118,73,4
118,74,5
118,75,7
118,77,4
118,78,31
118,79,8
118,80,145
118,81,9
118,82,28
118,83,3
118,84,2
118,86,4
118,87,2
118,88,2
118,91,1
118,94,7
118,96,3
118,97,15
118,98,2
118,101,3
118,102,1
118,105,1
118,107,6
118,108,6
118,111,7
118,112,2
118,113,2
118,114,5
118,115,8
118,116,5
118,119,4
118,126,5
118,127,4
118,128,2
118,130,13
118,131,12
118,132,4
118,133,2
118,135,3
118,137,17
118,138,1
118,140,37
118,141,91
118,142,10
118,143,1
118,144,37
118,145,445
118,146,9
118,147,1
118,148,16
118,151,3
118,152,212
118,153,17
118,155,140
118,156,25
118,157,1
118,159,35
118,160,1
118,162,69
118,163,10
118,164,2
118,165,2
118,166,5
118,169,2
118,170,25
118,172,3
118,173,5
118,175,2
118,176,2
118,177,3
118,179,10
118,180,9
118,181,6
118,182,7
118,184,1
118,185,4
118,186,11
118,187,3
118,188,3
118,191,5
118,192,10
118,193,1
118,194,2
119,1,3
119,2,1
119,4,1
119,7,3
119,8,4
119,9,5
119,12,10
119,14,1
119,15,1
119,20,1
119,21,2
119,22,8
119,23,3
119,24,1
119,28,2
119,29,2
119,30,3
119,31,1
119,32,3
119,34,18
119,35,1
119,36,6
119,38,1
119,41,2
119,43,1
119,49,14
119,51,12
119,52,8
119,56,1
119,58,1
119,60,1
119,62,1
119,65,1
119,70,3
119,71,5
119,72,7
119,74,6
119,75,2
119,76,1
119,78,10
119,79,6
119,80,102
119,81,6
119,82,15
119,83,1
119,87,8
119,94,6
119,96,2
119,97,8
119,98,3
119,100,1
119,101,4
119,102,3
119,103,1
119,107,7
119,108,6
119,109,1
119,110,1
119,111,1
119,112,1
119,114,6
119,115,6
119,116,3
119,117,2
119,118,3
119,120,9
119,121,2
119,126,7
119,129,1
119,130,12
119,131,9
119,132,3
119,134,1
119,135,1
119,137,2
119,139,1
119,140,26
119,141,71
119,142,15
119,143,3
119,144,35
119,145,301
119,146,12
119,147,5
119,148,4
119,149,3
119,150,1
119,151,1
119,152,156
119,153,4
119,154,2
119,155,69
119,156,16
119,158,1
119,159,20
119,161,3
119,162,51
119,163,1
119,165,2
119,166,1
119,167,2
119,168,1
119,170,11
119,171,2
119,172,3
119,173,1
119,176,2
119,177,1
119,180,3
119,181,1
119,182,3
119,184,3
119,186,4
119,188,5
119,191,2
119,192,10
119,193,2
120,4,1
120,8,11
120,9,2
120,11,1
120,12,14
120,14,1
120,21,7
120,22,3
120,23,1
120,25,1
120,27,3
120,29,1
120,31,5
120,32,2
120,34,9
120,35,4
120,36,3
120,38,3
120,41,3
120,44,1
120,47,1
120,49,17
120,51,10
120,52,10
120,54,3
120,57,2
120,64,1
120,66,1
120,67,1
120,69,1
120,70,1
120,71,5
120,72,5
120,74,4
120,75,1
120,76,3
120,77,6
120,78,31
120,79,1
120,80,79
120,81,7
120,82,17
120,83,3
120,88,3
120,89,1
120,90,4
120,94,4
120,96,1
120,97,7
120,99,2
120,102,1
120,104,1
120,107,1
120,108,5
120,109,2
120,110,2
120,111,7
120,112,1
120,116,2
120,117,5
120,119,14
120,121,5
120,122,2
120,126,9
120,128,1
120,130,2
120,131,13
120,132,6
120,134,3
120,135,4
120,136,2
120,137,4
120,140,27
120,141,49
120,142,18
120,143,1
120,144,42
120,145,287
120,146,10
120,147,2
120,148,4
120,149,1
120,151,1
120,152,130
120,153,8
120,155,70
120,156,21
120,157,1
120,158,4
120,159,22
120,160,2
120,162,50
120,163,5
120,166,1
120,167,1
120,169,5
120,170,6
120,171,7
120,175,4
120,176,1
120,177,3
120,179,3
120,180,2
120,181,2
120,185,1
120,186,2
120,187,3
120,188,3
120,191,1
120,193,3
121,4,2
121,8,3
121,9,4
121,12,17
121,13,1
121,14,1
121,15,1
121,16,2
121,19,2
121,21,12
121,22,2
121,23,2
121,26,1
121,27,5
121,31,8
121,32,3
121,34,24
121,35,7
121,36,5
121,38,1
121,41,2
121,42,1
121,43,4
121,44,2
121,45,1
121,49,25
121,50,1
121,51,15
121,52,9
121,53,2
121,54,1
121,57,3
121,58,4
121,60,2
121,61,1
121,63,2
121,66,2
121,67,1
121,68,1
121,70,3
121,71,6
121,72,4
121,73,3
121,74,8
121,75,4
121,76,2
121,77,6
121,78,29
121,79,8
121,80,151
121,81,15
121,82,31
121,83,1
121,84,3
121,86,2
121,87,4
121,89,1
121,93,1
121,94,12
121,96,1
121,97,21
121,98,4
121,99,2
121,100,5
121,101,3
121,102,2
121,104,4
121,105,1
121,106,1
121,107,7
121,108,4
121,110,1
121,111,1
121,112,3
121,113,2
121,114,2
121,115,3
121,116,10
121,117,2
121,119,1
121,120,5
121,122,2
121,123,1
121,126,10
121,127,2
121,129,4
121,130,13
121,131,16
121,132,9
121,135,3
121,136,5
121,137,5
121,138,2
121,140,34
121,141,72
121,142,15
121,143,1
121,144,52
121,145,372
121,146,10
121,147,3
121,148,5
121,149,1
121,151,2
121,152,182
121,153,10
121,154,5
121,155,118
121,156,26
121,158,1
121,159,33
121,160,2
121,162,64
121,163,1
121,167,7
121,169,5
121,170,21
121,171,1
121,172,1
121,175,3
121,176,1
121,177,2
121,178,1
121,179,5
121,180,8
121,181,5
121,182,5
121,183,2
121,186,9
121,187,4
121,188,11
121,191,3
121,192,6
122,2,1
122,5,1
122,9,2
122,10,1
122,12,12
122,17,1
122,19,1
122,21,4
122,22,1
122,23,1
122,25,3
122,27,3
122,29,1
122,31,3
122,32,2
122,33,3
122,34,7
122,35,3
122,36,3
122,37,2
122,44,7
122,45,1
122,47,2
122,49,18
122,51,7
122,52,5
122,53,9
122,54,1
122,55,1
122,56,2
122,58,2
122,60,1
122,61,1
122,64,1
122,65,1
122,71,5
122,72,1
122,73,2
122,74,8
122,76,4
122,77,6
122,78,16
122,79,2
122,80,99
122,81,11
122,82,13
122,83,2
122,84,6
122,85,6
122,86,3
122,87,6
122,88,1
122,92,3
122,93,1
122,94,10
122,96,3
122,97,31
122,98,2
122,101,1
122,103,2
122,104,2
122,106,1
122,107,5
122,108,1
122,110,3
122,111,1
122,114,5
122,115,3
122,116,7
122,117,2
122,118,1
122,119,5
122,120,1
122,121,5
122,124,2
122,126,1
122,127,6
122,128,1
122,130,9
122,131,17
122,132,9
122,133,2
122,134,3
122,135,4
122,137,3
122,138,2
122,139,1
122,140,20
122,141,34
122,142,27
122,143,2
122,144,32
122,145,163
122,146,5
122,147,6
122,148,1
122,150,1
122,152,108
122,153,3
122,154,1
122,155,78
122,156,23
122,158,1
122,159,12
122,160,1
122,162,28
122,163,7
122,164,2
122,165,2
122,166,2
122,167,4
122,169,1
122,170,21
122,171,5
122,172,3
122,173,5
122,175,3
122,177,2
122,179,4
122,180,8
122,181,12
122,182,5
122,183,3
122,184,2
122,186,9
122,187,1
122,188,8
122,190,1
122,191,3
122,192,11
122,194,1
123,4,2
123,5,3
123,7,1
123,8,9
123,9,4
123,12,15
123,13,2
123,17,3
123,18,1
123,19,1
123,21,9
123,22,1
123,23,4
123,25,5
123,26,1
123,27,6
123,28,4
123,31,8
123,32,5
123,33,4
123,34,15
123,35,2
123,36,2
123,38,3
123,41,1
123,43,4
123,44,7
123,46,2
123,47,1
123,49,17
123,50,3
123,51,3
123,52,3
123,53,11
123,55,4
123,56,1
123,58,1
123,62,2
123,63,1
123,64,1
123,65,1
123,66,3
123,68,3
123,69,3
123,71,1
123,72,3
123,73,3
123,74,3
123,75,4
123,76,8
123,77,7
123,78,32
123,79,2
123,80,115
123,81,18
123,82,18
123,83,5
123,85,1
123,87,16
123,88,3
123,89,1
123,90,1
123,92,2
123,94,9
123,96,10
123,97,46
123,98,9
123,100,2
123,101,5
123,102,2
123,103,1
123,106,2
123,107,10
123,108,1
123,109,3
123,110,4
123,111,5
123,112,4
123,114,3
123,115,2
123,116,8
123,118,7
123,119,3
123,120,3
123,121,1
123,122,2
123,124,4
123,126,6
123,127,6
123,128,3
123,129,3
123,130,8
123,131,14
123,132,5
123,134,1
123,135,2
123,138,6
123,140,28
123,141,45
123,142,14
123,143,1
123,144,34
123,145,221
123,146,10
123,147,3
123,148,3
123,149,6
123,150,6
123,152,135
123,153,5
123,154,4
123,155,96
123,156,12
123,157,2
123,158,13
123,159,20
123,160,5
123,161,4
123,162,21
123,163,2
123,164,2
123,165,3
123,166,5
123,167,7
123,169,4
123,170,12
123,171,5
123,173,1
123,175,6
123,176,1
123,179,6
123,180,13
123,181,8
123,182,5
123,183,6
123,184,1
123,186,6
123,187,6
123,188,12
123,192,4
123,194,6
124,1,1
124,2,4
124,4,1
124,5,1
124,7,1
124,8,8
124,9,4
124,11,3
124,12,30
124,14,1
124,15,3
124,16,1
124,17,4
124,19,2
124,20,2
124,21,5
124,22,4
124,23,1
124,24,1
124,25,14
124,26,1
124,27,3
124,28,2
124,29,7
124,30,1
124,31,10
124,32,3
124,33,8
124,34,8
124,36,6
124,38,4
124,41,1
124,43,4
124,44,6
124,45,11
124,46,2
124,47,1
124,48,5
124,49,26
124,51,24
124,52,13
124,53,7
124,54,3
124,55,5
124,56,2
124,58,4
124,59,1
124,60,5
124,61,4
124,62,4
124,63,3
124,64,3
124,65,1
124,66,4
124,67,2
124,68,3
124,70,4
124,71,6
124,72,1
124,73,4
124,74,3
124,75,8
124,76,2
124,77,7
124,78,30
124,79,1
124,80,213
124,81,11
124,82,9
124,83,2
124,85,2
124,86,8
124,87,2
124,88,18
124,89,11
124,92,2
124,94,7
124,95,1
124,96,12
124,97,41
124,98,10
124,99,6
124,100,2
124,101,8
124,102,8
124,105,4
124,107,6
124,108,3
124,109,2
124,110,6
124,111,2
124,112,9
124,113,1
124,114,6
124,115,3
124,116,3
124,117,2
124,118,3
124,119,4
124,120,5
124,121,1
124,122,3
124,123,2
124,125,2
124,126,10
124,127,9
124,128,3
124,130,6
124,131,19
124,132,9
124,133,5
124,134,3
124,135,9
124,136,8
124,137,3
124,138,19
124,139,1
124,140,57
124,141,47
124,142,17
124,143,6
124,144,33
124,145,173
124,146,23
124,147,6
124,148,13
124,149,27
124,150,6
124,151,5
124,152,119
124,153,11
124,154,6
124,155,161
124,156,12
124,157,3
124,158,7
124,159,54
124,160,6
124,161,1
124,162,33
124,163,4
124,164,5
124,165,4
124,166,7
124,167,7
124,168,2
124,169,5
124,170,18
124,171,4
124,172,1
124,173,2
124,174,2
124,175,7
124,176,4
124,178,2
124,179,2
124,180,35
124,181,9
124,182,10
124,183,1
124,185,1
124,186,11
124,188,7
124,190,4
124,191,3
124,192,5
125,21,4
125,26,1
125,28,2
125,45,1
125,49,1
125,70,1
125,73,1
125,76,1
125,78,3
125,80,9
125,81,1
125,82,1
125,86,1
125,91,1
125,92,1
125,94,1
125,96,4
125,97,2
125,109,1
125,112,1
125,116,1
125,117,2
125,119,1
125,121,1
125,132,1
125,140,1
125,141,3
125,142,2
125,144,1
125,145,5
125,146,1
125,150,1
125,152,4
125,155,7
125,156,1
125,159,5
125,160,1
125,162,3
125,164,1
125,171,1
125,175,4
125,180,3
125,183,1
125,186,2
125,187,1
126,4,1
126,8,2
126,9,1
126,11,1
126,12,1
126,15,1
126,19,1
126,21,2
126,22,1
126,24,2
126,27,5
126,28,1
126,31,9
126,32,1
126,34,6
126,36,1
126,38,1
126,39,1
126,48,1
126,49,7
126,51,2
126,52,9
126,53,1
126,54,1
126,56,1
126,60,2
126,61,1
126,63,1
126,68,1
126,72,6
126,73,4
126,74,5
126,75,3
126,76,4
126,77,1
126,78,9
126,80,46
126,81,9
126,82,10
126,83,2
126,88,1
126,89,1
126,94,8
126,96,1
126,97,6
126,98,1
126,101,1
126,103,1
126,107,2
126,108,6
126,109,6
126,110,1
126,111,1
126,114,1
126,115,4
126,116,4
126,118,3
126,119,1
126,121,2
126,127,2
126,128,1
126,129,2
126,131,5
126,132,3
126,134,2
126,136,1
126,140,26
126,141,40
126,142,2
126,143,1
126,144,25
126,145,282
126,146,4
126,147,6
126,148,7
126,149,4
126,150,4
126,151,1
126,152,150
126,153,11
126,155,46
126,156,9
126,157,1
126,159,34
126,162,52
126,163,9
126,164,2
126,165,7
126,166,2
126,167,4
126,170,3
126,171,3
126,172,1
126,174,1
126,176,2
126,178,1
126,179,12
126,180,1
126,181,1
126,182,2
126,183,4
126,184,2
126,185,3
126,188,4
126,190,1
126,192,1
127,2,1
127,5,1
127,6,4
127,7,4
127,8,9
127,9,4
127,11,1
127,12,17
127,13,2
127,18,5
127,20,1
127,21,1
127,22,1
127,23,1
127,24,2
127,25,1
127,26,1
127,27,2
127,28,1
127,30,2
127,31,12
127,32,2
127,33,3
127,34,19
127,35,4
127,36,4
127,43,3
127,46,1
127,49,23
127,51,10
127,52,14
127,53,1
127,54,8
127,55,5
127,60,3
127,61,1
127,62,1
127,63,1
127,64,2
127,65,2
127,67,1
127,69,4
127,72,4
127,73,1
127,74,1
127,75,3
127,76,7
127,77,5
127,78,19
127,79,4
127,80,92
127,81,5
127,82,16
127,83,2
127,84,3
127,85,4
127,86,1
127,91,2
127,92,1
127,93,1
127,94,11
127,96,10
127,97,18
127,98,3
127,100,1
127,101,5
127,102,15
127,104,6
127,105,1
127,106,3
127,107,4
127,108,4
127,110,4
127,111,25
127,112,1
127,115,1
127,116,4
127,118,3
127,120,1
127,121,1
127,125,1
127,126,6
127,128,7
127,129,6
127,130,6
127,131,2
127,132,5
127,135,2
127,136,2
127,137,5
127,138,1
127,140,30
127,141,49
127,142,19
127,143,2
127,144,27
127,145,307
127,146,12
127,147,2
127,148,9
127,149,5
127,150,4
127,151,3
127,152,180
127,153,11
127,154,5
127,155,94
127,156,19
127,157,4
127,158,5
127,159,29
127,160,2
127,162,56
127,163,7
127,164,1
127,165,6
127,166,5
127,167,7
127,168,4
127,169,8
127,170,18
127,171,2
127,173,1
127,174,1
127,175,1
127,177,4
127,179,13
127,180,22
127,181,4
127,182,9
127,183,3
127,184,1
127,185,2
127,186,3
127,187,1
127,188,9
127,191,4
127,192,6
127,194,4
128,1,3
128,2,4
128,5,1
128,6,1
128,7,2
128,8,3
128,9,2
128,12,8
128,13,1
128,14,1
128,15,1
128,16,1
128,17,5
128,18,4
128,19,1
128,20,1
128,21,8
128,23,3
128,24,1
128,25,4
128,26,3
128,27,3
128,28,4
128,29,3
128,31,5
128,32,3
128,33,3
128,34,13
128,35,14
128,36,4
128,43,1
128,44,2
128,48,2
128,49,27
128,51,6
128,52,9
128,53,2
128,54,2
128,55,3
128,59,5
128,60,3
128,61,4
128,62,5
128,65,3
128,68,2
128,69,3
128,70,1
128,71,1
128,72,9
128,73,6
128,74,12
128,75,3
128,76,12
128,77,5
128,78,31
128,79,11
128,80,133
128,81,19
128,82,9
128,83,4
128,84,1
128,85,3
128,86,1
128,87,2
128,94,15
128,96,15
128,97,18
128,98,3
128,100,1
128,101,5
128,102,5
128,103,6
128,104,2
128,105,6
128,106,9
128,107,9
128,108,7
128,109,3
128,110,4
128,111,40
128,112,6
128,113,1
128,114,8
128,115,3
128,116,6
128,118,5
128,119,1
128,120,1
128,121,4
128,123,3
128,126,7
128,127,23
128,129,6
128,130,5
128,131,9
128,132,4
128,133,4
128,134,1
128,135,6
128,136,6
128,137,1
128,138,1
128,139,3
128,140,35
128,141,43
128,142,15
128,143,1
128,144,42
128,145,195
128,146,24
128,147,1
128,148,11
128,149,15
128,150,6
128,151,4
128,152,127
128,153,4
128,154,6
128,155,102
128,156,13
128,157,1
128,158,2
128,159,38
128,160,12
128,161,2
128,162,46
128,163,6
128,164,3
128,165,2
128,166,2
128,167,12
128,168,2
128,169,10
128,170,19
128,171,2
128,172,1
128,175,9
128,176,2
128,179,9
128,180,23
128,181,7
128,182,15
128,183,5
128,184,2
128,185,3
128,186,5
128,187,5
128,188,6
128,189,1
128,190,1
128,191,2
128,193,2
128,194,2
129,1,2
129,4,1
129,8,2
129,9,1
129,12,10
129,14,1
129,15,1
129,16,1
129,19,1
129,21,2
129,23,2
129,26,1
129,27,1
129,29,3
129,31,11
129,32,4
129,33,8
129,34,13
129,35,1
129,36,3
129,37,4
129,43,1
129,44,4
129,49,21
129,51,4
129,52,11
129,53,4
129,54,3
129,55,3
129,56,1
129,57,1
129,60,1
129,61,3
129,64,1
129,69,1
129,72,4
129,73,7
129,74,10
129,75,1
129,76,9
129,77,10
129,78,23
129,79,8
129,80,82
129,81,9
129,82,20
129,83,4
129,86,3
129,87,2
129,91,1
129,92,1
129,94,8
129,95,1
129,96,2
129,97,5
129,98,6
129,100,1
129,101,1
129,102,5
129,103,2
129,104,2
129,105,3
129,106,4
129,107,5
129,108,2
129,109,4
129,110,6
129,111,14
129,112,5
129,113,2
129,114,17
129,115,3
129,116,4
129,118,1
129,119,2
129,120,4
129,126,7
129,127,3
129,128,3
129,130,14
129,131,13
129,132,3
129,135,4
129,136,2
129,137,1
129,138,1
129,140,47
129,141,61
129,142,20
129,144,29
129,145,334
129,146,12
129,147,2
129,148,5
129,149,6
129,150,1
129,151,1
129,152,174
129,153,16
129,154,6
129,155,103
129,156,31
129,159,29
129,160,5
129,162,67
129,163,5
129,164,3
129,165,2
129,166,8
129,167,3
129,168,2
129,169,4
129,170,4
129,171,1
129,172,3
129,175,6
129,177,1
129,178,4
129,179,3
129,180,10
129,181,9
129,182,8
129,183,2
129,186,8
129,187,5
129,188,7
129,192,2
129,193,5
129,194,4
130,1,1
130,2,2
130,7,1
130,8,6
130,9,1
130,10,2
130,11,2
130,12,16
130,13,1
130,15,2
130,16,2
130,18,1
130,19,2
130,22,1
130,27,5
130,29,1
130,31,7
130,32,10
130,33,3
130,34,11
130,35,5
130,36,8
130,39,2
130,41,1
130,42,3
130,43,1
130,45,5
130,49,24
130,50,1
130,51,9
130,52,11
130,53,1
130,54,1
130,55,1
130,57,1
130,58,2
130,59,1
130,60,1
130,61,1
130,62,1
130,64,1
130,65,1
130,66,3
130,68,4
130,69,4
130,70,7
130,71,5
130,73,5
130,74,19
130,75,6
130,76,6
130,77,7
130,78,46
130,79,6
130,80,175
130,81,30
130,82,52
130,83,9
130,85,2
130,86,1
130,88,2
130,90,1
130,91,1
130,93,2
130,94,4
130,95,2
130,96,4
130,97,19
130,98,3
130,101,3
130,102,5
130,103,1
130,104,3
130,106,1
130,107,14
130,109,3
130,110,1
130,111,22
130,112,6
130,113,3
130,114,5
130,115,7
130,116,12
130,117,2
130,118,11
130,119,1
130,120,5
130,121,2
130,122,1
130,124,4
130,126,7
130,127,9
130,128,2
130,129,5
130,131,39
130,132,8
130,133,2
130,135,3
130,136,2
130,137,6
130,138,2
130,140,48
130,141,102
130,142,28
130,143,5
130,144,50
130,145,406
130,146,10
130,147,5
130,148,15
130,149,9
130,150,4
130,151,2
130,152,272
130,153,18
130,154,3
130,155,162
130,156,32
130,157,3
130,158,1
130,159,33
130,160,9
130,161,1
130,162,69
130,163,3
130,164,2
130,165,4
130,166,7
130,167,6
130,168,2
130,169,4
130,170,23
130,171,9
130,172,1
130,175,9
130,176,1
130,177,2
130,178,1
130,179,11
130,180,18
130,181,8
130,182,11
130,183,1
130,185,3
130,186,19
130,187,2
130,188,4
130,190,4
130,191,2
130,192,15
130,193,5
130,194,3
131,2,1
131,7,6
131,8,4
131,9,5
131,11,1
131,12,10
131,14,1
131,15,1
131,16,1
131,17,1
131,18,1
131,19,1
131,21,4
131,22,5
131,23,2
131,24,1
131,25,12
131,26,6
131,27,2
131,30,1
131,31,2
131,32,7
131,33,2
131,34,11
131,35,3
131,36,3
131,37,3
131,38,2
131,39,1
131,41,1
131,44,5
131,45,1
131,46,1
131,49,22
131,51,10
131,52,16
131,53,2
131,54,1
131,55,1
131,57,1
131,58,1
131,59,1
131,61,2
131,62,2
131,63,3
131,66,1
131,68,2
131,69,2
131,70,6
131,71,3
131,72,5
131,73,5
131,74,5
131,75,8
131,76,7
131,77,6
131,78,29
131,79,5
131,80,146
131,81,19
131,82,39
131,83,3
131,84,9
131,85,11
131,86,5
131,87,3
131,89,2
131,91,1
131,92,1
131,94,6
131,95,3
131,96,1
131,97,26
131,98,7
131,101,10
131,102,3
131,103,1
131,104,2
131,105,1
131,107,16
131,108,1
131,111,17
131,113,1
131,114,4
131,115,4
131,116,9
131,118,6
131,119,3
131,120,4
131,121,5
131,124,1
131,126,10
131,127,8
131,128,1
131,129,2
131,130,17
131,132,31
131,133,1
131,135,1
131,136,2
131,137,14
131,140,78
131,141,74
131,142,35
131,144,61
131,145,388
131,146,15
131,147,4
131,148,7
131,149,13
131,150,2
131,152,236
131,153,9
131,154,3
131,155,158
131,156,44
131,157,4
131,158,14
131,159,32
131,160,3
131,161,2
131,162,61
131,163,7
131,164,7
131,165,1
131,166,3
131,167,11
131,168,4
131,169,2
131,170,10
131,171,1
131,172,4
131,173,6
131,174,1
131,175,1
131,177,3
131,179,12
131,180,18
131,181,14
131,182,14
131,183,1
131,185,3
131,186,21
131,187,5
131,188,22
131,189,1
131,190,1
131,191,2
131,192,30
131,193,10
131,194,3
132,2,2
132,6,2
132,7,1
132,8,1
132,12,7
132,15,1
132,16,2
132,19,2
132,21,3
132,22,6
132,25,1
132,28,1
132,29,1
132,31,5
132,32,2
132,34,15
132,35,3
132,36,5
132,37,1
132,38,4
132,40,1
132,43,1
132,44,5
132,46,2
132,49,10
132,51,5
132,52,10
132,54,2
132,58,1
132,59,2
132,61,1
132,64,2
132,65,2
132,68,1
132,70,3
132,71,7
132,72,8
132,73,2
132,75,3
132,77,8
132,78,31
132,79,11
132,80,115
132,81,24
132,82,34
132,83,8
132,84,3
132,85,1
132,86,2
132,87,4
132,89,2
132,93,1
132,94,13
132,95,1
132,96,2
132,97,23
132,98,2
132,101,1
132,102,1
132,103,1
132,104,5
132,105,3
132,106,2
132,107,7
132,108,1
132,109,3
132,110,2
132,111,3
132,112,1
132,113,1
132,114,9
132,115,3
132,116,2
132,118,3
132,119,6
132,120,1
132,121,5
132,122,2
132,126,16
132,127,3
132,128,1
132,129,1
132,130,4
132,131,31
132,135,2
132,136,7
132,137,1
132,138,1
132,139,1
132,140,31
132,141,48
132,142,25
132,143,4
132,144,29
132,145,219
132,146,17
132,147,2
132,148,5
132,149,3
132,150,3
132,152,158
132,153,4
132,154,5
132,155,126
132,156,28
132,157,2
132,158,7
132,159,17
132,160,3
132,162,65
132,163,2
132,164,6
132,166,13
132,167,6
132,170,8
132,171,4
132,172,1
132,173,2
132,175,4
132,179,12
132,180,13
132,181,8
132,182,6
132,183,1
132,184,2
132,185,4
132,186,3
132,187,4
132,188,10
132,189,1
132,190,2
132,191,3
132,192,18
132,193,5
133,1,1
133,2,1
133,7,3
133,8,2
133,9,1
133,12,17
133,16,1
133,17,2
133,19,1
133,21,4
133,22,2
133,23,1
133,25,4
133,26,1
133,27,7
133,30,1
133,31,7
133,32,4
133,33,2
133,34,12
133,35,2
133,36,3
133,37,3
133,38,1
133,44,3
133,46,1
133,47,2
133,48,3
133,49,14
133,50,2
133,51,8
133,52,9
133,53,3
133,54,2
133,56,1
133,58,4
133,60,2
133,65,4
133,71,2
133,72,4
133,73,1
133,74,3
133,77,11
133,78,16
133,79,5
133,80,91
133,81,9
133,82,19
133,83,5
133,86,2
133,87,13
133,88,4
133,89,2
133,91,2
133,92,1
133,93,4
133,94,9
133,96,5
133,97,34
133,98,5
133,99,1
133,101,1
133,103,2
133,104,1
133,105,1
133,106,1
133,107,1
133,109,1
133,110,3
133,111,3
133,112,2
133,114,3
133,115,2
133,116,1
133,118,1
133,119,1
133,120,5
133,122,6
133,123,3
133,124,5
133,126,5
133,127,2
133,130,7
133,131,19
133,132,4
133,135,7
133,138,1
133,140,25
133,141,20
133,142,16
133,143,2
133,144,21
133,145,124
133,146,2
133,147,9
133,148,3
133,149,4
133,152,94
133,153,6
133,154,1
133,155,65
133,156,8
133,157,2
133,158,2
133,159,18
133,162,21
133,163,1
133,164,1
133,166,2
133,167,3
133,168,1
133,169,1
133,170,6
133,175,5
133,177,1
133,179,5
133,180,7
133,181,3
133,182,5
133,184,1
133,186,2
133,187,2
133,188,4
133,192,7
134,2,6
134,7,3
134,8,8
134,9,4
134,10,2
134,11,1
134,12,16
134,13,3
134,14,4
134,16,1
134,17,2
134,18,1
134,19,3
134,20,2
134,21,1
134,22,5
134,23,2
134,25,2
134,26,3
134,27,9
134,31,4
134,32,5
134,33,5
134,34,6
134,35,1
134,36,3
134,41,1
134,43,2
134,44,11
134,45,12
134,46,1
134,47,5
134,48,1
134,49,15
134,50,3
134,51,13
134,52,6
134,53,5
134,54,2
134,55,4
134,57,1
134,59,5
134,60,3
134,61,3
134,62,1
134,63,4
134,64,3
134,65,2
134,66,6
134,67,6
134,68,3
134,69,3
134,70,8
134,71,2
134,72,1
134,73,6
134,74,5
134,75,1
134,77,10
134,78,32
134,79,3
134,80,130
134,81,17
134,82,8
134,83,1
134,85,6
134,86,2
134,88,26
134,89,21
134,91,5
134,92,3
134,94,19
134,96,9
134,97,49
134,98,8
134,99,4
134,101,9
134,102,2
134,103,1
134,105,6
134,106,5
134,107,3
134,109,1
134,110,4
134,111,13
134,112,3
134,113,7
134,114,3
134,115,3
134,116,3
134,118,1
134,119,3
134,120,2
134,121,4
134,122,2
134,124,7
134,126,5
134,127,5
134,128,1
134,129,1
134,130,7
134,131,18
134,132,14
134,135,7
134,137,1
134,138,4
134,140,29
134,141,17
134,142,5
134,143,6
134,144,37
134,145,91
134,146,10
134,147,6
134,148,10
134,149,21
134,150,5
134,151,12
134,152,117
134,153,9
134,154,1
134,155,110
134,156,6
134,157,3
134,158,5
134,159,31
134,160,8
134,161,6
134,162,18
134,163,2
134,164,6
134,165,5
134,166,8
134,167,6
134,168,1
134,169,3
134,170,21
134,171,4
134,172,2
134,174,1
134,175,18
134,176,2
134,177,1
134,179,5
134,180,29
134,181,10
134,182,4
134,183,3
134,185,6
134,186,5
134,187,5
134,188,6
134,189,1
134,190,2
134,191,4
134,192,7
134,194,1
135,4,2
135,7,2
135,8,2
135,9,1
135,12,21
135,13,1
135,14,7
135,17,1
135,18,1
135,19,2
135,20,1
135,21,6
135,22,15
135,23,5
135,25,10
135,26,1
135,27,3
135,28,5
135,29,1
135,30,1
135,31,3
135,32,7
135,33,1
135,34,24
135,35,3
135,36,3
135,37,4
135,38,9
135,40,1
135,42,4
135,44,8
135,49,73
135,50,1
135,51,2
135,52,10
135,53,7
135,54,5
135,55,1
135,56,2
135,58,2
135,60,1
135,61,1
135,63,4
135,64,3
135,65,3
135,66,2
135,68,3
135,69,4
135,72,6
135,73,1
135,74,9
135,75,2
135,76,2
135,77,6
135,78,31
135,79,6
135,80,191
135,81,15
135,82,18
135,84,1
135,85,1
135,86,5
135,87,1
135,88,6
135,89,1
135,92,2
135,93,2
135,94,8
135,96,2
135,97,11
135,101,4
135,102,2
135,103,1
135,104,4
135,105,1
135,106,1
135,107,7
135,108,7
135,109,3
135,111,3
135,112,2
135,113,1
135,114,6
135,116,3
135,118,1
135,120,2
135,121,2
135,126,3
135,127,5
135,128,3
135,129,2
135,130,6
135,131,11
135,132,7
135,134,1
135,136,2
135,137,10
135,139,1
135,140,17
135,141,41
135,142,18
135,143,1
135,144,37
135,145,273
135,146,15
135,148,6
135,149,9
135,150,2
135,152,199
135,153,13
135,155,87
135,156,22
135,158,1
135,159,19
135,160,2
135,161,1
135,162,52
135,163,3
135,164,1
135,165,4
135,166,1
135,167,3
135,168,2
135,169,1
135,170,11
135,171,3
135,172,1
135,175,13
135,176,8
135,179,4
135,180,2
135,181,4
135,182,11
135,183,2
135,184,1
135,185,2
135,186,1
135,187,2
135,188,4
135,190,1
135,191,2
135,192,7
135,193,4
135,194,2
136,4,2
136,8,3
136,9,3
136,12,16
136,13,1
136,17,3
136,19,2
136,20,2
136,21,8
136,22,9
136,23,6
136,24,2
136,25,1
136,27,6
136,29,2
136,31,14
136,32,4
136,33,8
136,34,13
136,36,7
136,37,1
136,38,4
136,40,1
136,44,1
136,48,1
136,49,20
136,51,5
136,52,11
136,53,2
136,55,8
136,56,8
136,58,1
136,59,1
136,60,4
136,61,2
136,64,4
136,65,1
136,68,11
136,69,3
136,70,1
136,72,2
136,73,7
136,74,3
136,75,1
136,76,2
136,77,6
136,78,19
136,79,2
136,80,66
136,81,12
136,82,4
136,83,4
136,86,3
136,87,3
136,89,1
136,93,1
136,94,3
136,95,2
136,96,2
136,97,6
136,101,22
136,102,10
136,103,1
136,106,2
136,107,7
136,108,14
136,109,2
136,110,9
136,111,9
136,112,1
136,114,2
136,115,1
136,118,4
136,119,1
136,120,1
136,121,1
136,126,2
136,127,4
136,128,1
136,129,1
136,130,8
136,131,4
136,132,4
136,134,1
136,135,5
136,137,6
136,138,1
136,140,13
136,141,31
136,142,13
136,144,26
136,145,186
136,146,14
136,147,8
136,148,6
136,149,7
136,150,3
136,152,136
136,153,14
136,155,72
136,156,12
136,158,2
136,159,30
136,162,55
136,163,12
136,165,2
136,166,4
136,167,6
136,170,13
136,171,1
136,175,4
136,176,1
136,178,1
136,179,10
136,180,15
136,181,2
136,182,4
136,186,8
136,187,1
136,190,1
136,192,5
136,193,1
137,8,9
137,11,1
137,12,7
137,13,2
137,15,2
137,21,3
137,22,5
137,25,1
137,26,2
137,29,1
137,32,2
137,34,9
137,35,6
137,36,8
137,38,1
137,42,2
137,44,1
137,49,21
137,50,1
137,51,5
137,52,6
137,53,4
137,57,1
137,60,1
137,61,1
137,62,1
137,64,2
137,65,1
137,68,1
137,70,2
137,71,3
137,72,6
137,74,2
137,75,6
137,77,4
137,78,17
137,79,1
137,80,76
137,81,8
137,82,19
137,84,2
137,87,2
137,88,2
137,94,3
137,95,1
137,96,3
137,97,15
137,98,2
137,99,2
137,101,2
137,102,2
137,103,2
137,104,3
137,106,1
137,107,5
137,108,1
137,109,1
137,110,3
137,111,3
137,112,1
137,114,2
137,115,5
137,116,2
137,117,1
137,118,11
137,119,4
137,120,2
137,121,1
137,125,2
137,127,3
137,128,1
137,129,4
137,130,2
137,131,12
137,132,5
137,134,1
137,135,3
137,138,3
137,140,11
137,141,38
137,142,11
137,143,1
137,144,30
137,145,255
137,146,4
137,147,3
137,148,2
137,149,2
137,150,1
137,152,122
137,153,10
137,154,3
137,155,71
137,156,10
137,157,2
137,158,3
137,159,18
137,162,32
137,163,8
137,164,2
137,165,1
137,168,1
137,169,3
137,170,11
137,171,1
137,172,2
137,174,1
137,175,4
137,177,3
137,179,5
137,180,1
137,181,5
137,182,2
137,185,6
137,186,7
137,188,2
137,190,1
137,192,2
138,7,2
138,9,2
138,12,6
138,13,2
138,15,1
138,16,2
138,17,3
138,18,2
138,20,1
138,21,11
138,25,4
138,27,4
138,28,5
138,29,9
138,30,1
138,31,3
138,32,5
138,33,1
138,34,10
138,35,3
138,36,2
138,38,4
138,42,1
138,43,4
138,44,4
138,45,13
138,46,4
138,47,2
138,48,1
138,49,13
138,50,3
138,51,10
138,52,4
138,53,5
138,54,1
138,56,1
138,60,2
138,61,7
138,63,2
138,64,1
138,65,2
138,69,3
138,70,1
138,71,5
138,72,5
138,73,5
138,74,4
138,75,4
138,76,1
138,77,8
138,78,24
138,79,4
138,80,95
138,81,7
138,82,5
138,83,1
138,84,2
138,85,1
138,86,3
138,87,1
138,88,4
138,89,3
138,90,1
138,91,2
138,92,2
138,94,8
138,95,1
138,96,9
138,97,12
138,98,4
138,101,3
138,102,3
138,104,5
138,107,3
138,109,2
138,110,3
138,111,5
138,114,2
138,115,1
138,116,4
138,118,3
138,119,4
138,121,3
138,122,1
138,123,1
138,124,5
138,125,1
138,126,7
138,127,10
138,128,6
138,129,2
138,130,3
138,131,13
138,132,6
138,134,3
138,135,3
138,136,2
138,137,4
138,139,2
138,140,45
138,141,13
138,142,10
138,143,2
138,144,37
138,145,118
138,146,17
138,147,1
138,148,4
138,149,3
138,150,6
138,151,3
138,152,117
138,153,11
138,154,3
138,155,77
138,156,9
138,157,1
138,158,7
138,159,23
138,160,3
138,161,2
138,162,29
138,163,1
138,164,3
138,165,1
138,166,6
138,167,5
138,169,1
138,170,22
138,171,1
138,172,1
138,174,2
138,175,8
138,179,11
138,180,15
138,181,5
138,182,5
138,183,2
138,184,1
138,185,1
138,186,5
138,187,11
138,188,4
138,190,2
138,191,1
138,192,2
138,193,2
138,194,1
139,1,3
139,2,2
139,5,2
139,7,2
139,8,2
139,9,3
139,10,2
139,12,11
139,14,1
139,21,3
139,23,1
139,24,5
139,25,8
139,26,1
139,29,5
139,31,2
139,32,2
139,33,2
139,34,5
139,36,1
139,38,3
139,44,5
139,45,6
139,46,1
139,48,1
139,49,9
139,51,3
139,52,3
139,54,1
139,59,3
139,60,2
139,62,1
139,63,1
139,65,3
139,66,2
139,69,2
139,72,1
139,73,2
139,74,9
139,75,1
139,76,2
139,77,4
139,78,6
139,79,3
139,80,51
139,81,9
139,82,2
139,83,5
139,84,3
139,86,2
139,87,2
139,88,1
139,89,2
139,91,5
139,92,1
139,93,1
139,94,6
139,96,6
139,97,34
139,98,6
139,101,2
139,102,3
139,104,2
139,105,7
139,107,1
139,110,4
139,111,8
139,112,1
139,113,1
139,116,1
139,119,2
139,124,1
139,125,2
139,126,2
139,127,3
139,128,4
139,130,4
139,131,6
139,132,4
139,133,4
139,136,1
139,137,1
139,138,2
139,140,19
139,141,17
139,142,19
139,143,1
139,144,20
139,145,79
139,146,10
139,147,1
139,148,4
139,149,12
139,150,2
139,151,1
139,152,45
139,153,3
139,154,1
139,155,65
139,156,23
139,157,2
139,158,10
139,159,22
139,160,3
139,162,10
139,163,4
139,164,3
139,165,6
139,168,1
139,169,2
139,170,6
139,171,1
139,172,2
139,173,2
139,174,1
139,176,3
139,177,1
139,179,4
139,180,19
139,181,1
139,182,6
139,183,3
139,186,4
139,187,3
139,188,4
139,189,4
139,190,9
139,192,3
139,193,1
139,194,7
140,5,1
140,8,5
140,9,2
140,14,1
140,18,2
140,21,2
140,22,1
140,24,1
140,25,1
140,26,1
140,29,1
140,30,1
140,31,1
140,32,5
140,34,5
140,36,4
140,39,2
140,40,1
140,42,1
140,43,1
140,47,1
140,49,5
140,52,2
140,53,1
140,54,1
140,55,3
140,56,1
140,59,1
140,60,5
140,61,1
140,71,1
140,72,2
140,73,1
140,76,2
140,78,9
140,80,29
140,81,1
140,82,10
140,86,1
140,92,1
140,94,4
140,96,4
140,97,6
140,100,2
140,101,1
140,102,1
140,103,2
140,106,1
140,107,2
140,108,6
140,111,2
140,114,1
140,115,2
140,116,4
140,121,1
140,126,1
140,128,5
140,130,2
140,131,1
140,132,3
140,134,1
140,137,1
140,141,48
140,142,1
140,144,34
140,145,232
140,146,9
140,148,13
140,149,2
140,152,105
140,153,6
140,154,2
140,155,45
140,156,23
140,157,2
140,158,2
140,159,24
140,162,35
140,164,2
140,165,2
140,166,1
140,168,2
140,169,1
140,170,4
140,171,1
140,173,1
140,175,1
140,176,2
140,179,4
140,180,3
140,181,2
140,182,6
140,183,1
140,185,2
140,188,2
140,189,1
140,192,1
140,194,2
141,1,1
141,3,1
141,7,1
141,8,7
141,12,2
141,13,2
141,21,2
141,22,2
141,24,2
141,26,2
141,27,2
141,29,3
141,30,2
141,31,2
141,32,2
141,33,1
141,34,6
141,36,9
141,42,1
141,49,13
141,50,1
141,51,4
141,52,3
141,53,2
141,57,3
141,58,1
141,60,1
141,69,1
141,70,1
141,72,3
141,74,4
141,75,3
141,76,3
141,77,2
141,78,11
141,79,5
141,80,88
141,81,12
141,82,28
141,83,1
141,86,1
141,87,1
141,89,5
141,92,5
141,94,2
141,96,5
141,97,4
141,98,1
141,99,2
141,102,1
141,104,1
141,105,3
141,107,3
141,108,4
141,110,1
141,111,1
141,112,2
141,113,3
141,115,2
141,116,1
141,117,2
141,118,1
141,119,1
141,120,2
141,121,1
141,122,1
141,124,2
141,126,2
141,127,1
141,128,1
141,129,1
141,130,1
141,131,4
141,132,1
141,136,2
141,137,1
141,140,41
141,142,5
141,143,3
141,144,59
141,145,357
141,146,8
141,147,1
141,148,6
141,149,3
141,150,2
141,151,1
141,152,155
141,153,8
141,154,5
141,155,79
141,156,29
141,158,5
141,159,20
141,162,55
141,163,1
141,164,1
141,165,5
141,166,2
141,168,1
141,169,5
141,170,6
141,171,2
141,173,3
141,175,4
141,176,2
141,177,3
141,179,4
141,180,14
141,181,1
141,182,3
141,183,3
141,185,1
141,186,2
141,188,1
141,192,1
141,194,1
142,1,1
142,2,1
142,8,8
142,9,2
142,12,6
142,17,4
142,23,1
142,31,1
142,32,1
142,34,9
142,35,3
142,43,3
142,44,1
142,49,30
142,51,3
142,52,16
142,54,1
142,58,1
142,60,1
142,63,1
142,64,2
142,67,2
142,68,1
142,69,2
142,71,1
142,74,5
142,75,2
142,76,1
142,77,1
142,78,6
142,80,113
142,81,9
142,82,40
142,83,2
142,84,6
142,88,4
142,89,1
142,92,2
142,94,3
142,96,3
142,97,20
142,102,3
142,104,3
142,107,2
142,108,7
142,109,1
142,110,2
142,111,4
142,113,1
142,115,1
142,116,1
142,117,1
142,118,1
142,119,1
142,122,3
142,126,6
142,127,2
142,128,2
142,129,3
142,130,3
142,131,3
142,132,3
142,133,1
142,136,1
142,137,1
142,140,59
142,141,80
142,143,5
142,144,105
142,145,367
142,146,10
142,147,5
142,148,3
142,151,1
142,152,201
142,153,18
142,154,6
142,155,79
142,156,25
142,158,2
142,159,28
142,160,3
142,161,3
142,162,43
142,165,1
142,167,1
142,168,1
142,170,7
142,171,3
142,172,1
142,175,1
142,177,2
142,178,1
142,179,2
142,180,3
142,181,1
142,182,7
142,185,1
142,186,3
142,190,2
142,191,1
142,192,6
142,193,2
143,8,5
143,12,9
143,14,1
143,15,1
143,21,1
143,26,2
143,28,1
143,29,1
143,31,1
143,32,2
143,34,2
143,35,2
143,36,1
143,38,1
143,42,1
143,46,1
143,49,16
143,50,1
143,51,4
143,52,4
143,56,1
143,60,1
143,61,1
143,64,1
143,71,1
143,74,4
143,77,3
143,78,8
143,80,42
143,81,3
143,82,28
143,84,3
143,87,4
143,89,1
143,92,1
143,94,1
143,96,1
143,97,10
143,98,2
143,105,2
143,107,2
143,110,2
143,112,1
143,114,1
143,115,3
143,121,1
143,125,1
143,127,1
143,130,4
143,131,3
143,132,1
143,135,1
143,137,1
143,140,11
143,141,53
143,142,26
143,144,32
143,145,150
143,146,4
143,147,1
143,148,6
143,149,2
143,151,1
143,152,59
143,153,6
143,155,50
143,156,10
143,158,1
143,159,6
143,161,1
143,162,21
143,163,3
143,166,1
143,167,1
143,169,2
143,170,3
143,171,3
143,174,1
143,179,1
143,180,2
143,181,1
143,182,2
143,186,1
143,189,1
143,192,2
144,1,2
144,2,4
144,4,1
144,7,1
144,8,22
144,9,3
144,11,2
144,12,28
144,14,2
144,17,3
144,18,1
144,19,7
144,21,9
144,22,2
144,24,2
144,25,8
144,26,2
144,27,2
144,28,1
144,29,4
144,30,1
144,31,11
144,32,14
144,33,4
144,34,29
144,35,11
144,36,2
144,37,1
144,39,1
144,41,2
144,42,1
144,43,5
144,44,3
144,46,2
144,49,136
144,50,1
144,51,1
144,52,12
144,53,3
144,54,10
144,55,1
144,56,1
144,58,2
144,61,13
144,62,5
144,63,3
144,64,2
144,65,3
144,68,5
144,69,2
144,70,6
144,71,6
144,72,4
144,73,4
144,74,7
144,75,2
144,76,9
144,77,10
144,78,42
144,79,5
144,80,456
144,81,29
144,82,60
144,83,15
144,85,3
144,86,2
144,87,5
144,88,1
144,89,6
144,90,2
144,92,4
144,94,11
144,95,1
144,96,2
144,97,22
144,98,9
144,99,5
144,100,2
144,101,2
144,102,6
144,103,4
144,104,9
144,106,4
144,107,11
144,108,8
144,109,2
144,110,4
144,111,17
144,112,4
144,114,2
144,115,6
144,116,10
144,118,3
144,120,2
144,122,2
144,123,1
144,126,13
144,127,16
144,128,9
144,129,1
144,130,4
144,131,19
144,132,13
144,134,2
144,135,10
144,136,3
144,137,1
144,138,3
144,140,201
144,141,391
144,142,36
144,143,4
144,145,1346
144,146,43
144,147,3
144,148,22
144,149,12
144,150,5
144,151,21
144,152,644
144,153,47
144,154,10
144,155,274
144,156,54
144,157,5
144,158,5
144,159,116
144,160,6
144,161,2
144,162,194
144,163,12
144,164,8
144,165,9
144,166,11
144,167,7
144,168,5
144,169,4
144,170,35
144,171,10
144,172,3
144,173,3
144,174,1
144,175,12
144,176,5
144,177,10
144,178,2
144,179,12
144,180,22
144,181,6
144,182,25
144,183,8
144,185,5
144,186,9
144,187,4
144,188,13
144,189,1
144,190,4
144,191,2
144,192,2
144,193,10
144,194,4
145,1,1
145,2,1
145,3,1
145,6,1
145,7,3
145,8,45
145,9,2
145,12,16
145,13,1
145,14,2
145,15,2
145,16,2
145,18,4
145,21,11
145,22,2
145,23,4
145,24,1
145,25,2
145,26,2
145,27,5
145,30,2
145,31,4
145,32,2
145,33,4
145,34,24
145,35,10
145,36,11
145,37,2
145,38,2
145,42,1
145,43,6
145,44,2
145,45,1
145,46,1
145,49,39
145,50,1
145,51,8
145,52,46
145,53,7
145,54,1
145,55,8
145,58,1
145,60,4
145,61,3
145,63,2
145,64,6
145,65,2
145,66,4
145,68,5
145,69,2
145,70,2
145,72,4
145,74,9
145,75,5
145,76,4
145,77,10
145,78,30
145,79,6
145,80,213
145,81,18
145,82,71
145,83,1
145,84,5
145,86,4
145,87,1
145,88,2
145,89,2
145,90,1
145,92,5
145,93,1
145,94,18
145,95,5
145,96,3
145,97,25
145,98,1
145,100,1
145,101,10
145,102,3
145,103,2
145,104,2
145,105,1
145,106,8
145,107,4
145,108,5
145,109,2
145,110,6
145,111,15
145,112,4
145,113,2
145,114,2
145,115,5
145,116,11
145,117,14
145,118,8
145,119,2
145,121,6
145,122,1
145,126,9
145,127,4
145,128,7
145,129,11
145,130,9
145,131,14
145,132,4
145,134,1
145,135,3
145,136,5
145,137,3
145,138,2
145,139,1
145,140,204
145,141,333
145,142,42
145,143,7
145,144,231
145,146,39
145,147,18
145,148,26
145,149,18
145,150,7
145,151,12
145,152,1104
145,153,79
145,154,11
145,155,294
145,156,73
145,157,7
145,159,115
145,160,2
145,162,333
145,163,9
145,164,7
145,165,8
145,166,6
145,167,5
145,168,1
145,169,2
145,170,32
145,171,4
145,175,3
145,176,9
145,177,7
145,179,25
145,180,21
145,181,14
145,182,22
145,183,5
145,184,3
145,185,3
145,186,6
145,187,5
145,188,19
145,189,2
145,191,4
145,192,6
145,193,9
145,194,6
146,1,1
146,2,4
146,3,1
146,5,2
146,7,1
146,8,7
146,12,3
146,15,4
146,17,1
146,19,2
146,23,2
146,25,3
146,26,2
146,27,6
146,29,1
146,31,2
146,32,3
146,34,7
146,35,1
146,36,2
146,37,1
146,38,1
146,43,1
146,44,3
146,47,2
146,49,8
146,52,10
146,53,2
146,54,2
146,55,1
146,56,2
146,57,1
146,58,1
146,60,2
146,61,1
146,65,1
146,66,3
146,68,1
146,69,1
146,70,1
146,71,1
146,72,3
146,73,2
146,74,7
146,75,3
146,76,2
146,77,5
146,78,15
146,79,3
146,80,71
146,81,11
146,82,14
146,85,1
146,86,2
146,87,1
146,89,1
146,92,8
146,93,1
146,94,5
146,95,1
146,96,4
146,97,9
146,98,2
146,99,2
146,101,3
146,102,1
146,103,1
146,104,1
146,107,4
146,108,2
146,109,3
146,111,2
146,112,4
146,114,8
146,115,1
146,116,2
146,117,1
146,119,7
146,122,2
146,125,1
146,126,1
146,127,11
146,128,4
146,130,2
146,131,11
146,132,1
146,135,4
146,137,6
146,139,1
146,140,31
146,141,32
146,142,9
146,143,1
146,144,22
146,145,328
146,147,18
146,148,27
146,149,6
146,150,5
146,151,5
146,152,186
146,153,16
146,154,7
146,155,74
146,156,11
146,157,2
146,158,4
146,159,73
146,160,4
146,162,69
146,163,16
146,164,5
146,165,1
146,166,6
146,167,5
146,169,1
146,170,18
146,175,1
146,176,3
146,177,2
146,179,5
146,180,14
146,181,12
146,182,8
146,183,6
146,185,3
146,187,1
146,188,4
146,191,1
146,193,1
146,194,2
147,4,3
147,5,1
147,7,1
147,8,1
147,12,8
147,14,3
147,18,1
147,19,4
147,21,2
147,23,1
147,25,1
147,26,2
147,27,4
147,28,1
147,31,5
147,32,1
147,34,9
147,35,4
147,36,2
147,38,1
147,40,1
147,43,2
147,45,1
147,47,2
147,49,9
147,51,4
147,52,15
147,53,4
147,54,3
147,55,2
147,56,3
147,59,1
147,60,3
147,66,1
147,68,2
147,70,1
147,72,1
147,73,7
147,74,10
147,75,2
147,76,5
147,77,6
147,78,16
147,79,1
147,80,64
147,81,7
147,82,7
147,83,2
147,85,2
147,87,1
147,89,5
147,92,1
147,94,11
147,96,3
147,97,6
147,98,4
147,101,5
147,102,1
147,103,1
147,104,1
147,106,1
147,107,10
147,108,2
147,109,3
147,110,1
147,111,4
147,112,3
147,114,2
147,115,2
147,118,1
147,119,6
147,120,1
147,121,2
147,124,2
147,126,4
147,127,5
147,128,1
147,129,2
147,130,2
147,131,10
147,132,2
147,134,1
147,135,4
147,137,2
147,138,1
147,139,1
147,140,33
147,141,55
147,142,12
147,143,4
147,144,53
147,145,414
147,146,27
147,148,27
147,149,18
147,151,4
147,152,242
147,153,25
147,154,1
147,155,75
147,156,17
147,158,2
147,159,52
147,160,1
147,161,1
147,162,114
147,163,12
147,164,8
147,165,1
147,166,5
147,167,3
147,169,1
147,170,10
147,171,3
147,172,1
147,174,1
147,175,4
147,176,3
147,177,3
147,178,2
147,179,14
147,180,7
147,181,1
147,182,2
147,183,1
147,186,1
147,187,2
147,188,6
147,190,2
147,191,2
147,192,3
147,193,1
148,5,4
148,8,1
148,12,11
148,13,1
148,14,3
148,17,2
148,18,4
148,19,4
148,21,2
148,22,3
148,24,1
148,25,2
148,27,1
148,29,1
148,30,6
148,31,3
148,32,1
148,33,4
148,34,9
148,35,5
148,38,1
148,43,1
148,44,3
148,45,2
148,47,1
148,49,8
148,51,3
148,52,13
148,53,1
148,54,5
148,55,3
148,58,1
148,59,4
148,60,2
148,64,2
148,68,3
148,70,1
148,71,1
148,72,5
148,74,7
148,75,1
148,76,4
148,77,3
148,78,16
148,79,5
148,80,48
148,81,7
148,82,16
148,83,1
148,84,1
148,86,1
148,87,1
148,88,1
148,89,8
148,94,5
148,96,1
148,97,13
148,98,1
148,99,3
148,100,2
148,101,4
148,102,10
148,105,1
148,106,1
148,107,6
148,109,2
148,111,4
148,112,1
148,113,1
148,114,2
148,115,4
148,116,3
148,118,1
148,119,2
148,120,1
148,121,4
148,124,2
148,126,1
148,127,5
148,129,2
148,130,10
148,131,1
148,132,2
148,135,3
148,136,3
148,137,3
148,140,34
148,141,32
148,142,6
148,143,4
148,144,50
148,145,259
148,146,37
148,147,15
148,149,52
148,150,6
148,151,14
148,152,171
148,153,24
148,154,4
148,155,67
148,156,17
148,157,1
148,158,5
148,159,95
148,160,1
148,162,65
148,163,16
148,164,16
148,165,8
148,166,5
148,167,11
148,169,1
148,170,14
148,171,3
148,173,3
148,175,7
148,179,4
148,180,25
148,181,13
148,182,6
148,183,8
148,184,1
148,185,1
148,187,1
148,190,1
148,193,4
148,194,2
149,1,5
149,2,1
149,4,2
149,8,6
149,9,3
149,11,3
149,12,10
149,13,5
149,14,10
149,15,2
149,17,2
149,18,2
149,19,3
149,21,2
149,22,2
149,23,1
149,25,5
149,26,1
149,27,12
149,28,2
149,29,2
149,30,4
149,31,6
149,32,9
149,33,1
149,34,3
149,35,4
149,36,3
149,38,1
149,40,4
149,43,2
149,49,8
149,51,6
149,52,15
149,53,6
149,54,5
149,55,5
149,57,1
149,58,2
149,59,4
149,60,6
149,61,1
149,62,3
149,63,2
149,64,4
149,65,3
149,67,2
149,68,7
149,69,6
149,70,2
149,71,3
149,72,1
149,74,12
149,76,8
149,77,8
149,78,19
149,79,2
149,80,69
149,81,4
149,82,12
149,85,1
149,87,2
149,88,1
149,89,15
149,90,2
149,92,6
149,93,1
149,94,17
149,96,8
149,97,19
149,98,3
149,99,1
149,101,1
149,102,4
149,103,3
149,104,2
149,106,1
149,107,13
149,108,2
149,109,3
149,110,6
149,111,14
149,112,1
149,113,1
149,114,3
149,115,2
149,116,5
149,117,1
149,119,3
149,120,2
149,122,1
149,124,2
149,125,1
149,126,3
149,127,9
149,128,1
149,129,2
149,130,7
149,131,17
149,132,4
149,134,1
149,135,8
149,137,1
149,138,1
149,140,45
149,141,46
149,142,13
149,144,20
149,145,238
149,146,51
149,147,13
149,148,38
149,150,8
149,151,43
149,152,144
149,153,48
149,154,1
149,155,68
149,156,12
149,157,2
149,158,13
149,159,156
149,160,1
149,162,49
149,163,15
149,164,8
149,165,12
149,166,10
149,167,16
149,169,1
149,170,21
149,173,1
149,175,8
149,176,4
149,177,2
149,178,1
149,179,15
149,180,23
149,181,13
149,182,21
149,183,10
149,184,3
149,185,8
149,186,4
149,187,8
149,188,4
149,189,1
149,190,2
149,191,1
149,192,3
149,193,3
149,194,2
150,3,1
150,9,1
150,12,6
150,14,1
150,15,1
150,17,4
150,19,1
150,21,2
150,22,2
150,23,2
150,24,2
150,25,3
150,27,2
150,29,1
150,31,4
150,32,8
150,33,2
150,34,11
150,35,3
150,36,3
150,38,1
150,39,2
150,42,4
150,44,2
150,47,1
150,49,6
150,52,14
150,53,1
150,55,8
150,56,2
150,57,1
150,58,1
150,60,2
150,62,1
150,63,3
150,64,1
150,66,1
150,67,1
150,71,3
150,72,6
150,73,2
150,74,1
150,76,3
150,77,4
150,78,17
150,79,1
150,80,40
150,81,7
150,82,10
150,83,4
150,84,1
150,87,1
150,89,1
150,91,1
150,92,5
150,94,4
150,96,1
150,97,13
150,98,2
150,101,2
150,102,1
150,104,2
150,105,1
150,107,1
150,108,5
150,109,5
150,110,2
150,111,3
150,112,2
150,114,1
150,115,1
150,116,1
150,119,1
150,120,4
150,121,1
150,126,1
150,127,4
150,129,3
150,130,4
150,131,7
150,132,4
150,134,1
150,135,1
150,136,3
150,138,2
150,140,18
150,141,38
150,142,5
150,144,31
150,145,327
150,146,19
150,147,5
150,148,3
150,149,11
150,151,6
150,152,215
150,153,30
150,154,16
150,155,42
150,156,29
150,159,61
150,161,3
150,162,64
150,163,13
150,164,7
150,165,10
150,166,11
150,167,12
150,169,1
150,170,17
150,171,4
150,173,2
150,175,4
150,177,4
150,179,10
150,180,11
150,181,1
150,182,4
150,185,4
150,186,3
150,193,5
151,5,1
151,8,8
151,9,2
151,12,3
151,13,1
151,15,1
151,18,2
151,21,8
151,23,5
151,24,1
151,26,1
151,27,3
151,28,1
151,29,1
151,30,4
151,32,3
151,34,9
151,36,3
151,45,1
151,46,1
151,47,1
151,48,1
151,49,6
151,52,1
151,53,2
151,54,1
151,55,5
151,60,1
151,64,1
151,66,1
151,67,1
151,68,1
151,69,2
151,73,3
151,74,1
151,77,3
151,78,8
151,79,4
151,80,21
151,81,3
151,82,7
151,85,1
151,87,1
151,91,2
151,92,1
151,94,7
151,96,8
151,97,3
151,98,7
151,99,2
151,100,1
151,101,4
151,102,3
151,103,1
151,104,2
151,105,6
151,106,5
151,107,10
151,108,1
151,110,1
151,111,8
151,112,2
151,116,3
151,117,3
151,118,1
151,121,3
151,126,1
151,127,8
151,128,4
151,131,5
151,132,2
151,135,8
151,136,2
151,137,1
151,140,21
151,141,14
151,142,8
151,143,5
151,144,15
151,145,122
151,146,25
151,147,7
151,148,10
151,149,35
151,150,7
151,152,114
151,153,29
151,154,2
151,155,62
151,156,11
151,158,5
151,159,71
151,161,4
151,162,41
151,164,6
151,165,7
151,166,13
151,167,4
151,169,2
151,170,12
151,171,1
151,173,1
151,174,1
151,176,3
151,177,4
151,179,8
151,180,13
151,181,5
151,182,12
151,183,1
151,184,1
151,185,4
151,186,3
151,187,1
151,188,3
152,6,1
152,7,1
152,8,3
152,9,1
152,12,2
152,13,1
152,19,1
152,23,1
152,25,2
152,31,4
152,32,2
152,34,4
152,35,1
152,36,5
152,38,3
152,39,3
152,44,2
152,49,7
152,51,3
152,52,4
152,53,2
152,54,4
152,55,1
152,58,2
152,60,1
152,61,1
152,65,1
152,66,1
152,68,1
152,70,1
152,72,3
152,73,5
152,74,7
152,75,2
152,76,1
152,77,3
152,78,8
152,80,42
152,81,5
152,82,11
152,83,2
152,85,2
152,87,1
152,89,2
152,92,1
152,94,8
152,97,16
152,99,2
152,101,6
152,106,1
152,107,5
152,111,5
152,112,2
152,113,1
152,114,1
152,115,4
152,116,4
152,118,2
152,119,1
152,121,2
152,126,2
152,127,8
152,128,2
152,130,1
152,131,2
152,132,2
152,134,2
152,135,2
152,136,1
152,137,11
152,140,25
152,141,19
152,142,5
152,143,1
152,144,22
152,145,157
152,146,18
152,147,5
152,148,21
152,149,12
152,150,8
152,151,1
152,153,18
152,154,9
152,155,66
152,156,19
152,158,3
152,159,34
152,160,2
152,162,32
152,163,2
152,164,9
152,165,2
152,167,6
152,168,1
152,170,12
152,171,1
152,172,2
152,174,1
152,176,1
152,177,1
152,179,19
152,180,12
152,181,13
152,182,2
152,184,2
152,185,2
152,186,3
152,188,8
152,191,1
152,192,3
153,5,1
153,8,1
153,9,2
153,12,1
153,13,2
153,16,1
153,17,3
153,22,3
153,27,1
153,29,2
153,30,1
153,34,6
153,36,2
153,40,4
153,43,1
153,44,2
153,49,1
153,51,3
153,52,1
153,53,4
153,54,2
153,59,1
153,60,1
153,62,2
153,68,5
153,69,3
153,71,1
153,73,3
153,74,3
153,75,7
153,78,7
153,80,13
153,81,3
153,82,4
153,84,1
153,85,2
153,86,1
153,87,1
153,89,2
153,90,1
153,92,3
153,93,1
153,94,4
153,95,1
153,97,7
153,100,1
153,102,4
153,104,1
153,111,2
153,112,3
153,114,4
153,115,1
153,117,1
153,118,1
153,121,2
153,127,1
153,128,2
153,131,4
153,132,4
153,135,2
153,139,1
153,140,23
153,141,6
153,142,6
153,144,11
153,145,54
153,146,5
153,147,4
153,148,6
153,149,21
153,150,4
153,151,27
153,152,42
153,154,5
153,155,21
153,156,1
153,157,1
153,158,5
153,159,51
153,162,9
153,163,1
153,164,4
153,165,4
153,166,6
153,167,7
153,170,3
153,171,1
153,175,2
153,176,1
153,179,4
153,180,7
153,181,3
153,182,5
153,183,1
153,186,1
153,187,1
153,191,2
153,194,1
154,8,2
154,9,3
154,10,1
154,12,2
154,15,1
154,17,1
154,19,1
154,27,4
154,28,1
154,29,2
154,31,3
154,32,2
154,33,4
154,34,7
154,35,1
154,36,2
154,38,2
154,40,1
154,45,1
154,49,6
154,50,1
154,52,4
154,53,5
154,60,1
154,68,1
154,70,1
154,71,4
154,72,3
154,73,7
154,74,15
154,75,1
154,76,3
154,77,2
154,78,13
154,80,46
154,81,1
154,82,12
154,83,2
154,88,2
154,94,4
154,97,6
154,106,2
154,107,3
154,110,1
154,111,8
154,115,1
154,116,7
154,117,5
154,118,1
154,119,5
154,120,1
154,127,2
154,129,1
154,130,1
154,131,3
154,132,1
154,135,1
154,136,1
154,137,4
154,140,35
154,141,42
154,142,8
154,144,27
154,145,309
154,146,19
154,147,7
154,148,8
154,149,12
154,150,8
154,152,284
154,153,24
154,155,121
154,156,12
154,158,1
154,159,29
154,160,1
154,162,63
154,163,5
154,164,8
154,165,6
154,166,6
154,167,1
154,168,1
154,170,22
154,171,3
154,173,2
154,175,1
154,177,5
154,178,1
154,179,26
154,180,7
154,181,15
154,182,11
154,184,1
154,186,4
154,187,2
154,189,1
154,190,1
154,192,2
154,193,2
155,5,4
155,7,2
155,8,10
155,9,2
155,10,2
155,11,2
155,12,27
155,17,4
155,18,3
155,19,1
155,20,1
155,21,7
155,22,5
155,23,2
155,26,1
155,27,4
155,29,2
155,30,2
155,31,5
155,32,8
155,33,9
155,34,24
155,35,7
155,36,7
155,38,5
155,39,3
155,41,1
155,43,9
155,44,3
155,45,4
155,47,1
155,49,19
155,50,2
155,51,4
155,52,7
155,53,1
155,54,2
155,55,9
155,57,3
155,58,2
155,60,3
155,61,4
155,62,3
155,63,1
155,64,7
155,66,4
155,67,1
155,68,4
155,69,4
155,70,2
155,71,1
155,72,3
155,73,10
155,74,15
155,75,3
155,76,7
155,77,7
155,78,49
155,79,16
155,80,179
155,81,36
155,82,37
155,83,4
155,84,2
155,85,3
155,86,1
155,87,10
155,88,5
155,89,6
155,91,2
155,92,5
155,93,3
155,94,17
155,96,8
155,97,32
155,98,4
155,101,6
155,102,8
155,104,5
155,105,3
155,106,8
155,107,7
155,108,8
155,109,3
155,110,5
155,111,22
155,112,4
155,113,1
155,114,8
155,115,4
155,116,16
155,117,2
155,118,15
155,119,3
155,120,1
155,121,11
155,126,12
155,127,13
155,128,12
155,129,1
155,130,16
155,131,19
155,132,16
155,134,2
155,135,5
155,136,5
155,137,14
155,138,1
155,139,2
155,140,134
155,141,129
155,142,22
155,143,10
155,144,109
155,145,812
155,146,36
155,147,9
155,148,20
155,149,13
155,150,13
155,151,6
155,152,435
155,153,33
155,154,8
155,156,81
155,157,5
155,158,5
155,159,95
155,160,9
155,161,2
155,162,111
155,163,10
155,164,13
155,165,9
155,166,28
155,167,22
155,168,17
155,169,24
155,170,54
155,171,5
155,172,5
155,175,7
155,176,6
155,177,3
155,178,1
155,179,28
155,180,43
155,181,25
155,182,33
155,183,26
155,184,3
155,185,4
155,186,6
155,187,11
155,188,3
155,189,1
155,191,1
155,192,5
155,193,10
155,194,6
156,2,1
156,5,2
156,6,2
156,8,5
156,9,1
156,12,8
156,13,2
156,14,2
156,17,1
156,21,2
156,22,3
156,25,2
156,26,1
156,27,2
156,28,1
156,29,2
156,31,13
156,32,3
156,33,3
156,34,10
156,36,10
156,37,1
156,38,3
156,41,3
156,44,5
156,47,1
156,48,1
156,49,18
156,52,11
156,53,8
156,54,1
156,56,3
156,58,5
156,60,1
156,61,2
156,62,2
156,65,3
156,68,1
156,69,1
156,70,3
156,72,9
156,73,3
156,74,4
156,75,1
156,76,4
156,77,3
156,78,24
156,79,3
156,80,91
156,81,5
156,82,59
156,83,3
156,84,1
156,85,2
156,87,4
156,89,1
156,92,1
156,94,7
156,95,1
156,96,4
156,97,34
156,98,3
156,100,1
156,102,2
156,105,2
156,107,1
156,109,5
156,110,2
156,111,8
156,112,2
156,113,3
156,114,4
156,115,6
156,116,4
156,117,3
156,118,4
156,119,1
156,120,2
156,121,8
156,122,1
156,124,1
156,126,10
156,127,10
156,128,1
156,129,4
156,130,10
156,131,24
156,132,12
156,135,3
156,136,3
156,137,8
156,138,2
156,140,71
156,141,141
156,142,29
156,143,6
156,144,62
156,145,550
156,146,19
156,147,3
156,148,21
156,149,9
156,150,6
156,151,7
156,152,283
156,153,9
156,154,4
156,155,214
156,158,8
156,159,52
156,161,1
156,162,78
156,163,7
156,164,3
156,165,2
156,166,2
156,167,2
156,168,1
156,169,5
156,170,11
156,173,5
156,174,1
156,175,4
156,177,2
156,178,2
156,179,12
156,180,15
156,181,11
156,182,13
156,183,6
156,184,1
156,185,5
156,186,4
156,187,4
156,188,3
156,191,3
156,192,13
156,193,7
156,194,1
157,4,1
157,5,4
157,7,2
157,8,5
157,9,5
157,10,1
157,11,1
157,12,16
157,14,2
157,15,3
157,16,1
157,17,1
157,19,3
157,21,2
157,22,1
157,23,4
157,24,1
157,25,9
157,27,4
157,29,2
157,30,2
157,31,1
157,32,5
157,34,8
157,35,3
157,36,5
157,38,2
157,41,2
157,43,2
157,44,2
157,45,2
157,46,1
157,48,1
157,49,15
157,50,1
157,51,7
157,52,4
157,54,5
157,55,1
157,56,2
157,57,1
157,59,2
157,60,2
157,62,4
157,65,2
157,66,2
157,71,1
157,72,7
157,73,1
157,74,8
157,75,2
157,76,6
157,77,8
157,78,34
157,79,6
157,80,142
157,81,18
157,82,2
157,83,3
157,84,2
157,85,2
157,87,4
157,88,1
157,89,6
157,91,2
157,92,11
157,94,10
157,96,11
157,97,65
157,98,3
157,99,3
157,102,4
157,103,2
157,104,2
157,106,2
157,108,2
157,109,2
157,110,1
157,111,2
157,112,2
157,114,3
157,115,2
157,117,1
157,118,3
157,119,2
157,124,1
157,125,1
157,126,3
157,127,7
157,128,6
157,129,1
157,130,3
157,131,4
157,132,1
157,133,1
157,134,4
157,135,3
157,136,1
157,137,1
157,139,2
157,140,21
157,141,29
157,142,27
157,143,2
157,144,18
157,145,79
157,146,10
157,147,1
157,148,7
157,149,2
157,151,4
157,152,91
157,153,1
157,155,122
157,156,24
157,158,15
157,159,30
157,160,22
157,161,1
157,162,19
157,163,9
157,165,1
157,166,2
157,167,4
157,168,4
157,169,13
157,170,16
157,171,3
157,173,1
157,175,16
157,176,1
157,179,4
157,180,7
157,181,1
157,182,20
157,183,17
157,184,1
157,185,1
157,186,1
157,187,1
157,188,10
157,189,2
157,192,2
157,193,2
157,194,23
158,2,2
158,3,2
158,4,1
158,5,4
158,7,3
158,8,3
158,9,10
158,11,6
158,12,9
158,17,2
158,18,4
158,19,4
158,21,7
158,22,1
158,23,5
158,24,1
158,25,11
158,26,4
158,27,4
158,29,4
158,31,1
158,32,3
158,33,4
158,34,5
158,35,3
158,36,10
158,37,2
158,38,2
158,39,1
158,43,1
158,44,2
158,45,4
158,46,2
158,47,1
158,49,10
158,50,1
158,51,8
158,52,4
158,53,8
158,54,1
158,55,1
158,58,4
158,59,2
158,61,3
158,63,2
158,65,4
158,66,1
158,69,1
158,71,6
158,72,2
158,73,4
158,74,7
158,75,7
158,76,4
158,77,6
158,78,35
158,79,6
158,80,121
158,81,20
158,82,18
158,84,6
158,85,8
158,86,6
158,87,1
158,88,5
158,89,9
158,91,1
158,92,4
158,93,2
158,94,14
158,95,3
158,96,23
158,97,62
158,98,3
158,102,3
158,104,1
158,105,4
158,106,3
158,107,8
158,109,3
158,110,3
158,111,10
158,112,1
158,113,2
158,114,4
158,115,3
158,116,2
158,117,1
158,118,5
158,119,3
158,120,2
158,121,6
158,123,2
158,124,3
158,126,4
158,127,12
158,128,7
158,129,2
158,130,12
158,131,8
158,132,12
158,133,2
158,134,12
158,135,3
158,137,1
158,138,3
158,140,32
158,141,36
158,142,28
158,143,3
158,144,21
158,145,122
158,146,14
158,147,6
158,148,5
158,149,2
158,150,11
158,151,9
158,152,85
158,153,3
158,154,1
158,155,91
158,156,22
158,157,15
158,159,20
158,160,17
158,161,7
158,162,18
158,163,2
158,164,3
158,166,2
158,167,1
158,168,3
158,169,4
158,170,19
158,171,2
158,172,4
158,173,4
158,174,5
158,175,22
158,176,6
158,177,5
158,179,5
158,180,32
158,181,3
158,182,8
158,183,4
158,185,1
158,186,11
158,187,2
158,188,6
158,189,2
158,191,1
158,192,6
158,193,1
158,194,15
159,1,3
159,5,2
159,6,2
159,9,2
159,11,2
159,12,5
159,13,2
159,14,1
159,16,1
159,18,1
159,23,3
159,24,1
159,25,7
159,26,1
159,27,3
159,28,1
159,29,1
159,30,3
159,31,5
159,32,1
159,33,2
159,34,8
159,35,5
159,36,2
159,38,1
159,39,1
159,40,2
159,43,1
159,44,3
159,45,1
159,46,1
159,47,2
159,49,1
159,51,2
159,52,3
159,53,3
159,54,6
159,55,5
159,56,1
159,58,4
159,60,7
159,62,4
159,63,3
159,64,3
159,65,3
159,68,10
159,70,3
159,71,2
159,73,4
159,74,1
159,76,5
159,77,6
159,78,7
159,79,1
159,80,39
159,81,5
159,82,4
159,84,2
159,85,5
159,89,22
159,91,2
159,92,9
159,93,2
159,94,9
159,96,7
159,97,23
159,99,1
159,101,12
159,102,9
159,103,1
159,104,2
159,105,1
159,106,4
159,107,3
159,110,1
159,111,17
159,113,1
159,114,3
159,117,3
159,119,1
159,120,3
159,125,1
159,126,3
159,127,10
159,128,4
159,130,1
159,131,8
159,132,2
159,133,1
159,135,8
159,136,9
159,137,7
159,139,1
159,140,53
159,141,6
159,142,8
159,143,1
159,144,13
159,145,141
159,146,31
159,147,5
159,148,23
159,149,87
159,150,9
159,151,40
159,152,92
159,153,80
159,154,5
159,155,46
159,156,3
159,158,10
159,161,1
159,162,20
159,163,7
159,164,13
159,165,4
159,166,19
159,167,6
159,168,2
159,169,7
159,170,21
159,171,4
159,173,2
159,175,9
159,176,2
159,179,8
159,180,23
159,181,23
159,182,24
159,183,15
159,185,1
159,186,1
159,187,1
159,188,6
159,190,5
159,191,1
159,192,2
159,194,1
160,1,2
160,2,3
160,4,3
160,5,2
160,6,1
160,8,2
160,9,3
160,11,1
160,12,15
160,13,2
160,14,1
160,15,3
160,16,1
160,17,3
160,18,2
160,19,3
160,21,5
160,23,4
160,25,4
160,27,1
160,29,1
160,30,1
160,31,6
160,32,1
160,34,3
160,35,3
160,36,4
160,38,1
160,44,1
160,48,1
160,49,16
160,51,2
160,52,8
160,53,8
160,55,4
160,60,1
160,61,1
160,63,5
160,65,2
160,66,3
160,67,1
160,68,5
160,69,1
160,70,1
160,72,4
160,73,5
160,74,4
160,75,9
160,76,6
160,77,4
160,78,9
160,80,101
160,81,12
160,82,28
160,83,4
160,84,2
160,85,4
160,86,4
160,87,2
160,88,2
160,89,6
160,91,1
160,92,2
160,93,2
160,94,9
160,95,5
160,96,30
160,97,69
160,98,6
160,99,5
160,101,3
160,102,2
160,104,6
160,106,1
160,107,5
160,109,1
160,110,6
160,111,10
160,112,2
160,114,2
160,115,3
160,116,2
160,118,2
160,119,1
160,120,1
160,121,7
160,122,2
160,123,1
160,124,6
160,126,10
160,127,4
160,128,6
160,130,9
160,131,8
160,132,5
160,134,4
160,135,3
160,136,2
160,137,2
160,138,3
160,140,25
160,141,34
160,142,15
160,143,4
160,144,44
160,145,118
160,146,11
160,147,5
160,148,10
160,149,6
160,150,1
160,151,4
160,152,84
160,153,8
160,154,10
160,155,96
160,156,16
160,157,7
160,158,29
160,159,18
160,161,4
160,162,21
160,163,11
160,164,7
160,165,3
160,166,10
160,167,1
160,168,3
160,169,14
160,170,22
160,171,7
160,172,1
160,174,4
160,175,15
160,176,2
160,177,5
160,179,9
160,180,13
160,181,7
160,182,12
160,183,8
160,186,3
160,187,2
160,188,10
160,190,2
160,191,1
160,192,8
160,193,8
160,194,13
161,1,1
161,2,1
161,4,1
161,7,3
161,8,1
161,11,4
161,12,14
161,14,1
161,15,2
161,17,3
161,19,1
161,20,1
161,21,3
161,22,1
161,23,5
161,25,5
161,26,1
161,27,1
161,28,2
161,29,2
161,30,1
161,31,7
161,32,10
161,34,18
161,35,7
161,36,6
161,37,2
161,43,2
161,45,1
161,49,24
161,51,12
161,52,19
161,61,1
161,62,6
161,64,5
161,65,2
161,66,1
161,69,1
161,70,5
161,72,2
161,73,2
161,74,8
161,76,2
161,77,7
161,78,25
161,79,5
161,80,139
161,81,18
161,82,33
161,83,3
161,84,1
161,87,1
161,88,3
161,89,1
161,90,1
161,92,2
161,94,7
161,95,2
161,96,9
161,97,33
161,98,4
161,100,1
161,101,4
161,102,1
161,103,1
161,104,1
161,106,1
161,107,5
161,108,3
161,109,1
161,110,2
161,111,7
161,113,1
161,114,5
161,115,3
161,116,4
161,117,5
161,118,6
161,119,7
161,120,4
161,121,2
161,122,3
161,123,1
161,126,8
161,127,4
161,128,1
161,130,12
161,131,15
161,132,8
161,133,2
161,134,3
161,135,1
161,136,1
161,138,2
161,139,2
161,140,48
161,141,65
161,142,51
161,143,9
161,144,62
161,145,313
161,146,9
161,147,13
161,148,5
161,149,2
161,151,4
161,152,175
161,153,12
161,154,3
161,155,124
161,156,21
161,157,8
161,158,3
161,159,37
161,160,4
161,162,52
161,163,3
161,164,6
161,165,4
161,166,6
161,167,4
161,168,4
161,169,2
161,170,14
161,171,7
161,173,6
161,175,7
161,177,3
161,179,12
161,180,8
161,181,4
161,182,6
161,183,3
161,184,1
161,186,2
161,187,2
161,188,2
161,191,4
161,192,5
161,193,2
161,194,4
162,5,4
162,8,5
162,9,2
162,10,1
162,12,4
162,20,1
162,21,2
162,23,1
162,24,1
162,25,1
162,27,1
162,29,1
162,30,1
162,31,3
162,32,4
162,33,3
162,34,1
162,35,1
162,39,1
162,43,2
162,45,1
162,49,5
162,51,4
162,52,2
162,54,2
162,55,1
162,60,3
162,61,5
162,62,3
162,65,3
162,69,1
162,71,1
162,72,4
162,77,3
162,78,8
162,80,46
162,81,1
162,82,4
162,84,1
162,87,1
162,91,1
162,94,4
162,96,1
162,97,5
162,101,1
162,102,3
162,103,3
162,107,1
162,111,2
162,114,1
162,120,1
162,126,3
162,128,1
162,131,5
162,132,1
162,133,1
162,135,4
162,136,2
162,140,10
162,141,29
162,142,6
162,144,19
162,145,278
162,146,18
162,147,14
162,148,9
162,149,3
162,150,5
162,151,2
162,152,145
162,153,10
162,154,1
162,155,41
162,156,15
162,158,5
162,159,46
162,164,2
162,167,3
162,169,2
162,170,10
162,171,2
162,175,4
162,177,2
162,178,1
162,179,6
162,180,4
162,181,2
162,182,4
162,183,1
162,187,1
162,188,1
162,191,1
162,192,1
162,193,1
163,7,1
163,8,4
163,12,2
163,13,2
163,14,1
163,15,1
163,17,1
163,22,4
163,26,3
163,27,1
163,31,3
163,32,1
163,34,4
163,36,4
163,44,4
163,45,1
163,47,1
163,49,5
163,51,2
163,52,16
163,53,3
163,54,1
163,60,1
163,64,1
163,65,2
163,66,1
163,67,1
163,70,1
163,72,8
163,73,2
163,74,7
163,76,4
163,78,4
163,79,3
163,80,76
163,81,3
163,82,19
163,83,2
163,86,1
163,87,1
163,90,1
163,91,1
163,92,1
163,93,4
163,94,5
163,95,1
163,96,2
163,97,8
163,99,1
163,101,1
163,102,1
163,106,1
163,107,2
163,108,3
163,109,2
163,110,3
163,111,1
163,112,3
163,115,1
163,117,1
163,119,2
163,120,1
163,121,2
163,123,1
163,125,1
163,126,14
163,128,2
163,130,3
163,131,2
163,132,4
163,140,29
163,141,36
163,142,8
163,143,2
163,144,33
163,145,422
163,146,20
163,147,5
163,148,18
163,149,2
163,152,284
163,153,19
163,155,87
163,156,25
163,158,10
163,159,30
163,162,78
163,164,7
163,165,3
163,166,6
163,167,2
163,168,1
163,170,6
163,171,1
163,173,2
163,177,5
163,179,6
163,180,3
163,181,5
163,182,11
163,185,1
163,186,3
163,187,1
163,191,1
163,193,2
164,1,1
164,8,12
164,9,1
164,12,5
164,15,1
164,16,1
164,17,1
164,21,3
164,23,2
164,24,1
164,25,3
164,26,1
164,27,4
164,30,1
164,31,2
164,32,1
164,34,1
164,35,1
164,36,2
164,38,2
164,42,1
164,43,3
164,44,1
164,46,1
164,47,1
164,48,1
164,49,16
164,52,21
164,60,1
164,63,2
164,70,3
164,71,3
164,72,7
164,73,8
164,74,12
164,75,6
164,76,5
164,77,5
164,78,20
164,79,6
164,80,74
164,81,8
164,82,29
164,83,2
164,84,1
164,87,1
164,88,1
164,89,2
164,92,1
164,93,3
164,94,8
164,97,5
164,99,1
164,101,3
164,102,1
164,104,1
164,105,1
164,106,4
164,107,8
164,108,2
164,109,4
164,111,6
164,113,1
164,115,3
164,116,5
164,117,2
164,118,5
164,121,1
164,123,2
164,124,3
164,126,4
164,127,1
164,129,3
164,130,3
164,131,7
164,132,1
164,135,3
164,136,3
164,137,1
164,140,45
164,141,57
164,142,23
164,143,2
164,144,46
164,145,447
164,146,23
164,147,7
164,148,24
164,149,6
164,151,5
164,152,290
164,153,36
164,154,3
164,155,96
164,156,30
164,159,91
164,162,93
164,163,6
164,165,14
164,166,1
164,167,9
164,170,15
164,171,3
164,172,3
164,176,4
164,177,6
164,179,13
164,180,6
164,181,2
164,182,8
164,184,1
164,191,3
164,192,2
164,193,2
165,2,1
165,4,1
165,8,7
165,9,2
165,12,10
165,13,3
165,17,2
165,18,1
165,21,1
165,22,1
165,23,2
165,25,1
165,27,1
165,28,1
165,29,1
165,31,8
165,32,6
165,33,3
165,34,15
165,35,4
165,36,5
165,37,2
165,38,2
165,39,5
165,40,1
165,41,1
165,42,5
165,43,1
165,44,2
165,45,2
165,47,1
165,49,25
165,50,1
165,51,4
165,52,11
165,53,1
165,55,2
165,56,1
165,58,4
165,59,2
165,61,1
165,63,1
165,64,4
165,65,4
165,67,1
165,68,8
165,69,10
165,70,1
165,71,4
165,72,6
165,73,4
165,74,10
165,75,5
165,76,4
165,77,7
165,78,23
165,79,2
165,80,84
165,81,8
165,82,24
165,83,5
165,84,3
165,85,1
165,87,2
165,88,2
165,89,2
165,91,1
165,92,1
165,93,8
165,94,16
165,95,1
165,96,7
165,97,25
165,99,2
165,100,4
165,101,7
165,102,6
165,104,2
165,105,2
165,107,10
165,108,7
165,111,5
165,112,3
165,113,1
165,114,2
165,115,6
165,116,3
165,117,2
165,118,4
165,119,2
165,120,3
165,121,3
165,123,1
165,124,1
165,125,1
165,126,5
165,127,2
165,128,2
165,129,1
165,130,3
165,131,11
165,132,4
165,135,2
165,136,2
165,137,7
165,140,45
165,141,61
165,142,12
165,143,2
165,144,39
165,145,481
165,146,22
165,147,8
165,148,22
165,149,28
165,150,5
165,151,12
165,152,333
165,153,32
165,154,3
165,155,136
165,156,28
165,158,7
165,159,100
165,160,3
165,162,82
165,163,8
165,164,17
165,166,12
165,167,16
165,168,2
165,169,1
165,170,22
165,171,5
165,172,1
165,173,2
165,175,8
165,176,4
165,177,4
165,179,12
165,180,20
165,181,11
165,182,11
165,183,6
165,184,2
165,186,5
165,188,4
165,190,3
165,191,3
165,192,4
165,193,4
166,1,2
166,5,1
166,7,2
166,8,7
166,12,11
166,14,2
166,16,5
166,17,1
166,18,2
166,19,3
166,22,5
166,25,3
166,27,1
166,29,1
166,31,6
166,32,9
166,33,5
166,34,11
166,36,8
166,37,1
166,38,1
166,43,1
166,44,4
166,47,1
166,49,20
166,51,3
166,52,19
166,53,2
166,55,2
166,56,1
166,58,1
166,60,1
166,61,1
166,66,4
166,68,1
166,69,1
166,71,1
166,72,3
166,73,2
166,74,18
166,75,8
166,76,5
166,77,7
166,78,32
166,79,4
166,80,74
166,81,10
166,82,22
166,83,2
166,84,1
166,87,3
166,89,4
166,90,2
166,92,1
166,93,3
166,94,20
166,96,1
166,97,19
166,98,1
166,99,3
166,100,1
166,101,6
166,102,5
166,104,3
166,105,2
166,106,4
166,107,9
166,108,3
166,110,6
166,111,10
166,112,3
166,113,4
166,114,2
166,115,4
166,116,11
166,118,6
166,119,2
166,120,1
166,121,7
166,126,4
166,127,9
166,128,5
166,130,4
166,131,8
166,132,1
166,134,1
166,135,4
166,137,2
166,140,31
166,141,79
166,142,10
166,143,2
166,144,45
166,145,464
166,146,27
166,147,4
166,148,23
166,149,17
166,150,10
166,151,2
166,152,359
166,153,30
166,154,5
166,155,97
166,156,24
166,157,3
166,158,3
166,159,48
166,160,2
166,161,5
166,162,88
166,163,12
166,164,7
166,165,17
166,167,9
166,168,3
166,169,2
166,170,13
166,171,4
166,175,1
166,176,1
166,177,2
166,178,1
166,179,32
166,180,19
166,181,15
166,182,16
166,185,4
166,186,11
166,187,3
166,188,2
166,191,4
166,192,4
166,193,8
167,4,3
167,5,2
167,8,4
167,9,1
167,12,8
167,14,1
167,15,6
167,19,2
167,21,4
167,22,1
167,23,6
167,25,1
167,26,4
167,31,3
167,32,6
167,33,1
167,34,7
167,35,3
167,36,2
167,37,1
167,38,2
167,41,1
167,42,2
167,45,2
167,47,1
167,49,5
167,51,4
167,52,6
167,53,1
167,55,5
167,56,3
167,57,3
167,58,2
167,61,2
167,64,2
167,65,1
167,66,3
167,67,1
167,68,2
167,69,1
167,70,1
167,71,1
167,72,9
167,73,3
167,74,11
167,75,2
167,76,6
167,77,5
167,78,19
167,79,15
167,80,57
167,81,15
167,82,16
167,88,2
167,94,24
167,95,1
167,96,3
167,97,8
167,99,1
167,101,6
167,102,5
167,103,1
167,105,3
167,106,2
167,107,10
167,109,2
167,110,3
167,111,11
167,112,1
167,113,4
167,114,5
167,115,5
167,116,2
167,117,1
167,118,1
167,119,3
167,120,1
167,121,1
167,122,2
167,124,3
167,126,6
167,127,2
167,128,3
167,129,3
167,130,6
167,131,15
167,135,5
167,136,3
167,137,2
167,139,1
167,140,39
167,141,49
167,142,17
167,143,1
167,144,26
167,145,319
167,146,7
167,147,7
167,148,17
167,149,18
167,150,8
167,151,2
167,152,232
167,153,14
167,154,4
167,155,93
167,156,16
167,157,1
167,159,42
167,160,2
167,162,48
167,163,17
167,164,4
167,165,3
167,166,9
167,168,7
167,169,6
167,170,29
167,171,3
167,175,2
167,176,1
167,177,3
167,178,1
167,179,27
167,180,22
167,181,23
167,182,6
167,184,2
167,185,1
167,186,2
167,187,2
167,188,1
167,191,4
167,192,4
167,193,10
168,1,1
168,5,1
168,7,1
168,8,4
168,9,2
168,10,2
168,11,1
168,12,10
168,14,1
168,15,3
168,16,1
168,17,1
168,19,2
168,21,9
168,22,5
168,23,1
168,24,1
168,26,1
168,27,2
168,29,9
168,31,7
168,32,11
168,33,1
168,34,13
168,35,1
168,36,11
168,38,1
168,41,2
168,44,1
168,45,1
168,46,1
168,48,1
168,49,11
168,51,5
168,52,14
168,53,3
168,55,1
168,60,4
168,61,1
168,62,1
168,63,3
168,65,2
168,66,1
168,68,2
168,69,1
168,70,3
168,71,4
168,72,6
168,73,4
168,74,22
168,75,4
168,76,15
168,77,10
168,78,24
168,79,8
168,80,68
168,81,22
168,82,21
168,83,5
168,84,4
168,85,1
168,86,4
168,87,3
168,88,1
168,89,4
168,94,6
168,96,5
168,97,23
168,98,2
168,101,2
168,102,3
168,104,1
168,106,1
168,107,11
168,108,3
168,109,3
168,110,17
168,111,13
168,112,4
168,113,2
168,114,5
168,115,3
168,116,5
168,118,1
168,119,3
168,120,2
168,121,5
168,122,1
168,126,6
168,127,7
168,129,7
168,130,13
168,131,7
168,132,5
168,133,4
168,134,3
168,135,5
168,137,3
168,138,2
168,140,68
168,141,44
168,142,12
168,143,5
168,144,35
168,145,283
168,146,14
168,147,5
168,148,11
168,149,11
168,150,5
168,151,3
168,152,218
168,153,13
168,154,1
168,155,103
168,156,23
168,158,2
168,159,29
168,162,60
168,163,5
168,164,8
168,166,14
168,167,19
168,169,15
168,170,31
168,171,2
168,172,1
168,173,5
168,175,3
168,176,8
168,177,1
168,178,1
168,179,27
168,180,32
168,181,31
168,182,37
168,183,9
168,184,1
168,186,7
168,187,4
168,188,2
168,190,1
168,191,4
168,192,7
168,193,12
168,194,3
169,6,3
169,8,2
169,9,1
169,10,1
169,12,4
169,13,1
169,15,2
169,17,4
169,18,1
169,19,2
169,21,2
169,25,10
169,26,1
169,27,2
169,28,4
169,29,2
169,31,6
169,32,6
169,33,1
169,34,7
169,35,6
169,36,6
169,37,1
169,38,3
169,39,1
169,40,1
169,44,4
169,45,3
169,47,3
169,48,1
169,49,5
169,51,8
169,52,1
169,53,3
169,54,5
169,55,5
169,56,1
169,58,1
169,60,1
169,61,1
169,62,1
169,64,1
169,65,2
169,67,1
169,68,2
169,69,4
169,70,1
169,71,3
169,72,5
169,73,2
169,74,15
169,75,1
169,76,6
169,77,2
169,78,24
169,79,10
169,80,52
169,81,11
169,82,9
169,83,5
169,84,4
169,85,1
169,86,1
169,88,1
169,89,3
169,90,1
169,92,2
169,94,20
169,96,2
169,97,35
169,101,10
169,102,7
169,105,3
169,106,3
169,107,8
169,108,2
169,109,5
169,110,1
169,111,10
169,112,2
169,113,3
169,114,7
169,115,6
169,116,7
169,118,10
169,119,1
169,122,1
169,126,3
169,127,10
169,128,3
169,129,3
169,130,10
169,131,6
169,132,2
169,135,9
169,136,2
169,137,7
169,138,2
169,139,1
169,140,42
169,141,25
169,142,13
169,143,13
169,144,34
169,145,150
169,146,13
169,147,8
169,148,16
169,149,14
169,150,4
169,151,5
169,152,131
169,153,9
169,154,2
169,155,85
169,156,25
169,157,1
169,158,6
169,159,35
169,160,1
169,161,1
169,162,30
169,163,5
169,164,7
169,165,3
169,166,14
169,167,19
169,168,14
169,170,16
169,171,3
169,175,2
169,176,3
169,177,2
169,178,1
169,179,17
169,180,44
169,181,16
169,182,28
169,183,22
169,186,11
169,187,11
169,188,2
169,191,1
169,192,12
169,193,5
169,194,6
170,1,1
170,2,4
170,3,1
170,5,2
170,7,3
170,8,4
170,11,3
170,12,8
170,13,2
170,14,1
170,15,1
170,16,1
170,17,1
170,18,2
170,19,1
170,21,3
170,22,3
170,23,1
170,25,4
170,26,3
170,27,1
170,29,1
170,31,1
170,32,7
170,33,7
170,34,10
170,35,2
170,36,3
170,37,1
170,39,1
170,43,4
170,47,2
170,48,1
170,49,15
170,50,2
170,51,4
170,52,6
170,53,4
170,56,1
170,58,1
170,60,1
170,64,3
170,68,3
170,69,1
170,70,2
170,72,2
170,74,13
170,75,4
170,76,5
170,77,11
170,78,37
170,79,3
170,80,69
170,81,27
170,82,23
170,83,6
170,85,2
170,86,1
170,87,1
170,92,1
170,94,7
170,95,1
170,96,2
170,97,11
170,98,1
170,102,9
170,103,1
170,104,2
170,105,1
170,106,3
170,107,7
170,110,8
170,111,14
170,112,3
170,114,7
170,115,4
170,116,7
170,117,3
170,119,1
170,120,2
170,121,6
170,126,4
170,127,5
170,128,4
170,130,15
170,132,12
170,133,1
170,135,5
170,136,1
170,137,1
170,138,1
170,139,1
170,140,41
170,141,90
170,142,20
170,143,9
170,144,52
170,145,390
170,146,15
170,147,5
170,148,11
170,149,9
170,150,2
170,151,1
170,152,242
170,153,18
170,154,3
170,155,275
170,156,13
170,157,2
170,159,45
170,160,5
170,161,1
170,162,51
170,163,9
170,164,13
170,165,2
170,166,5
170,167,8
170,168,7
170,169,4
170,175,4
170,176,3
170,177,1
170,178,3
170,179,12
170,180,35
170,181,14
170,182,22
170,183,7
170,185,2
170,186,6
170,187,4
170,188,9
170,190,2
170,191,1
170,193,8
171,2,1
171,4,1
171,7,3
171,8,2
171,12,9
171,13,2
171,15,1
171,16,1
171,17,1
171,20,2
171,22,8
171,23,1
171,25,2
171,27,1
171,29,1
171,31,2
171,32,3
171,34,5
171,35,8
171,36,1
171,43,5
171,45,2
171,49,16
171,50,4
171,51,6
171,52,11
171,53,6
171,57,1
171,61,1
171,63,3
171,70,4
171,71,1
171,74,10
171,75,2
171,76,1
171,77,8
171,78,19
171,80,85
171,81,8
171,82,23
171,83,1
171,84,1
171,85,2
171,86,4
171,87,2
171,91,2
171,92,1
171,93,1
171,94,1
171,96,4
171,97,16
171,101,2
171,102,2
171,103,1
171,104,2
171,105,1
171,107,2
171,108,5
171,110,2
171,111,2
171,114,1
171,115,3
171,116,6
171,117,1
171,118,2
171,119,1
171,120,6
171,122,2
171,125,2
171,126,3
171,127,1
171,128,2
171,130,3
171,131,3
171,132,6
171,135,8
171,136,1
171,137,1
171,138,1
171,140,18
171,141,59
171,142,31
171,143,6
171,144,58
171,145,241
171,146,9
171,148,2
171,151,2
171,152,122
171,153,7
171,154,3
171,155,79
171,156,21
171,158,2
171,159,24
171,160,5
171,161,7
171,162,38
171,163,2
171,164,1
171,165,2
171,167,5
171,170,8
171,173,1
171,175,4
171,176,2
171,181,6
171,182,4
171,186,1
171,187,1
171,188,3
171,192,9
171,193,1
172,4,1
172,8,4
172,9,2
172,11,1
172,12,10
172,15,2
172,16,1
172,17,1
172,19,1
172,23,2
172,25,2
172,26,2
172,30,1
172,31,5
172,32,6
172,34,4
172,35,7
172,36,1
172,37,1
172,38,3
172,41,1
172,43,1
172,45,2
172,46,1
172,47,1
172,49,11
172,51,1
172,52,4
172,53,1
172,55,1
172,58,2
172,61,2
172,62,1
172,65,1
172,70,2
172,71,1
172,73,1
172,74,3
172,76,1
172,77,2
172,78,7
172,79,2
172,80,59
172,81,11
172,82,17
172,83,3
172,86,1
172,87,1
172,88,1
172,91,1
172,92,3
172,94,2
172,95,3
172,96,1
172,97,13
172,98,1
172,101,2
172,106,2
172,107,2
172,108,4
172,113,1
172,115,3
172,118,2
172,119,2
172,121,2
172,126,1
172,127,1
172,130,11
172,131,11
172,134,1
172,137,1
172,140,13
172,141,28
172,142,13
172,144,14
172,145,112
172,146,8
172,148,4
172,150,1
172,151,3
172,152,61
172,155,49
172,156,7
172,158,5
172,159,11
172,160,3
172,161,1
172,162,27
172,163,5
172,164,4
172,167,4
172,169,2
172,170,2
172,173,1
172,177,2
172,179,6
172,180,5
172,181,1
172,182,9
172,185,1
172,187,1
172,190,1
172,192,6
172,193,1
172,194,3
173,5,1
173,8,2
173,9,1
173,12,9
173,15,1
173,18,2
173,19,1
173,21,7
173,22,3
173,25,2
173,26,2
173,31,2
173,32,2
173,33,2
173,34,8
173,35,3
173,36,8
173,38,1
173,40,2
173,43,1
173,44,3
173,49,26
173,51,15
173,52,6
173,53,7
173,54,1
173,55,2
173,57,2
173,61,1
173,64,1
173,66,3
173,68,1
173,69,1
173,70,1
173,71,2
173,72,3
173,73,1
173,74,5
173,75,2
173,76,5
173,77,5
173,78,10
173,79,4
173,80,102
173,81,6
173,82,20
173,83,2
173,84,5
173,85,2
173,86,3
173,87,1
173,89,2
173,94,12
173,95,6
173,96,1
173,97,29
173,98,1
173,101,5
173,102,3
173,105,3
173,108,1
173,110,1
173,111,2
173,113,2
173,114,3
173,115,4
173,116,4
173,118,3
173,119,1
173,120,3
173,126,6
173,127,3
173,128,4
173,129,2
173,130,16
173,131,16
173,132,7
173,135,7
173,137,1
173,140,42
173,141,58
173,142,25
173,143,2
173,144,30
173,145,185
173,146,8
173,147,5
173,148,5
173,150,3
173,151,3
173,152,107
173,153,4
173,154,1
173,155,89
173,156,18
173,158,3
173,159,23
173,160,1
173,161,1
173,162,31
173,163,4
173,164,1
173,165,1
173,166,4
173,167,3
173,168,5
173,170,9
173,171,1
173,172,3
173,175,1
173,176,5
173,179,3
173,180,15
173,181,9
173,182,4
173,183,4
173,184,1
173,186,8
173,187,4
173,188,11
173,189,1
173,191,1
173,192,15
173,193,1
173,194,3
174,4,4
174,5,1
174,6,1
174,7,1
174,8,8
174,9,2
174,10,3
174,11,3
174,12,17
174,13,1
174,14,4
174,15,2
174,16,2
174,21,2
174,22,5
174,23,2
174,25,2
174,27,4
174,28,4
174,29,1
174,30,3
174,31,10
174,32,9
174,33,5
174,34,4
174,35,3
174,36,2
174,38,1
174,43,2
174,44,1
174,46,1
174,47,2
174,49,9
174,51,10
174,52,5
174,53,4
174,54,6
174,60,4
174,61,1
174,62,1
174,63,1
174,65,2
174,68,1
174,71,3
174,72,2
174,73,4
174,74,3
174,75,1
174,77,9
174,78,26
174,79,3
174,80,143
174,81,2
174,82,9
174,83,1
174,84,7
174,85,14
174,86,4
174,87,4
174,88,3
174,89,14
174,91,2
174,92,2
174,94,6
174,96,31
174,97,50
174,98,5
174,101,4
174,102,9
174,103,1
174,104,3
174,106,2
174,107,1
174,108,7
174,110,10
174,111,9
174,112,1
174,114,5
174,115,2
174,116,2
174,117,1
174,118,2
174,119,1
174,120,6
174,122,1
174,124,4
174,126,5
174,127,4
174,128,1
174,130,5
174,131,6
174,132,5
174,133,1
174,134,2
174,135,3
174,136,3
174,137,5
174,138,1
174,140,32
174,141,28
174,142,18
174,143,3
174,144,26
174,145,119
174,146,10
174,147,2
174,148,10
174,149,9
174,151,6
174,152,82
174,153,9
174,154,2
174,155,113
174,156,13
174,157,7
174,158,16
174,159,36
174,160,3
174,161,7
174,162,26
174,163,9
174,164,2
174,165,5
174,166,3
174,167,7
174,169,5
174,170,13
174,173,3
174,175,20
174,177,3
174,179,10
174,180,9
174,181,10
174,182,17
174,183,3
174,186,17
174,187,1
174,188,4
174,189,1
174,190,5
174,191,2
174,192,4
174,193,3
174,194,6
175,4,3
175,5,1
175,6,1
175,7,8
175,8,3
175,9,4
175,10,3
175,12,18
175,14,1
175,15,2
175,17,3
175,20,2
175,21,1
175,23,3
175,24,3
175,25,4
175,26,1
175,27,3
175,28,3
175,31,3
175,33,1
175,34,10
175,35,1
175,36,3
175,43,1
175,44,4
175,46,2
175,48,1
175,49,12
175,51,5
175,52,5
175,53,7
175,54,1
175,55,2
175,59,3
175,61,4
175,66,1
175,68,1
175,69,2
175,70,1
175,71,3
175,72,3
175,74,6
175,75,5
175,76,2
175,77,1
175,78,23
175,79,8
175,80,110
175,81,12
175,82,6
175,83,5
175,85,1
175,86,1
175,87,1
175,89,9
175,90,1
175,91,1
175,92,6
175,94,2
175,95,1
175,96,20
175,97,43
175,98,4
175,101,3
175,103,1
175,106,2
175,107,4
175,109,1
175,111,7
175,112,1
175,113,2
175,114,6
175,115,3
175,116,6
175,119,3
175,120,3
175,121,3
175,122,7
175,123,3
175,124,1
175,127,3
175,129,2
175,130,3
175,131,6
175,134,5
175,135,3
175,137,2
175,138,1
175,139,2
175,140,29
175,141,19
175,142,17
175,143,1
175,144,28
175,145,76
175,146,18
175,147,1
175,148,3
175,149,6
175,150,5
175,151,5
175,152,68
175,153,5
175,154,3
175,155,88
175,156,16
175,157,8
175,158,12
175,159,30
175,160,12
175,161,4
175,162,23
175,163,7
175,164,1
175,165,4
175,167,2
175,169,3
175,170,9
175,173,5
175,174,2
175,176,1
175,178,1
175,179,11
175,180,32
175,181,1
175,182,13
175,183,4
175,184,1
175,185,1
175,186,2
175,188,1
175,189,1
175,190,1
175,192,3
175,193,6
175,194,12
176,2,1
176,8,3
176,12,7
176,15,1
176,17,3
176,20,1
176,21,4
176,22,2
176,25,1
176,27,2
176,28,2
176,29,1
176,31,6
176,32,7
176,34,11
176,35,4
176,36,6
176,37,1
176,38,1
176,42,1
176,45,1
176,49,10
176,51,3
176,52,26
176,53,4
176,54,2
176,55,7
176,58,2
176,60,1
176,69,5
176,70,3
176,72,4
176,73,3
176,74,17
176,76,7
176,77,3
176,78,17
176,79,3
176,80,68
176,81,7
176,82,21
176,93,1
176,94,13
176,96,3
176,97,11
176,101,7
176,103,1
176,104,1
176,105,2
176,106,1
176,107,4
176,108,3
176,109,2
176,110,4
176,111,6
176,113,1
176,114,1
176,115,2
176,116,3
176,117,2
176,119,1
176,121,3
176,122,1
176,124,1
176,126,9
176,127,6
176,129,3
176,131,10
176,132,2
176,134,1
176,135,2
176,137,2
176,140,44
176,141,63
176,142,9
176,143,1
176,144,50
176,145,424
176,146,16
176,147,8
176,148,5
176,149,3
176,150,6
176,152,279
176,153,23
176,154,3
176,155,81
176,156,15
176,159,47
176,160,1
176,162,91
176,163,5
176,164,1
176,165,5
176,166,5
176,167,8
176,170,9
176,172,1
176,175,1
176,177,1
176,178,4
176,179,3
176,180,2
176,181,2
176,185,2
176,186,1
176,188,3
176,189,1
176,190,1
176,191,1
176,193,3
177,1,1
177,4,2
177,7,2
177,8,5
177,11,1
177,12,2
177,14,1
177,16,2
177,17,5
177,20,2
177,21,3
177,22,3
177,24,1
177,25,2
177,30,1
177,31,2
177,32,2
177,33,3
177,34,2
177,35,4
177,36,2
177,40,2
177,43,1
177,49,7
177,51,3
177,52,24
177,53,5
177,59,1
177,60,1
177,61,3
177,64,3
177,65,1
177,68,3
177,69,1
177,70,6
177,71,1
177,72,2
177,73,5
177,74,18
177,75,5
177,76,7
177,77,3
177,78,14
177,79,2
177,80,60
177,81,9
177,82,19
177,86,1
177,88,3
177,89,2
177,90,1
177,92,1
177,93,2
177,94,8
177,96,7
177,97,16
177,101,1
177,102,3
177,105,2
177,107,10
177,108,2
177,110,1
177,111,2
177,115,1
177,116,2
177,117,3
177,118,2
177,120,2
177,121,1
177,126,8
177,128,2
177,129,2
177,130,1
177,131,3
177,132,4
177,134,1
177,135,1
177,138,1
177,140,15
177,141,46
177,142,14
177,143,5
177,144,28
177,145,368
177,146,28
177,147,16
177,148,35
177,149,21
177,150,4
177,151,5
177,152,219
177,153,22
177,154,5
177,155,67
177,156,13
177,159,37
177,160,2
177,162,104
177,163,7
177,164,13
177,165,10
177,166,4
177,167,8
177,168,1
177,170,18
177,173,2
177,176,2
177,178,1
177,179,5
177,180,9
177,181,11
177,182,4
177,185,1
177,186,5
177,188,2
177,192,1
177,194,4
178,5,2
178,8,1
178,9,1
178,11,1
178,12,6
178,13,1
178,14,1
178,17,1
178,18,1
178,19,1
178,22,1
178,23,4
178,26,2
178,28,3
178,31,5
178,32,5
178,34,2
178,35,2
178,37,1
178,43,1
178,45,2
178,49,3
178,51,3
178,52,12
178,54,1
178,57,1
178,62,1
178,68,2
178,69,2
178,70,2
178,72,7
178,74,6
178,75,1
178,76,3
178,78,14
178,80,25
178,81,3
178,82,8
178,83,1
178,84,2
178,85,1
178,87,1
178,92,1
178,93,1
178,94,10
178,95,1
178,96,1
178,97,8
178,98,1
178,99,1
178,101,6
178,106,1
178,107,3
178,109,3
178,110,2
178,114,2
178,115,2
178,126,2
178,127,2
178,129,3
178,130,1
178,131,5
178,132,13
178,135,1
178,136,3
178,137,1
178,140,20
178,141,17
178,142,3
178,144,25
178,145,189
178,146,6
178,148,6
178,149,3
178,152,153
178,153,15
178,154,3
178,155,47
178,156,10
178,157,2
178,159,34
178,162,55
178,163,1
178,164,2
178,165,4
178,166,7
178,167,5
178,168,1
178,170,7
178,171,2
178,173,2
178,176,3
178,179,13
178,180,5
178,181,4
178,182,4
178,183,3
178,186,1
178,188,5
178,191,3
178,192,2
179,5,2
179,8,8
179,9,2
179,12,9
179,14,1
179,15,5
179,18,1
179,19,1
179,21,3
179,22,4
179,27,1
179,31,8
179,32,11
179,33,3
179,34,7
179,35,3
179,36,8
179,37,2
179,40,1
179,42,1
179,43,2
179,44,1
179,49,9
179,51,6
179,52,15
179,55,2
179,61,1
179,63,1
179,64,1
179,67,1
179,69,2
179,70,6
179,72,1
179,74,19
179,76,4
179,77,5
179,78,13
179,79,5
179,80,65
179,81,9
179,82,7
179,87,4
179,93,1
179,94,9
179,96,1
179,97,9
179,98,1
179,99,1
179,101,4
179,102,3
179,104,2
179,105,1
179,107,15
179,110,7
179,111,5
179,112,4
179,113,1
179,114,8
179,116,1
179,118,2
179,121,2
179,122,3
179,126,3
179,127,2
179,130,4
179,131,11
179,132,9
179,135,1
179,137,3
179,138,1
179,140,32
179,141,39
179,142,11
179,143,5
179,144,35
179,145,352
179,146,15
179,147,8
179,148,11
179,149,4
179,150,3
179,152,287
179,153,13
179,154,7
179,155,75
179,156,19
179,158,1
179,159,35
179,161,1
179,162,84
179,163,8
179,164,7
179,165,3
179,166,10
179,167,9
179,169,2
179,170,11
179,171,2
179,175,4
179,176,5
179,177,12
179,178,3
179,180,10
179,181,27
179,182,8
179,183,6
179,184,3
179,186,1
179,187,3
179,188,2
179,190,1
179,191,2
179,192,11
179,193,1
180,1,1
180,2,1
180,6,1
180,8,3
180,12,5
180,15,2
180,16,2
180,18,2
180,21,3
180,25,1
180,26,1
180,27,2
180,31,1
180,32,1
180,34,1
180,36,2
180,38,5
180,39,1
180,43,1
180,44,2
180,45,4
180,48,1
180,49,7
180,51,3
180,52,5
180,54,1
180,58,1
180,61,1
180,64,4
180,65,2
180,66,1
180,67,1
180,70,1
180,74,6
180,75,3
180,77,2
180,78,9
180,79,1
180,80,34
180,81,4
180,82,10
180,84,1
180,85,1
180,86,2
180,92,1
180,94,5
180,95,2
180,96,2
180,97,3
180,102,4
180,104,2
180,107,1
180,109,2
180,111,11
180,112,1
180,114,6
180,115,2
180,116,2
180,118,1
180,126,6
180,127,2
180,128,4
180,130,6
180,131,4
180,132,2
180,136,1
180,137,1
180,140,22
180,141,14
180,142,8
180,143,3
180,144,9
180,145,92
180,146,13
180,148,7
180,149,3
180,150,2
180,152,71
180,154,7
180,155,48
180,156,24
180,159,19
180,160,2
180,162,13
180,163,1
180,164,4
180,165,1
180,166,7
180,168,2
180,169,6
180,170,22
180,171,1
180,174,1
180,175,7
180,176,3
180,179,9
180,181,8
180,182,14
180,183,13
180,186,4
180,187,2
180,188,5
180,189,1
180,190,1
180,191,1
180,194,2
181,7,1
181,9,3
181,12,3
181,15,8
181,16,1
181,17,1
181,22,3
181,24,1
181,26,2
181,29,1
181,31,3
181,32,4
181,33,1
181,34,4
181,36,6
181,37,2
181,41,1
181,42,3
181,49,3
181,52,9
181,53,1
181,54,1
181,57,1
181,65,1
181,70,1
181,72,6
181,73,2
181,74,9
181,76,2
181,77,3
181,78,19
181,79,3
181,80,27
181,81,5
181,82,8
181,83,1
181,84,2
181,85,2
181,86,1
181,87,1
181,89,3
181,94,9
181,96,6
181,97,12
181,99,2
181,101,3
181,102,11
181,104,1
181,105,3
181,106,1
181,107,7
181,109,2
181,111,7
181,112,4
181,114,2
181,115,3
181,116,3
181,117,2
181,118,3
181,119,1
181,124,2
181,126,3
181,128,1
181,130,4
181,131,11
181,134,1
181,136,2
181,137,2
181,140,26
181,141,25
181,142,8
181,144,36
181,145,216
181,146,14
181,147,2
181,148,20
181,149,8
181,150,3
181,151,2
181,152,173
181,153,17
181,154,4
181,155,50
181,156,18
181,159,32
181,161,1
181,162,31
181,163,12
181,165,10
181,166,15
181,167,12
181,168,3
181,169,7
181,170,9
181,171,1
181,175,3
181,176,4
181,177,5
181,178,2
181,179,29
181,180,37
181,182,7
181,183,8
181,184,1
181,186,1
181,187,1
181,188,3
181,189,1
181,191,4
181,192,7
181,193,1
181,194,3
182,5,4
182,8,1
182,9,2
182,12,8
182,13,1
182,14,1
182,17,1
182,19,4
182,21,5
182,25,3
182,26,1
182,27,3
182,29,1
182,31,4
182,32,7
182,33,6
182,34,7
182,35,2
182,36,7
182,38,3
182,43,1
182,49,7
182,52,8
182,53,1
182,54,2
182,55,3
182,59,1
182,60,6
182,67,1
182,70,2
182,72,3
182,73,2
182,74,5
182,76,3
182,77,3
182,78,23
182,79,1
182,80,47
182,81,4
182,82,8
182,83,3
182,88,1
182,89,2
182,92,1
182,93,1
182,94,4
182,96,4
182,97,14
182,98,3
182,101,4
182,102,1
182,105,1
182,107,4
182,111,7
182,113,1
182,114,10
182,116,5
182,118,3
182,119,4
182,120,1
182,121,1
182,122,2
182,124,1
182,126,5
182,127,1
182,128,2
182,130,4
182,131,8
182,132,2
182,133,1
182,137,1
182,140,44
182,141,14
182,142,10
182,144,23
182,145,100
182,146,13
182,148,6
182,149,9
182,150,2
182,151,7
182,152,89
182,153,3
182,154,9
182,155,75
182,156,14
182,157,2
182,158,13
182,159,16
182,160,1
182,162,26
182,163,5
182,166,5
182,167,9
182,168,5
182,169,16
182,170,29
182,172,2
182,173,1
182,175,1
182,176,1
182,177,4
182,178,2
182,179,8
182,180,36
182,181,16
182,183,29
182,185,4
182,186,4
182,187,3
182,188,3
182,189,2
182,192,3
182,193,4
182,194,6
183,1,2
183,5,1
183,8,3
183,12,1
183,14,2
183,18,1
183,19,2
183,21,1
183,22,1
183,23,1
183,24,1
183,25,5
183,27,2
183,30,1
183,31,1
183,32,9
183,33,6
183,34,6
183,35,3
183,38,1
183,40,1
183,41,1
183,48,1
183,49,2
183,50,1
183,51,3
183,52,3
183,55,2
183,60,2
183,61,1
183,64,1
183,70,1
183,71,3
183,72,2
183,73,4
183,74,8
183,76,1
183,77,2
183,78,17
183,79,3
183,80,33
183,81,12
183,82,4
183,83,1
183,84,4
183,87,1
183,88,1
183,89,6
183,93,2
183,94,4
183,96,1
183,97,8
183,98,2
183,101,1
183,102,3
183,103,1
183,107,4
183,109,1
183,111,8
183,112,1
183,113,2
183,114,4
183,115,3
183,116,1
183,118,5
183,122,2
183,123,1
183,124,1
183,126,3
183,127,2
183,128,4
183,129,7
183,130,3
183,131,3
183,132,9
183,134,1
183,135,2
183,137,2
183,138,4
183,140,22
183,141,17
183,142,5
183,143,10
183,144,10
183,145,76
183,146,6
183,147,3
183,148,5
183,149,1
183,151,12
183,152,52
183,153,2
183,154,5
183,155,60
183,156,16
183,158,4
183,159,13
183,160,6
183,161,1
183,162,14
183,163,4
183,164,1
183,165,4
183,167,4
183,168,14
183,169,14
183,170,11
183,175,5
183,176,3
183,177,2
183,178,1
183,179,5
183,180,34
183,181,14
183,182,25
183,185,1
183,186,4
183,187,11
183,188,1
183,190,1
183,192,1
183,193,2
183,194,31
184,2,1
184,7,2
184,8,3
184,9,1
184,12,15
184,13,1
184,17,3
184,18,2
184,19,1
184,21,7
184,24,2
184,26,2
184,30,1
184,31,6
184,32,3
184,33,2
184,34,4
184,35,1
184,36,1
184,41,2
184,42,1
184,43,6
184,44,1
184,49,19
184,52,30
184,53,2
184,54,1
184,56,3
184,60,2
184,61,2
184,69,1
184,70,2
184,72,7
184,73,2
184,74,15
184,75,1
184,76,1
184,77,1
184,78,12
184,79,4
184,80,33
184,81,6
184,82,17
184,83,4
184,85,1
184,86,2
184,89,1
184,92,1
184,93,2
184,94,2
184,97,4
184,101,3
184,102,3
184,103,1
184,104,1
184,107,6
184,108,6
184,109,4
184,111,1
184,116,4
184,117,3
184,118,2
184,119,4
184,120,1
184,121,1
184,126,7
184,127,1
184,129,4
184,130,1
184,132,1
184,135,1
184,136,1
184,138,1
184,140,19
184,141,43
184,142,8
184,143,5
184,144,38
184,145,380
184,146,17
184,147,7
184,148,8
184,149,5
184,150,1
184,152,231
184,153,21
184,154,2
184,155,56
184,156,8
184,158,1
184,159,46
184,160,1
184,162,82
184,163,7
184,164,2
184,165,5
184,167,1
184,170,4
184,176,7
184,177,1
184,179,13
184,180,2
184,182,1
184,186,2
184,188,2
184,190,1
184,191,9
185,2,1
185,4,2
185,7,3
185,8,3
185,9,1
185,12,17
185,16,1
185,17,1
185,19,1
185,21,2
185,22,3
185,23,3
185,24,2
185,27,4
185,29,1
185,31,4
185,32,4
185,34,5
185,35,3
185,36,5
185,38,8
185,39,3
185,40,1
185,42,7
185,43,2
185,44,1
185,46,2
185,49,17
185,51,10
185,52,11
185,53,2
185,54,2
185,55,3
185,63,2
185,65,1
185,69,1
185,70,1
185,72,7
185,73,1
185,74,9
185,75,1
185,76,4
185,77,7
185,78,19
185,79,6
185,80,107
185,81,20
185,82,23
185,83,4
185,85,1
185,86,1
185,87,1
185,88,1
185,89,2
185,93,2
185,94,7
185,96,1
185,97,6
185,101,2
185,102,4
185,105,1
185,107,4
185,108,4
185,109,2
185,110,5
185,111,4
185,112,2
185,113,2
185,114,7
185,115,11
185,116,12
185,117,7
185,118,3
185,119,3
185,120,1
185,121,1
185,122,1
185,126,4
185,127,13
185,128,2
185,129,4
185,130,7
185,131,11
185,132,9
185,135,1
185,136,2
185,137,5
185,138,1
185,140,32
185,141,61
185,142,14
185,143,4
185,144,56
185,145,351
185,146,14
185,147,2
185,149,2
185,150,3
185,151,3
185,152,191
185,153,9
185,154,4
185,155,115
185,156,26
185,157,4
185,158,1
185,159,33
185,160,3
185,162,72
185,163,7
185,164,4
185,166,3
185,167,4
185,168,1
185,169,3
185,170,15
185,171,3
185,173,4
185,175,2
185,177,8
185,179,5
185,180,11
185,181,9
185,182,15
185,183,2
185,186,10
185,187,1
185,188,1
185,190,2
185,192,7
185,193,1
186,1,1
186,3,1
186,8,3
186,9,1
186,12,17
186,14,2
186,17,1
186,18,1
186,19,3
186,20,1
186,21,4
186,22,3
186,25,3
186,27,1
186,29,2
186,31,3
186,32,3
186,34,17
186,35,5
186,36,10
186,38,2
186,41,1
186,42,1
186,49,23
186,50,1
186,51,7
186,52,9
186,53,4
186,55,4
186,56,2
186,57,1
186,63,1
186,67,1
186,68,3
186,70,1
186,72,2
186,74,4
186,75,2
186,76,1
186,77,13
186,78,22
186,79,7
186,80,73
186,81,12
186,82,11
186,83,1
186,86,3
186,87,1
186,88,2
186,89,1
186,94,9
186,95,2
186,97,10
186,101,2
186,102,4
186,103,1
186,104,4
186,105,2
186,107,1
186,108,3
186,109,3
186,110,2
186,111,3
186,112,1
186,113,4
186,114,5
186,115,2
186,116,8
186,118,12
186,119,2
186,126,6
186,127,1
186,129,2
186,130,16
186,131,5
186,132,1
186,134,1
186,135,2
186,136,1
186,137,1
186,138,1
186,140,30
186,141,78
186,142,10
186,143,4
186,144,30
186,145,352
186,146,11
186,147,5
186,148,3
186,149,1
186,151,1
186,152,203
186,153,14
186,154,2
186,155,87
186,156,27
186,159,21
186,160,1
186,162,67
186,163,3
186,164,2
186,165,2
186,166,5
186,167,3
186,168,2
186,169,2
186,170,12
186,171,4
186,175,2
186,179,8
186,180,4
186,181,5
186,182,7
186,183,4
186,185,8
186,187,2
186,188,2
186,191,1
186,192,6
187,6,1
187,7,3
187,8,4
187,9,1
187,12,22
187,16,1
187,17,1
187,19,2
187,22,1
187,23,3
187,25,2
187,27,3
187,28,1
187,31,11
187,32,1
187,33,2
187,34,9
187,35,5
187,36,4
187,40,2
187,41,2
187,43,2
187,44,3
187,48,3
187,49,13
187,51,6
187,52,20
187,53,4
187,54,2
187,55,1
187,57,1
187,59,1
187,61,2
187,64,1
187,65,1
187,66,1
187,67,2
187,68,1
187,70,1
187,71,2
187,72,4
187,74,13
187,76,1
187,77,5
187,78,23
187,79,1
187,80,113
187,81,10
187,82,28
187,83,1
187,84,4
187,87,1
187,88,1
187,92,2
187,94,7
187,96,4
187,97,16
187,98,2
187,100,1
187,101,2
187,102,6
187,104,1
187,105,2
187,107,1
187,108,4
187,109,1
187,110,5
187,111,8
187,112,1
187,113,1
187,114,1
187,115,4
187,116,1
187,117,2
187,118,6
187,119,4
187,120,1
187,123,1
187,124,1
187,125,1
187,126,8
187,127,9
187,130,15
187,131,17
187,132,19
187,135,1
187,136,1
187,138,1
187,140,32
187,141,87
187,142,9
187,144,41
187,145,312
187,146,10
187,147,2
187,148,15
187,149,1
187,150,1
187,152,161
187,153,14
187,154,2
187,155,96
187,156,21
187,159,18
187,160,5
187,161,1
187,162,58
187,163,6
187,164,4
187,165,1
187,166,1
187,167,3
187,169,2
187,170,11
187,171,2
187,173,3
187,175,4
187,179,10
187,180,1
187,181,5
187,182,8
187,185,3
187,186,6
187,188,2
187,192,11
188,7,1
188,8,3
188,9,6
188,12,9
188,13,1
188,15,3
188,17,2
188,21,1
188,22,6
188,25,8
188,26,3
188,27,2
188,28,1
188,31,5
188,32,3
188,34,10
188,35,1
188,36,5
188,37,1
188,38,7
188,42,1
188,43,4
188,44,2
188,46,1
188,47,1
188,49,24
188,50,1
188,51,11
188,52,9
188,61,1
188,64,2
188,67,3
188,71,4
188,74,3
188,75,1
188,76,5
188,77,16
188,78,36
188,79,7
188,80,110
188,81,17
188,82,23
188,83,2
188,84,7
188,85,3
188,86,7
188,87,5
188,88,5
188,91,4
188,92,2
188,94,7
188,95,6
188,96,2
188,97,15
188,98,3
188,100,1
188,101,3
188,102,1
188,103,1
188,104,2
188,107,2
188,108,4
188,110,2
188,111,2
188,112,4
188,114,4
188,115,5
188,116,7
188,118,4
188,119,4
188,120,1
188,121,5
188,122,1
188,123,3
188,124,1
188,126,3
188,127,4
188,130,12
188,131,18
188,132,8
188,133,1
188,134,2
188,135,3
188,136,2
188,137,6
188,138,1
188,140,44
188,141,44
188,142,17
188,143,7
188,144,46
188,145,264
188,146,7
188,147,3
188,148,3
188,149,3
188,152,156
188,153,7
188,154,5
188,155,100
188,156,19
188,158,4
188,159,20
188,160,3
188,161,1
188,162,60
188,163,2
188,164,1
188,165,2
188,166,5
188,167,2
188,168,1
188,169,1
188,170,13
188,171,8
188,173,5
188,174,1
188,175,11
188,176,2
188,177,4
188,179,2
188,180,9
188,181,11
188,182,4
188,183,2
188,185,1
188,187,4
188,191,3
188,192,8
188,193,4
188,194,1
189,1,1
189,4,1
189,5,1
189,7,7
189,9,7
189,10,1
189,12,9
189,13,2
189,14,4
189,18,1
189,19,2
189,20,1
189,22,2
189,23,4
189,25,6
189,27,5
189,28,5
189,29,6
189,30,3
189,31,10
189,32,5
189,33,3
189,34,14
189,35,1
189,36,3
189,41,1
189,42,3
189,43,3
189,44,4
189,45,5
189,49,20
189,50,2
189,51,2
189,52,5
189,53,5
189,54,4
189,58,1
189,59,4
189,60,4
189,61,1
189,62,2
189,63,1
189,64,2
189,66,10
189,67,3
189,68,1
189,69,1
189,70,1
189,71,2
189,72,4
189,73,5
189,74,7
189,75,5
189,76,6
189,77,7
189,78,18
189,79,7
189,80,102
189,81,13
189,82,8
189,83,1
189,84,1
189,85,6
189,87,2
189,88,8
189,89,7
189,91,17
189,92,5
189,94,13
189,95,2
189,96,8
189,97,35
189,98,11
189,99,3
189,101,9
189,102,6
189,103,1
189,104,1
189,105,2
189,107,7
189,109,1
189,110,3
189,111,8
189,112,2
189,113,1
189,114,3
189,115,8
189,116,3
189,118,1
189,119,2
189,120,3
189,121,5
189,122,2
189,124,1
189,125,4
189,127,1
189,128,3
189,130,3
189,131,11
189,132,7
189,133,1
189,134,7
189,135,5
189,136,2
189,137,2
189,138,6
189,139,3
189,140,50
189,141,24
189,142,20
189,143,1
189,144,21
189,145,113
189,146,15
189,148,9
189,149,15
189,150,5
189,151,19
189,152,83
189,153,20
189,154,5
189,155,92
189,156,21
189,157,8
189,158,8
189,159,31
189,160,10
189,161,4
189,162,16
189,163,4
189,164,4
189,165,2
189,166,7
189,167,10
189,168,3
189,169,7
189,170,16
189,171,3
189,172,1
189,173,4
189,174,2
189,175,10
189,179,14
189,180,26
189,181,10
189,182,8
189,183,2
189,184,2
189,185,2
189,186,1
189,187,10
189,188,5
189,190,6
189,192,4
189,193,3
189,194,6
190,5,1
190,8,2
190,9,1
190,11,2
190,12,10
190,15,2
190,17,4
190,19,1
190,21,3
190,22,5
190,23,2
190,24,4
190,25,4
190,27,10
190,28,4
190,29,2
190,30,5
190,31,1
190,32,10
190,33,4
190,34,16
190,35,2
190,36,6
190,38,6
190,40,1
190,44,3
190,45,5
190,47,4
190,48,7
190,49,14
190,51,8
190,52,5
190,53,3
190,54,4
190,59,2
190,60,1
190,62,2
190,63,4
190,65,2
190,66,6
190,69,2
190,70,1
190,73,4
190,74,13
190,76,2
190,77,6
190,78,16
190,79,1
190,80,136
190,81,10
190,82,5
190,83,1
190,84,4
190,86,1
190,87,2
190,88,10
190,89,11
190,90,2
190,91,7
190,92,6
190,94,9
190,95,1
190,96,4
190,97,40
190,98,7
190,99,3
190,101,2
190,102,5
190,104,3
190,105,3
190,106,4
190,107,2
190,108,1
190,110,5
190,111,8
190,112,4
190,113,3
190,114,3
190,115,1
190,117,2
190,119,4
190,120,4
190,122,1
190,123,4
190,124,4
190,125,1
190,126,2
190,127,10
190,128,1
190,129,1
190,131,3
190,132,2
190,134,8
190,135,4
190,136,3
190,138,6
190,139,1
190,140,45
190,141,20
190,142,27
190,143,3
190,144,29
190,145,134
190,146,17
190,147,10
190,148,7
190,149,30
190,150,7
190,151,7
190,152,86
190,153,9
190,154,3
190,155,65
190,156,12
190,157,2
190,158,8
190,159,37
190,160,15
190,161,2
190,162,10
190,163,2
190,164,8
190,166,1
190,167,6
190,168,2
190,169,1
190,170,13
190,171,1
190,173,1
190,175,8
190,176,5
190,179,13
190,180,24
190,181,4
190,182,5
190,183,4
190,185,3
190,186,2
190,188,1
190,189,6
190,191,1
190,192,3
190,193,2
191,8,1
191,12,1
191,18,1
191,19,3
191,21,3
191,22,3
191,26,1
191,27,2
191,31,5
191,32,1
191,34,3
191,36,1
191,37,5
191,43,3
191,49,4
191,52,39
191,53,1
191,56,3
191,64,1
191,65,1
191,67,1
191,69,2
191,71,1
191,72,5
191,73,3
191,74,9
191,77,3
191,78,3
191,79,4
191,80,23
191,81,1
191,82,9
191,83,1
191,86,1
191,93,1
191,94,2
191,95,2
191,97,9
191,101,1
191,104,3
191,106,5
191,107,12
191,108,4
191,109,3
191,110,4
191,111,2
191,115,7
191,116,5
191,118,1
191,124,2
191,126,7
191,127,4
191,130,1
191,131,6
191,132,1
191,137,1
191,140,17
191,141,40
191,142,2
191,143,1
191,144,19
191,145,283
191,146,13
191,147,8
191,148,6
191,149,3
191,152,172
191,153,17
191,155,42
191,156,24
191,159,20
191,161,1
191,162,76
191,164,2
191,165,2
191,167,1
191,170,8
191,171,3
191,174,2
191,175,2
191,176,1
191,179,1
191,180,2
191,181,1
191,182,7
191,184,3
191,186,2
191,187,3
191,188,1
191,192,1
192,7,1
192,8,8
192,9,5
192,11,1
192,12,20
192,15,1
192,17,1
192,19,1
192,20,1
192,21,5
192,22,1
192,23,2
192,27,2
192,29,2
192,31,3
192,33,5
192,34,7
192,35,3
192,36,6
192,37,2
192,38,1
192,40,1
192,41,4
192,43,3
192,44,1
192,49,18
192,50,2
192,51,11
192,52,15
192,53,1
192,54,1
192,56,1
192,58,1
192,59,2
192,61,1
192,62,2
192,64,1
192,70,1
192,71,5
192,72,2
192,74,4
192,75,6
192,76,4
192,77,3
192,78,32
192,79,8
192,80,124
192,81,18
192,82,29
192,83,6
192,84,7
192,85,2
192,86,1
192,87,1
192,93,2
192,94,5
192,95,1
192,96,4
192,97,22
192,98,2
192,99,2
192,101,1
192,104,1
192,105,2
192,108,7
192,109,1
192,110,2
192,111,7
192,112,2
192,113,2
192,114,3
192,115,3
192,116,8
192,118,9
192,119,6
192,120,1
192,121,2
192,125,1
192,126,6
192,127,4
192,129,2
192,130,14
192,131,65
192,132,23
192,137,7
192,139,2
192,140,44
192,141,94
192,142,30
192,143,1
192,144,44
192,145,390
192,146,21
192,147,6
192,148,8
192,149,4
192,152,228
192,153,23
192,154,1
192,155,132
192,156,40
192,157,1
192,158,6
192,159,38
192,162,91
192,163,9
192,164,3
192,165,8
192,166,2
192,167,10
192,169,1
192,170,15
192,171,1
192,172,2
192,173,1
192,175,10
192,176,1
192,179,12
192,180,6
192,181,4
192,182,9
192,184,2
192,185,2
192,186,16
192,187,10
192,188,5
192,191,1
192,193,2
193,3,1
193,4,1
193,5,2
193,7,1
193,8,2
193,9,1
193,12,6
193,13,1
193,15,3
193,18,1
193,19,2
193,21,3
193,22,1
193,25,3
193,27,1
193,28,1
193,30,1
193,31,4
193,32,4
193,33,1
193,34,5
193,36,7
193,41,1
193,44,2
193,47,1
193,49,7
193,52,3
193,54,2
193,66,1
193,70,3
193,72,2
193,73,2
193,74,5
193,75,5
193,76,1
193,77,4
193,78,11
193,79,1
193,80,38
193,81,4
193,82,7
193,83,1
193,85,3
193,94,4
193,97,24
193,101,3
193,102,6
193,107,12
193,111,5
193,113,1
193,114,5
193,116,1
193,117,1
193,118,4
193,119,1
193,120,1
193,121,1
193,126,2
193,127,2
193,129,2
193,130,4
193,131,2
193,132,6
193,134,1
193,135,9
193,136,1
193,137,6
193,140,34
193,141,27
193,142,7
193,143,3
193,144,19
193,145,138
193,146,16
193,147,7
193,148,6
193,149,2
193,150,2
193,151,1
193,152,101
193,153,5
193,154,3
193,155,49
193,156,8
193,158,2
193,159,11
193,160,1
193,161,2
193,162,25
193,163,5
193,164,2
193,165,5
193,166,9
193,167,2
193,168,7
193,169,11
193,170,25
193,171,1
193,173,2
193,175,5
193,176,1
193,179,11
193,180,40
193,181,15
193,182,19
193,183,2
193,184,1
193,185,1
193,186,4
193,192,1
194,1,1
194,2,1
194,3,1
194,5,5
194,6,1
194,7,2
194,8,2
194,11,2
194,12,4
194,14,3
194,15,1
194,16,2
194,21,2
194,26,1
194,27,2
194,28,2
194,31,2
194,32,4
194,33,4
194,34,2
194,35,3
194,36,1
194,38,2
194,40,1
194,43,1
194,44,3
194,45,3
194,46,1
194,49,11
194,50,2
194,51,2
194,52,10
194,53,8
194,54,1
194,59,1
194,61,3
194,62,2
194,63,2
194,64,3
194,65,2
194,66,3
194,69,1
194,70,3
194,72,4
194,74,3
194,75,1
194,76,4
194,77,1
194,78,18
194,79,2
194,80,81
194,81,26
194,82,3
194,83,2
194,84,2
194,85,5
194,87,1
194,88,2
194,89,7
194,91,2
194,92,7
194,94,7
194,95,1
194,96,22
194,97,35
194,98,2
194,99,5
194,100,1
194,101,2
194,107,4
194,109,3
194,111,10
194,112,3
194,114,1
194,115,2
194,116,1
194,122,1
194,127,5
194,128,3
194,130,1
194,131,6
194,132,8
194,135,2
194,136,1
194,137,1
194,138,1
194,139,8
194,140,22
194,141,16
194,142,20
194,143,4
194,144,25
194,145,62
194,146,7
194,147,2
194,148,5
194,149,5
194,150,3
194,151,7
194,152,51
194,153,2
194,155,93
194,156,12
194,157,10
194,158,14
194,159,13
194,160,13
194,161,4
194,162,16
194,163,3
194,165,5
194,166,5
194,167,3
194,168,5
194,169,10
194,170,3
194,171,3
194,175,15
194,176,1
194,180,9
194,181,6
194,182,10
194,183,4
194,185,3
194,186,1
194,187,2
194,188,1
194,189,1
194,190,4
4986,4986,0
